STRUCTURE,STRUCTURE_ID,STRUCTURE_NAME,freq,Time frequency,unit,Unit of measure,month,Month,geo,Geopolitical entity (reporting),TIME_PERIOD,Time,OBS_VALUE,Observation value,OBS_FLAG,Observation status (Flag) V2 structure,CONF_STATUS,Confidentiality status (flag)
dataflow,ESTAT:DEMO_FMONTH(1.0),Live births (total) by month,A,Annual,NR,Number,M01,January,AD,Andorra,2005,,69,,,,,
dataflow,ESTAT:DEMO_FMONTH(1.0),Live births (total) by month,A,Annual,NR,Number,M01,January,AD,Andorra,2010,,69,,,,,
dataflow,ESTAT:DEMO_FMONTH(1.0),Live births (total) by month,A,Annual,NR,Number,M01,January,AL,Albania,2005,,3092,,,,,
dataflow,ESTAT:DEMO_FMONTH(1.0),Live births (total) by month,A,Annual,NR,Number,M01,January,AL,Albania,2015,,2742,,,,,
dataflow,ESTAT:DEMO_FMONTH(1.0),Live births (total) by month,A,Annual,NR,Number,M01,January,AL,Albania,2020,,2316,,,,,
dataflow,ESTAT:DEMO_FMONTH(1.0),Live births (total) by month,A,Annual,NR,Number,M01,January,AL,Albania,2023,,1991,,,,,
dataflow,ESTAT:DEMO_FMONTH(1.0),Live births (total) by month,A,Annual,NR,Number,M01,January,AM,Armenia,2005,,3319,,,,,
dataflow,ESTAT:DEMO_FMONTH(1.0),Live births (total) by month,A,Annual,NR,Number,M01,January,AM,Armenia,2015,,3444,,,,,
dataflow,ESTAT:DEMO_FMONTH(1.0),Live births (total) by month,A,Annual,NR,Number,M01,January,AM,Armenia,2020,,2751,,,,,
dataflow,ESTAT:DEMO_FMONTH(1.0),Live births (total) by month,A,Annual,NR,Number,M01,January,AM,Armenia,2023,,3275,,,,,
dataflow,ESTAT:DEMO_FMONTH(1.0),Live births (total) by month,A,Annual,NR,Number,M01,January,AT,Austria,1980,,7481,,,,,
dataflow,ESTAT:DEMO_FMONTH(1.0),Live births (total) by month,A,Annual,NR,Number,M01,January,AT,Austria,1985,,7546,,,,,
dataflow,ESTAT:DEMO_FMONTH(1.0),Live births (total) by month,A,Annual,NR,Number,M01,January,AT,Austria,1990,,7612,,,,,
dataflow,ESTAT:DEMO_FMONTH(1.0),Live births (total) by month,A,Annual,NR,Number,M01,January,AT,Austria,1995,,7603,,,,,
dataflow,ESTAT:DEMO_FMONTH(1.0),Live births (total) by month,A,Annual,NR,Number,M01,January,AT,Austria,2000,,6587,,,,,
dataflow,ESTAT:DEMO_FMONTH(1.0),Live births (total) by month,A,Annual,NR,Number,M01,January,AT,Austria,2005,,6482,,,,,
dataflow,ESTAT:DEMO_FMONTH(1.0),Live births (total) by month,A,Annual,NR,Number,M01,January,AT,Austria,2010,,6414,,,,,
dataflow,ESTAT:DEMO_FMONTH(1.0),Live births (total) by month,A,Annual,NR,Number,M01,January,AT,Austria,2015,,6985,,,,,
dataflow,ESTAT:DEMO_FMONTH(1.0),Live births (total) by month,A,Annual,NR,Number,M01,January,AT,Austria,2020,,6932,,,,,
dataflow,ESTAT:DEMO_FMONTH(1.0),Live births (total) by month,A,Annual,NR,Number,M01,January,AT,Austria,2023,,6487,,,,,
dataflow,ESTAT:DEMO_FMONTH(1.0),Live births (total) by month,A,Annual,NR,Number,M01,January,AZ,Azerbaijan,2005,,11754,,,,,
dataflow,ESTAT:DEMO_FMONTH(1.0),Live births (total) by month,A,Annual,NR,Number,M01,January,AZ,Azerbaijan,2010,,13042,,,,,
dataflow,ESTAT:DEMO_FMONTH(1.0),Live births (total) by month,A,Annual,NR,Number,M01,January,AZ,Azerbaijan,2015,,13938,,,,,
dataflow,ESTAT:DEMO_FMONTH(1.0),Live births (total) by month,A,Annual,NR,Number,M01,January,AZ,Azerbaijan,2020,,11279,,,,,
dataflow,ESTAT:DEMO_FMONTH(1.0),Live births (total) by month,A,Annual,NR,Number,M01,January,BA,Bosnia and Herzegovina,2005,,2271,,,,,
dataflow,ESTAT:DEMO_FMONTH(1.0),Live births (total) by month,A,Annual,NR,Number,M01,January,BA,Bosnia and Herzegovina,2010,,2870,,,,,
dataflow,ESTAT:DEMO_FMONTH(1.0),Live births (total) by month,A,Annual,NR,Number,M01,January,BA,Bosnia and Herzegovina,2023,,1673,,p,provisional,,
dataflow,ESTAT:DEMO_FMONTH(1.0),Live births (total) by month,A,Annual,NR,Number,M01,January,BE,Belgium,1980,,10282,,,,,
dataflow,ESTAT:DEMO_FMONTH(1.0),Live births (total) by month,A,Annual,NR,Number,M01,January,BE,Belgium,1985,,9291,,,,,
dataflow,ESTAT:DEMO_FMONTH(1.0),Live births (total) by month,A,Annual,NR,Number,M01,January,BE,Belgium,1990,,10186,,,,,
dataflow,ESTAT:DEMO_FMONTH(1.0),Live births (total) by month,A,Annual,NR,Number,M01,January,BE,Belgium,1995,,9506,,,,,
dataflow,ESTAT:DEMO_FMONTH(1.0),Live births (total) by month,A,Annual,NR,Number,M01,January,BE,Belgium,2000,,9769,,,,,
dataflow,ESTAT:DEMO_FMONTH(1.0),Live births (total) by month,A,Annual,NR,Number,M01,January,BE,Belgium,2005,,9849,,,,,
dataflow,ESTAT:DEMO_FMONTH(1.0),Live births (total) by month,A,Annual,NR,Number,M01,January,BE,Belgium,2010,,10786,,,,,
dataflow,ESTAT:DEMO_FMONTH(1.0),Live births (total) by month,A,Annual,NR,Number,M01,January,BE,Belgium,2015,,10131,,,,,
dataflow,ESTAT:DEMO_FMONTH(1.0),Live births (total) by month,A,Annual,NR,Number,M01,January,BE,Belgium,2020,,9730,,,,,
dataflow,ESTAT:DEMO_FMONTH(1.0),Live births (total) by month,A,Annual,NR,Number,M01,January,BE,Belgium,2023,,9288,,,,,
dataflow,ESTAT:DEMO_FMONTH(1.0),Live births (total) by month,A,Annual,NR,Number,M01,January,BG,Bulgaria,1995,,6185,,,,,
dataflow,ESTAT:DEMO_FMONTH(1.0),Live births (total) by month,A,Annual,NR,Number,M01,January,BG,Bulgaria,2000,,6436,,,,,
dataflow,ESTAT:DEMO_FMONTH(1.0),Live births (total) by month,A,Annual,NR,Number,M01,January,BG,Bulgaria,2005,,5894,,,,,
dataflow,ESTAT:DEMO_FMONTH(1.0),Live births (total) by month,A,Annual,NR,Number,M01,January,BG,Bulgaria,2010,,6570,,,,,
dataflow,ESTAT:DEMO_FMONTH(1.0),Live births (total) by month,A,Annual,NR,Number,M01,January,BG,Bulgaria,2015,,5925,,,,,
dataflow,ESTAT:DEMO_FMONTH(1.0),Live births (total) by month,A,Annual,NR,Number,M01,January,BG,Bulgaria,2020,,5410,,,,,
dataflow,ESTAT:DEMO_FMONTH(1.0),Live births (total) by month,A,Annual,NR,Number,M01,January,BG,Bulgaria,2023,,5307,,,,,
dataflow,ESTAT:DEMO_FMONTH(1.0),Live births (total) by month,A,Annual,NR,Number,M01,January,BY,Belarus,2005,,2679,,,,,
dataflow,ESTAT:DEMO_FMONTH(1.0),Live births (total) by month,A,Annual,NR,Number,M01,January,BY,Belarus,2015,,10078,,,,,
dataflow,ESTAT:DEMO_FMONTH(1.0),Live births (total) by month,A,Annual,NR,Number,M01,January,CH,Switzerland,1980,,6241,,,,,
dataflow,ESTAT:DEMO_FMONTH(1.0),Live births (total) by month,A,Annual,NR,Number,M01,January,CH,Switzerland,1985,,6326,,,,,
dataflow,ESTAT:DEMO_FMONTH(1.0),Live births (total) by month,A,Annual,NR,Number,M01,January,CH,Switzerland,1990,,6906,,,,,
dataflow,ESTAT:DEMO_FMONTH(1.0),Live births (total) by month,A,Annual,NR,Number,M01,January,CH,Switzerland,1995,,6859,,,,,
dataflow,ESTAT:DEMO_FMONTH(1.0),Live births (total) by month,A,Annual,NR,Number,M01,January,CH,Switzerland,2000,,6731,,,,,
dataflow,ESTAT:DEMO_FMONTH(1.0),Live births (total) by month,A,Annual,NR,Number,M01,January,CH,Switzerland,2005,,5892,,,,,
dataflow,ESTAT:DEMO_FMONTH(1.0),Live births (total) by month,A,Annual,NR,Number,M01,January,CH,Switzerland,2010,,6680,,,,,
dataflow,ESTAT:DEMO_FMONTH(1.0),Live births (total) by month,A,Annual,NR,Number,M01,January,CH,Switzerland,2015,,7169,,,,,
dataflow,ESTAT:DEMO_FMONTH(1.0),Live births (total) by month,A,Annual,NR,Number,M01,January,CH,Switzerland,2020,,7108,,,,,
dataflow,ESTAT:DEMO_FMONTH(1.0),Live births (total) by month,A,Annual,NR,Number,M01,January,CH,Switzerland,2023,,6524,,,,,
dataflow,ESTAT:DEMO_FMONTH(1.0),Live births (total) by month,A,Annual,NR,Number,M01,January,CY,Cyprus,1995,,786,,,,,
dataflow,ESTAT:DEMO_FMONTH(1.0),Live births (total) by month,A,Annual,NR,Number,M01,January,CY,Cyprus,2000,,776,,,,,
dataflow,ESTAT:DEMO_FMONTH(1.0),Live births (total) by month,A,Annual,NR,Number,M01,January,CY,Cyprus,2005,,714,,,,,
dataflow,ESTAT:DEMO_FMONTH(1.0),Live births (total) by month,A,Annual,NR,Number,M01,January,CY,Cyprus,2010,,794,,,,,
dataflow,ESTAT:DEMO_FMONTH(1.0),Live births (total) by month,A,Annual,NR,Number,M01,January,CY,Cyprus,2015,,774,,,,,
dataflow,ESTAT:DEMO_FMONTH(1.0),Live births (total) by month,A,Annual,NR,Number,M01,January,CY,Cyprus,2020,,844,,,,,
dataflow,ESTAT:DEMO_FMONTH(1.0),Live births (total) by month,A,Annual,NR,Number,M01,January,CY,Cyprus,2023,,924,,,,,
dataflow,ESTAT:DEMO_FMONTH(1.0),Live births (total) by month,A,Annual,NR,Number,M01,January,CZ,Czechia,1990,,10507,,,,,
dataflow,ESTAT:DEMO_FMONTH(1.0),Live births (total) by month,A,Annual,NR,Number,M01,January,CZ,Czechia,1995,,8162,,,,,
dataflow,ESTAT:DEMO_FMONTH(1.0),Live births (total) by month,A,Annual,NR,Number,M01,January,CZ,Czechia,2000,,7557,,,,,
dataflow,ESTAT:DEMO_FMONTH(1.0),Live births (total) by month,A,Annual,NR,Number,M01,January,CZ,Czechia,2005,,8004,,,,,
dataflow,ESTAT:DEMO_FMONTH(1.0),Live births (total) by month,A,Annual,NR,Number,M01,January,CZ,Czechia,2010,,9588,,,,,
dataflow,ESTAT:DEMO_FMONTH(1.0),Live births (total) by month,A,Annual,NR,Number,M01,January,CZ,Czechia,2015,,9439,,,,,
dataflow,ESTAT:DEMO_FMONTH(1.0),Live births (total) by month,A,Annual,NR,Number,M01,January,CZ,Czechia,2020,,9330,,,,,
dataflow,ESTAT:DEMO_FMONTH(1.0),Live births (total) by month,A,Annual,NR,Number,M01,January,CZ,Czechia,2023,,7906,,,,,
dataflow,ESTAT:DEMO_FMONTH(1.0),Live births (total) by month,A,Annual,NR,Number,M01,January,DE,Germany,1980,,51397,,,,,
dataflow,ESTAT:DEMO_FMONTH(1.0),Live births (total) by month,A,Annual,NR,Number,M01,January,DE,Germany,1985,,49055,,,,,
dataflow,ESTAT:DEMO_FMONTH(1.0),Live births (total) by month,A,Annual,NR,Number,M01,January,DE,Germany,1990,,58994,,,,,
dataflow,ESTAT:DEMO_FMONTH(1.0),Live births (total) by month,A,Annual,NR,Number,M01,January,DE,Germany,1995,,63792,,,,,
dataflow,ESTAT:DEMO_FMONTH(1.0),Live births (total) by month,A,Annual,NR,Number,M01,January,DE,Germany,2000,,65715,,,,,
dataflow,ESTAT:DEMO_FMONTH(1.0),Live births (total) by month,A,Annual,NR,Number,M01,January,DE,Germany,2005,,57338,,,,,
dataflow,ESTAT:DEMO_FMONTH(1.0),Live births (total) by month,A,Annual,NR,Number,M01,January,DE,Germany,2010,,55273,,,,,
dataflow,ESTAT:DEMO_FMONTH(1.0),Live births (total) by month,A,Annual,NR,Number,M01,January,DE,Germany,2015,,59490,,,,,
dataflow,ESTAT:DEMO_FMONTH(1.0),Live births (total) by month,A,Annual,NR,Number,M01,January,DE,Germany,2020,,63713,,,,,
dataflow,ESTAT:DEMO_FMONTH(1.0),Live births (total) by month,A,Annual,NR,Number,M01,January,DE,Germany,2023,,57100,,,,,
dataflow,ESTAT:DEMO_FMONTH(1.0),Live births (total) by month,A,Annual,NR,Number,M01,January,DE_TOT,Germany including former GDR,1980,,72179,,,,,
dataflow,ESTAT:DEMO_FMONTH(1.0),Live births (total) by month,A,Annual,NR,Number,M01,January,DE_TOT,Germany including former GDR,1985,,68732,,,,,
dataflow,ESTAT:DEMO_FMONTH(1.0),Live births (total) by month,A,Annual,NR,Number,M01,January,DE_TOT,Germany including former GDR,1990,,75800,,,,,
dataflow,ESTAT:DEMO_FMONTH(1.0),Live births (total) by month,A,Annual,NR,Number,M01,January,DE_TOT,Germany including former GDR,1995,,63792,,,,,
dataflow,ESTAT:DEMO_FMONTH(1.0),Live births (total) by month,A,Annual,NR,Number,M01,January,DE_TOT,Germany including former GDR,2000,,65715,,,,,
dataflow,ESTAT:DEMO_FMONTH(1.0),Live births (total) by month,A,Annual,NR,Number,M01,January,DE_TOT,Germany including former GDR,2005,,57338,,,,,
dataflow,ESTAT:DEMO_FMONTH(1.0),Live births (total) by month,A,Annual,NR,Number,M01,January,DE_TOT,Germany including former GDR,2010,,55273,,,,,
dataflow,ESTAT:DEMO_FMONTH(1.0),Live births (total) by month,A,Annual,NR,Number,M01,January,DE_TOT,Germany including former GDR,2015,,59490,,,,,
dataflow,ESTAT:DEMO_FMONTH(1.0),Live births (total) by month,A,Annual,NR,Number,M01,January,DE_TOT,Germany including former GDR,2020,,63713,,,,,
dataflow,ESTAT:DEMO_FMONTH(1.0),Live births (total) by month,A,Annual,NR,Number,M01,January,DE_TOT,Germany including former GDR,2023,,57100,,,,,
dataflow,ESTAT:DEMO_FMONTH(1.0),Live births (total) by month,A,Annual,NR,Number,M01,January,DK,Denmark,1980,,4738,,,,,
dataflow,ESTAT:DEMO_FMONTH(1.0),Live births (total) by month,A,Annual,NR,Number,M01,January,DK,Denmark,1985,,4060,,,,,
dataflow,ESTAT:DEMO_FMONTH(1.0),Live births (total) by month,A,Annual,NR,Number,M01,January,DK,Denmark,1990,,4930,,,,,
dataflow,ESTAT:DEMO_FMONTH(1.0),Live births (total) by month,A,Annual,NR,Number,M01,January,DK,Denmark,1995,,5708,,,,,
dataflow,ESTAT:DEMO_FMONTH(1.0),Live births (total) by month,A,Annual,NR,Number,M01,January,DK,Denmark,2000,,5439,,,,,
dataflow,ESTAT:DEMO_FMONTH(1.0),Live births (total) by month,A,Annual,NR,Number,M01,January,DK,Denmark,2005,,5283,,,,,
dataflow,ESTAT:DEMO_FMONTH(1.0),Live births (total) by month,A,Annual,NR,Number,M01,January,DK,Denmark,2010,,5232,,,,,
dataflow,ESTAT:DEMO_FMONTH(1.0),Live births (total) by month,A,Annual,NR,Number,M01,January,DK,Denmark,2015,,4604,,,,,
dataflow,ESTAT:DEMO_FMONTH(1.0),Live births (total) by month,A,Annual,NR,Number,M01,January,DK,Denmark,2020,,4937,,,,,
dataflow,ESTAT:DEMO_FMONTH(1.0),Live births (total) by month,A,Annual,NR,Number,M01,January,DK,Denmark,2023,,4734,,,,,
dataflow,ESTAT:DEMO_FMONTH(1.0),Live births (total) by month,A,Annual,NR,Number,M01,January,EE,Estonia,1980,,1824,,,,,
dataflow,ESTAT:DEMO_FMONTH(1.0),Live births (total) by month,A,Annual,NR,Number,M01,January,EE,Estonia,1985,,1984,,,,,
dataflow,ESTAT:DEMO_FMONTH(1.0),Live births (total) by month,A,Annual,NR,Number,M01,January,EE,Estonia,1990,,1927,,,,,
dataflow,ESTAT:DEMO_FMONTH(1.0),Live births (total) by month,A,Annual,NR,Number,M01,January,EE,Estonia,1995,,1117,,,,,
dataflow,ESTAT:DEMO_FMONTH(1.0),Live births (total) by month,A,Annual,NR,Number,M01,January,EE,Estonia,2000,,1131,,,,,
dataflow,ESTAT:DEMO_FMONTH(1.0),Live births (total) by month,A,Annual,NR,Number,M01,January,EE,Estonia,2005,,1149,,,,,
dataflow,ESTAT:DEMO_FMONTH(1.0),Live births (total) by month,A,Annual,NR,Number,M01,January,EE,Estonia,2010,,1266,,,,,
dataflow,ESTAT:DEMO_FMONTH(1.0),Live births (total) by month,A,Annual,NR,Number,M01,January,EE,Estonia,2015,,1138,,,,,
dataflow,ESTAT:DEMO_FMONTH(1.0),Live births (total) by month,A,Annual,NR,Number,M01,January,EE,Estonia,2020,,1119,,,,,
dataflow,ESTAT:DEMO_FMONTH(1.0),Live births (total) by month,A,Annual,NR,Number,M01,January,EE,Estonia,2023,,868,,,,,
dataflow,ESTAT:DEMO_FMONTH(1.0),Live births (total) by month,A,Annual,NR,Number,M01,January,EL,Greece,1980,,12555,,,,,
dataflow,ESTAT:DEMO_FMONTH(1.0),Live births (total) by month,A,Annual,NR,Number,M01,January,EL,Greece,1985,,9664,,,,,
dataflow,ESTAT:DEMO_FMONTH(1.0),Live births (total) by month,A,Annual,NR,Number,M01,January,EL,Greece,1990,,8289,,,,,
dataflow,ESTAT:DEMO_FMONTH(1.0),Live births (total) by month,A,Annual,NR,Number,M01,January,EL,Greece,1995,,8218,,,,,
dataflow,ESTAT:DEMO_FMONTH(1.0),Live births (total) by month,A,Annual,NR,Number,M01,January,EL,Greece,2000,,8890,,,,,
dataflow,ESTAT:DEMO_FMONTH(1.0),Live births (total) by month,A,Annual,NR,Number,M01,January,EL,Greece,2005,,9171,,,,,
dataflow,ESTAT:DEMO_FMONTH(1.0),Live births (total) by month,A,Annual,NR,Number,M01,January,EL,Greece,2010,,9875,,,,,
dataflow,ESTAT:DEMO_FMONTH(1.0),Live births (total) by month,A,Annual,NR,Number,M01,January,EL,Greece,2015,,7736,,,,,
dataflow,ESTAT:DEMO_FMONTH(1.0),Live births (total) by month,A,Annual,NR,Number,M01,January,EL,Greece,2020,,7753,,,,,
dataflow,ESTAT:DEMO_FMONTH(1.0),Live births (total) by month,A,Annual,NR,Number,M01,January,EL,Greece,2023,,6279,,,,,
dataflow,ESTAT:DEMO_FMONTH(1.0),Live births (total) by month,A,Annual,NR,Number,M01,January,ES,Spain,1980,,48642,,,,,
dataflow,ESTAT:DEMO_FMONTH(1.0),Live births (total) by month,A,Annual,NR,Number,M01,January,ES,Spain,1985,,38411,,,,,
dataflow,ESTAT:DEMO_FMONTH(1.0),Live births (total) by month,A,Annual,NR,Number,M01,January,ES,Spain,1990,,33616,,,,,
dataflow,ESTAT:DEMO_FMONTH(1.0),Live births (total) by month,A,Annual,NR,Number,M01,January,ES,Spain,1995,,30304,,,,,
dataflow,ESTAT:DEMO_FMONTH(1.0),Live births (total) by month,A,Annual,NR,Number,M01,January,ES,Spain,2000,,32995,,,,,
dataflow,ESTAT:DEMO_FMONTH(1.0),Live births (total) by month,A,Annual,NR,Number,M01,January,ES,Spain,2005,,38456,,,,,
dataflow,ESTAT:DEMO_FMONTH(1.0),Live births (total) by month,A,Annual,NR,Number,M01,January,ES,Spain,2010,,40449,,,,,
dataflow,ESTAT:DEMO_FMONTH(1.0),Live births (total) by month,A,Annual,NR,Number,M01,January,ES,Spain,2015,,35337,,,,,
dataflow,ESTAT:DEMO_FMONTH(1.0),Live births (total) by month,A,Annual,NR,Number,M01,January,ES,Spain,2020,,30314,,,,,
dataflow,ESTAT:DEMO_FMONTH(1.0),Live births (total) by month,A,Annual,NR,Number,M01,January,ES,Spain,2023,,26962,,,,,
dataflow,ESTAT:DEMO_FMONTH(1.0),Live births (total) by month,A,Annual,NR,Number,M01,January,FI,Finland,1980,,5113,,,,,
dataflow,ESTAT:DEMO_FMONTH(1.0),Live births (total) by month,A,Annual,NR,Number,M01,January,FI,Finland,1985,,5358,,,,,
dataflow,ESTAT:DEMO_FMONTH(1.0),Live births (total) by month,A,Annual,NR,Number,M01,January,FI,Finland,1990,,5353,,,,,
dataflow,ESTAT:DEMO_FMONTH(1.0),Live births (total) by month,A,Annual,NR,Number,M01,January,FI,Finland,1995,,5266,,,,,
dataflow,ESTAT:DEMO_FMONTH(1.0),Live births (total) by month,A,Annual,NR,Number,M01,January,FI,Finland,2000,,4768,,,,,
dataflow,ESTAT:DEMO_FMONTH(1.0),Live births (total) by month,A,Annual,NR,Number,M01,January,FI,Finland,2005,,4783,,,,,
dataflow,ESTAT:DEMO_FMONTH(1.0),Live births (total) by month,A,Annual,NR,Number,M01,January,FI,Finland,2010,,5007,,,,,
dataflow,ESTAT:DEMO_FMONTH(1.0),Live births (total) by month,A,Annual,NR,Number,M01,January,FI,Finland,2015,,4659,,,,,
dataflow,ESTAT:DEMO_FMONTH(1.0),Live births (total) by month,A,Annual,NR,Number,M01,January,FI,Finland,2020,,3907,,,,,
dataflow,ESTAT:DEMO_FMONTH(1.0),Live births (total) by month,A,Annual,NR,Number,M01,January,FI,Finland,2023,,3545,,,,,
dataflow,ESTAT:DEMO_FMONTH(1.0),Live births (total) by month,A,Annual,NR,Number,M01,January,FR,France,1995,,61127,,,,,
dataflow,ESTAT:DEMO_FMONTH(1.0),Live births (total) by month,A,Annual,NR,Number,M01,January,FR,France,2000,,66453,,,,,
dataflow,ESTAT:DEMO_FMONTH(1.0),Live births (total) by month,A,Annual,NR,Number,M01,January,FR,France,2005,,66766,,,,,
dataflow,ESTAT:DEMO_FMONTH(1.0),Live births (total) by month,A,Annual,NR,Number,M01,January,FR,France,2010,,69488,,,,,
dataflow,ESTAT:DEMO_FMONTH(1.0),Live births (total) by month,A,Annual,NR,Number,M01,January,FR,France,2015,,67849,,,,,
dataflow,ESTAT:DEMO_FMONTH(1.0),Live births (total) by month,A,Annual,NR,Number,M01,January,FR,France,2020,,62252,,,,,
dataflow,ESTAT:DEMO_FMONTH(1.0),Live births (total) by month,A,Annual,NR,Number,M01,January,FR,France,2023,,56877,,,,,
dataflow,ESTAT:DEMO_FMONTH(1.0),Live births (total) by month,A,Annual,NR,Number,M01,January,FX,Metropolitan France,1980,,63538,,,,,
dataflow,ESTAT:DEMO_FMONTH(1.0),Live births (total) by month,A,Annual,NR,Number,M01,January,FX,Metropolitan France,1985,,63003,,,,,
dataflow,ESTAT:DEMO_FMONTH(1.0),Live births (total) by month,A,Annual,NR,Number,M01,January,FX,Metropolitan France,1990,,62921,,,,,
dataflow,ESTAT:DEMO_FMONTH(1.0),Live births (total) by month,A,Annual,NR,Number,M01,January,FX,Metropolitan France,1995,,58573,,,,,
dataflow,ESTAT:DEMO_FMONTH(1.0),Live births (total) by month,A,Annual,NR,Number,M01,January,FX,Metropolitan France,2000,,63559,,,,,
dataflow,ESTAT:DEMO_FMONTH(1.0),Live births (total) by month,A,Annual,NR,Number,M01,January,FX,Metropolitan France,2005,,63987,,,,,
dataflow,ESTAT:DEMO_FMONTH(1.0),Live births (total) by month,A,Annual,NR,Number,M01,January,FX,Metropolitan France,2010,,66785,,,,,
dataflow,ESTAT:DEMO_FMONTH(1.0),Live births (total) by month,A,Annual,NR,Number,M01,January,GE,Georgia,2005,,3870,,,,,
dataflow,ESTAT:DEMO_FMONTH(1.0),Live births (total) by month,A,Annual,NR,Number,M01,January,GE,Georgia,2010,,5277,,,,,
dataflow,ESTAT:DEMO_FMONTH(1.0),Live births (total) by month,A,Annual,NR,Number,M01,January,GE,Georgia,2015,,5160,,,,,
dataflow,ESTAT:DEMO_FMONTH(1.0),Live births (total) by month,A,Annual,NR,Number,M01,January,GE,Georgia,2020,,3964,,,,,
dataflow,ESTAT:DEMO_FMONTH(1.0),Live births (total) by month,A,Annual,NR,Number,M01,January,GE,Georgia,2023,,3587,,,,,
dataflow,ESTAT:DEMO_FMONTH(1.0),Live births (total) by month,A,Annual,NR,Number,M01,January,HR,Croatia,1995,,4412,,,,,
dataflow,ESTAT:DEMO_FMONTH(1.0),Live births (total) by month,A,Annual,NR,Number,M01,January,HR,Croatia,2000,,3827,,,,,
dataflow,ESTAT:DEMO_FMONTH(1.0),Live births (total) by month,A,Annual,NR,Number,M01,January,HR,Croatia,2005,,3616,,,,,
dataflow,ESTAT:DEMO_FMONTH(1.0),Live births (total) by month,A,Annual,NR,Number,M01,January,HR,Croatia,2010,,3867,,,,,
dataflow,ESTAT:DEMO_FMONTH(1.0),Live births (total) by month,A,Annual,NR,Number,M01,January,HR,Croatia,2015,,3275,,,,,
dataflow,ESTAT:DEMO_FMONTH(1.0),Live births (total) by month,A,Annual,NR,Number,M01,January,HR,Croatia,2020,,3192,,,,,
dataflow,ESTAT:DEMO_FMONTH(1.0),Live births (total) by month,A,Annual,NR,Number,M01,January,HR,Croatia,2023,,2775,,,,,
dataflow,ESTAT:DEMO_FMONTH(1.0),Live births (total) by month,A,Annual,NR,Number,M01,January,HU,Hungary,1995,,9498,,,,,
dataflow,ESTAT:DEMO_FMONTH(1.0),Live births (total) by month,A,Annual,NR,Number,M01,January,HU,Hungary,2000,,8161,,,,,
dataflow,ESTAT:DEMO_FMONTH(1.0),Live births (total) by month,A,Annual,NR,Number,M01,January,HU,Hungary,2005,,8288,,,,,
dataflow,ESTAT:DEMO_FMONTH(1.0),Live births (total) by month,A,Annual,NR,Number,M01,January,HU,Hungary,2010,,7980,,,,,
dataflow,ESTAT:DEMO_FMONTH(1.0),Live births (total) by month,A,Annual,NR,Number,M01,January,HU,Hungary,2015,,8050,,,,,
dataflow,ESTAT:DEMO_FMONTH(1.0),Live births (total) by month,A,Annual,NR,Number,M01,January,HU,Hungary,2020,,8255,,,,,
dataflow,ESTAT:DEMO_FMONTH(1.0),Live births (total) by month,A,Annual,NR,Number,M01,January,HU,Hungary,2023,,7809,,,,,
dataflow,ESTAT:DEMO_FMONTH(1.0),Live births (total) by month,A,Annual,NR,Number,M01,January,IE,Ireland,1980,,6233,,,,,
dataflow,ESTAT:DEMO_FMONTH(1.0),Live births (total) by month,A,Annual,NR,Number,M01,January,IE,Ireland,1985,,5401,,,,,
dataflow,ESTAT:DEMO_FMONTH(1.0),Live births (total) by month,A,Annual,NR,Number,M01,January,IE,Ireland,1990,,4152,,,,,
dataflow,ESTAT:DEMO_FMONTH(1.0),Live births (total) by month,A,Annual,NR,Number,M01,January,IE,Ireland,1995,,4108,,,,,
dataflow,ESTAT:DEMO_FMONTH(1.0),Live births (total) by month,A,Annual,NR,Number,M01,January,IE,Ireland,2000,,4467,,,,,
dataflow,ESTAT:DEMO_FMONTH(1.0),Live births (total) by month,A,Annual,NR,Number,M01,January,IE,Ireland,2005,,4936,,,,,
dataflow,ESTAT:DEMO_FMONTH(1.0),Live births (total) by month,A,Annual,NR,Number,M01,January,IE,Ireland,2010,,6351,,,,,
dataflow,ESTAT:DEMO_FMONTH(1.0),Live births (total) by month,A,Annual,NR,Number,M01,January,IE,Ireland,2015,,5613,,,,,
dataflow,ESTAT:DEMO_FMONTH(1.0),Live births (total) by month,A,Annual,NR,Number,M01,January,IE,Ireland,2020,,4974,,,,,
dataflow,ESTAT:DEMO_FMONTH(1.0),Live births (total) by month,A,Annual,NR,Number,M01,January,IE,Ireland,2023,,4551,,,,,
dataflow,ESTAT:DEMO_FMONTH(1.0),Live births (total) by month,A,Annual,NR,Number,M01,January,IS,Iceland,1980,,400,,,,,
dataflow,ESTAT:DEMO_FMONTH(1.0),Live births (total) by month,A,Annual,NR,Number,M01,January,IS,Iceland,1985,,313,,,,,
dataflow,ESTAT:DEMO_FMONTH(1.0),Live births (total) by month,A,Annual,NR,Number,M01,January,IS,Iceland,1990,,386,,,,,
dataflow,ESTAT:DEMO_FMONTH(1.0),Live births (total) by month,A,Annual,NR,Number,M01,January,IS,Iceland,1995,,335,,,,,
dataflow,ESTAT:DEMO_FMONTH(1.0),Live births (total) by month,A,Annual,NR,Number,M01,January,IS,Iceland,2000,,338,,,,,
dataflow,ESTAT:DEMO_FMONTH(1.0),Live births (total) by month,A,Annual,NR,Number,M01,January,IS,Iceland,2005,,343,,,,,
dataflow,ESTAT:DEMO_FMONTH(1.0),Live births (total) by month,A,Annual,NR,Number,M01,January,IS,Iceland,2010,,429,,,,,
dataflow,ESTAT:DEMO_FMONTH(1.0),Live births (total) by month,A,Annual,NR,Number,M01,January,IS,Iceland,2015,,340,,,,,
dataflow,ESTAT:DEMO_FMONTH(1.0),Live births (total) by month,A,Annual,NR,Number,M01,January,IS,Iceland,2020,,390,,,,,
dataflow,ESTAT:DEMO_FMONTH(1.0),Live births (total) by month,A,Annual,NR,Number,M01,January,IS,Iceland,2023,,354,,,,,
dataflow,ESTAT:DEMO_FMONTH(1.0),Live births (total) by month,A,Annual,NR,Number,M01,January,IT,Italy,1980,,52886,,,,,
dataflow,ESTAT:DEMO_FMONTH(1.0),Live births (total) by month,A,Annual,NR,Number,M01,January,IT,Italy,1985,,46939,,,,,
dataflow,ESTAT:DEMO_FMONTH(1.0),Live births (total) by month,A,Annual,NR,Number,M01,January,IT,Italy,1990,,46054,,,,,
dataflow,ESTAT:DEMO_FMONTH(1.0),Live births (total) by month,A,Annual,NR,Number,M01,January,IT,Italy,1995,,42996,,,,,
dataflow,ESTAT:DEMO_FMONTH(1.0),Live births (total) by month,A,Annual,NR,Number,M01,January,IT,Italy,2000,,43641,,,,,
dataflow,ESTAT:DEMO_FMONTH(1.0),Live births (total) by month,A,Annual,NR,Number,M01,January,IT,Italy,2005,,44722,,,,,
dataflow,ESTAT:DEMO_FMONTH(1.0),Live births (total) by month,A,Annual,NR,Number,M01,January,IT,Italy,2010,,45540,,,,,
dataflow,ESTAT:DEMO_FMONTH(1.0),Live births (total) by month,A,Annual,NR,Number,M01,January,IT,Italy,2015,,41861,,,,,
dataflow,ESTAT:DEMO_FMONTH(1.0),Live births (total) by month,A,Annual,NR,Number,M01,January,IT,Italy,2020,,36077,,,,,
dataflow,ESTAT:DEMO_FMONTH(1.0),Live births (total) by month,A,Annual,NR,Number,M01,January,IT,Italy,2023,,33357,,,,,
dataflow,ESTAT:DEMO_FMONTH(1.0),Live births (total) by month,A,Annual,NR,Number,M01,January,LI,Liechtenstein,1980,,28,,,,,
dataflow,ESTAT:DEMO_FMONTH(1.0),Live births (total) by month,A,Annual,NR,Number,M01,January,LI,Liechtenstein,1985,,26,,,,,
dataflow,ESTAT:DEMO_FMONTH(1.0),Live births (total) by month,A,Annual,NR,Number,M01,January,LI,Liechtenstein,1990,,37,,,,,
dataflow,ESTAT:DEMO_FMONTH(1.0),Live births (total) by month,A,Annual,NR,Number,M01,January,LI,Liechtenstein,1995,,22,,,,,
dataflow,ESTAT:DEMO_FMONTH(1.0),Live births (total) by month,A,Annual,NR,Number,M01,January,LI,Liechtenstein,2000,,32,,,,,
dataflow,ESTAT:DEMO_FMONTH(1.0),Live births (total) by month,A,Annual,NR,Number,M01,January,LI,Liechtenstein,2005,,32,,,,,
dataflow,ESTAT:DEMO_FMONTH(1.0),Live births (total) by month,A,Annual,NR,Number,M01,January,LI,Liechtenstein,2010,,30,,,,,
dataflow,ESTAT:DEMO_FMONTH(1.0),Live births (total) by month,A,Annual,NR,Number,M01,January,LI,Liechtenstein,2015,,21,,,,,
dataflow,ESTAT:DEMO_FMONTH(1.0),Live births (total) by month,A,Annual,NR,Number,M01,January,LI,Liechtenstein,2020,,27,,,,,
dataflow,ESTAT:DEMO_FMONTH(1.0),Live births (total) by month,A,Annual,NR,Number,M01,January,LI,Liechtenstein,2023,,29,,,,,
dataflow,ESTAT:DEMO_FMONTH(1.0),Live births (total) by month,A,Annual,NR,Number,M01,January,LT,Lithuania,1995,,3489,,,,,
dataflow,ESTAT:DEMO_FMONTH(1.0),Live births (total) by month,A,Annual,NR,Number,M01,January,LT,Lithuania,2000,,2867,,,,,
dataflow,ESTAT:DEMO_FMONTH(1.0),Live births (total) by month,A,Annual,NR,Number,M01,January,LT,Lithuania,2005,,2504,,,,,
dataflow,ESTAT:DEMO_FMONTH(1.0),Live births (total) by month,A,Annual,NR,Number,M01,January,LT,Lithuania,2010,,2586,,,,,
dataflow,ESTAT:DEMO_FMONTH(1.0),Live births (total) by month,A,Annual,NR,Number,M01,January,LT,Lithuania,2015,,2448,,,,,
dataflow,ESTAT:DEMO_FMONTH(1.0),Live births (total) by month,A,Annual,NR,Number,M01,January,LT,Lithuania,2020,,1914,,,,,
dataflow,ESTAT:DEMO_FMONTH(1.0),Live births (total) by month,A,Annual,NR,Number,M01,January,LT,Lithuania,2023,,1818,,,,,
dataflow,ESTAT:DEMO_FMONTH(1.0),Live births (total) by month,A,Annual,NR,Number,M01,January,LU,Luxembourg,1980,,338,,,,,
dataflow,ESTAT:DEMO_FMONTH(1.0),Live births (total) by month,A,Annual,NR,Number,M01,January,LU,Luxembourg,1985,,364,,,,,
dataflow,ESTAT:DEMO_FMONTH(1.0),Live births (total) by month,A,Annual,NR,Number,M01,January,LU,Luxembourg,1990,,395,,,,,
dataflow,ESTAT:DEMO_FMONTH(1.0),Live births (total) by month,A,Annual,NR,Number,M01,January,LU,Luxembourg,1995,,431,,,,,
dataflow,ESTAT:DEMO_FMONTH(1.0),Live births (total) by month,A,Annual,NR,Number,M01,January,LU,Luxembourg,2000,,503,,,,,
dataflow,ESTAT:DEMO_FMONTH(1.0),Live births (total) by month,A,Annual,NR,Number,M01,January,LU,Luxembourg,2005,,472,,,,,
dataflow,ESTAT:DEMO_FMONTH(1.0),Live births (total) by month,A,Annual,NR,Number,M01,January,LU,Luxembourg,2010,,485,,,,,
dataflow,ESTAT:DEMO_FMONTH(1.0),Live births (total) by month,A,Annual,NR,Number,M01,January,LU,Luxembourg,2015,,493,,,,,
dataflow,ESTAT:DEMO_FMONTH(1.0),Live births (total) by month,A,Annual,NR,Number,M01,January,LU,Luxembourg,2020,,508,,,,,
dataflow,ESTAT:DEMO_FMONTH(1.0),Live births (total) by month,A,Annual,NR,Number,M01,January,LU,Luxembourg,2023,,540,,,,,
dataflow,ESTAT:DEMO_FMONTH(1.0),Live births (total) by month,A,Annual,NR,Number,M01,January,LV,Latvia,2000,,1660,,,,,
dataflow,ESTAT:DEMO_FMONTH(1.0),Live births (total) by month,A,Annual,NR,Number,M01,January,LV,Latvia,2005,,1813,,,,,
dataflow,ESTAT:DEMO_FMONTH(1.0),Live births (total) by month,A,Annual,NR,Number,M01,January,LV,Latvia,2010,,1678,,,,,
dataflow,ESTAT:DEMO_FMONTH(1.0),Live births (total) by month,A,Annual,NR,Number,M01,January,LV,Latvia,2015,,1805,,,,,
dataflow,ESTAT:DEMO_FMONTH(1.0),Live births (total) by month,A,Annual,NR,Number,M01,January,LV,Latvia,2020,,1508,,,,,
dataflow,ESTAT:DEMO_FMONTH(1.0),Live births (total) by month,A,Annual,NR,Number,M01,January,LV,Latvia,2023,,1177,,,,,
dataflow,ESTAT:DEMO_FMONTH(1.0),Live births (total) by month,A,Annual,NR,Number,M01,January,MC,Monaco,2005,,68,,,,,
dataflow,ESTAT:DEMO_FMONTH(1.0),Live births (total) by month,A,Annual,NR,Number,M01,January,MC,Monaco,2023,,22,,,,,
dataflow,ESTAT:DEMO_FMONTH(1.0),Live births (total) by month,A,Annual,NR,Number,M01,January,MD,Moldova,2005,,2962,,,,,
dataflow,ESTAT:DEMO_FMONTH(1.0),Live births (total) by month,A,Annual,NR,Number,M01,January,MD,Moldova,2010,,3273,,,,,
dataflow,ESTAT:DEMO_FMONTH(1.0),Live births (total) by month,A,Annual,NR,Number,M01,January,MD,Moldova,2015,,3344,,,,,
dataflow,ESTAT:DEMO_FMONTH(1.0),Live births (total) by month,A,Annual,NR,Number,M01,January,MD,Moldova,2020,,2671,,,,,
dataflow,ESTAT:DEMO_FMONTH(1.0),Live births (total) by month,A,Annual,NR,Number,M01,January,MD,Moldova,2023,,2177,,,,,
dataflow,ESTAT:DEMO_FMONTH(1.0),Live births (total) by month,A,Annual,NR,Number,M01,January,ME,Montenegro,2005,,606,,,,,
dataflow,ESTAT:DEMO_FMONTH(1.0),Live births (total) by month,A,Annual,NR,Number,M01,January,ME,Montenegro,2010,,600,,,,,
dataflow,ESTAT:DEMO_FMONTH(1.0),Live births (total) by month,A,Annual,NR,Number,M01,January,ME,Montenegro,2015,,639,,,,,
dataflow,ESTAT:DEMO_FMONTH(1.0),Live births (total) by month,A,Annual,NR,Number,M01,January,ME,Montenegro,2020,,595,,,,,
dataflow,ESTAT:DEMO_FMONTH(1.0),Live births (total) by month,A,Annual,NR,Number,M01,January,ME,Montenegro,2023,,621,,,,,
dataflow,ESTAT:DEMO_FMONTH(1.0),Live births (total) by month,A,Annual,NR,Number,M01,January,MK,North Macedonia,1995,,2707,,,,,
dataflow,ESTAT:DEMO_FMONTH(1.0),Live births (total) by month,A,Annual,NR,Number,M01,January,MK,North Macedonia,2000,,2232,,,,,
dataflow,ESTAT:DEMO_FMONTH(1.0),Live births (total) by month,A,Annual,NR,Number,M01,January,MK,North Macedonia,2005,,1919,,,,,
dataflow,ESTAT:DEMO_FMONTH(1.0),Live births (total) by month,A,Annual,NR,Number,M01,January,MK,North Macedonia,2010,,1985,,,,,
dataflow,ESTAT:DEMO_FMONTH(1.0),Live births (total) by month,A,Annual,NR,Number,M01,January,MK,North Macedonia,2015,,1970,,,,,
dataflow,ESTAT:DEMO_FMONTH(1.0),Live births (total) by month,A,Annual,NR,Number,M01,January,MK,North Macedonia,2020,,1566,,,,,
dataflow,ESTAT:DEMO_FMONTH(1.0),Live births (total) by month,A,Annual,NR,Number,M01,January,MK,North Macedonia,2023,,1398,,,,,
dataflow,ESTAT:DEMO_FMONTH(1.0),Live births (total) by month,A,Annual,NR,Number,M01,January,MT,Malta,1995,,393,,,,,
dataflow,ESTAT:DEMO_FMONTH(1.0),Live births (total) by month,A,Annual,NR,Number,M01,January,MT,Malta,2000,,391,,,,,
dataflow,ESTAT:DEMO_FMONTH(1.0),Live births (total) by month,A,Annual,NR,Number,M01,January,MT,Malta,2005,,326,,,,,
dataflow,ESTAT:DEMO_FMONTH(1.0),Live births (total) by month,A,Annual,NR,Number,M01,January,MT,Malta,2010,,359,,,,,
dataflow,ESTAT:DEMO_FMONTH(1.0),Live births (total) by month,A,Annual,NR,Number,M01,January,MT,Malta,2015,,391,,,,,
dataflow,ESTAT:DEMO_FMONTH(1.0),Live births (total) by month,A,Annual,NR,Number,M01,January,MT,Malta,2020,,395,,,,,
dataflow,ESTAT:DEMO_FMONTH(1.0),Live births (total) by month,A,Annual,NR,Number,M01,January,MT,Malta,2023,,405,,,,,
dataflow,ESTAT:DEMO_FMONTH(1.0),Live births (total) by month,A,Annual,NR,Number,M01,January,NL,Netherlands,1980,,14585,,,,,
dataflow,ESTAT:DEMO_FMONTH(1.0),Live births (total) by month,A,Annual,NR,Number,M01,January,NL,Netherlands,1985,,14735,,,,,
dataflow,ESTAT:DEMO_FMONTH(1.0),Live births (total) by month,A,Annual,NR,Number,M01,January,NL,Netherlands,1990,,16153,,,,,
dataflow,ESTAT:DEMO_FMONTH(1.0),Live births (total) by month,A,Annual,NR,Number,M01,January,NL,Netherlands,1995,,16436,,,,,
dataflow,ESTAT:DEMO_FMONTH(1.0),Live births (total) by month,A,Annual,NR,Number,M01,January,NL,Netherlands,2000,,17068,,,,,
dataflow,ESTAT:DEMO_FMONTH(1.0),Live births (total) by month,A,Annual,NR,Number,M01,January,NL,Netherlands,2005,,15678,,,,,
dataflow,ESTAT:DEMO_FMONTH(1.0),Live births (total) by month,A,Annual,NR,Number,M01,January,NL,Netherlands,2010,,14929,,,,,
dataflow,ESTAT:DEMO_FMONTH(1.0),Live births (total) by month,A,Annual,NR,Number,M01,January,NL,Netherlands,2015,,14176,,,,,
dataflow,ESTAT:DEMO_FMONTH(1.0),Live births (total) by month,A,Annual,NR,Number,M01,January,NL,Netherlands,2020,,14085,,,,,
dataflow,ESTAT:DEMO_FMONTH(1.0),Live births (total) by month,A,Annual,NR,Number,M01,January,NL,Netherlands,2023,,13231,,,,,
dataflow,ESTAT:DEMO_FMONTH(1.0),Live births (total) by month,A,Annual,NR,Number,M01,January,NO,Norway,1980,,4094,,,,,
dataflow,ESTAT:DEMO_FMONTH(1.0),Live births (total) by month,A,Annual,NR,Number,M01,January,NO,Norway,1985,,4232,,,,,
dataflow,ESTAT:DEMO_FMONTH(1.0),Live births (total) by month,A,Annual,NR,Number,M01,January,NO,Norway,1990,,5118,,,,,
dataflow,ESTAT:DEMO_FMONTH(1.0),Live births (total) by month,A,Annual,NR,Number,M01,January,NO,Norway,1995,,4972,,,,,
dataflow,ESTAT:DEMO_FMONTH(1.0),Live births (total) by month,A,Annual,NR,Number,M01,January,NO,Norway,2000,,4838,,,,,
dataflow,ESTAT:DEMO_FMONTH(1.0),Live births (total) by month,A,Annual,NR,Number,M01,January,NO,Norway,2005,,4714,,,,,
dataflow,ESTAT:DEMO_FMONTH(1.0),Live births (total) by month,A,Annual,NR,Number,M01,January,NO,Norway,2010,,5078,,,,,
dataflow,ESTAT:DEMO_FMONTH(1.0),Live births (total) by month,A,Annual,NR,Number,M01,January,NO,Norway,2015,,4760,,,,,
dataflow,ESTAT:DEMO_FMONTH(1.0),Live births (total) by month,A,Annual,NR,Number,M01,January,NO,Norway,2020,,4331,,,,,
dataflow,ESTAT:DEMO_FMONTH(1.0),Live births (total) by month,A,Annual,NR,Number,M01,January,NO,Norway,2023,,4031,,,,,
dataflow,ESTAT:DEMO_FMONTH(1.0),Live births (total) by month,A,Annual,NR,Number,M01,January,PL,Poland,1995,,38539,,,,,
dataflow,ESTAT:DEMO_FMONTH(1.0),Live births (total) by month,A,Annual,NR,Number,M01,January,PL,Poland,2000,,33946,,,,,
dataflow,ESTAT:DEMO_FMONTH(1.0),Live births (total) by month,A,Annual,NR,Number,M01,January,PL,Poland,2005,,30835,,,,,
dataflow,ESTAT:DEMO_FMONTH(1.0),Live births (total) by month,A,Annual,NR,Number,M01,January,PL,Poland,2010,,35961,,,,,
dataflow,ESTAT:DEMO_FMONTH(1.0),Live births (total) by month,A,Annual,NR,Number,M01,January,PL,Poland,2015,,32172,,,,,
dataflow,ESTAT:DEMO_FMONTH(1.0),Live births (total) by month,A,Annual,NR,Number,M01,January,PL,Poland,2020,,33026,,,,,
dataflow,ESTAT:DEMO_FMONTH(1.0),Live births (total) by month,A,Annual,NR,Number,M01,January,PL,Poland,2023,,25252,,,,,
dataflow,ESTAT:DEMO_FMONTH(1.0),Live births (total) by month,A,Annual,NR,Number,M01,January,PT,Portugal,1980,,13562,,,,,
dataflow,ESTAT:DEMO_FMONTH(1.0),Live births (total) by month,A,Annual,NR,Number,M01,January,PT,Portugal,1985,,11037,,,,,
dataflow,ESTAT:DEMO_FMONTH(1.0),Live births (total) by month,A,Annual,NR,Number,M01,January,PT,Portugal,1990,,9958,,,,,
dataflow,ESTAT:DEMO_FMONTH(1.0),Live births (total) by month,A,Annual,NR,Number,M01,January,PT,Portugal,1995,,8898,,,,,
dataflow,ESTAT:DEMO_FMONTH(1.0),Live births (total) by month,A,Annual,NR,Number,M01,January,PT,Portugal,2000,,9825,,,,,
dataflow,ESTAT:DEMO_FMONTH(1.0),Live births (total) by month,A,Annual,NR,Number,M01,January,PT,Portugal,2005,,9087,,,,,
dataflow,ESTAT:DEMO_FMONTH(1.0),Live births (total) by month,A,Annual,NR,Number,M01,January,PT,Portugal,2010,,7855,,,,,
dataflow,ESTAT:DEMO_FMONTH(1.0),Live births (total) by month,A,Annual,NR,Number,M01,January,PT,Portugal,2015,,6978,,,,,
dataflow,ESTAT:DEMO_FMONTH(1.0),Live births (total) by month,A,Annual,NR,Number,M01,January,PT,Portugal,2020,,7301,,,,,
dataflow,ESTAT:DEMO_FMONTH(1.0),Live births (total) by month,A,Annual,NR,Number,M01,January,PT,Portugal,2023,,7181,,,,,
dataflow,ESTAT:DEMO_FMONTH(1.0),Live births (total) by month,A,Annual,NR,Number,M01,January,RO,Romania,1995,,19369,,,,,
dataflow,ESTAT:DEMO_FMONTH(1.0),Live births (total) by month,A,Annual,NR,Number,M01,January,RO,Romania,2000,,19745,,,,,
dataflow,ESTAT:DEMO_FMONTH(1.0),Live births (total) by month,A,Annual,NR,Number,M01,January,RO,Romania,2005,,18393,,,,,
dataflow,ESTAT:DEMO_FMONTH(1.0),Live births (total) by month,A,Annual,NR,Number,M01,January,RO,Romania,2010,,18123,,,,,
dataflow,ESTAT:DEMO_FMONTH(1.0),Live births (total) by month,A,Annual,NR,Number,M01,January,RO,Romania,2015,,17116,,,,,
dataflow,ESTAT:DEMO_FMONTH(1.0),Live births (total) by month,A,Annual,NR,Number,M01,January,RO,Romania,2020,,17319,,,,,
dataflow,ESTAT:DEMO_FMONTH(1.0),Live births (total) by month,A,Annual,NR,Number,M01,January,RO,Romania,2023,,14397,,,,,
dataflow,ESTAT:DEMO_FMONTH(1.0),Live births (total) by month,A,Annual,NR,Number,M01,January,RS,Serbia,2000,,5235,,,,,
dataflow,ESTAT:DEMO_FMONTH(1.0),Live births (total) by month,A,Annual,NR,Number,M01,January,RS,Serbia,2005,,6227,,,,,
dataflow,ESTAT:DEMO_FMONTH(1.0),Live births (total) by month,A,Annual,NR,Number,M01,January,RS,Serbia,2010,,5766,,,,,
dataflow,ESTAT:DEMO_FMONTH(1.0),Live births (total) by month,A,Annual,NR,Number,M01,January,RS,Serbia,2015,,5748,,,,,
dataflow,ESTAT:DEMO_FMONTH(1.0),Live births (total) by month,A,Annual,NR,Number,M01,January,RS,Serbia,2020,,5457,,,,,
dataflow,ESTAT:DEMO_FMONTH(1.0),Live births (total) by month,A,Annual,NR,Number,M01,January,RS,Serbia,2023,,5383,,,,,
dataflow,ESTAT:DEMO_FMONTH(1.0),Live births (total) by month,A,Annual,NR,Number,M01,January,RU,Russia,2005,,129722,,,,,
dataflow,ESTAT:DEMO_FMONTH(1.0),Live births (total) by month,A,Annual,NR,Number,M01,January,RU,Russia,2010,,148476,,,,,
dataflow,ESTAT:DEMO_FMONTH(1.0),Live births (total) by month,A,Annual,NR,Number,M01,January,SE,Sweden,1980,,8293,,,,,
dataflow,ESTAT:DEMO_FMONTH(1.0),Live births (total) by month,A,Annual,NR,Number,M01,January,SE,Sweden,1985,,8103,,,,,
dataflow,ESTAT:DEMO_FMONTH(1.0),Live births (total) by month,A,Annual,NR,Number,M01,January,SE,Sweden,1990,,10207,,,,,
dataflow,ESTAT:DEMO_FMONTH(1.0),Live births (total) by month,A,Annual,NR,Number,M01,January,SE,Sweden,1995,,8745,,,,,
dataflow,ESTAT:DEMO_FMONTH(1.0),Live births (total) by month,A,Annual,NR,Number,M01,January,SE,Sweden,2000,,7306,,,,,
dataflow,ESTAT:DEMO_FMONTH(1.0),Live births (total) by month,A,Annual,NR,Number,M01,January,SE,Sweden,2005,,8277,,,,,
dataflow,ESTAT:DEMO_FMONTH(1.0),Live births (total) by month,A,Annual,NR,Number,M01,January,SE,Sweden,2010,,9765,,,,,
dataflow,ESTAT:DEMO_FMONTH(1.0),Live births (total) by month,A,Annual,NR,Number,M01,January,SE,Sweden,2015,,9460,,,,,
dataflow,ESTAT:DEMO_FMONTH(1.0),Live births (total) by month,A,Annual,NR,Number,M01,January,SE,Sweden,2020,,9677,,,,,
dataflow,ESTAT:DEMO_FMONTH(1.0),Live births (total) by month,A,Annual,NR,Number,M01,January,SE,Sweden,2023,,8278,,,,,
dataflow,ESTAT:DEMO_FMONTH(1.0),Live births (total) by month,A,Annual,NR,Number,M01,January,SI,Slovenia,1995,,1649,,,,,
dataflow,ESTAT:DEMO_FMONTH(1.0),Live births (total) by month,A,Annual,NR,Number,M01,January,SI,Slovenia,2000,,1506,,,,,
dataflow,ESTAT:DEMO_FMONTH(1.0),Live births (total) by month,A,Annual,NR,Number,M01,January,SI,Slovenia,2005,,1515,,,,,
dataflow,ESTAT:DEMO_FMONTH(1.0),Live births (total) by month,A,Annual,NR,Number,M01,January,SI,Slovenia,2010,,1876,,,,,
dataflow,ESTAT:DEMO_FMONTH(1.0),Live births (total) by month,A,Annual,NR,Number,M01,January,SI,Slovenia,2015,,1729,,,,,
dataflow,ESTAT:DEMO_FMONTH(1.0),Live births (total) by month,A,Annual,NR,Number,M01,January,SI,Slovenia,2020,,1576,,,,,
dataflow,ESTAT:DEMO_FMONTH(1.0),Live births (total) by month,A,Annual,NR,Number,M01,January,SI,Slovenia,2023,,1385,,,,,
dataflow,ESTAT:DEMO_FMONTH(1.0),Live births (total) by month,A,Annual,NR,Number,M01,January,SK,Slovakia,2000,,4781,,,,,
dataflow,ESTAT:DEMO_FMONTH(1.0),Live births (total) by month,A,Annual,NR,Number,M01,January,SK,Slovakia,2005,,4561,,,,,
dataflow,ESTAT:DEMO_FMONTH(1.0),Live births (total) by month,A,Annual,NR,Number,M01,January,SK,Slovakia,2010,,5380,,,,,
dataflow,ESTAT:DEMO_FMONTH(1.0),Live births (total) by month,A,Annual,NR,Number,M01,January,SK,Slovakia,2015,,4631,,,,,
dataflow,ESTAT:DEMO_FMONTH(1.0),Live births (total) by month,A,Annual,NR,Number,M01,January,SK,Slovakia,2020,,4990,,,,,
dataflow,ESTAT:DEMO_FMONTH(1.0),Live births (total) by month,A,Annual,NR,Number,M01,January,SK,Slovakia,2023,,3986,,,,,
dataflow,ESTAT:DEMO_FMONTH(1.0),Live births (total) by month,A,Annual,NR,Number,M01,January,SM,San Marino,2005,,22,,,,,
dataflow,ESTAT:DEMO_FMONTH(1.0),Live births (total) by month,A,Annual,NR,Number,M01,January,TR,Türkiye,2010,,117412,,,,,
dataflow,ESTAT:DEMO_FMONTH(1.0),Live births (total) by month,A,Annual,NR,Number,M01,January,TR,Türkiye,2015,,119687,,,,,
dataflow,ESTAT:DEMO_FMONTH(1.0),Live births (total) by month,A,Annual,NR,Number,M01,January,TR,Türkiye,2020,,94718,,,,,
dataflow,ESTAT:DEMO_FMONTH(1.0),Live births (total) by month,A,Annual,NR,Number,M01,January,UA,Ukraine,2005,,31984,,,,,
dataflow,ESTAT:DEMO_FMONTH(1.0),Live births (total) by month,A,Annual,NR,Number,M01,January,UA,Ukraine,2010,,39253,,,,,
dataflow,ESTAT:DEMO_FMONTH(1.0),Live births (total) by month,A,Annual,NR,Number,M01,January,UA,Ukraine,2015,,34981,,,,,
dataflow,ESTAT:DEMO_FMONTH(1.0),Live births (total) by month,A,Annual,NR,Number,M01,January,UA,Ukraine,2020,,27928,,,,,
dataflow,ESTAT:DEMO_FMONTH(1.0),Live births (total) by month,A,Annual,NR,Number,M01,January,UK,United Kingdom,1980,,62488,,,,,
dataflow,ESTAT:DEMO_FMONTH(1.0),Live births (total) by month,A,Annual,NR,Number,M01,January,UK,United Kingdom,1985,,62567,,,,,
dataflow,ESTAT:DEMO_FMONTH(1.0),Live births (total) by month,A,Annual,NR,Number,M01,January,UK,United Kingdom,1990,,64842,,,,,
dataflow,ESTAT:DEMO_FMONTH(1.0),Live births (total) by month,A,Annual,NR,Number,M01,January,UK,United Kingdom,1995,,60697,,,,,
dataflow,ESTAT:DEMO_FMONTH(1.0),Live births (total) by month,A,Annual,NR,Number,M01,January,UK,United Kingdom,2000,,57139,,,,,
dataflow,ESTAT:DEMO_FMONTH(1.0),Live births (total) by month,A,Annual,NR,Number,M01,January,UK,United Kingdom,2005,,59377,,,,,
dataflow,ESTAT:DEMO_FMONTH(1.0),Live births (total) by month,A,Annual,NR,Number,M01,January,UK,United Kingdom,2010,,67715,,,,,
dataflow,ESTAT:DEMO_FMONTH(1.0),Live births (total) by month,A,Annual,NR,Number,M01,January,UK,United Kingdom,2015,,64415,,,,,
dataflow,ESTAT:DEMO_FMONTH(1.0),Live births (total) by month,A,Annual,NR,Number,M01,January,XK,Kosovo*,2005,,2778,,,,,
dataflow,ESTAT:DEMO_FMONTH(1.0),Live births (total) by month,A,Annual,NR,Number,M01,January,XK,Kosovo*,2015,,1955,,,,,
dataflow,ESTAT:DEMO_FMONTH(1.0),Live births (total) by month,A,Annual,NR,Number,M01,January,XK,Kosovo*,2020,,1864,,,,,
dataflow,ESTAT:DEMO_FMONTH(1.0),Live births (total) by month,A,Annual,NR,Number,M02,February,AD,Andorra,2005,,62,,,,,
dataflow,ESTAT:DEMO_FMONTH(1.0),Live births (total) by month,A,Annual,NR,Number,M02,February,AD,Andorra,2010,,57,,,,,
dataflow,ESTAT:DEMO_FMONTH(1.0),Live births (total) by month,A,Annual,NR,Number,M02,February,AL,Albania,2005,,2887,,,,,
dataflow,ESTAT:DEMO_FMONTH(1.0),Live births (total) by month,A,Annual,NR,Number,M02,February,AL,Albania,2015,,2350,,,,,
dataflow,ESTAT:DEMO_FMONTH(1.0),Live births (total) by month,A,Annual,NR,Number,M02,February,AL,Albania,2020,,2006,,,,,
dataflow,ESTAT:DEMO_FMONTH(1.0),Live births (total) by month,A,Annual,NR,Number,M02,February,AL,Albania,2023,,1712,,,,,
dataflow,ESTAT:DEMO_FMONTH(1.0),Live births (total) by month,A,Annual,NR,Number,M02,February,AM,Armenia,2005,,2769,,,,,
dataflow,ESTAT:DEMO_FMONTH(1.0),Live births (total) by month,A,Annual,NR,Number,M02,February,AM,Armenia,2015,,2800,,,,,
dataflow,ESTAT:DEMO_FMONTH(1.0),Live births (total) by month,A,Annual,NR,Number,M02,February,AM,Armenia,2020,,2543,,,,,
dataflow,ESTAT:DEMO_FMONTH(1.0),Live births (total) by month,A,Annual,NR,Number,M02,February,AM,Armenia,2023,,2639,,,,,
dataflow,ESTAT:DEMO_FMONTH(1.0),Live births (total) by month,A,Annual,NR,Number,M02,February,AT,Austria,1980,,7094,,,,,
dataflow,ESTAT:DEMO_FMONTH(1.0),Live births (total) by month,A,Annual,NR,Number,M02,February,AT,Austria,1985,,6805,,,,,
dataflow,ESTAT:DEMO_FMONTH(1.0),Live births (total) by month,A,Annual,NR,Number,M02,February,AT,Austria,1990,,6886,,,,,
dataflow,ESTAT:DEMO_FMONTH(1.0),Live births (total) by month,A,Annual,NR,Number,M02,February,AT,Austria,1995,,7008,,,,,
dataflow,ESTAT:DEMO_FMONTH(1.0),Live births (total) by month,A,Annual,NR,Number,M02,February,AT,Austria,2000,,6384,,,,,
dataflow,ESTAT:DEMO_FMONTH(1.0),Live births (total) by month,A,Annual,NR,Number,M02,February,AT,Austria,2005,,5953,,,,,
dataflow,ESTAT:DEMO_FMONTH(1.0),Live births (total) by month,A,Annual,NR,Number,M02,February,AT,Austria,2010,,5972,,,,,
dataflow,ESTAT:DEMO_FMONTH(1.0),Live births (total) by month,A,Annual,NR,Number,M02,February,AT,Austria,2015,,6281,,,,,
dataflow,ESTAT:DEMO_FMONTH(1.0),Live births (total) by month,A,Annual,NR,Number,M02,February,AT,Austria,2020,,6327,,,,,
dataflow,ESTAT:DEMO_FMONTH(1.0),Live births (total) by month,A,Annual,NR,Number,M02,February,AT,Austria,2023,,5825,,,,,
dataflow,ESTAT:DEMO_FMONTH(1.0),Live births (total) by month,A,Annual,NR,Number,M02,February,AZ,Azerbaijan,2005,,12733,,,,,
dataflow,ESTAT:DEMO_FMONTH(1.0),Live births (total) by month,A,Annual,NR,Number,M02,February,AZ,Azerbaijan,2010,,12609,,,,,
dataflow,ESTAT:DEMO_FMONTH(1.0),Live births (total) by month,A,Annual,NR,Number,M02,February,AZ,Azerbaijan,2015,,13976,,,,,
dataflow,ESTAT:DEMO_FMONTH(1.0),Live births (total) by month,A,Annual,NR,Number,M02,February,AZ,Azerbaijan,2020,,11042,,,,,
dataflow,ESTAT:DEMO_FMONTH(1.0),Live births (total) by month,A,Annual,NR,Number,M02,February,BA,Bosnia and Herzegovina,2005,,2561,,,,,
dataflow,ESTAT:DEMO_FMONTH(1.0),Live births (total) by month,A,Annual,NR,Number,M02,February,BA,Bosnia and Herzegovina,2010,,2646,,,,,
dataflow,ESTAT:DEMO_FMONTH(1.0),Live births (total) by month,A,Annual,NR,Number,M02,February,BA,Bosnia and Herzegovina,2023,,1947,,p,provisional,,
dataflow,ESTAT:DEMO_FMONTH(1.0),Live births (total) by month,A,Annual,NR,Number,M02,February,BE,Belgium,1980,,9780,,,,,
dataflow,ESTAT:DEMO_FMONTH(1.0),Live births (total) by month,A,Annual,NR,Number,M02,February,BE,Belgium,1985,,8524,,,,,
dataflow,ESTAT:DEMO_FMONTH(1.0),Live births (total) by month,A,Annual,NR,Number,M02,February,BE,Belgium,1990,,9576,,,,,
dataflow,ESTAT:DEMO_FMONTH(1.0),Live births (total) by month,A,Annual,NR,Number,M02,February,BE,Belgium,1995,,8704,,,,,
dataflow,ESTAT:DEMO_FMONTH(1.0),Live births (total) by month,A,Annual,NR,Number,M02,February,BE,Belgium,2000,,9321,,,,,
dataflow,ESTAT:DEMO_FMONTH(1.0),Live births (total) by month,A,Annual,NR,Number,M02,February,BE,Belgium,2005,,9172,,,,,
dataflow,ESTAT:DEMO_FMONTH(1.0),Live births (total) by month,A,Annual,NR,Number,M02,February,BE,Belgium,2010,,9902,,,,,
dataflow,ESTAT:DEMO_FMONTH(1.0),Live births (total) by month,A,Annual,NR,Number,M02,February,BE,Belgium,2015,,9145,,,,,
dataflow,ESTAT:DEMO_FMONTH(1.0),Live births (total) by month,A,Annual,NR,Number,M02,February,BE,Belgium,2020,,8733,,,,,
dataflow,ESTAT:DEMO_FMONTH(1.0),Live births (total) by month,A,Annual,NR,Number,M02,February,BE,Belgium,2023,,8576,,,,,
dataflow,ESTAT:DEMO_FMONTH(1.0),Live births (total) by month,A,Annual,NR,Number,M02,February,BG,Bulgaria,1995,,5693,,,,,
dataflow,ESTAT:DEMO_FMONTH(1.0),Live births (total) by month,A,Annual,NR,Number,M02,February,BG,Bulgaria,2000,,6024,,,,,
dataflow,ESTAT:DEMO_FMONTH(1.0),Live births (total) by month,A,Annual,NR,Number,M02,February,BG,Bulgaria,2005,,5485,,,,,
dataflow,ESTAT:DEMO_FMONTH(1.0),Live births (total) by month,A,Annual,NR,Number,M02,February,BG,Bulgaria,2010,,5678,,,,,
dataflow,ESTAT:DEMO_FMONTH(1.0),Live births (total) by month,A,Annual,NR,Number,M02,February,BG,Bulgaria,2015,,5162,,,,,
dataflow,ESTAT:DEMO_FMONTH(1.0),Live births (total) by month,A,Annual,NR,Number,M02,February,BG,Bulgaria,2020,,4630,,,,,
dataflow,ESTAT:DEMO_FMONTH(1.0),Live births (total) by month,A,Annual,NR,Number,M02,February,BG,Bulgaria,2023,,4616,,,,,
dataflow,ESTAT:DEMO_FMONTH(1.0),Live births (total) by month,A,Annual,NR,Number,M02,February,BY,Belarus,2005,,6934,,,,,
dataflow,ESTAT:DEMO_FMONTH(1.0),Live births (total) by month,A,Annual,NR,Number,M02,February,BY,Belarus,2015,,8476,,,,,
dataflow,ESTAT:DEMO_FMONTH(1.0),Live births (total) by month,A,Annual,NR,Number,M02,February,CH,Switzerland,1980,,5999,,,,,
dataflow,ESTAT:DEMO_FMONTH(1.0),Live births (total) by month,A,Annual,NR,Number,M02,February,CH,Switzerland,1985,,5774,,,,,
dataflow,ESTAT:DEMO_FMONTH(1.0),Live births (total) by month,A,Annual,NR,Number,M02,February,CH,Switzerland,1990,,6506,,,,,
dataflow,ESTAT:DEMO_FMONTH(1.0),Live births (total) by month,A,Annual,NR,Number,M02,February,CH,Switzerland,1995,,6377,,,,,
dataflow,ESTAT:DEMO_FMONTH(1.0),Live births (total) by month,A,Annual,NR,Number,M02,February,CH,Switzerland,2000,,6329,,,,,
dataflow,ESTAT:DEMO_FMONTH(1.0),Live births (total) by month,A,Annual,NR,Number,M02,February,CH,Switzerland,2005,,5670,,,,,
dataflow,ESTAT:DEMO_FMONTH(1.0),Live births (total) by month,A,Annual,NR,Number,M02,February,CH,Switzerland,2010,,6095,,,,,
dataflow,ESTAT:DEMO_FMONTH(1.0),Live births (total) by month,A,Annual,NR,Number,M02,February,CH,Switzerland,2015,,6402,,,,,
dataflow,ESTAT:DEMO_FMONTH(1.0),Live births (total) by month,A,Annual,NR,Number,M02,February,CH,Switzerland,2020,,6738,,,,,
dataflow,ESTAT:DEMO_FMONTH(1.0),Live births (total) by month,A,Annual,NR,Number,M02,February,CH,Switzerland,2023,,6059,,,,,
dataflow,ESTAT:DEMO_FMONTH(1.0),Live births (total) by month,A,Annual,NR,Number,M02,February,CY,Cyprus,1995,,744,,,,,
dataflow,ESTAT:DEMO_FMONTH(1.0),Live births (total) by month,A,Annual,NR,Number,M02,February,CY,Cyprus,2000,,611,,,,,
dataflow,ESTAT:DEMO_FMONTH(1.0),Live births (total) by month,A,Annual,NR,Number,M02,February,CY,Cyprus,2005,,592,,,,,
dataflow,ESTAT:DEMO_FMONTH(1.0),Live births (total) by month,A,Annual,NR,Number,M02,February,CY,Cyprus,2010,,723,,,,,
dataflow,ESTAT:DEMO_FMONTH(1.0),Live births (total) by month,A,Annual,NR,Number,M02,February,CY,Cyprus,2015,,623,,,,,
dataflow,ESTAT:DEMO_FMONTH(1.0),Live births (total) by month,A,Annual,NR,Number,M02,February,CY,Cyprus,2020,,767,,,,,
dataflow,ESTAT:DEMO_FMONTH(1.0),Live births (total) by month,A,Annual,NR,Number,M02,February,CY,Cyprus,2023,,789,,,,,
dataflow,ESTAT:DEMO_FMONTH(1.0),Live births (total) by month,A,Annual,NR,Number,M02,February,CZ,Czechia,1990,,10095,,,,,
dataflow,ESTAT:DEMO_FMONTH(1.0),Live births (total) by month,A,Annual,NR,Number,M02,February,CZ,Czechia,1995,,7558,,,,,
dataflow,ESTAT:DEMO_FMONTH(1.0),Live births (total) by month,A,Annual,NR,Number,M02,February,CZ,Czechia,2000,,7142,,,,,
dataflow,ESTAT:DEMO_FMONTH(1.0),Live births (total) by month,A,Annual,NR,Number,M02,February,CZ,Czechia,2005,,7581,,,,,
dataflow,ESTAT:DEMO_FMONTH(1.0),Live births (total) by month,A,Annual,NR,Number,M02,February,CZ,Czechia,2010,,9148,,,,,
dataflow,ESTAT:DEMO_FMONTH(1.0),Live births (total) by month,A,Annual,NR,Number,M02,February,CZ,Czechia,2015,,8203,,,,,
dataflow,ESTAT:DEMO_FMONTH(1.0),Live births (total) by month,A,Annual,NR,Number,M02,February,CZ,Czechia,2020,,8586,,,,,
dataflow,ESTAT:DEMO_FMONTH(1.0),Live births (total) by month,A,Annual,NR,Number,M02,February,CZ,Czechia,2023,,6962,,,,,
dataflow,ESTAT:DEMO_FMONTH(1.0),Live births (total) by month,A,Annual,NR,Number,M02,February,DE,Germany,1980,,48177,,,,,
dataflow,ESTAT:DEMO_FMONTH(1.0),Live births (total) by month,A,Annual,NR,Number,M02,February,DE,Germany,1985,,45227,,,,,
dataflow,ESTAT:DEMO_FMONTH(1.0),Live births (total) by month,A,Annual,NR,Number,M02,February,DE,Germany,1990,,54920,,,,,
dataflow,ESTAT:DEMO_FMONTH(1.0),Live births (total) by month,A,Annual,NR,Number,M02,February,DE,Germany,1995,,59078,,,,,
dataflow,ESTAT:DEMO_FMONTH(1.0),Live births (total) by month,A,Annual,NR,Number,M02,February,DE,Germany,2000,,62509,,,,,
dataflow,ESTAT:DEMO_FMONTH(1.0),Live births (total) by month,A,Annual,NR,Number,M02,February,DE,Germany,2005,,53165,,,,,
dataflow,ESTAT:DEMO_FMONTH(1.0),Live births (total) by month,A,Annual,NR,Number,M02,February,DE,Germany,2010,,50314,,,,,
dataflow,ESTAT:DEMO_FMONTH(1.0),Live births (total) by month,A,Annual,NR,Number,M02,February,DE,Germany,2015,,53348,,,,,
dataflow,ESTAT:DEMO_FMONTH(1.0),Live births (total) by month,A,Annual,NR,Number,M02,February,DE,Germany,2020,,58700,,,,,
dataflow,ESTAT:DEMO_FMONTH(1.0),Live births (total) by month,A,Annual,NR,Number,M02,February,DE,Germany,2023,,53010,,,,,
dataflow,ESTAT:DEMO_FMONTH(1.0),Live births (total) by month,A,Annual,NR,Number,M02,February,DE_TOT,Germany including former GDR,1980,,67873,,,,,
dataflow,ESTAT:DEMO_FMONTH(1.0),Live births (total) by month,A,Annual,NR,Number,M02,February,DE_TOT,Germany including former GDR,1985,,63118,,,,,
dataflow,ESTAT:DEMO_FMONTH(1.0),Live births (total) by month,A,Annual,NR,Number,M02,February,DE_TOT,Germany including former GDR,1990,,70491,,,,,
dataflow,ESTAT:DEMO_FMONTH(1.0),Live births (total) by month,A,Annual,NR,Number,M02,February,DE_TOT,Germany including former GDR,1995,,59078,,,,,
dataflow,ESTAT:DEMO_FMONTH(1.0),Live births (total) by month,A,Annual,NR,Number,M02,February,DE_TOT,Germany including former GDR,2000,,62509,,,,,
dataflow,ESTAT:DEMO_FMONTH(1.0),Live births (total) by month,A,Annual,NR,Number,M02,February,DE_TOT,Germany including former GDR,2005,,53165,,,,,
dataflow,ESTAT:DEMO_FMONTH(1.0),Live births (total) by month,A,Annual,NR,Number,M02,February,DE_TOT,Germany including former GDR,2010,,50314,,,,,
dataflow,ESTAT:DEMO_FMONTH(1.0),Live births (total) by month,A,Annual,NR,Number,M02,February,DE_TOT,Germany including former GDR,2015,,53348,,,,,
dataflow,ESTAT:DEMO_FMONTH(1.0),Live births (total) by month,A,Annual,NR,Number,M02,February,DE_TOT,Germany including former GDR,2020,,58700,,,,,
dataflow,ESTAT:DEMO_FMONTH(1.0),Live births (total) by month,A,Annual,NR,Number,M02,February,DE_TOT,Germany including former GDR,2023,,53010,,,,,
dataflow,ESTAT:DEMO_FMONTH(1.0),Live births (total) by month,A,Annual,NR,Number,M02,February,DK,Denmark,1980,,4590,,,,,
dataflow,ESTAT:DEMO_FMONTH(1.0),Live births (total) by month,A,Annual,NR,Number,M02,February,DK,Denmark,1985,,3952,,,,,
dataflow,ESTAT:DEMO_FMONTH(1.0),Live births (total) by month,A,Annual,NR,Number,M02,February,DK,Denmark,1990,,4800,,,,,
dataflow,ESTAT:DEMO_FMONTH(1.0),Live births (total) by month,A,Annual,NR,Number,M02,February,DK,Denmark,1995,,5435,,,,,
dataflow,ESTAT:DEMO_FMONTH(1.0),Live births (total) by month,A,Annual,NR,Number,M02,February,DK,Denmark,2000,,5193,,,,,
dataflow,ESTAT:DEMO_FMONTH(1.0),Live births (total) by month,A,Annual,NR,Number,M02,February,DK,Denmark,2005,,4843,,,,,
dataflow,ESTAT:DEMO_FMONTH(1.0),Live births (total) by month,A,Annual,NR,Number,M02,February,DK,Denmark,2010,,4995,,,,,
dataflow,ESTAT:DEMO_FMONTH(1.0),Live births (total) by month,A,Annual,NR,Number,M02,February,DK,Denmark,2015,,4228,,,,,
dataflow,ESTAT:DEMO_FMONTH(1.0),Live births (total) by month,A,Annual,NR,Number,M02,February,DK,Denmark,2020,,4780,,,,,
dataflow,ESTAT:DEMO_FMONTH(1.0),Live births (total) by month,A,Annual,NR,Number,M02,February,DK,Denmark,2023,,4412,,,,,
dataflow,ESTAT:DEMO_FMONTH(1.0),Live births (total) by month,A,Annual,NR,Number,M02,February,EE,Estonia,1980,,1729,,,,,
dataflow,ESTAT:DEMO_FMONTH(1.0),Live births (total) by month,A,Annual,NR,Number,M02,February,EE,Estonia,1985,,1783,,,,,
dataflow,ESTAT:DEMO_FMONTH(1.0),Live births (total) by month,A,Annual,NR,Number,M02,February,EE,Estonia,1990,,1902,,,,,
dataflow,ESTAT:DEMO_FMONTH(1.0),Live births (total) by month,A,Annual,NR,Number,M02,February,EE,Estonia,1995,,1065,,,,,
dataflow,ESTAT:DEMO_FMONTH(1.0),Live births (total) by month,A,Annual,NR,Number,M02,February,EE,Estonia,2000,,1022,,,,,
dataflow,ESTAT:DEMO_FMONTH(1.0),Live births (total) by month,A,Annual,NR,Number,M02,February,EE,Estonia,2005,,1107,,,,,
dataflow,ESTAT:DEMO_FMONTH(1.0),Live births (total) by month,A,Annual,NR,Number,M02,February,EE,Estonia,2010,,1204,,,,,
dataflow,ESTAT:DEMO_FMONTH(1.0),Live births (total) by month,A,Annual,NR,Number,M02,February,EE,Estonia,2015,,1027,,,,,
dataflow,ESTAT:DEMO_FMONTH(1.0),Live births (total) by month,A,Annual,NR,Number,M02,February,EE,Estonia,2020,,1040,,,,,
dataflow,ESTAT:DEMO_FMONTH(1.0),Live births (total) by month,A,Annual,NR,Number,M02,February,EE,Estonia,2023,,817,,,,,
dataflow,ESTAT:DEMO_FMONTH(1.0),Live births (total) by month,A,Annual,NR,Number,M02,February,EL,Greece,1980,,11966,,,,,
dataflow,ESTAT:DEMO_FMONTH(1.0),Live births (total) by month,A,Annual,NR,Number,M02,February,EL,Greece,1985,,8618,,,,,
dataflow,ESTAT:DEMO_FMONTH(1.0),Live births (total) by month,A,Annual,NR,Number,M02,February,EL,Greece,1990,,7681,,,,,
dataflow,ESTAT:DEMO_FMONTH(1.0),Live births (total) by month,A,Annual,NR,Number,M02,February,EL,Greece,1995,,7728,,,,,
dataflow,ESTAT:DEMO_FMONTH(1.0),Live births (total) by month,A,Annual,NR,Number,M02,February,EL,Greece,2000,,7686,,,,,
dataflow,ESTAT:DEMO_FMONTH(1.0),Live births (total) by month,A,Annual,NR,Number,M02,February,EL,Greece,2005,,8014,,,,,
dataflow,ESTAT:DEMO_FMONTH(1.0),Live births (total) by month,A,Annual,NR,Number,M02,February,EL,Greece,2010,,8720,,,,,
dataflow,ESTAT:DEMO_FMONTH(1.0),Live births (total) by month,A,Annual,NR,Number,M02,February,EL,Greece,2015,,6759,,,,,
dataflow,ESTAT:DEMO_FMONTH(1.0),Live births (total) by month,A,Annual,NR,Number,M02,February,EL,Greece,2020,,6633,,,,,
dataflow,ESTAT:DEMO_FMONTH(1.0),Live births (total) by month,A,Annual,NR,Number,M02,February,EL,Greece,2023,,5320,,,,,
dataflow,ESTAT:DEMO_FMONTH(1.0),Live births (total) by month,A,Annual,NR,Number,M02,February,ES,Spain,1980,,44822,,,,,
dataflow,ESTAT:DEMO_FMONTH(1.0),Live births (total) by month,A,Annual,NR,Number,M02,February,ES,Spain,1985,,34166,,,,,
dataflow,ESTAT:DEMO_FMONTH(1.0),Live births (total) by month,A,Annual,NR,Number,M02,February,ES,Spain,1990,,30345,,,,,
dataflow,ESTAT:DEMO_FMONTH(1.0),Live births (total) by month,A,Annual,NR,Number,M02,February,ES,Spain,1995,,27142,,,,,
dataflow,ESTAT:DEMO_FMONTH(1.0),Live births (total) by month,A,Annual,NR,Number,M02,February,ES,Spain,2000,,30696,,,,,
dataflow,ESTAT:DEMO_FMONTH(1.0),Live births (total) by month,A,Annual,NR,Number,M02,February,ES,Spain,2005,,35329,,,,,
dataflow,ESTAT:DEMO_FMONTH(1.0),Live births (total) by month,A,Annual,NR,Number,M02,February,ES,Spain,2010,,36121,,,,,
dataflow,ESTAT:DEMO_FMONTH(1.0),Live births (total) by month,A,Annual,NR,Number,M02,February,ES,Spain,2015,,31211,,,,,
dataflow,ESTAT:DEMO_FMONTH(1.0),Live births (total) by month,A,Annual,NR,Number,M02,February,ES,Spain,2020,,26843,,,,,
dataflow,ESTAT:DEMO_FMONTH(1.0),Live births (total) by month,A,Annual,NR,Number,M02,February,ES,Spain,2023,,24381,,,,,
dataflow,ESTAT:DEMO_FMONTH(1.0),Live births (total) by month,A,Annual,NR,Number,M02,February,FI,Finland,1980,,5062,,,,,
dataflow,ESTAT:DEMO_FMONTH(1.0),Live births (total) by month,A,Annual,NR,Number,M02,February,FI,Finland,1985,,4722,,,,,
dataflow,ESTAT:DEMO_FMONTH(1.0),Live births (total) by month,A,Annual,NR,Number,M02,February,FI,Finland,1990,,5058,,,,,
dataflow,ESTAT:DEMO_FMONTH(1.0),Live births (total) by month,A,Annual,NR,Number,M02,February,FI,Finland,1995,,5075,,,,,
dataflow,ESTAT:DEMO_FMONTH(1.0),Live births (total) by month,A,Annual,NR,Number,M02,February,FI,Finland,2000,,4497,,,,,
dataflow,ESTAT:DEMO_FMONTH(1.0),Live births (total) by month,A,Annual,NR,Number,M02,February,FI,Finland,2005,,4311,,,,,
dataflow,ESTAT:DEMO_FMONTH(1.0),Live births (total) by month,A,Annual,NR,Number,M02,February,FI,Finland,2010,,4733,,,,,
dataflow,ESTAT:DEMO_FMONTH(1.0),Live births (total) by month,A,Annual,NR,Number,M02,February,FI,Finland,2015,,4209,,,,,
dataflow,ESTAT:DEMO_FMONTH(1.0),Live births (total) by month,A,Annual,NR,Number,M02,February,FI,Finland,2020,,3633,,,,,
dataflow,ESTAT:DEMO_FMONTH(1.0),Live births (total) by month,A,Annual,NR,Number,M02,February,FI,Finland,2023,,3255,,,,,
dataflow,ESTAT:DEMO_FMONTH(1.0),Live births (total) by month,A,Annual,NR,Number,M02,February,FR,France,1995,,55761,,,,,
dataflow,ESTAT:DEMO_FMONTH(1.0),Live births (total) by month,A,Annual,NR,Number,M02,February,FR,France,2000,,62643,,,,,
dataflow,ESTAT:DEMO_FMONTH(1.0),Live births (total) by month,A,Annual,NR,Number,M02,February,FR,France,2005,,61378,,,,,
dataflow,ESTAT:DEMO_FMONTH(1.0),Live births (total) by month,A,Annual,NR,Number,M02,February,FR,France,2010,,63620,,,,,
dataflow,ESTAT:DEMO_FMONTH(1.0),Live births (total) by month,A,Annual,NR,Number,M02,February,FR,France,2015,,60477,,,,,
dataflow,ESTAT:DEMO_FMONTH(1.0),Live births (total) by month,A,Annual,NR,Number,M02,February,FR,France,2020,,56657,,,,,
dataflow,ESTAT:DEMO_FMONTH(1.0),Live births (total) by month,A,Annual,NR,Number,M02,February,FR,France,2023,,52718,,,,,
dataflow,ESTAT:DEMO_FMONTH(1.0),Live births (total) by month,A,Annual,NR,Number,M02,February,FX,Metropolitan France,1980,,60354,,,,,
dataflow,ESTAT:DEMO_FMONTH(1.0),Live births (total) by month,A,Annual,NR,Number,M02,February,FX,Metropolitan France,1985,,56278,,,,,
dataflow,ESTAT:DEMO_FMONTH(1.0),Live births (total) by month,A,Annual,NR,Number,M02,February,FX,Metropolitan France,1990,,56701,,,,,
dataflow,ESTAT:DEMO_FMONTH(1.0),Live births (total) by month,A,Annual,NR,Number,M02,February,FX,Metropolitan France,1995,,53474,,,,,
dataflow,ESTAT:DEMO_FMONTH(1.0),Live births (total) by month,A,Annual,NR,Number,M02,February,FX,Metropolitan France,2000,,60149,,,,,
dataflow,ESTAT:DEMO_FMONTH(1.0),Live births (total) by month,A,Annual,NR,Number,M02,February,FX,Metropolitan France,2005,,58823,,,,,
dataflow,ESTAT:DEMO_FMONTH(1.0),Live births (total) by month,A,Annual,NR,Number,M02,February,FX,Metropolitan France,2010,,61107,,,,,
dataflow,ESTAT:DEMO_FMONTH(1.0),Live births (total) by month,A,Annual,NR,Number,M02,February,GE,Georgia,2005,,3459,,,,,
dataflow,ESTAT:DEMO_FMONTH(1.0),Live births (total) by month,A,Annual,NR,Number,M02,February,GE,Georgia,2010,,4991,,,,,
dataflow,ESTAT:DEMO_FMONTH(1.0),Live births (total) by month,A,Annual,NR,Number,M02,February,GE,Georgia,2015,,4436,,,,,
dataflow,ESTAT:DEMO_FMONTH(1.0),Live births (total) by month,A,Annual,NR,Number,M02,February,GE,Georgia,2020,,3417,,,,,
dataflow,ESTAT:DEMO_FMONTH(1.0),Live births (total) by month,A,Annual,NR,Number,M02,February,GE,Georgia,2023,,3233,,,,,
dataflow,ESTAT:DEMO_FMONTH(1.0),Live births (total) by month,A,Annual,NR,Number,M02,February,HR,Croatia,1995,,3813,,,,,
dataflow,ESTAT:DEMO_FMONTH(1.0),Live births (total) by month,A,Annual,NR,Number,M02,February,HR,Croatia,2000,,3550,,,,,
dataflow,ESTAT:DEMO_FMONTH(1.0),Live births (total) by month,A,Annual,NR,Number,M02,February,HR,Croatia,2005,,3397,,,,,
dataflow,ESTAT:DEMO_FMONTH(1.0),Live births (total) by month,A,Annual,NR,Number,M02,February,HR,Croatia,2010,,3393,,,,,
dataflow,ESTAT:DEMO_FMONTH(1.0),Live births (total) by month,A,Annual,NR,Number,M02,February,HR,Croatia,2015,,2790,,,,,
dataflow,ESTAT:DEMO_FMONTH(1.0),Live births (total) by month,A,Annual,NR,Number,M02,February,HR,Croatia,2020,,2718,,,,,
dataflow,ESTAT:DEMO_FMONTH(1.0),Live births (total) by month,A,Annual,NR,Number,M02,February,HR,Croatia,2023,,2428,,,,,
dataflow,ESTAT:DEMO_FMONTH(1.0),Live births (total) by month,A,Annual,NR,Number,M02,February,HU,Hungary,1995,,8399,,,,,
dataflow,ESTAT:DEMO_FMONTH(1.0),Live births (total) by month,A,Annual,NR,Number,M02,February,HU,Hungary,2000,,7761,,,,,
dataflow,ESTAT:DEMO_FMONTH(1.0),Live births (total) by month,A,Annual,NR,Number,M02,February,HU,Hungary,2005,,7528,,,,,
dataflow,ESTAT:DEMO_FMONTH(1.0),Live births (total) by month,A,Annual,NR,Number,M02,February,HU,Hungary,2010,,7425,,,,,
dataflow,ESTAT:DEMO_FMONTH(1.0),Live births (total) by month,A,Annual,NR,Number,M02,February,HU,Hungary,2015,,6795,,,,,
dataflow,ESTAT:DEMO_FMONTH(1.0),Live births (total) by month,A,Annual,NR,Number,M02,February,HU,Hungary,2020,,7198,,,,,
dataflow,ESTAT:DEMO_FMONTH(1.0),Live births (total) by month,A,Annual,NR,Number,M02,February,HU,Hungary,2023,,6805,,,,,
dataflow,ESTAT:DEMO_FMONTH(1.0),Live births (total) by month,A,Annual,NR,Number,M02,February,IE,Ireland,1980,,5880,,,,,
dataflow,ESTAT:DEMO_FMONTH(1.0),Live births (total) by month,A,Annual,NR,Number,M02,February,IE,Ireland,1985,,4914,,,,,
dataflow,ESTAT:DEMO_FMONTH(1.0),Live births (total) by month,A,Annual,NR,Number,M02,February,IE,Ireland,1990,,4072,,,,,
dataflow,ESTAT:DEMO_FMONTH(1.0),Live births (total) by month,A,Annual,NR,Number,M02,February,IE,Ireland,1995,,3657,,,,,
dataflow,ESTAT:DEMO_FMONTH(1.0),Live births (total) by month,A,Annual,NR,Number,M02,February,IE,Ireland,2000,,4267,,,,,
dataflow,ESTAT:DEMO_FMONTH(1.0),Live births (total) by month,A,Annual,NR,Number,M02,February,IE,Ireland,2005,,4553,,,,,
dataflow,ESTAT:DEMO_FMONTH(1.0),Live births (total) by month,A,Annual,NR,Number,M02,February,IE,Ireland,2010,,5514,,,,,
dataflow,ESTAT:DEMO_FMONTH(1.0),Live births (total) by month,A,Annual,NR,Number,M02,February,IE,Ireland,2015,,4995,,,,,
dataflow,ESTAT:DEMO_FMONTH(1.0),Live births (total) by month,A,Annual,NR,Number,M02,February,IE,Ireland,2020,,4364,,,,,
dataflow,ESTAT:DEMO_FMONTH(1.0),Live births (total) by month,A,Annual,NR,Number,M02,February,IE,Ireland,2023,,3973,,,,,
dataflow,ESTAT:DEMO_FMONTH(1.0),Live births (total) by month,A,Annual,NR,Number,M02,February,IS,Iceland,1980,,364,,,,,
dataflow,ESTAT:DEMO_FMONTH(1.0),Live births (total) by month,A,Annual,NR,Number,M02,February,IS,Iceland,1985,,260,,,,,
dataflow,ESTAT:DEMO_FMONTH(1.0),Live births (total) by month,A,Annual,NR,Number,M02,February,IS,Iceland,1990,,348,,,,,
dataflow,ESTAT:DEMO_FMONTH(1.0),Live births (total) by month,A,Annual,NR,Number,M02,February,IS,Iceland,1995,,357,,,,,
dataflow,ESTAT:DEMO_FMONTH(1.0),Live births (total) by month,A,Annual,NR,Number,M02,February,IS,Iceland,2000,,347,,,,,
dataflow,ESTAT:DEMO_FMONTH(1.0),Live births (total) by month,A,Annual,NR,Number,M02,February,IS,Iceland,2005,,321,,,,,
dataflow,ESTAT:DEMO_FMONTH(1.0),Live births (total) by month,A,Annual,NR,Number,M02,February,IS,Iceland,2010,,372,,,,,
dataflow,ESTAT:DEMO_FMONTH(1.0),Live births (total) by month,A,Annual,NR,Number,M02,February,IS,Iceland,2015,,308,,,,,
dataflow,ESTAT:DEMO_FMONTH(1.0),Live births (total) by month,A,Annual,NR,Number,M02,February,IS,Iceland,2020,,342,,,,,
dataflow,ESTAT:DEMO_FMONTH(1.0),Live births (total) by month,A,Annual,NR,Number,M02,February,IS,Iceland,2023,,325,,,,,
dataflow,ESTAT:DEMO_FMONTH(1.0),Live births (total) by month,A,Annual,NR,Number,M02,February,IT,Italy,1980,,48441,,,,,
dataflow,ESTAT:DEMO_FMONTH(1.0),Live births (total) by month,A,Annual,NR,Number,M02,February,IT,Italy,1985,,41785,,,,,
dataflow,ESTAT:DEMO_FMONTH(1.0),Live births (total) by month,A,Annual,NR,Number,M02,February,IT,Italy,1990,,40908,,,,,
dataflow,ESTAT:DEMO_FMONTH(1.0),Live births (total) by month,A,Annual,NR,Number,M02,February,IT,Italy,1995,,38420,,,,,
dataflow,ESTAT:DEMO_FMONTH(1.0),Live births (total) by month,A,Annual,NR,Number,M02,February,IT,Italy,2000,,41990,,,,,
dataflow,ESTAT:DEMO_FMONTH(1.0),Live births (total) by month,A,Annual,NR,Number,M02,February,IT,Italy,2005,,42303,,,,,
dataflow,ESTAT:DEMO_FMONTH(1.0),Live births (total) by month,A,Annual,NR,Number,M02,February,IT,Italy,2010,,43074,,,,,
dataflow,ESTAT:DEMO_FMONTH(1.0),Live births (total) by month,A,Annual,NR,Number,M02,February,IT,Italy,2015,,36853,,,,,
dataflow,ESTAT:DEMO_FMONTH(1.0),Live births (total) by month,A,Annual,NR,Number,M02,February,IT,Italy,2020,,32070,,,,,
dataflow,ESTAT:DEMO_FMONTH(1.0),Live births (total) by month,A,Annual,NR,Number,M02,February,IT,Italy,2023,,28843,,,,,
dataflow,ESTAT:DEMO_FMONTH(1.0),Live births (total) by month,A,Annual,NR,Number,M02,February,LI,Liechtenstein,1980,,39,,,,,
dataflow,ESTAT:DEMO_FMONTH(1.0),Live births (total) by month,A,Annual,NR,Number,M02,February,LI,Liechtenstein,1985,,21,,,,,
dataflow,ESTAT:DEMO_FMONTH(1.0),Live births (total) by month,A,Annual,NR,Number,M02,February,LI,Liechtenstein,1990,,29,,,,,
dataflow,ESTAT:DEMO_FMONTH(1.0),Live births (total) by month,A,Annual,NR,Number,M02,February,LI,Liechtenstein,1995,,26,,,,,
dataflow,ESTAT:DEMO_FMONTH(1.0),Live births (total) by month,A,Annual,NR,Number,M02,February,LI,Liechtenstein,2000,,31,,,,,
dataflow,ESTAT:DEMO_FMONTH(1.0),Live births (total) by month,A,Annual,NR,Number,M02,February,LI,Liechtenstein,2005,,26,,,,,
dataflow,ESTAT:DEMO_FMONTH(1.0),Live births (total) by month,A,Annual,NR,Number,M02,February,LI,Liechtenstein,2010,,15,,,,,
dataflow,ESTAT:DEMO_FMONTH(1.0),Live births (total) by month,A,Annual,NR,Number,M02,February,LI,Liechtenstein,2015,,22,,,,,
dataflow,ESTAT:DEMO_FMONTH(1.0),Live births (total) by month,A,Annual,NR,Number,M02,February,LI,Liechtenstein,2020,,28,,,,,
dataflow,ESTAT:DEMO_FMONTH(1.0),Live births (total) by month,A,Annual,NR,Number,M02,February,LI,Liechtenstein,2023,,23,,,,,
dataflow,ESTAT:DEMO_FMONTH(1.0),Live births (total) by month,A,Annual,NR,Number,M02,February,LT,Lithuania,1995,,3226,,,,,
dataflow,ESTAT:DEMO_FMONTH(1.0),Live births (total) by month,A,Annual,NR,Number,M02,February,LT,Lithuania,2000,,2813,,,,,
dataflow,ESTAT:DEMO_FMONTH(1.0),Live births (total) by month,A,Annual,NR,Number,M02,February,LT,Lithuania,2005,,2239,,,,,
dataflow,ESTAT:DEMO_FMONTH(1.0),Live births (total) by month,A,Annual,NR,Number,M02,February,LT,Lithuania,2010,,2333,,,,,
dataflow,ESTAT:DEMO_FMONTH(1.0),Live births (total) by month,A,Annual,NR,Number,M02,February,LT,Lithuania,2015,,2097,,,,,
dataflow,ESTAT:DEMO_FMONTH(1.0),Live births (total) by month,A,Annual,NR,Number,M02,February,LT,Lithuania,2020,,1713,,,,,
dataflow,ESTAT:DEMO_FMONTH(1.0),Live births (total) by month,A,Annual,NR,Number,M02,February,LT,Lithuania,2023,,1612,,,,,
dataflow,ESTAT:DEMO_FMONTH(1.0),Live births (total) by month,A,Annual,NR,Number,M02,February,LU,Luxembourg,1980,,304,,,,,
dataflow,ESTAT:DEMO_FMONTH(1.0),Live births (total) by month,A,Annual,NR,Number,M02,February,LU,Luxembourg,1985,,331,,,,,
dataflow,ESTAT:DEMO_FMONTH(1.0),Live births (total) by month,A,Annual,NR,Number,M02,February,LU,Luxembourg,1990,,377,,,,,
dataflow,ESTAT:DEMO_FMONTH(1.0),Live births (total) by month,A,Annual,NR,Number,M02,February,LU,Luxembourg,1995,,406,,,,,
dataflow,ESTAT:DEMO_FMONTH(1.0),Live births (total) by month,A,Annual,NR,Number,M02,February,LU,Luxembourg,2000,,472,,,,,
dataflow,ESTAT:DEMO_FMONTH(1.0),Live births (total) by month,A,Annual,NR,Number,M02,February,LU,Luxembourg,2005,,399,,,,,
dataflow,ESTAT:DEMO_FMONTH(1.0),Live births (total) by month,A,Annual,NR,Number,M02,February,LU,Luxembourg,2010,,502,,,,,
dataflow,ESTAT:DEMO_FMONTH(1.0),Live births (total) by month,A,Annual,NR,Number,M02,February,LU,Luxembourg,2015,,466,,,,,
dataflow,ESTAT:DEMO_FMONTH(1.0),Live births (total) by month,A,Annual,NR,Number,M02,February,LU,Luxembourg,2020,,535,,,,,
dataflow,ESTAT:DEMO_FMONTH(1.0),Live births (total) by month,A,Annual,NR,Number,M02,February,LU,Luxembourg,2023,,506,,,,,
dataflow,ESTAT:DEMO_FMONTH(1.0),Live births (total) by month,A,Annual,NR,Number,M02,February,LV,Latvia,2000,,1673,,,,,
dataflow,ESTAT:DEMO_FMONTH(1.0),Live births (total) by month,A,Annual,NR,Number,M02,February,LV,Latvia,2005,,1641,,,,,
dataflow,ESTAT:DEMO_FMONTH(1.0),Live births (total) by month,A,Annual,NR,Number,M02,February,LV,Latvia,2010,,1520,,,,,
dataflow,ESTAT:DEMO_FMONTH(1.0),Live births (total) by month,A,Annual,NR,Number,M02,February,LV,Latvia,2015,,1651,,,,,
dataflow,ESTAT:DEMO_FMONTH(1.0),Live births (total) by month,A,Annual,NR,Number,M02,February,LV,Latvia,2020,,1344,,,,,
dataflow,ESTAT:DEMO_FMONTH(1.0),Live births (total) by month,A,Annual,NR,Number,M02,February,LV,Latvia,2023,,1063,,,,,
dataflow,ESTAT:DEMO_FMONTH(1.0),Live births (total) by month,A,Annual,NR,Number,M02,February,MC,Monaco,2005,,74,,,,,
dataflow,ESTAT:DEMO_FMONTH(1.0),Live births (total) by month,A,Annual,NR,Number,M02,February,MC,Monaco,2023,,23,,,,,
dataflow,ESTAT:DEMO_FMONTH(1.0),Live births (total) by month,A,Annual,NR,Number,M02,February,MD,Moldova,2005,,3190,,,,,
dataflow,ESTAT:DEMO_FMONTH(1.0),Live births (total) by month,A,Annual,NR,Number,M02,February,MD,Moldova,2010,,3400,,,,,
dataflow,ESTAT:DEMO_FMONTH(1.0),Live births (total) by month,A,Annual,NR,Number,M02,February,MD,Moldova,2015,,2966,,,,,
dataflow,ESTAT:DEMO_FMONTH(1.0),Live births (total) by month,A,Annual,NR,Number,M02,February,MD,Moldova,2020,,2429,,,,,
dataflow,ESTAT:DEMO_FMONTH(1.0),Live births (total) by month,A,Annual,NR,Number,M02,February,MD,Moldova,2023,,1938,,,,,
dataflow,ESTAT:DEMO_FMONTH(1.0),Live births (total) by month,A,Annual,NR,Number,M02,February,ME,Montenegro,2005,,562,,,,,
dataflow,ESTAT:DEMO_FMONTH(1.0),Live births (total) by month,A,Annual,NR,Number,M02,February,ME,Montenegro,2010,,572,,,,,
dataflow,ESTAT:DEMO_FMONTH(1.0),Live births (total) by month,A,Annual,NR,Number,M02,February,ME,Montenegro,2015,,541,,,,,
dataflow,ESTAT:DEMO_FMONTH(1.0),Live births (total) by month,A,Annual,NR,Number,M02,February,ME,Montenegro,2020,,599,,,,,
dataflow,ESTAT:DEMO_FMONTH(1.0),Live births (total) by month,A,Annual,NR,Number,M02,February,ME,Montenegro,2023,,529,,,,,
dataflow,ESTAT:DEMO_FMONTH(1.0),Live births (total) by month,A,Annual,NR,Number,M02,February,MK,North Macedonia,1995,,2506,,,,,
dataflow,ESTAT:DEMO_FMONTH(1.0),Live births (total) by month,A,Annual,NR,Number,M02,February,MK,North Macedonia,2000,,2258,,,,,
dataflow,ESTAT:DEMO_FMONTH(1.0),Live births (total) by month,A,Annual,NR,Number,M02,February,MK,North Macedonia,2005,,1617,,,,,
dataflow,ESTAT:DEMO_FMONTH(1.0),Live births (total) by month,A,Annual,NR,Number,M02,February,MK,North Macedonia,2010,,1829,,,,,
dataflow,ESTAT:DEMO_FMONTH(1.0),Live births (total) by month,A,Annual,NR,Number,M02,February,MK,North Macedonia,2015,,1741,,,,,
dataflow,ESTAT:DEMO_FMONTH(1.0),Live births (total) by month,A,Annual,NR,Number,M02,February,MK,North Macedonia,2020,,1520,,,,,
dataflow,ESTAT:DEMO_FMONTH(1.0),Live births (total) by month,A,Annual,NR,Number,M02,February,MK,North Macedonia,2023,,1250,,,,,
dataflow,ESTAT:DEMO_FMONTH(1.0),Live births (total) by month,A,Annual,NR,Number,M02,February,MT,Malta,1995,,344,,,,,
dataflow,ESTAT:DEMO_FMONTH(1.0),Live births (total) by month,A,Annual,NR,Number,M02,February,MT,Malta,2000,,351,,,,,
dataflow,ESTAT:DEMO_FMONTH(1.0),Live births (total) by month,A,Annual,NR,Number,M02,February,MT,Malta,2005,,305,,,,,
dataflow,ESTAT:DEMO_FMONTH(1.0),Live births (total) by month,A,Annual,NR,Number,M02,February,MT,Malta,2010,,290,,,,,
dataflow,ESTAT:DEMO_FMONTH(1.0),Live births (total) by month,A,Annual,NR,Number,M02,February,MT,Malta,2015,,311,,,,,
dataflow,ESTAT:DEMO_FMONTH(1.0),Live births (total) by month,A,Annual,NR,Number,M02,February,MT,Malta,2020,,377,,,,,
dataflow,ESTAT:DEMO_FMONTH(1.0),Live births (total) by month,A,Annual,NR,Number,M02,February,MT,Malta,2023,,347,,,,,
dataflow,ESTAT:DEMO_FMONTH(1.0),Live births (total) by month,A,Annual,NR,Number,M02,February,NL,Netherlands,1980,,13544,,,,,
dataflow,ESTAT:DEMO_FMONTH(1.0),Live births (total) by month,A,Annual,NR,Number,M02,February,NL,Netherlands,1985,,13724,,,,,
dataflow,ESTAT:DEMO_FMONTH(1.0),Live births (total) by month,A,Annual,NR,Number,M02,February,NL,Netherlands,1990,,15110,,,,,
dataflow,ESTAT:DEMO_FMONTH(1.0),Live births (total) by month,A,Annual,NR,Number,M02,February,NL,Netherlands,1995,,14824,,,,,
dataflow,ESTAT:DEMO_FMONTH(1.0),Live births (total) by month,A,Annual,NR,Number,M02,February,NL,Netherlands,2000,,16606,,,,,
dataflow,ESTAT:DEMO_FMONTH(1.0),Live births (total) by month,A,Annual,NR,Number,M02,February,NL,Netherlands,2005,,14671,,,,,
dataflow,ESTAT:DEMO_FMONTH(1.0),Live births (total) by month,A,Annual,NR,Number,M02,February,NL,Netherlands,2010,,13905,,,,,
dataflow,ESTAT:DEMO_FMONTH(1.0),Live births (total) by month,A,Annual,NR,Number,M02,February,NL,Netherlands,2015,,12523,,,,,
dataflow,ESTAT:DEMO_FMONTH(1.0),Live births (total) by month,A,Annual,NR,Number,M02,February,NL,Netherlands,2020,,12905,,,,,
dataflow,ESTAT:DEMO_FMONTH(1.0),Live births (total) by month,A,Annual,NR,Number,M02,February,NL,Netherlands,2023,,12206,,,,,
dataflow,ESTAT:DEMO_FMONTH(1.0),Live births (total) by month,A,Annual,NR,Number,M02,February,NO,Norway,1980,,4172,,,,,
dataflow,ESTAT:DEMO_FMONTH(1.0),Live births (total) by month,A,Annual,NR,Number,M02,February,NO,Norway,1985,,3990,,,,,
dataflow,ESTAT:DEMO_FMONTH(1.0),Live births (total) by month,A,Annual,NR,Number,M02,February,NO,Norway,1990,,5012,,,,,
dataflow,ESTAT:DEMO_FMONTH(1.0),Live births (total) by month,A,Annual,NR,Number,M02,February,NO,Norway,1995,,4788,,,,,
dataflow,ESTAT:DEMO_FMONTH(1.0),Live births (total) by month,A,Annual,NR,Number,M02,February,NO,Norway,2000,,4988,,,,,
dataflow,ESTAT:DEMO_FMONTH(1.0),Live births (total) by month,A,Annual,NR,Number,M02,February,NO,Norway,2005,,4445,,,,,
dataflow,ESTAT:DEMO_FMONTH(1.0),Live births (total) by month,A,Annual,NR,Number,M02,February,NO,Norway,2010,,4738,,,,,
dataflow,ESTAT:DEMO_FMONTH(1.0),Live births (total) by month,A,Annual,NR,Number,M02,February,NO,Norway,2015,,4497,,,,,
dataflow,ESTAT:DEMO_FMONTH(1.0),Live births (total) by month,A,Annual,NR,Number,M02,February,NO,Norway,2020,,4226,,,,,
dataflow,ESTAT:DEMO_FMONTH(1.0),Live births (total) by month,A,Annual,NR,Number,M02,February,NO,Norway,2023,,3864,,,,,
dataflow,ESTAT:DEMO_FMONTH(1.0),Live births (total) by month,A,Annual,NR,Number,M02,February,PL,Poland,1995,,35442,,,,,
dataflow,ESTAT:DEMO_FMONTH(1.0),Live births (total) by month,A,Annual,NR,Number,M02,February,PL,Poland,2000,,30960,,,,,
dataflow,ESTAT:DEMO_FMONTH(1.0),Live births (total) by month,A,Annual,NR,Number,M02,February,PL,Poland,2005,,27725,,,,,
dataflow,ESTAT:DEMO_FMONTH(1.0),Live births (total) by month,A,Annual,NR,Number,M02,February,PL,Poland,2010,,31644,,,,,
dataflow,ESTAT:DEMO_FMONTH(1.0),Live births (total) by month,A,Annual,NR,Number,M02,February,PL,Poland,2015,,27199,,,,,
dataflow,ESTAT:DEMO_FMONTH(1.0),Live births (total) by month,A,Annual,NR,Number,M02,February,PL,Poland,2020,,27774,,,,,
dataflow,ESTAT:DEMO_FMONTH(1.0),Live births (total) by month,A,Annual,NR,Number,M02,February,PL,Poland,2023,,21729,,,,,
dataflow,ESTAT:DEMO_FMONTH(1.0),Live births (total) by month,A,Annual,NR,Number,M02,February,PT,Portugal,1980,,12048,,,,,
dataflow,ESTAT:DEMO_FMONTH(1.0),Live births (total) by month,A,Annual,NR,Number,M02,February,PT,Portugal,1985,,9937,,,,,
dataflow,ESTAT:DEMO_FMONTH(1.0),Live births (total) by month,A,Annual,NR,Number,M02,February,PT,Portugal,1990,,8492,,,,,
dataflow,ESTAT:DEMO_FMONTH(1.0),Live births (total) by month,A,Annual,NR,Number,M02,February,PT,Portugal,1995,,7716,,,,,
dataflow,ESTAT:DEMO_FMONTH(1.0),Live births (total) by month,A,Annual,NR,Number,M02,February,PT,Portugal,2000,,9214,,,,,
dataflow,ESTAT:DEMO_FMONTH(1.0),Live births (total) by month,A,Annual,NR,Number,M02,February,PT,Portugal,2005,,8351,,,,,
dataflow,ESTAT:DEMO_FMONTH(1.0),Live births (total) by month,A,Annual,NR,Number,M02,February,PT,Portugal,2010,,7114,,,,,
dataflow,ESTAT:DEMO_FMONTH(1.0),Live births (total) by month,A,Annual,NR,Number,M02,February,PT,Portugal,2015,,6045,,,,,
dataflow,ESTAT:DEMO_FMONTH(1.0),Live births (total) by month,A,Annual,NR,Number,M02,February,PT,Portugal,2020,,6328,,,,,
dataflow,ESTAT:DEMO_FMONTH(1.0),Live births (total) by month,A,Annual,NR,Number,M02,February,PT,Portugal,2023,,6197,,,,,
dataflow,ESTAT:DEMO_FMONTH(1.0),Live births (total) by month,A,Annual,NR,Number,M02,February,RO,Romania,1995,,18317,,,,,
dataflow,ESTAT:DEMO_FMONTH(1.0),Live births (total) by month,A,Annual,NR,Number,M02,February,RO,Romania,2000,,18574,,,,,
dataflow,ESTAT:DEMO_FMONTH(1.0),Live births (total) by month,A,Annual,NR,Number,M02,February,RO,Romania,2005,,16678,,,,,
dataflow,ESTAT:DEMO_FMONTH(1.0),Live births (total) by month,A,Annual,NR,Number,M02,February,RO,Romania,2010,,16086,,,,,
dataflow,ESTAT:DEMO_FMONTH(1.0),Live births (total) by month,A,Annual,NR,Number,M02,February,RO,Romania,2015,,14744,,,,,
dataflow,ESTAT:DEMO_FMONTH(1.0),Live births (total) by month,A,Annual,NR,Number,M02,February,RO,Romania,2020,,15455,,,,,
dataflow,ESTAT:DEMO_FMONTH(1.0),Live births (total) by month,A,Annual,NR,Number,M02,February,RO,Romania,2023,,12790,,,,,
dataflow,ESTAT:DEMO_FMONTH(1.0),Live births (total) by month,A,Annual,NR,Number,M02,February,RS,Serbia,2000,,4976,,,,,
dataflow,ESTAT:DEMO_FMONTH(1.0),Live births (total) by month,A,Annual,NR,Number,M02,February,RS,Serbia,2005,,5568,,,,,
dataflow,ESTAT:DEMO_FMONTH(1.0),Live births (total) by month,A,Annual,NR,Number,M02,February,RS,Serbia,2010,,5010,,,,,
dataflow,ESTAT:DEMO_FMONTH(1.0),Live births (total) by month,A,Annual,NR,Number,M02,February,RS,Serbia,2015,,4931,,,,,
dataflow,ESTAT:DEMO_FMONTH(1.0),Live births (total) by month,A,Annual,NR,Number,M02,February,RS,Serbia,2020,,4750,,,,,
dataflow,ESTAT:DEMO_FMONTH(1.0),Live births (total) by month,A,Annual,NR,Number,M02,February,RS,Serbia,2023,,4527,,,,,
dataflow,ESTAT:DEMO_FMONTH(1.0),Live births (total) by month,A,Annual,NR,Number,M02,February,RU,Russia,2005,,113672,,,,,
dataflow,ESTAT:DEMO_FMONTH(1.0),Live births (total) by month,A,Annual,NR,Number,M02,February,RU,Russia,2010,,135505,,,,,
dataflow,ESTAT:DEMO_FMONTH(1.0),Live births (total) by month,A,Annual,NR,Number,M02,February,SE,Sweden,1980,,8260,,,,,
dataflow,ESTAT:DEMO_FMONTH(1.0),Live births (total) by month,A,Annual,NR,Number,M02,February,SE,Sweden,1985,,8005,,,,,
dataflow,ESTAT:DEMO_FMONTH(1.0),Live births (total) by month,A,Annual,NR,Number,M02,February,SE,Sweden,1990,,10194,,,,,
dataflow,ESTAT:DEMO_FMONTH(1.0),Live births (total) by month,A,Annual,NR,Number,M02,February,SE,Sweden,1995,,8690,,,,,
dataflow,ESTAT:DEMO_FMONTH(1.0),Live births (total) by month,A,Annual,NR,Number,M02,February,SE,Sweden,2000,,7441,,,,,
dataflow,ESTAT:DEMO_FMONTH(1.0),Live births (total) by month,A,Annual,NR,Number,M02,February,SE,Sweden,2005,,7797,,,,,
dataflow,ESTAT:DEMO_FMONTH(1.0),Live births (total) by month,A,Annual,NR,Number,M02,February,SE,Sweden,2010,,9228,,,,,
dataflow,ESTAT:DEMO_FMONTH(1.0),Live births (total) by month,A,Annual,NR,Number,M02,February,SE,Sweden,2015,,8776,,,,,
dataflow,ESTAT:DEMO_FMONTH(1.0),Live births (total) by month,A,Annual,NR,Number,M02,February,SE,Sweden,2020,,8954,,,,,
dataflow,ESTAT:DEMO_FMONTH(1.0),Live births (total) by month,A,Annual,NR,Number,M02,February,SE,Sweden,2023,,7929,,,,,
dataflow,ESTAT:DEMO_FMONTH(1.0),Live births (total) by month,A,Annual,NR,Number,M02,February,SI,Slovenia,1995,,1391,,,,,
dataflow,ESTAT:DEMO_FMONTH(1.0),Live births (total) by month,A,Annual,NR,Number,M02,February,SI,Slovenia,2000,,1429,,,,,
dataflow,ESTAT:DEMO_FMONTH(1.0),Live births (total) by month,A,Annual,NR,Number,M02,February,SI,Slovenia,2005,,1373,,,,,
dataflow,ESTAT:DEMO_FMONTH(1.0),Live births (total) by month,A,Annual,NR,Number,M02,February,SI,Slovenia,2010,,1712,,,,,
dataflow,ESTAT:DEMO_FMONTH(1.0),Live births (total) by month,A,Annual,NR,Number,M02,February,SI,Slovenia,2015,,1560,,,,,
dataflow,ESTAT:DEMO_FMONTH(1.0),Live births (total) by month,A,Annual,NR,Number,M02,February,SI,Slovenia,2020,,1350,,,,,
dataflow,ESTAT:DEMO_FMONTH(1.0),Live births (total) by month,A,Annual,NR,Number,M02,February,SI,Slovenia,2023,,1353,,,,,
dataflow,ESTAT:DEMO_FMONTH(1.0),Live births (total) by month,A,Annual,NR,Number,M02,February,SK,Slovakia,2000,,4470,,,,,
dataflow,ESTAT:DEMO_FMONTH(1.0),Live births (total) by month,A,Annual,NR,Number,M02,February,SK,Slovakia,2005,,4451,,,,,
dataflow,ESTAT:DEMO_FMONTH(1.0),Live births (total) by month,A,Annual,NR,Number,M02,February,SK,Slovakia,2010,,4828,,,,,
dataflow,ESTAT:DEMO_FMONTH(1.0),Live births (total) by month,A,Annual,NR,Number,M02,February,SK,Slovakia,2015,,4120,,,,,
dataflow,ESTAT:DEMO_FMONTH(1.0),Live births (total) by month,A,Annual,NR,Number,M02,February,SK,Slovakia,2020,,4256,,,,,
dataflow,ESTAT:DEMO_FMONTH(1.0),Live births (total) by month,A,Annual,NR,Number,M02,February,SK,Slovakia,2023,,3759,,,,,
dataflow,ESTAT:DEMO_FMONTH(1.0),Live births (total) by month,A,Annual,NR,Number,M02,February,SM,San Marino,2005,,19,,,,,
dataflow,ESTAT:DEMO_FMONTH(1.0),Live births (total) by month,A,Annual,NR,Number,M02,February,TR,Türkiye,2010,,93410,,,,,
dataflow,ESTAT:DEMO_FMONTH(1.0),Live births (total) by month,A,Annual,NR,Number,M02,February,TR,Türkiye,2015,,98594,,,,,
dataflow,ESTAT:DEMO_FMONTH(1.0),Live births (total) by month,A,Annual,NR,Number,M02,February,TR,Türkiye,2020,,83265,,,,,
dataflow,ESTAT:DEMO_FMONTH(1.0),Live births (total) by month,A,Annual,NR,Number,M02,February,UA,Ukraine,2005,,33287,,,,,
dataflow,ESTAT:DEMO_FMONTH(1.0),Live births (total) by month,A,Annual,NR,Number,M02,February,UA,Ukraine,2010,,39738,,,,,
dataflow,ESTAT:DEMO_FMONTH(1.0),Live births (total) by month,A,Annual,NR,Number,M02,February,UA,Ukraine,2015,,32492,,,,,
dataflow,ESTAT:DEMO_FMONTH(1.0),Live births (total) by month,A,Annual,NR,Number,M02,February,UA,Ukraine,2020,,23157,,,,,
dataflow,ESTAT:DEMO_FMONTH(1.0),Live births (total) by month,A,Annual,NR,Number,M02,February,UK,United Kingdom,1980,,59160,,,,,
dataflow,ESTAT:DEMO_FMONTH(1.0),Live births (total) by month,A,Annual,NR,Number,M02,February,UK,United Kingdom,1985,,56772,,,,,
dataflow,ESTAT:DEMO_FMONTH(1.0),Live births (total) by month,A,Annual,NR,Number,M02,February,UK,United Kingdom,1990,,59799,,,,,
dataflow,ESTAT:DEMO_FMONTH(1.0),Live births (total) by month,A,Annual,NR,Number,M02,February,UK,United Kingdom,1995,,56145,,,,,
dataflow,ESTAT:DEMO_FMONTH(1.0),Live births (total) by month,A,Annual,NR,Number,M02,February,UK,United Kingdom,2000,,53030,,,,,
dataflow,ESTAT:DEMO_FMONTH(1.0),Live births (total) by month,A,Annual,NR,Number,M02,February,UK,United Kingdom,2005,,53781,,,,,
dataflow,ESTAT:DEMO_FMONTH(1.0),Live births (total) by month,A,Annual,NR,Number,M02,February,UK,United Kingdom,2010,,60846,,,,,
dataflow,ESTAT:DEMO_FMONTH(1.0),Live births (total) by month,A,Annual,NR,Number,M02,February,UK,United Kingdom,2015,,58195,,,,,
dataflow,ESTAT:DEMO_FMONTH(1.0),Live births (total) by month,A,Annual,NR,Number,M02,February,XK,Kosovo*,2005,,2633,,,,,
dataflow,ESTAT:DEMO_FMONTH(1.0),Live births (total) by month,A,Annual,NR,Number,M02,February,XK,Kosovo*,2015,,1767,,,,,
dataflow,ESTAT:DEMO_FMONTH(1.0),Live births (total) by month,A,Annual,NR,Number,M02,February,XK,Kosovo*,2020,,1616,,,,,
dataflow,ESTAT:DEMO_FMONTH(1.0),Live births (total) by month,A,Annual,NR,Number,M03,March,AD,Andorra,2005,,73,,,,,
dataflow,ESTAT:DEMO_FMONTH(1.0),Live births (total) by month,A,Annual,NR,Number,M03,March,AD,Andorra,2010,,63,,,,,
dataflow,ESTAT:DEMO_FMONTH(1.0),Live births (total) by month,A,Annual,NR,Number,M03,March,AL,Albania,2005,,2957,,,,,
dataflow,ESTAT:DEMO_FMONTH(1.0),Live births (total) by month,A,Annual,NR,Number,M03,March,AL,Albania,2015,,2554,,,,,
dataflow,ESTAT:DEMO_FMONTH(1.0),Live births (total) by month,A,Annual,NR,Number,M03,March,AL,Albania,2020,,2029,,,,,
dataflow,ESTAT:DEMO_FMONTH(1.0),Live births (total) by month,A,Annual,NR,Number,M03,March,AL,Albania,2023,,1721,,,,,
dataflow,ESTAT:DEMO_FMONTH(1.0),Live births (total) by month,A,Annual,NR,Number,M03,March,AM,Armenia,2005,,3033,,,,,
dataflow,ESTAT:DEMO_FMONTH(1.0),Live births (total) by month,A,Annual,NR,Number,M03,March,AM,Armenia,2015,,3097,,,,,
dataflow,ESTAT:DEMO_FMONTH(1.0),Live births (total) by month,A,Annual,NR,Number,M03,March,AM,Armenia,2020,,2189,,,,,
dataflow,ESTAT:DEMO_FMONTH(1.0),Live births (total) by month,A,Annual,NR,Number,M03,March,AM,Armenia,2023,,2888,,,,,
dataflow,ESTAT:DEMO_FMONTH(1.0),Live births (total) by month,A,Annual,NR,Number,M03,March,AT,Austria,1980,,7628,,,,,
dataflow,ESTAT:DEMO_FMONTH(1.0),Live births (total) by month,A,Annual,NR,Number,M03,March,AT,Austria,1985,,7727,,,,,
dataflow,ESTAT:DEMO_FMONTH(1.0),Live births (total) by month,A,Annual,NR,Number,M03,March,AT,Austria,1990,,7787,,,,,
dataflow,ESTAT:DEMO_FMONTH(1.0),Live births (total) by month,A,Annual,NR,Number,M03,March,AT,Austria,1995,,7609,,,,,
dataflow,ESTAT:DEMO_FMONTH(1.0),Live births (total) by month,A,Annual,NR,Number,M03,March,AT,Austria,2000,,6799,,,,,
dataflow,ESTAT:DEMO_FMONTH(1.0),Live births (total) by month,A,Annual,NR,Number,M03,March,AT,Austria,2005,,6554,,,,,
dataflow,ESTAT:DEMO_FMONTH(1.0),Live births (total) by month,A,Annual,NR,Number,M03,March,AT,Austria,2010,,6484,,,,,
dataflow,ESTAT:DEMO_FMONTH(1.0),Live births (total) by month,A,Annual,NR,Number,M03,March,AT,Austria,2015,,6886,,,,,
dataflow,ESTAT:DEMO_FMONTH(1.0),Live births (total) by month,A,Annual,NR,Number,M03,March,AT,Austria,2020,,6802,,,,,
dataflow,ESTAT:DEMO_FMONTH(1.0),Live births (total) by month,A,Annual,NR,Number,M03,March,AT,Austria,2023,,6333,,,,,
dataflow,ESTAT:DEMO_FMONTH(1.0),Live births (total) by month,A,Annual,NR,Number,M03,March,AZ,Azerbaijan,2005,,12935,,,,,
dataflow,ESTAT:DEMO_FMONTH(1.0),Live births (total) by month,A,Annual,NR,Number,M03,March,AZ,Azerbaijan,2010,,12306,,,,,
dataflow,ESTAT:DEMO_FMONTH(1.0),Live births (total) by month,A,Annual,NR,Number,M03,March,AZ,Azerbaijan,2015,,10444,,,,,
dataflow,ESTAT:DEMO_FMONTH(1.0),Live births (total) by month,A,Annual,NR,Number,M03,March,AZ,Azerbaijan,2020,,6369,,,,,
dataflow,ESTAT:DEMO_FMONTH(1.0),Live births (total) by month,A,Annual,NR,Number,M03,March,BA,Bosnia and Herzegovina,2005,,2882,,,,,
dataflow,ESTAT:DEMO_FMONTH(1.0),Live births (total) by month,A,Annual,NR,Number,M03,March,BA,Bosnia and Herzegovina,2010,,2784,,,,,
dataflow,ESTAT:DEMO_FMONTH(1.0),Live births (total) by month,A,Annual,NR,Number,M03,March,BA,Bosnia and Herzegovina,2023,,1992,,p,provisional,,
dataflow,ESTAT:DEMO_FMONTH(1.0),Live births (total) by month,A,Annual,NR,Number,M03,March,BE,Belgium,1980,,10484,,,,,
dataflow,ESTAT:DEMO_FMONTH(1.0),Live births (total) by month,A,Annual,NR,Number,M03,March,BE,Belgium,1985,,9859,,,,,
dataflow,ESTAT:DEMO_FMONTH(1.0),Live births (total) by month,A,Annual,NR,Number,M03,March,BE,Belgium,1990,,10502,,,,,
dataflow,ESTAT:DEMO_FMONTH(1.0),Live births (total) by month,A,Annual,NR,Number,M03,March,BE,Belgium,1995,,10079,,,,,
dataflow,ESTAT:DEMO_FMONTH(1.0),Live births (total) by month,A,Annual,NR,Number,M03,March,BE,Belgium,2000,,9939,,,,,
dataflow,ESTAT:DEMO_FMONTH(1.0),Live births (total) by month,A,Annual,NR,Number,M03,March,BE,Belgium,2005,,10313,,,,,
dataflow,ESTAT:DEMO_FMONTH(1.0),Live births (total) by month,A,Annual,NR,Number,M03,March,BE,Belgium,2010,,11119,,,,,
dataflow,ESTAT:DEMO_FMONTH(1.0),Live births (total) by month,A,Annual,NR,Number,M03,March,BE,Belgium,2015,,10141,,,,,
dataflow,ESTAT:DEMO_FMONTH(1.0),Live births (total) by month,A,Annual,NR,Number,M03,March,BE,Belgium,2020,,9748,,,,,
dataflow,ESTAT:DEMO_FMONTH(1.0),Live births (total) by month,A,Annual,NR,Number,M03,March,BE,Belgium,2023,,9472,,,,,
dataflow,ESTAT:DEMO_FMONTH(1.0),Live births (total) by month,A,Annual,NR,Number,M03,March,BG,Bulgaria,1995,,6102,,,,,
dataflow,ESTAT:DEMO_FMONTH(1.0),Live births (total) by month,A,Annual,NR,Number,M03,March,BG,Bulgaria,2000,,6371,,,,,
dataflow,ESTAT:DEMO_FMONTH(1.0),Live births (total) by month,A,Annual,NR,Number,M03,March,BG,Bulgaria,2005,,5977,,,,,
dataflow,ESTAT:DEMO_FMONTH(1.0),Live births (total) by month,A,Annual,NR,Number,M03,March,BG,Bulgaria,2010,,6371,,,,,
dataflow,ESTAT:DEMO_FMONTH(1.0),Live births (total) by month,A,Annual,NR,Number,M03,March,BG,Bulgaria,2015,,5540,,,,,
dataflow,ESTAT:DEMO_FMONTH(1.0),Live births (total) by month,A,Annual,NR,Number,M03,March,BG,Bulgaria,2020,,4772,,,,,
dataflow,ESTAT:DEMO_FMONTH(1.0),Live births (total) by month,A,Annual,NR,Number,M03,March,BG,Bulgaria,2023,,4800,,,,,
dataflow,ESTAT:DEMO_FMONTH(1.0),Live births (total) by month,A,Annual,NR,Number,M03,March,BY,Belarus,2005,,8091,,,,,
dataflow,ESTAT:DEMO_FMONTH(1.0),Live births (total) by month,A,Annual,NR,Number,M03,March,BY,Belarus,2015,,9439,,,,,
dataflow,ESTAT:DEMO_FMONTH(1.0),Live births (total) by month,A,Annual,NR,Number,M03,March,CH,Switzerland,1980,,6428,,,,,
dataflow,ESTAT:DEMO_FMONTH(1.0),Live births (total) by month,A,Annual,NR,Number,M03,March,CH,Switzerland,1985,,6801,,,,,
dataflow,ESTAT:DEMO_FMONTH(1.0),Live births (total) by month,A,Annual,NR,Number,M03,March,CH,Switzerland,1990,,7240,,,,,
dataflow,ESTAT:DEMO_FMONTH(1.0),Live births (total) by month,A,Annual,NR,Number,M03,March,CH,Switzerland,1995,,7107,,,,,
dataflow,ESTAT:DEMO_FMONTH(1.0),Live births (total) by month,A,Annual,NR,Number,M03,March,CH,Switzerland,2000,,6778,,,,,
dataflow,ESTAT:DEMO_FMONTH(1.0),Live births (total) by month,A,Annual,NR,Number,M03,March,CH,Switzerland,2005,,5971,,,,,
dataflow,ESTAT:DEMO_FMONTH(1.0),Live births (total) by month,A,Annual,NR,Number,M03,March,CH,Switzerland,2010,,6700,,,,,
dataflow,ESTAT:DEMO_FMONTH(1.0),Live births (total) by month,A,Annual,NR,Number,M03,March,CH,Switzerland,2015,,7153,,,,,
dataflow,ESTAT:DEMO_FMONTH(1.0),Live births (total) by month,A,Annual,NR,Number,M03,March,CH,Switzerland,2020,,7071,,,,,
dataflow,ESTAT:DEMO_FMONTH(1.0),Live births (total) by month,A,Annual,NR,Number,M03,March,CH,Switzerland,2023,,6691,,,,,
dataflow,ESTAT:DEMO_FMONTH(1.0),Live births (total) by month,A,Annual,NR,Number,M03,March,CY,Cyprus,1995,,780,,,,,
dataflow,ESTAT:DEMO_FMONTH(1.0),Live births (total) by month,A,Annual,NR,Number,M03,March,CY,Cyprus,2000,,643,,,,,
dataflow,ESTAT:DEMO_FMONTH(1.0),Live births (total) by month,A,Annual,NR,Number,M03,March,CY,Cyprus,2005,,646,,,,,
dataflow,ESTAT:DEMO_FMONTH(1.0),Live births (total) by month,A,Annual,NR,Number,M03,March,CY,Cyprus,2010,,819,,,,,
dataflow,ESTAT:DEMO_FMONTH(1.0),Live births (total) by month,A,Annual,NR,Number,M03,March,CY,Cyprus,2015,,705,,,,,
dataflow,ESTAT:DEMO_FMONTH(1.0),Live births (total) by month,A,Annual,NR,Number,M03,March,CY,Cyprus,2020,,726,,,,,
dataflow,ESTAT:DEMO_FMONTH(1.0),Live births (total) by month,A,Annual,NR,Number,M03,March,CY,Cyprus,2023,,848,,,,,
dataflow,ESTAT:DEMO_FMONTH(1.0),Live births (total) by month,A,Annual,NR,Number,M03,March,CZ,Czechia,1990,,11703,,,,,
dataflow,ESTAT:DEMO_FMONTH(1.0),Live births (total) by month,A,Annual,NR,Number,M03,March,CZ,Czechia,1995,,8869,,,,,
dataflow,ESTAT:DEMO_FMONTH(1.0),Live births (total) by month,A,Annual,NR,Number,M03,March,CZ,Czechia,2000,,8025,,,,,
dataflow,ESTAT:DEMO_FMONTH(1.0),Live births (total) by month,A,Annual,NR,Number,M03,March,CZ,Czechia,2005,,8676,,,,,
dataflow,ESTAT:DEMO_FMONTH(1.0),Live births (total) by month,A,Annual,NR,Number,M03,March,CZ,Czechia,2010,,10098,,,,,
dataflow,ESTAT:DEMO_FMONTH(1.0),Live births (total) by month,A,Annual,NR,Number,M03,March,CZ,Czechia,2015,,9152,,,,,
dataflow,ESTAT:DEMO_FMONTH(1.0),Live births (total) by month,A,Annual,NR,Number,M03,March,CZ,Czechia,2020,,8830,,,,,
dataflow,ESTAT:DEMO_FMONTH(1.0),Live births (total) by month,A,Annual,NR,Number,M03,March,CZ,Czechia,2023,,8013,,,,,
dataflow,ESTAT:DEMO_FMONTH(1.0),Live births (total) by month,A,Annual,NR,Number,M03,March,DE,Germany,1980,,51164,,,,,
dataflow,ESTAT:DEMO_FMONTH(1.0),Live births (total) by month,A,Annual,NR,Number,M03,March,DE,Germany,1985,,50225,,,,,
dataflow,ESTAT:DEMO_FMONTH(1.0),Live births (total) by month,A,Annual,NR,Number,M03,March,DE,Germany,1990,,60107,,,,,
dataflow,ESTAT:DEMO_FMONTH(1.0),Live births (total) by month,A,Annual,NR,Number,M03,March,DE,Germany,1995,,64265,,,,,
dataflow,ESTAT:DEMO_FMONTH(1.0),Live births (total) by month,A,Annual,NR,Number,M03,March,DE,Germany,2000,,64465,,,,,
dataflow,ESTAT:DEMO_FMONTH(1.0),Live births (total) by month,A,Annual,NR,Number,M03,March,DE,Germany,2005,,57071,,,,,
dataflow,ESTAT:DEMO_FMONTH(1.0),Live births (total) by month,A,Annual,NR,Number,M03,March,DE,Germany,2010,,55486,,,,,
dataflow,ESTAT:DEMO_FMONTH(1.0),Live births (total) by month,A,Annual,NR,Number,M03,March,DE,Germany,2015,,58475,,,,,
dataflow,ESTAT:DEMO_FMONTH(1.0),Live births (total) by month,A,Annual,NR,Number,M03,March,DE,Germany,2020,,62230,,,,,
dataflow,ESTAT:DEMO_FMONTH(1.0),Live births (total) by month,A,Annual,NR,Number,M03,March,DE,Germany,2023,,57525,,,,,
dataflow,ESTAT:DEMO_FMONTH(1.0),Live births (total) by month,A,Annual,NR,Number,M03,March,DE_TOT,Germany including former GDR,1980,,73306,,,,,
dataflow,ESTAT:DEMO_FMONTH(1.0),Live births (total) by month,A,Annual,NR,Number,M03,March,DE_TOT,Germany including former GDR,1985,,70931,,,,,
dataflow,ESTAT:DEMO_FMONTH(1.0),Live births (total) by month,A,Annual,NR,Number,M03,March,DE_TOT,Germany including former GDR,1990,,76630,,,,,
dataflow,ESTAT:DEMO_FMONTH(1.0),Live births (total) by month,A,Annual,NR,Number,M03,March,DE_TOT,Germany including former GDR,1995,,64265,,,,,
dataflow,ESTAT:DEMO_FMONTH(1.0),Live births (total) by month,A,Annual,NR,Number,M03,March,DE_TOT,Germany including former GDR,2000,,64465,,,,,
dataflow,ESTAT:DEMO_FMONTH(1.0),Live births (total) by month,A,Annual,NR,Number,M03,March,DE_TOT,Germany including former GDR,2005,,57071,,,,,
dataflow,ESTAT:DEMO_FMONTH(1.0),Live births (total) by month,A,Annual,NR,Number,M03,March,DE_TOT,Germany including former GDR,2010,,55486,,,,,
dataflow,ESTAT:DEMO_FMONTH(1.0),Live births (total) by month,A,Annual,NR,Number,M03,March,DE_TOT,Germany including former GDR,2015,,58475,,,,,
dataflow,ESTAT:DEMO_FMONTH(1.0),Live births (total) by month,A,Annual,NR,Number,M03,March,DE_TOT,Germany including former GDR,2020,,62230,,,,,
dataflow,ESTAT:DEMO_FMONTH(1.0),Live births (total) by month,A,Annual,NR,Number,M03,March,DE_TOT,Germany including former GDR,2023,,57525,,,,,
dataflow,ESTAT:DEMO_FMONTH(1.0),Live births (total) by month,A,Annual,NR,Number,M03,March,DK,Denmark,1980,,5233,,,,,
dataflow,ESTAT:DEMO_FMONTH(1.0),Live births (total) by month,A,Annual,NR,Number,M03,March,DK,Denmark,1985,,4662,,,,,
dataflow,ESTAT:DEMO_FMONTH(1.0),Live births (total) by month,A,Annual,NR,Number,M03,March,DK,Denmark,1990,,5488,,,,,
dataflow,ESTAT:DEMO_FMONTH(1.0),Live births (total) by month,A,Annual,NR,Number,M03,March,DK,Denmark,1995,,6161,,,,,
dataflow,ESTAT:DEMO_FMONTH(1.0),Live births (total) by month,A,Annual,NR,Number,M03,March,DK,Denmark,2000,,5578,,,,,
dataflow,ESTAT:DEMO_FMONTH(1.0),Live births (total) by month,A,Annual,NR,Number,M03,March,DK,Denmark,2005,,5380,,,,,
dataflow,ESTAT:DEMO_FMONTH(1.0),Live births (total) by month,A,Annual,NR,Number,M03,March,DK,Denmark,2010,,5379,,,,,
dataflow,ESTAT:DEMO_FMONTH(1.0),Live births (total) by month,A,Annual,NR,Number,M03,March,DK,Denmark,2015,,4679,,,,,
dataflow,ESTAT:DEMO_FMONTH(1.0),Live births (total) by month,A,Annual,NR,Number,M03,March,DK,Denmark,2020,,4933,,,,,
dataflow,ESTAT:DEMO_FMONTH(1.0),Live births (total) by month,A,Annual,NR,Number,M03,March,DK,Denmark,2023,,4820,,,,,
dataflow,ESTAT:DEMO_FMONTH(1.0),Live births (total) by month,A,Annual,NR,Number,M03,March,EE,Estonia,1980,,1918,,,,,
dataflow,ESTAT:DEMO_FMONTH(1.0),Live births (total) by month,A,Annual,NR,Number,M03,March,EE,Estonia,1985,,2091,,,,,
dataflow,ESTAT:DEMO_FMONTH(1.0),Live births (total) by month,A,Annual,NR,Number,M03,March,EE,Estonia,1990,,2078,,,,,
dataflow,ESTAT:DEMO_FMONTH(1.0),Live births (total) by month,A,Annual,NR,Number,M03,March,EE,Estonia,1995,,1257,,,,,
dataflow,ESTAT:DEMO_FMONTH(1.0),Live births (total) by month,A,Annual,NR,Number,M03,March,EE,Estonia,2000,,1176,,,,,
dataflow,ESTAT:DEMO_FMONTH(1.0),Live births (total) by month,A,Annual,NR,Number,M03,March,EE,Estonia,2005,,1295,,,,,
dataflow,ESTAT:DEMO_FMONTH(1.0),Live births (total) by month,A,Annual,NR,Number,M03,March,EE,Estonia,2010,,1408,,,,,
dataflow,ESTAT:DEMO_FMONTH(1.0),Live births (total) by month,A,Annual,NR,Number,M03,March,EE,Estonia,2015,,1127,,,,,
dataflow,ESTAT:DEMO_FMONTH(1.0),Live births (total) by month,A,Annual,NR,Number,M03,March,EE,Estonia,2020,,1032,,,,,
dataflow,ESTAT:DEMO_FMONTH(1.0),Live births (total) by month,A,Annual,NR,Number,M03,March,EE,Estonia,2023,,991,,,,,
dataflow,ESTAT:DEMO_FMONTH(1.0),Live births (total) by month,A,Annual,NR,Number,M03,March,EL,Greece,1980,,12311,,,,,
dataflow,ESTAT:DEMO_FMONTH(1.0),Live births (total) by month,A,Annual,NR,Number,M03,March,EL,Greece,1985,,9849,,,,,
dataflow,ESTAT:DEMO_FMONTH(1.0),Live births (total) by month,A,Annual,NR,Number,M03,March,EL,Greece,1990,,8724,,,,,
dataflow,ESTAT:DEMO_FMONTH(1.0),Live births (total) by month,A,Annual,NR,Number,M03,March,EL,Greece,1995,,8311,,,,,
dataflow,ESTAT:DEMO_FMONTH(1.0),Live births (total) by month,A,Annual,NR,Number,M03,March,EL,Greece,2000,,8159,,,,,
dataflow,ESTAT:DEMO_FMONTH(1.0),Live births (total) by month,A,Annual,NR,Number,M03,March,EL,Greece,2005,,8482,,,,,
dataflow,ESTAT:DEMO_FMONTH(1.0),Live births (total) by month,A,Annual,NR,Number,M03,March,EL,Greece,2010,,9777,,,,,
dataflow,ESTAT:DEMO_FMONTH(1.0),Live births (total) by month,A,Annual,NR,Number,M03,March,EL,Greece,2015,,7150,,,,,
dataflow,ESTAT:DEMO_FMONTH(1.0),Live births (total) by month,A,Annual,NR,Number,M03,March,EL,Greece,2020,,6592,,,,,
dataflow,ESTAT:DEMO_FMONTH(1.0),Live births (total) by month,A,Annual,NR,Number,M03,March,EL,Greece,2023,,5697,,,,,
dataflow,ESTAT:DEMO_FMONTH(1.0),Live births (total) by month,A,Annual,NR,Number,M03,March,ES,Spain,1980,,48217,,,,,
dataflow,ESTAT:DEMO_FMONTH(1.0),Live births (total) by month,A,Annual,NR,Number,M03,March,ES,Spain,1985,,40087,,,,,
dataflow,ESTAT:DEMO_FMONTH(1.0),Live births (total) by month,A,Annual,NR,Number,M03,March,ES,Spain,1990,,33925,,,,,
dataflow,ESTAT:DEMO_FMONTH(1.0),Live births (total) by month,A,Annual,NR,Number,M03,March,ES,Spain,1995,,30976,,,,,
dataflow,ESTAT:DEMO_FMONTH(1.0),Live births (total) by month,A,Annual,NR,Number,M03,March,ES,Spain,2000,,33608,,,,,
dataflow,ESTAT:DEMO_FMONTH(1.0),Live births (total) by month,A,Annual,NR,Number,M03,March,ES,Spain,2005,,38685,,,,,
dataflow,ESTAT:DEMO_FMONTH(1.0),Live births (total) by month,A,Annual,NR,Number,M03,March,ES,Spain,2010,,40359,,,,,
dataflow,ESTAT:DEMO_FMONTH(1.0),Live births (total) by month,A,Annual,NR,Number,M03,March,ES,Spain,2015,,35058,,,,,
dataflow,ESTAT:DEMO_FMONTH(1.0),Live births (total) by month,A,Annual,NR,Number,M03,March,ES,Spain,2020,,29263,,,,,
dataflow,ESTAT:DEMO_FMONTH(1.0),Live births (total) by month,A,Annual,NR,Number,M03,March,ES,Spain,2023,,26270,,,,,
dataflow,ESTAT:DEMO_FMONTH(1.0),Live births (total) by month,A,Annual,NR,Number,M03,March,FI,Finland,1980,,5931,,,,,
dataflow,ESTAT:DEMO_FMONTH(1.0),Live births (total) by month,A,Annual,NR,Number,M03,March,FI,Finland,1985,,5806,,,,,
dataflow,ESTAT:DEMO_FMONTH(1.0),Live births (total) by month,A,Annual,NR,Number,M03,March,FI,Finland,1990,,5958,,,,,
dataflow,ESTAT:DEMO_FMONTH(1.0),Live births (total) by month,A,Annual,NR,Number,M03,March,FI,Finland,1995,,5754,,,,,
dataflow,ESTAT:DEMO_FMONTH(1.0),Live births (total) by month,A,Annual,NR,Number,M03,March,FI,Finland,2000,,4970,,,,,
dataflow,ESTAT:DEMO_FMONTH(1.0),Live births (total) by month,A,Annual,NR,Number,M03,March,FI,Finland,2005,,4909,,,,,
dataflow,ESTAT:DEMO_FMONTH(1.0),Live births (total) by month,A,Annual,NR,Number,M03,March,FI,Finland,2010,,5297,,,,,
dataflow,ESTAT:DEMO_FMONTH(1.0),Live births (total) by month,A,Annual,NR,Number,M03,March,FI,Finland,2015,,4603,,,,,
dataflow,ESTAT:DEMO_FMONTH(1.0),Live births (total) by month,A,Annual,NR,Number,M03,March,FI,Finland,2020,,3899,,,,,
dataflow,ESTAT:DEMO_FMONTH(1.0),Live births (total) by month,A,Annual,NR,Number,M03,March,FI,Finland,2023,,3666,,,,,
dataflow,ESTAT:DEMO_FMONTH(1.0),Live births (total) by month,A,Annual,NR,Number,M03,March,FR,France,1995,,62560,,,,,
dataflow,ESTAT:DEMO_FMONTH(1.0),Live births (total) by month,A,Annual,NR,Number,M03,March,FR,France,2000,,67065,,,,,
dataflow,ESTAT:DEMO_FMONTH(1.0),Live births (total) by month,A,Annual,NR,Number,M03,March,FR,France,2005,,66816,,,,,
dataflow,ESTAT:DEMO_FMONTH(1.0),Live births (total) by month,A,Annual,NR,Number,M03,March,FR,France,2010,,68759,,,,,
dataflow,ESTAT:DEMO_FMONTH(1.0),Live births (total) by month,A,Annual,NR,Number,M03,March,FR,France,2015,,64315,,,,,
dataflow,ESTAT:DEMO_FMONTH(1.0),Live births (total) by month,A,Annual,NR,Number,M03,March,FR,France,2020,,60872,,,,,
dataflow,ESTAT:DEMO_FMONTH(1.0),Live births (total) by month,A,Annual,NR,Number,M03,March,FR,France,2023,,56472,,,,,
dataflow,ESTAT:DEMO_FMONTH(1.0),Live births (total) by month,A,Annual,NR,Number,M03,March,FX,Metropolitan France,1980,,67017,,,,,
dataflow,ESTAT:DEMO_FMONTH(1.0),Live births (total) by month,A,Annual,NR,Number,M03,March,FX,Metropolitan France,1985,,64260,,,,,
dataflow,ESTAT:DEMO_FMONTH(1.0),Live births (total) by month,A,Annual,NR,Number,M03,March,FX,Metropolitan France,1990,,63230,,,,,
dataflow,ESTAT:DEMO_FMONTH(1.0),Live births (total) by month,A,Annual,NR,Number,M03,March,FX,Metropolitan France,1995,,60020,,,,,
dataflow,ESTAT:DEMO_FMONTH(1.0),Live births (total) by month,A,Annual,NR,Number,M03,March,FX,Metropolitan France,2000,,64315,,,,,
dataflow,ESTAT:DEMO_FMONTH(1.0),Live births (total) by month,A,Annual,NR,Number,M03,March,FX,Metropolitan France,2005,,63902,,,,,
dataflow,ESTAT:DEMO_FMONTH(1.0),Live births (total) by month,A,Annual,NR,Number,M03,March,FX,Metropolitan France,2010,,66066,,,,,
dataflow,ESTAT:DEMO_FMONTH(1.0),Live births (total) by month,A,Annual,NR,Number,M03,March,GE,Georgia,2005,,3707,,,,,
dataflow,ESTAT:DEMO_FMONTH(1.0),Live births (total) by month,A,Annual,NR,Number,M03,March,GE,Georgia,2010,,5257,,,,,
dataflow,ESTAT:DEMO_FMONTH(1.0),Live births (total) by month,A,Annual,NR,Number,M03,March,GE,Georgia,2015,,4593,,,,,
dataflow,ESTAT:DEMO_FMONTH(1.0),Live births (total) by month,A,Annual,NR,Number,M03,March,GE,Georgia,2020,,3612,,,,,
dataflow,ESTAT:DEMO_FMONTH(1.0),Live births (total) by month,A,Annual,NR,Number,M03,March,GE,Georgia,2023,,3369,,,,,
dataflow,ESTAT:DEMO_FMONTH(1.0),Live births (total) by month,A,Annual,NR,Number,M03,March,HR,Croatia,1995,,4168,,,,,
dataflow,ESTAT:DEMO_FMONTH(1.0),Live births (total) by month,A,Annual,NR,Number,M03,March,HR,Croatia,2000,,3589,,,,,
dataflow,ESTAT:DEMO_FMONTH(1.0),Live births (total) by month,A,Annual,NR,Number,M03,March,HR,Croatia,2005,,3762,,,,,
dataflow,ESTAT:DEMO_FMONTH(1.0),Live births (total) by month,A,Annual,NR,Number,M03,March,HR,Croatia,2010,,3663,,,,,
dataflow,ESTAT:DEMO_FMONTH(1.0),Live births (total) by month,A,Annual,NR,Number,M03,March,HR,Croatia,2015,,3070,,,,,
dataflow,ESTAT:DEMO_FMONTH(1.0),Live births (total) by month,A,Annual,NR,Number,M03,March,HR,Croatia,2020,,2819,,,,,
dataflow,ESTAT:DEMO_FMONTH(1.0),Live births (total) by month,A,Annual,NR,Number,M03,March,HR,Croatia,2023,,2736,,,,,
dataflow,ESTAT:DEMO_FMONTH(1.0),Live births (total) by month,A,Annual,NR,Number,M03,March,HU,Hungary,1995,,9371,,,,,
dataflow,ESTAT:DEMO_FMONTH(1.0),Live births (total) by month,A,Annual,NR,Number,M03,March,HU,Hungary,2000,,8091,,,,,
dataflow,ESTAT:DEMO_FMONTH(1.0),Live births (total) by month,A,Annual,NR,Number,M03,March,HU,Hungary,2005,,8236,,,,,
dataflow,ESTAT:DEMO_FMONTH(1.0),Live births (total) by month,A,Annual,NR,Number,M03,March,HU,Hungary,2010,,8183,,,,,
dataflow,ESTAT:DEMO_FMONTH(1.0),Live births (total) by month,A,Annual,NR,Number,M03,March,HU,Hungary,2015,,7406,,,,,
dataflow,ESTAT:DEMO_FMONTH(1.0),Live births (total) by month,A,Annual,NR,Number,M03,March,HU,Hungary,2020,,7221,,,,,
dataflow,ESTAT:DEMO_FMONTH(1.0),Live births (total) by month,A,Annual,NR,Number,M03,March,HU,Hungary,2023,,7381,,,,,
dataflow,ESTAT:DEMO_FMONTH(1.0),Live births (total) by month,A,Annual,NR,Number,M03,March,IE,Ireland,1980,,6531,,,,,
dataflow,ESTAT:DEMO_FMONTH(1.0),Live births (total) by month,A,Annual,NR,Number,M03,March,IE,Ireland,1985,,5498,,,,,
dataflow,ESTAT:DEMO_FMONTH(1.0),Live births (total) by month,A,Annual,NR,Number,M03,March,IE,Ireland,1990,,4582,,,,,
dataflow,ESTAT:DEMO_FMONTH(1.0),Live births (total) by month,A,Annual,NR,Number,M03,March,IE,Ireland,1995,,4187,,,,,
dataflow,ESTAT:DEMO_FMONTH(1.0),Live births (total) by month,A,Annual,NR,Number,M03,March,IE,Ireland,2000,,4584,,,,,
dataflow,ESTAT:DEMO_FMONTH(1.0),Live births (total) by month,A,Annual,NR,Number,M03,March,IE,Ireland,2005,,5226,,,,,
dataflow,ESTAT:DEMO_FMONTH(1.0),Live births (total) by month,A,Annual,NR,Number,M03,March,IE,Ireland,2010,,6351,,,,,
dataflow,ESTAT:DEMO_FMONTH(1.0),Live births (total) by month,A,Annual,NR,Number,M03,March,IE,Ireland,2015,,5381,,,,,
dataflow,ESTAT:DEMO_FMONTH(1.0),Live births (total) by month,A,Annual,NR,Number,M03,March,IE,Ireland,2020,,4753,,,,,
dataflow,ESTAT:DEMO_FMONTH(1.0),Live births (total) by month,A,Annual,NR,Number,M03,March,IE,Ireland,2023,,4566,,,,,
dataflow,ESTAT:DEMO_FMONTH(1.0),Live births (total) by month,A,Annual,NR,Number,M03,March,IS,Iceland,1980,,402,,,,,
dataflow,ESTAT:DEMO_FMONTH(1.0),Live births (total) by month,A,Annual,NR,Number,M03,March,IS,Iceland,1985,,332,,,,,
dataflow,ESTAT:DEMO_FMONTH(1.0),Live births (total) by month,A,Annual,NR,Number,M03,March,IS,Iceland,1990,,410,,,,,
dataflow,ESTAT:DEMO_FMONTH(1.0),Live births (total) by month,A,Annual,NR,Number,M03,March,IS,Iceland,1995,,341,,,,,
dataflow,ESTAT:DEMO_FMONTH(1.0),Live births (total) by month,A,Annual,NR,Number,M03,March,IS,Iceland,2000,,372,,,,,
dataflow,ESTAT:DEMO_FMONTH(1.0),Live births (total) by month,A,Annual,NR,Number,M03,March,IS,Iceland,2005,,314,,,,,
dataflow,ESTAT:DEMO_FMONTH(1.0),Live births (total) by month,A,Annual,NR,Number,M03,March,IS,Iceland,2010,,401,,,,,
dataflow,ESTAT:DEMO_FMONTH(1.0),Live births (total) by month,A,Annual,NR,Number,M03,March,IS,Iceland,2015,,342,,,,,
dataflow,ESTAT:DEMO_FMONTH(1.0),Live births (total) by month,A,Annual,NR,Number,M03,March,IS,Iceland,2020,,356,,,,,
dataflow,ESTAT:DEMO_FMONTH(1.0),Live births (total) by month,A,Annual,NR,Number,M03,March,IS,Iceland,2023,,352,,,,,
dataflow,ESTAT:DEMO_FMONTH(1.0),Live births (total) by month,A,Annual,NR,Number,M03,March,IT,Italy,1980,,54757,,,,,
dataflow,ESTAT:DEMO_FMONTH(1.0),Live births (total) by month,A,Annual,NR,Number,M03,March,IT,Italy,1985,,48932,,,,,
dataflow,ESTAT:DEMO_FMONTH(1.0),Live births (total) by month,A,Annual,NR,Number,M03,March,IT,Italy,1990,,47236,,,,,
dataflow,ESTAT:DEMO_FMONTH(1.0),Live births (total) by month,A,Annual,NR,Number,M03,March,IT,Italy,1995,,42618,,,,,
dataflow,ESTAT:DEMO_FMONTH(1.0),Live births (total) by month,A,Annual,NR,Number,M03,March,IT,Italy,2000,,44321,,,,,
dataflow,ESTAT:DEMO_FMONTH(1.0),Live births (total) by month,A,Annual,NR,Number,M03,March,IT,Italy,2005,,46887,,,,,
dataflow,ESTAT:DEMO_FMONTH(1.0),Live births (total) by month,A,Annual,NR,Number,M03,March,IT,Italy,2010,,46291,,,,,
dataflow,ESTAT:DEMO_FMONTH(1.0),Live births (total) by month,A,Annual,NR,Number,M03,March,IT,Italy,2015,,39727,,,,,
dataflow,ESTAT:DEMO_FMONTH(1.0),Live births (total) by month,A,Annual,NR,Number,M03,March,IT,Italy,2020,,32003,,,,,
dataflow,ESTAT:DEMO_FMONTH(1.0),Live births (total) by month,A,Annual,NR,Number,M03,March,IT,Italy,2023,,29590,,,,,
dataflow,ESTAT:DEMO_FMONTH(1.0),Live births (total) by month,A,Annual,NR,Number,M03,March,LI,Liechtenstein,1980,,31,,,,,
dataflow,ESTAT:DEMO_FMONTH(1.0),Live births (total) by month,A,Annual,NR,Number,M03,March,LI,Liechtenstein,1985,,44,,,,,
dataflow,ESTAT:DEMO_FMONTH(1.0),Live births (total) by month,A,Annual,NR,Number,M03,March,LI,Liechtenstein,1990,,27,,,,,
dataflow,ESTAT:DEMO_FMONTH(1.0),Live births (total) by month,A,Annual,NR,Number,M03,March,LI,Liechtenstein,1995,,38,,,,,
dataflow,ESTAT:DEMO_FMONTH(1.0),Live births (total) by month,A,Annual,NR,Number,M03,March,LI,Liechtenstein,2000,,33,,,,,
dataflow,ESTAT:DEMO_FMONTH(1.0),Live births (total) by month,A,Annual,NR,Number,M03,March,LI,Liechtenstein,2005,,35,,,,,
dataflow,ESTAT:DEMO_FMONTH(1.0),Live births (total) by month,A,Annual,NR,Number,M03,March,LI,Liechtenstein,2010,,30,,,,,
dataflow,ESTAT:DEMO_FMONTH(1.0),Live births (total) by month,A,Annual,NR,Number,M03,March,LI,Liechtenstein,2015,,26,,,,,
dataflow,ESTAT:DEMO_FMONTH(1.0),Live births (total) by month,A,Annual,NR,Number,M03,March,LI,Liechtenstein,2020,,25,,,,,
dataflow,ESTAT:DEMO_FMONTH(1.0),Live births (total) by month,A,Annual,NR,Number,M03,March,LI,Liechtenstein,2023,,21,,,,,
dataflow,ESTAT:DEMO_FMONTH(1.0),Live births (total) by month,A,Annual,NR,Number,M03,March,LT,Lithuania,1995,,3759,,,,,
dataflow,ESTAT:DEMO_FMONTH(1.0),Live births (total) by month,A,Annual,NR,Number,M03,March,LT,Lithuania,2000,,3116,,,,,
dataflow,ESTAT:DEMO_FMONTH(1.0),Live births (total) by month,A,Annual,NR,Number,M03,March,LT,Lithuania,2005,,2619,,,,,
dataflow,ESTAT:DEMO_FMONTH(1.0),Live births (total) by month,A,Annual,NR,Number,M03,March,LT,Lithuania,2010,,2738,,,,,
dataflow,ESTAT:DEMO_FMONTH(1.0),Live births (total) by month,A,Annual,NR,Number,M03,March,LT,Lithuania,2015,,2423,,,,,
dataflow,ESTAT:DEMO_FMONTH(1.0),Live births (total) by month,A,Annual,NR,Number,M03,March,LT,Lithuania,2020,,1852,,,,,
dataflow,ESTAT:DEMO_FMONTH(1.0),Live births (total) by month,A,Annual,NR,Number,M03,March,LT,Lithuania,2023,,1804,,,,,
dataflow,ESTAT:DEMO_FMONTH(1.0),Live births (total) by month,A,Annual,NR,Number,M03,March,LU,Luxembourg,1980,,333,,,,,
dataflow,ESTAT:DEMO_FMONTH(1.0),Live births (total) by month,A,Annual,NR,Number,M03,March,LU,Luxembourg,1985,,357,,,,,
dataflow,ESTAT:DEMO_FMONTH(1.0),Live births (total) by month,A,Annual,NR,Number,M03,March,LU,Luxembourg,1990,,406,,,,,
dataflow,ESTAT:DEMO_FMONTH(1.0),Live births (total) by month,A,Annual,NR,Number,M03,March,LU,Luxembourg,1995,,492,,,,,
dataflow,ESTAT:DEMO_FMONTH(1.0),Live births (total) by month,A,Annual,NR,Number,M03,March,LU,Luxembourg,2000,,497,,,,,
dataflow,ESTAT:DEMO_FMONTH(1.0),Live births (total) by month,A,Annual,NR,Number,M03,March,LU,Luxembourg,2005,,478,,,,,
dataflow,ESTAT:DEMO_FMONTH(1.0),Live births (total) by month,A,Annual,NR,Number,M03,March,LU,Luxembourg,2010,,507,,,,,
dataflow,ESTAT:DEMO_FMONTH(1.0),Live births (total) by month,A,Annual,NR,Number,M03,March,LU,Luxembourg,2015,,469,,,,,
dataflow,ESTAT:DEMO_FMONTH(1.0),Live births (total) by month,A,Annual,NR,Number,M03,March,LU,Luxembourg,2020,,447,,,,,
dataflow,ESTAT:DEMO_FMONTH(1.0),Live births (total) by month,A,Annual,NR,Number,M03,March,LU,Luxembourg,2023,,549,,,,,
dataflow,ESTAT:DEMO_FMONTH(1.0),Live births (total) by month,A,Annual,NR,Number,M03,March,LV,Latvia,2000,,1777,,,,,
dataflow,ESTAT:DEMO_FMONTH(1.0),Live births (total) by month,A,Annual,NR,Number,M03,March,LV,Latvia,2005,,1924,,,,,
dataflow,ESTAT:DEMO_FMONTH(1.0),Live births (total) by month,A,Annual,NR,Number,M03,March,LV,Latvia,2010,,1804,,,,,
dataflow,ESTAT:DEMO_FMONTH(1.0),Live births (total) by month,A,Annual,NR,Number,M03,March,LV,Latvia,2015,,1839,,,,,
dataflow,ESTAT:DEMO_FMONTH(1.0),Live births (total) by month,A,Annual,NR,Number,M03,March,LV,Latvia,2020,,1471,,,,,
dataflow,ESTAT:DEMO_FMONTH(1.0),Live births (total) by month,A,Annual,NR,Number,M03,March,LV,Latvia,2023,,1294,,,,,
dataflow,ESTAT:DEMO_FMONTH(1.0),Live births (total) by month,A,Annual,NR,Number,M03,March,MC,Monaco,2005,,72,,,,,
dataflow,ESTAT:DEMO_FMONTH(1.0),Live births (total) by month,A,Annual,NR,Number,M03,March,MC,Monaco,2023,,20,,,,,
dataflow,ESTAT:DEMO_FMONTH(1.0),Live births (total) by month,A,Annual,NR,Number,M03,March,MD,Moldova,2005,,3177,,,,,
dataflow,ESTAT:DEMO_FMONTH(1.0),Live births (total) by month,A,Annual,NR,Number,M03,March,MD,Moldova,2010,,3372,,,,,
dataflow,ESTAT:DEMO_FMONTH(1.0),Live births (total) by month,A,Annual,NR,Number,M03,March,MD,Moldova,2015,,3187,,,,,
dataflow,ESTAT:DEMO_FMONTH(1.0),Live births (total) by month,A,Annual,NR,Number,M03,March,MD,Moldova,2020,,2340,,,,,
dataflow,ESTAT:DEMO_FMONTH(1.0),Live births (total) by month,A,Annual,NR,Number,M03,March,MD,Moldova,2023,,2027,,,,,
dataflow,ESTAT:DEMO_FMONTH(1.0),Live births (total) by month,A,Annual,NR,Number,M03,March,ME,Montenegro,2005,,592,,,,,
dataflow,ESTAT:DEMO_FMONTH(1.0),Live births (total) by month,A,Annual,NR,Number,M03,March,ME,Montenegro,2010,,563,,,,,
dataflow,ESTAT:DEMO_FMONTH(1.0),Live births (total) by month,A,Annual,NR,Number,M03,March,ME,Montenegro,2015,,609,,,,,
dataflow,ESTAT:DEMO_FMONTH(1.0),Live births (total) by month,A,Annual,NR,Number,M03,March,ME,Montenegro,2020,,549,,,,,
dataflow,ESTAT:DEMO_FMONTH(1.0),Live births (total) by month,A,Annual,NR,Number,M03,March,ME,Montenegro,2023,,567,,,,,
dataflow,ESTAT:DEMO_FMONTH(1.0),Live births (total) by month,A,Annual,NR,Number,M03,March,MK,North Macedonia,1995,,2546,,,,,
dataflow,ESTAT:DEMO_FMONTH(1.0),Live births (total) by month,A,Annual,NR,Number,M03,March,MK,North Macedonia,2000,,2359,,,,,
dataflow,ESTAT:DEMO_FMONTH(1.0),Live births (total) by month,A,Annual,NR,Number,M03,March,MK,North Macedonia,2005,,1870,,,,,
dataflow,ESTAT:DEMO_FMONTH(1.0),Live births (total) by month,A,Annual,NR,Number,M03,March,MK,North Macedonia,2010,,1930,,,,,
dataflow,ESTAT:DEMO_FMONTH(1.0),Live births (total) by month,A,Annual,NR,Number,M03,March,MK,North Macedonia,2015,,1890,,,,,
dataflow,ESTAT:DEMO_FMONTH(1.0),Live births (total) by month,A,Annual,NR,Number,M03,March,MK,North Macedonia,2020,,1424,,,,,
dataflow,ESTAT:DEMO_FMONTH(1.0),Live births (total) by month,A,Annual,NR,Number,M03,March,MK,North Macedonia,2023,,1310,,,,,
dataflow,ESTAT:DEMO_FMONTH(1.0),Live births (total) by month,A,Annual,NR,Number,M03,March,MT,Malta,1995,,376,,,,,
dataflow,ESTAT:DEMO_FMONTH(1.0),Live births (total) by month,A,Annual,NR,Number,M03,March,MT,Malta,2000,,361,,,,,
dataflow,ESTAT:DEMO_FMONTH(1.0),Live births (total) by month,A,Annual,NR,Number,M03,March,MT,Malta,2005,,324,,,,,
dataflow,ESTAT:DEMO_FMONTH(1.0),Live births (total) by month,A,Annual,NR,Number,M03,March,MT,Malta,2010,,318,,,,,
dataflow,ESTAT:DEMO_FMONTH(1.0),Live births (total) by month,A,Annual,NR,Number,M03,March,MT,Malta,2015,,381,,,,,
dataflow,ESTAT:DEMO_FMONTH(1.0),Live births (total) by month,A,Annual,NR,Number,M03,March,MT,Malta,2020,,356,,,,,
dataflow,ESTAT:DEMO_FMONTH(1.0),Live births (total) by month,A,Annual,NR,Number,M03,March,MT,Malta,2023,,366,,,,,
dataflow,ESTAT:DEMO_FMONTH(1.0),Live births (total) by month,A,Annual,NR,Number,M03,March,NL,Netherlands,1980,,14978,,,,,
dataflow,ESTAT:DEMO_FMONTH(1.0),Live births (total) by month,A,Annual,NR,Number,M03,March,NL,Netherlands,1985,,15425,,,,,
dataflow,ESTAT:DEMO_FMONTH(1.0),Live births (total) by month,A,Annual,NR,Number,M03,March,NL,Netherlands,1990,,16634,,,,,
dataflow,ESTAT:DEMO_FMONTH(1.0),Live births (total) by month,A,Annual,NR,Number,M03,March,NL,Netherlands,1995,,16205,,,,,
dataflow,ESTAT:DEMO_FMONTH(1.0),Live births (total) by month,A,Annual,NR,Number,M03,March,NL,Netherlands,2000,,17445,,,,,
dataflow,ESTAT:DEMO_FMONTH(1.0),Live births (total) by month,A,Annual,NR,Number,M03,March,NL,Netherlands,2005,,15876,,,,,
dataflow,ESTAT:DEMO_FMONTH(1.0),Live births (total) by month,A,Annual,NR,Number,M03,March,NL,Netherlands,2010,,14994,,,,,
dataflow,ESTAT:DEMO_FMONTH(1.0),Live births (total) by month,A,Annual,NR,Number,M03,March,NL,Netherlands,2015,,13597,,,,,
dataflow,ESTAT:DEMO_FMONTH(1.0),Live births (total) by month,A,Annual,NR,Number,M03,March,NL,Netherlands,2020,,13556,,,,,
dataflow,ESTAT:DEMO_FMONTH(1.0),Live births (total) by month,A,Annual,NR,Number,M03,March,NL,Netherlands,2023,,13725,,,,,
dataflow,ESTAT:DEMO_FMONTH(1.0),Live births (total) by month,A,Annual,NR,Number,M03,March,NO,Norway,1980,,4783,,,,,
dataflow,ESTAT:DEMO_FMONTH(1.0),Live births (total) by month,A,Annual,NR,Number,M03,March,NO,Norway,1985,,4762,,,,,
dataflow,ESTAT:DEMO_FMONTH(1.0),Live births (total) by month,A,Annual,NR,Number,M03,March,NO,Norway,1990,,5516,,,,,
dataflow,ESTAT:DEMO_FMONTH(1.0),Live births (total) by month,A,Annual,NR,Number,M03,March,NO,Norway,1995,,5364,,,,,
dataflow,ESTAT:DEMO_FMONTH(1.0),Live births (total) by month,A,Annual,NR,Number,M03,March,NO,Norway,2000,,5326,,,,,
dataflow,ESTAT:DEMO_FMONTH(1.0),Live births (total) by month,A,Annual,NR,Number,M03,March,NO,Norway,2005,,4840,,,,,
dataflow,ESTAT:DEMO_FMONTH(1.0),Live births (total) by month,A,Annual,NR,Number,M03,March,NO,Norway,2010,,5181,,,,,
dataflow,ESTAT:DEMO_FMONTH(1.0),Live births (total) by month,A,Annual,NR,Number,M03,March,NO,Norway,2015,,4759,,,,,
dataflow,ESTAT:DEMO_FMONTH(1.0),Live births (total) by month,A,Annual,NR,Number,M03,March,NO,Norway,2020,,4475,,,,,
dataflow,ESTAT:DEMO_FMONTH(1.0),Live births (total) by month,A,Annual,NR,Number,M03,March,NO,Norway,2023,,4420,,,,,
dataflow,ESTAT:DEMO_FMONTH(1.0),Live births (total) by month,A,Annual,NR,Number,M03,March,PL,Poland,1995,,39911,,,,,
dataflow,ESTAT:DEMO_FMONTH(1.0),Live births (total) by month,A,Annual,NR,Number,M03,March,PL,Poland,2000,,32838,,,,,
dataflow,ESTAT:DEMO_FMONTH(1.0),Live births (total) by month,A,Annual,NR,Number,M03,March,PL,Poland,2005,,32333,,,,,
dataflow,ESTAT:DEMO_FMONTH(1.0),Live births (total) by month,A,Annual,NR,Number,M03,March,PL,Poland,2010,,36619,,,,,
dataflow,ESTAT:DEMO_FMONTH(1.0),Live births (total) by month,A,Annual,NR,Number,M03,March,PL,Poland,2015,,30769,,,,,
dataflow,ESTAT:DEMO_FMONTH(1.0),Live births (total) by month,A,Annual,NR,Number,M03,March,PL,Poland,2020,,28395,,,,,
dataflow,ESTAT:DEMO_FMONTH(1.0),Live births (total) by month,A,Annual,NR,Number,M03,March,PL,Poland,2023,,23981,,,,,
dataflow,ESTAT:DEMO_FMONTH(1.0),Live births (total) by month,A,Annual,NR,Number,M03,March,PT,Portugal,1980,,13361,,,,,
dataflow,ESTAT:DEMO_FMONTH(1.0),Live births (total) by month,A,Annual,NR,Number,M03,March,PT,Portugal,1985,,11016,,,,,
dataflow,ESTAT:DEMO_FMONTH(1.0),Live births (total) by month,A,Annual,NR,Number,M03,March,PT,Portugal,1990,,9619,,,,,
dataflow,ESTAT:DEMO_FMONTH(1.0),Live births (total) by month,A,Annual,NR,Number,M03,March,PT,Portugal,1995,,9176,,,,,
dataflow,ESTAT:DEMO_FMONTH(1.0),Live births (total) by month,A,Annual,NR,Number,M03,March,PT,Portugal,2000,,9667,,,,,
dataflow,ESTAT:DEMO_FMONTH(1.0),Live births (total) by month,A,Annual,NR,Number,M03,March,PT,Portugal,2005,,8793,,,,,
dataflow,ESTAT:DEMO_FMONTH(1.0),Live births (total) by month,A,Annual,NR,Number,M03,March,PT,Portugal,2010,,8286,,,,,
dataflow,ESTAT:DEMO_FMONTH(1.0),Live births (total) by month,A,Annual,NR,Number,M03,March,PT,Portugal,2015,,6853,,,,,
dataflow,ESTAT:DEMO_FMONTH(1.0),Live births (total) by month,A,Annual,NR,Number,M03,March,PT,Portugal,2020,,7129,,,,,
dataflow,ESTAT:DEMO_FMONTH(1.0),Live births (total) by month,A,Annual,NR,Number,M03,March,PT,Portugal,2023,,7045,,,,,
dataflow,ESTAT:DEMO_FMONTH(1.0),Live births (total) by month,A,Annual,NR,Number,M03,March,RO,Romania,1995,,20077,,,,,
dataflow,ESTAT:DEMO_FMONTH(1.0),Live births (total) by month,A,Annual,NR,Number,M03,March,RO,Romania,2000,,19951,,,,,
dataflow,ESTAT:DEMO_FMONTH(1.0),Live births (total) by month,A,Annual,NR,Number,M03,March,RO,Romania,2005,,18213,,,,,
dataflow,ESTAT:DEMO_FMONTH(1.0),Live births (total) by month,A,Annual,NR,Number,M03,March,RO,Romania,2010,,17785,,,,,
dataflow,ESTAT:DEMO_FMONTH(1.0),Live births (total) by month,A,Annual,NR,Number,M03,March,RO,Romania,2015,,15928,,,,,
dataflow,ESTAT:DEMO_FMONTH(1.0),Live births (total) by month,A,Annual,NR,Number,M03,March,RO,Romania,2020,,15473,,,,,
dataflow,ESTAT:DEMO_FMONTH(1.0),Live births (total) by month,A,Annual,NR,Number,M03,March,RO,Romania,2023,,13629,,,,,
dataflow,ESTAT:DEMO_FMONTH(1.0),Live births (total) by month,A,Annual,NR,Number,M03,March,RS,Serbia,2000,,5876,,,,,
dataflow,ESTAT:DEMO_FMONTH(1.0),Live births (total) by month,A,Annual,NR,Number,M03,March,RS,Serbia,2005,,6104,,,,,
dataflow,ESTAT:DEMO_FMONTH(1.0),Live births (total) by month,A,Annual,NR,Number,M03,March,RS,Serbia,2010,,5512,,,,,
dataflow,ESTAT:DEMO_FMONTH(1.0),Live births (total) by month,A,Annual,NR,Number,M03,March,RS,Serbia,2015,,5162,,,,,
dataflow,ESTAT:DEMO_FMONTH(1.0),Live births (total) by month,A,Annual,NR,Number,M03,March,RS,Serbia,2020,,4588,,,,,
dataflow,ESTAT:DEMO_FMONTH(1.0),Live births (total) by month,A,Annual,NR,Number,M03,March,RS,Serbia,2023,,4874,,,,,
dataflow,ESTAT:DEMO_FMONTH(1.0),Live births (total) by month,A,Annual,NR,Number,M03,March,RU,Russia,2005,,126911,,,,,
dataflow,ESTAT:DEMO_FMONTH(1.0),Live births (total) by month,A,Annual,NR,Number,M03,March,RU,Russia,2010,,149614,,,,,
dataflow,ESTAT:DEMO_FMONTH(1.0),Live births (total) by month,A,Annual,NR,Number,M03,March,SE,Sweden,1980,,9409,,,,,
dataflow,ESTAT:DEMO_FMONTH(1.0),Live births (total) by month,A,Annual,NR,Number,M03,March,SE,Sweden,1985,,9503,,,,,
dataflow,ESTAT:DEMO_FMONTH(1.0),Live births (total) by month,A,Annual,NR,Number,M03,March,SE,Sweden,1990,,11594,,,,,
dataflow,ESTAT:DEMO_FMONTH(1.0),Live births (total) by month,A,Annual,NR,Number,M03,March,SE,Sweden,1995,,9922,,,,,
dataflow,ESTAT:DEMO_FMONTH(1.0),Live births (total) by month,A,Annual,NR,Number,M03,March,SE,Sweden,2000,,8001,,,,,
dataflow,ESTAT:DEMO_FMONTH(1.0),Live births (total) by month,A,Annual,NR,Number,M03,March,SE,Sweden,2005,,8953,,,,,
dataflow,ESTAT:DEMO_FMONTH(1.0),Live births (total) by month,A,Annual,NR,Number,M03,March,SE,Sweden,2010,,10281,,,,,
dataflow,ESTAT:DEMO_FMONTH(1.0),Live births (total) by month,A,Annual,NR,Number,M03,March,SE,Sweden,2015,,9501,,,,,
dataflow,ESTAT:DEMO_FMONTH(1.0),Live births (total) by month,A,Annual,NR,Number,M03,March,SE,Sweden,2020,,9646,,,,,
dataflow,ESTAT:DEMO_FMONTH(1.0),Live births (total) by month,A,Annual,NR,Number,M03,March,SE,Sweden,2023,,8727,,,,,
dataflow,ESTAT:DEMO_FMONTH(1.0),Live births (total) by month,A,Annual,NR,Number,M03,March,SI,Slovenia,1995,,1618,,,,,
dataflow,ESTAT:DEMO_FMONTH(1.0),Live births (total) by month,A,Annual,NR,Number,M03,March,SI,Slovenia,2000,,1522,,,,,
dataflow,ESTAT:DEMO_FMONTH(1.0),Live births (total) by month,A,Annual,NR,Number,M03,March,SI,Slovenia,2005,,1517,,,,,
dataflow,ESTAT:DEMO_FMONTH(1.0),Live births (total) by month,A,Annual,NR,Number,M03,March,SI,Slovenia,2010,,1898,,,,,
dataflow,ESTAT:DEMO_FMONTH(1.0),Live births (total) by month,A,Annual,NR,Number,M03,March,SI,Slovenia,2015,,1599,,,,,
dataflow,ESTAT:DEMO_FMONTH(1.0),Live births (total) by month,A,Annual,NR,Number,M03,March,SI,Slovenia,2020,,1527,,,,,
dataflow,ESTAT:DEMO_FMONTH(1.0),Live births (total) by month,A,Annual,NR,Number,M03,March,SI,Slovenia,2023,,1313,,,,,
dataflow,ESTAT:DEMO_FMONTH(1.0),Live births (total) by month,A,Annual,NR,Number,M03,March,SK,Slovakia,2000,,4848,,,,,
dataflow,ESTAT:DEMO_FMONTH(1.0),Live births (total) by month,A,Annual,NR,Number,M03,March,SK,Slovakia,2005,,4712,,,,,
dataflow,ESTAT:DEMO_FMONTH(1.0),Live births (total) by month,A,Annual,NR,Number,M03,March,SK,Slovakia,2010,,5327,,,,,
dataflow,ESTAT:DEMO_FMONTH(1.0),Live births (total) by month,A,Annual,NR,Number,M03,March,SK,Slovakia,2015,,4371,,,,,
dataflow,ESTAT:DEMO_FMONTH(1.0),Live births (total) by month,A,Annual,NR,Number,M03,March,SK,Slovakia,2020,,4460,,,,,
dataflow,ESTAT:DEMO_FMONTH(1.0),Live births (total) by month,A,Annual,NR,Number,M03,March,SK,Slovakia,2023,,4178,,,,,
dataflow,ESTAT:DEMO_FMONTH(1.0),Live births (total) by month,A,Annual,NR,Number,M03,March,SM,San Marino,2005,,24,,,,,
dataflow,ESTAT:DEMO_FMONTH(1.0),Live births (total) by month,A,Annual,NR,Number,M03,March,TR,Türkiye,2010,,101903,,,,,
dataflow,ESTAT:DEMO_FMONTH(1.0),Live births (total) by month,A,Annual,NR,Number,M03,March,TR,Türkiye,2015,,105148,,,,,
dataflow,ESTAT:DEMO_FMONTH(1.0),Live births (total) by month,A,Annual,NR,Number,M03,March,TR,Türkiye,2020,,89308,,,,,
dataflow,ESTAT:DEMO_FMONTH(1.0),Live births (total) by month,A,Annual,NR,Number,M03,March,UA,Ukraine,2005,,35389,,,,,
dataflow,ESTAT:DEMO_FMONTH(1.0),Live births (total) by month,A,Annual,NR,Number,M03,March,UA,Ukraine,2010,,41893,,,,,
dataflow,ESTAT:DEMO_FMONTH(1.0),Live births (total) by month,A,Annual,NR,Number,M03,March,UA,Ukraine,2015,,33260,,,,,
dataflow,ESTAT:DEMO_FMONTH(1.0),Live births (total) by month,A,Annual,NR,Number,M03,March,UA,Ukraine,2020,,19409,,,,,
dataflow,ESTAT:DEMO_FMONTH(1.0),Live births (total) by month,A,Annual,NR,Number,M03,March,UK,United Kingdom,1980,,64798,,,,,
dataflow,ESTAT:DEMO_FMONTH(1.0),Live births (total) by month,A,Annual,NR,Number,M03,March,UK,United Kingdom,1985,,64099,,,,,
dataflow,ESTAT:DEMO_FMONTH(1.0),Live births (total) by month,A,Annual,NR,Number,M03,March,UK,United Kingdom,1990,,66645,,,,,
dataflow,ESTAT:DEMO_FMONTH(1.0),Live births (total) by month,A,Annual,NR,Number,M03,March,UK,United Kingdom,1995,,62677,,,,,
dataflow,ESTAT:DEMO_FMONTH(1.0),Live births (total) by month,A,Annual,NR,Number,M03,March,UK,United Kingdom,2000,,57667,,,,,
dataflow,ESTAT:DEMO_FMONTH(1.0),Live births (total) by month,A,Annual,NR,Number,M03,March,UK,United Kingdom,2005,,60006,,,,,
dataflow,ESTAT:DEMO_FMONTH(1.0),Live births (total) by month,A,Annual,NR,Number,M03,March,UK,United Kingdom,2010,,67246,,,,,
dataflow,ESTAT:DEMO_FMONTH(1.0),Live births (total) by month,A,Annual,NR,Number,M03,March,UK,United Kingdom,2015,,63042,,,,,
dataflow,ESTAT:DEMO_FMONTH(1.0),Live births (total) by month,A,Annual,NR,Number,M03,March,XK,Kosovo*,2005,,2904,,,,,
dataflow,ESTAT:DEMO_FMONTH(1.0),Live births (total) by month,A,Annual,NR,Number,M03,March,XK,Kosovo*,2015,,1902,,,,,
dataflow,ESTAT:DEMO_FMONTH(1.0),Live births (total) by month,A,Annual,NR,Number,M03,March,XK,Kosovo*,2020,,1625,,,,,
dataflow,ESTAT:DEMO_FMONTH(1.0),Live births (total) by month,A,Annual,NR,Number,M04,April,AD,Andorra,2005,,76,,,,,
dataflow,ESTAT:DEMO_FMONTH(1.0),Live births (total) by month,A,Annual,NR,Number,M04,April,AD,Andorra,2010,,70,,,,,
dataflow,ESTAT:DEMO_FMONTH(1.0),Live births (total) by month,A,Annual,NR,Number,M04,April,AL,Albania,2005,,2991,,,,,
dataflow,ESTAT:DEMO_FMONTH(1.0),Live births (total) by month,A,Annual,NR,Number,M04,April,AL,Albania,2015,,2489,,,,,
dataflow,ESTAT:DEMO_FMONTH(1.0),Live births (total) by month,A,Annual,NR,Number,M04,April,AL,Albania,2020,,2070,,,,,
dataflow,ESTAT:DEMO_FMONTH(1.0),Live births (total) by month,A,Annual,NR,Number,M04,April,AL,Albania,2023,,1614,,,,,
dataflow,ESTAT:DEMO_FMONTH(1.0),Live births (total) by month,A,Annual,NR,Number,M04,April,AM,Armenia,2005,,2800,,,,,
dataflow,ESTAT:DEMO_FMONTH(1.0),Live births (total) by month,A,Annual,NR,Number,M04,April,AM,Armenia,2015,,2985,,,,,
dataflow,ESTAT:DEMO_FMONTH(1.0),Live births (total) by month,A,Annual,NR,Number,M04,April,AM,Armenia,2020,,2695,,,,,
dataflow,ESTAT:DEMO_FMONTH(1.0),Live births (total) by month,A,Annual,NR,Number,M04,April,AM,Armenia,2023,,2623,,,,,
dataflow,ESTAT:DEMO_FMONTH(1.0),Live births (total) by month,A,Annual,NR,Number,M04,April,AT,Austria,1980,,7499,,,,,
dataflow,ESTAT:DEMO_FMONTH(1.0),Live births (total) by month,A,Annual,NR,Number,M04,April,AT,Austria,1985,,7271,,,,,
dataflow,ESTAT:DEMO_FMONTH(1.0),Live births (total) by month,A,Annual,NR,Number,M04,April,AT,Austria,1990,,7231,,,,,
dataflow,ESTAT:DEMO_FMONTH(1.0),Live births (total) by month,A,Annual,NR,Number,M04,April,AT,Austria,1995,,7259,,,,,
dataflow,ESTAT:DEMO_FMONTH(1.0),Live births (total) by month,A,Annual,NR,Number,M04,April,AT,Austria,2000,,6327,,,,,
dataflow,ESTAT:DEMO_FMONTH(1.0),Live births (total) by month,A,Annual,NR,Number,M04,April,AT,Austria,2005,,6337,,,,,
dataflow,ESTAT:DEMO_FMONTH(1.0),Live births (total) by month,A,Annual,NR,Number,M04,April,AT,Austria,2010,,6211,,,,,
dataflow,ESTAT:DEMO_FMONTH(1.0),Live births (total) by month,A,Annual,NR,Number,M04,April,AT,Austria,2015,,6784,,,,,
dataflow,ESTAT:DEMO_FMONTH(1.0),Live births (total) by month,A,Annual,NR,Number,M04,April,AT,Austria,2020,,6666,,,,,
dataflow,ESTAT:DEMO_FMONTH(1.0),Live births (total) by month,A,Annual,NR,Number,M04,April,AT,Austria,2023,,6194,,,,,
dataflow,ESTAT:DEMO_FMONTH(1.0),Live births (total) by month,A,Annual,NR,Number,M04,April,AZ,Azerbaijan,2005,,11094,,,,,
dataflow,ESTAT:DEMO_FMONTH(1.0),Live births (total) by month,A,Annual,NR,Number,M04,April,AZ,Azerbaijan,2010,,13496,,,,,
dataflow,ESTAT:DEMO_FMONTH(1.0),Live births (total) by month,A,Annual,NR,Number,M04,April,AZ,Azerbaijan,2015,,15181,,,,,
dataflow,ESTAT:DEMO_FMONTH(1.0),Live births (total) by month,A,Annual,NR,Number,M04,April,AZ,Azerbaijan,2020,,6059,,,,,
dataflow,ESTAT:DEMO_FMONTH(1.0),Live births (total) by month,A,Annual,NR,Number,M04,April,BA,Bosnia and Herzegovina,2005,,2645,,,,,
dataflow,ESTAT:DEMO_FMONTH(1.0),Live births (total) by month,A,Annual,NR,Number,M04,April,BA,Bosnia and Herzegovina,2010,,2735,,,,,
dataflow,ESTAT:DEMO_FMONTH(1.0),Live births (total) by month,A,Annual,NR,Number,M04,April,BA,Bosnia and Herzegovina,2023,,1771,,p,provisional,,
dataflow,ESTAT:DEMO_FMONTH(1.0),Live births (total) by month,A,Annual,NR,Number,M04,April,BE,Belgium,1980,,10570,,,,,
dataflow,ESTAT:DEMO_FMONTH(1.0),Live births (total) by month,A,Annual,NR,Number,M04,April,BE,Belgium,1985,,9788,,,,,
dataflow,ESTAT:DEMO_FMONTH(1.0),Live births (total) by month,A,Annual,NR,Number,M04,April,BE,Belgium,1990,,10295,,,,,
dataflow,ESTAT:DEMO_FMONTH(1.0),Live births (total) by month,A,Annual,NR,Number,M04,April,BE,Belgium,1995,,8993,,,,,
dataflow,ESTAT:DEMO_FMONTH(1.0),Live births (total) by month,A,Annual,NR,Number,M04,April,BE,Belgium,2000,,9336,,,,,
dataflow,ESTAT:DEMO_FMONTH(1.0),Live births (total) by month,A,Annual,NR,Number,M04,April,BE,Belgium,2005,,9819,,,,,
dataflow,ESTAT:DEMO_FMONTH(1.0),Live births (total) by month,A,Annual,NR,Number,M04,April,BE,Belgium,2010,,10218,,,,,
dataflow,ESTAT:DEMO_FMONTH(1.0),Live births (total) by month,A,Annual,NR,Number,M04,April,BE,Belgium,2015,,9986,,,,,
dataflow,ESTAT:DEMO_FMONTH(1.0),Live births (total) by month,A,Annual,NR,Number,M04,April,BE,Belgium,2020,,9548,,,,,
dataflow,ESTAT:DEMO_FMONTH(1.0),Live births (total) by month,A,Annual,NR,Number,M04,April,BE,Belgium,2023,,9034,,,,,
dataflow,ESTAT:DEMO_FMONTH(1.0),Live births (total) by month,A,Annual,NR,Number,M04,April,BG,Bulgaria,1995,,5790,,,,,
dataflow,ESTAT:DEMO_FMONTH(1.0),Live births (total) by month,A,Annual,NR,Number,M04,April,BG,Bulgaria,2000,,5883,,,,,
dataflow,ESTAT:DEMO_FMONTH(1.0),Live births (total) by month,A,Annual,NR,Number,M04,April,BG,Bulgaria,2005,,5820,,,,,
dataflow,ESTAT:DEMO_FMONTH(1.0),Live births (total) by month,A,Annual,NR,Number,M04,April,BG,Bulgaria,2010,,5991,,,,,
dataflow,ESTAT:DEMO_FMONTH(1.0),Live births (total) by month,A,Annual,NR,Number,M04,April,BG,Bulgaria,2015,,5373,,,,,
dataflow,ESTAT:DEMO_FMONTH(1.0),Live births (total) by month,A,Annual,NR,Number,M04,April,BG,Bulgaria,2020,,4712,,,,,
dataflow,ESTAT:DEMO_FMONTH(1.0),Live births (total) by month,A,Annual,NR,Number,M04,April,BG,Bulgaria,2023,,4436,,,,,
dataflow,ESTAT:DEMO_FMONTH(1.0),Live births (total) by month,A,Annual,NR,Number,M04,April,BY,Belarus,2005,,7313,,,,,
dataflow,ESTAT:DEMO_FMONTH(1.0),Live births (total) by month,A,Annual,NR,Number,M04,April,BY,Belarus,2015,,9398,,,,,
dataflow,ESTAT:DEMO_FMONTH(1.0),Live births (total) by month,A,Annual,NR,Number,M04,April,CH,Switzerland,1980,,6353,,,,,
dataflow,ESTAT:DEMO_FMONTH(1.0),Live births (total) by month,A,Annual,NR,Number,M04,April,CH,Switzerland,1985,,6452,,,,,
dataflow,ESTAT:DEMO_FMONTH(1.0),Live births (total) by month,A,Annual,NR,Number,M04,April,CH,Switzerland,1990,,6958,,,,,
dataflow,ESTAT:DEMO_FMONTH(1.0),Live births (total) by month,A,Annual,NR,Number,M04,April,CH,Switzerland,1995,,6585,,,,,
dataflow,ESTAT:DEMO_FMONTH(1.0),Live births (total) by month,A,Annual,NR,Number,M04,April,CH,Switzerland,2000,,6538,,,,,
dataflow,ESTAT:DEMO_FMONTH(1.0),Live births (total) by month,A,Annual,NR,Number,M04,April,CH,Switzerland,2005,,5949,,,,,
dataflow,ESTAT:DEMO_FMONTH(1.0),Live births (total) by month,A,Annual,NR,Number,M04,April,CH,Switzerland,2010,,6379,,,,,
dataflow,ESTAT:DEMO_FMONTH(1.0),Live births (total) by month,A,Annual,NR,Number,M04,April,CH,Switzerland,2015,,6984,,,,,
dataflow,ESTAT:DEMO_FMONTH(1.0),Live births (total) by month,A,Annual,NR,Number,M04,April,CH,Switzerland,2020,,7060,,,,,
dataflow,ESTAT:DEMO_FMONTH(1.0),Live births (total) by month,A,Annual,NR,Number,M04,April,CH,Switzerland,2023,,6424,,,,,
dataflow,ESTAT:DEMO_FMONTH(1.0),Live births (total) by month,A,Annual,NR,Number,M04,April,CY,Cyprus,1995,,779,,,,,
dataflow,ESTAT:DEMO_FMONTH(1.0),Live births (total) by month,A,Annual,NR,Number,M04,April,CY,Cyprus,2000,,596,,,,,
dataflow,ESTAT:DEMO_FMONTH(1.0),Live births (total) by month,A,Annual,NR,Number,M04,April,CY,Cyprus,2005,,608,,,,,
dataflow,ESTAT:DEMO_FMONTH(1.0),Live births (total) by month,A,Annual,NR,Number,M04,April,CY,Cyprus,2010,,667,,,,,
dataflow,ESTAT:DEMO_FMONTH(1.0),Live births (total) by month,A,Annual,NR,Number,M04,April,CY,Cyprus,2015,,684,,,,,
dataflow,ESTAT:DEMO_FMONTH(1.0),Live births (total) by month,A,Annual,NR,Number,M04,April,CY,Cyprus,2020,,729,,,,,
dataflow,ESTAT:DEMO_FMONTH(1.0),Live births (total) by month,A,Annual,NR,Number,M04,April,CY,Cyprus,2023,,791,,,,,
dataflow,ESTAT:DEMO_FMONTH(1.0),Live births (total) by month,A,Annual,NR,Number,M04,April,CZ,Czechia,1990,,11246,,,,,
dataflow,ESTAT:DEMO_FMONTH(1.0),Live births (total) by month,A,Annual,NR,Number,M04,April,CZ,Czechia,1995,,8185,,,,,
dataflow,ESTAT:DEMO_FMONTH(1.0),Live births (total) by month,A,Annual,NR,Number,M04,April,CZ,Czechia,2000,,7983,,,,,
dataflow,ESTAT:DEMO_FMONTH(1.0),Live births (total) by month,A,Annual,NR,Number,M04,April,CZ,Czechia,2005,,8838,,,,,
dataflow,ESTAT:DEMO_FMONTH(1.0),Live births (total) by month,A,Annual,NR,Number,M04,April,CZ,Czechia,2010,,9557,,,,,
dataflow,ESTAT:DEMO_FMONTH(1.0),Live births (total) by month,A,Annual,NR,Number,M04,April,CZ,Czechia,2015,,9120,,,,,
dataflow,ESTAT:DEMO_FMONTH(1.0),Live births (total) by month,A,Annual,NR,Number,M04,April,CZ,Czechia,2020,,8968,,,,,
dataflow,ESTAT:DEMO_FMONTH(1.0),Live births (total) by month,A,Annual,NR,Number,M04,April,CZ,Czechia,2023,,7384,,,,,
dataflow,ESTAT:DEMO_FMONTH(1.0),Live births (total) by month,A,Annual,NR,Number,M04,April,DE,Germany,1980,,50272,,,,,
dataflow,ESTAT:DEMO_FMONTH(1.0),Live births (total) by month,A,Annual,NR,Number,M04,April,DE,Germany,1985,,48580,,,,,
dataflow,ESTAT:DEMO_FMONTH(1.0),Live births (total) by month,A,Annual,NR,Number,M04,April,DE,Germany,1990,,55332,,,,,
dataflow,ESTAT:DEMO_FMONTH(1.0),Live births (total) by month,A,Annual,NR,Number,M04,April,DE,Germany,1995,,58170,,,,,
dataflow,ESTAT:DEMO_FMONTH(1.0),Live births (total) by month,A,Annual,NR,Number,M04,April,DE,Germany,2000,,61215,,,,,
dataflow,ESTAT:DEMO_FMONTH(1.0),Live births (total) by month,A,Annual,NR,Number,M04,April,DE,Germany,2005,,55684,,,,,
dataflow,ESTAT:DEMO_FMONTH(1.0),Live births (total) by month,A,Annual,NR,Number,M04,April,DE,Germany,2010,,52020,,,,,
dataflow,ESTAT:DEMO_FMONTH(1.0),Live births (total) by month,A,Annual,NR,Number,M04,April,DE,Germany,2015,,56664,,,,,
dataflow,ESTAT:DEMO_FMONTH(1.0),Live births (total) by month,A,Annual,NR,Number,M04,April,DE,Germany,2020,,61239,,,,,
dataflow,ESTAT:DEMO_FMONTH(1.0),Live births (total) by month,A,Annual,NR,Number,M04,April,DE,Germany,2023,,54056,,,,,
dataflow,ESTAT:DEMO_FMONTH(1.0),Live births (total) by month,A,Annual,NR,Number,M04,April,DE_TOT,Germany including former GDR,1980,,71803,,,,,
dataflow,ESTAT:DEMO_FMONTH(1.0),Live births (total) by month,A,Annual,NR,Number,M04,April,DE_TOT,Germany including former GDR,1985,,68183,,,,,
dataflow,ESTAT:DEMO_FMONTH(1.0),Live births (total) by month,A,Annual,NR,Number,M04,April,DE_TOT,Germany including former GDR,1990,,72614,,,,,
dataflow,ESTAT:DEMO_FMONTH(1.0),Live births (total) by month,A,Annual,NR,Number,M04,April,DE_TOT,Germany including former GDR,1995,,58170,,,,,
dataflow,ESTAT:DEMO_FMONTH(1.0),Live births (total) by month,A,Annual,NR,Number,M04,April,DE_TOT,Germany including former GDR,2000,,61215,,,,,
dataflow,ESTAT:DEMO_FMONTH(1.0),Live births (total) by month,A,Annual,NR,Number,M04,April,DE_TOT,Germany including former GDR,2005,,55684,,,,,
dataflow,ESTAT:DEMO_FMONTH(1.0),Live births (total) by month,A,Annual,NR,Number,M04,April,DE_TOT,Germany including former GDR,2010,,52020,,,,,
dataflow,ESTAT:DEMO_FMONTH(1.0),Live births (total) by month,A,Annual,NR,Number,M04,April,DE_TOT,Germany including former GDR,2015,,56664,,,,,
dataflow,ESTAT:DEMO_FMONTH(1.0),Live births (total) by month,A,Annual,NR,Number,M04,April,DE_TOT,Germany including former GDR,2020,,61239,,,,,
dataflow,ESTAT:DEMO_FMONTH(1.0),Live births (total) by month,A,Annual,NR,Number,M04,April,DE_TOT,Germany including former GDR,2023,,54056,,,,,
dataflow,ESTAT:DEMO_FMONTH(1.0),Live births (total) by month,A,Annual,NR,Number,M04,April,DK,Denmark,1980,,5345,,,,,
dataflow,ESTAT:DEMO_FMONTH(1.0),Live births (total) by month,A,Annual,NR,Number,M04,April,DK,Denmark,1985,,4929,,,,,
dataflow,ESTAT:DEMO_FMONTH(1.0),Live births (total) by month,A,Annual,NR,Number,M04,April,DK,Denmark,1990,,5426,,,,,
dataflow,ESTAT:DEMO_FMONTH(1.0),Live births (total) by month,A,Annual,NR,Number,M04,April,DK,Denmark,1995,,5831,,,,,
dataflow,ESTAT:DEMO_FMONTH(1.0),Live births (total) by month,A,Annual,NR,Number,M04,April,DK,Denmark,2000,,5768,,,,,
dataflow,ESTAT:DEMO_FMONTH(1.0),Live births (total) by month,A,Annual,NR,Number,M04,April,DK,Denmark,2005,,5370,,,,,
dataflow,ESTAT:DEMO_FMONTH(1.0),Live births (total) by month,A,Annual,NR,Number,M04,April,DK,Denmark,2010,,4936,,,,,
dataflow,ESTAT:DEMO_FMONTH(1.0),Live births (total) by month,A,Annual,NR,Number,M04,April,DK,Denmark,2015,,4472,,,,,
dataflow,ESTAT:DEMO_FMONTH(1.0),Live births (total) by month,A,Annual,NR,Number,M04,April,DK,Denmark,2020,,4821,,,,,
dataflow,ESTAT:DEMO_FMONTH(1.0),Live births (total) by month,A,Annual,NR,Number,M04,April,DK,Denmark,2023,,4525,,,,,
dataflow,ESTAT:DEMO_FMONTH(1.0),Live births (total) by month,A,Annual,NR,Number,M04,April,EE,Estonia,1980,,1995,,,,,
dataflow,ESTAT:DEMO_FMONTH(1.0),Live births (total) by month,A,Annual,NR,Number,M04,April,EE,Estonia,1985,,2102,,,,,
dataflow,ESTAT:DEMO_FMONTH(1.0),Live births (total) by month,A,Annual,NR,Number,M04,April,EE,Estonia,1990,,2032,,,,,
dataflow,ESTAT:DEMO_FMONTH(1.0),Live births (total) by month,A,Annual,NR,Number,M04,April,EE,Estonia,1995,,1176,,,,,
dataflow,ESTAT:DEMO_FMONTH(1.0),Live births (total) by month,A,Annual,NR,Number,M04,April,EE,Estonia,2000,,1116,,,,,
dataflow,ESTAT:DEMO_FMONTH(1.0),Live births (total) by month,A,Annual,NR,Number,M04,April,EE,Estonia,2005,,1151,,,,,
dataflow,ESTAT:DEMO_FMONTH(1.0),Live births (total) by month,A,Annual,NR,Number,M04,April,EE,Estonia,2010,,1312,,,,,
dataflow,ESTAT:DEMO_FMONTH(1.0),Live births (total) by month,A,Annual,NR,Number,M04,April,EE,Estonia,2015,,1128,,,,,
dataflow,ESTAT:DEMO_FMONTH(1.0),Live births (total) by month,A,Annual,NR,Number,M04,April,EE,Estonia,2020,,1056,,,,,
dataflow,ESTAT:DEMO_FMONTH(1.0),Live births (total) by month,A,Annual,NR,Number,M04,April,EE,Estonia,2023,,864,,,,,
dataflow,ESTAT:DEMO_FMONTH(1.0),Live births (total) by month,A,Annual,NR,Number,M04,April,EL,Greece,1980,,12380,,,,,
dataflow,ESTAT:DEMO_FMONTH(1.0),Live births (total) by month,A,Annual,NR,Number,M04,April,EL,Greece,1985,,9642,,,,,
dataflow,ESTAT:DEMO_FMONTH(1.0),Live births (total) by month,A,Annual,NR,Number,M04,April,EL,Greece,1990,,8407,,,,,
dataflow,ESTAT:DEMO_FMONTH(1.0),Live births (total) by month,A,Annual,NR,Number,M04,April,EL,Greece,1995,,8072,,,,,
dataflow,ESTAT:DEMO_FMONTH(1.0),Live births (total) by month,A,Annual,NR,Number,M04,April,EL,Greece,2000,,7712,,,,,
dataflow,ESTAT:DEMO_FMONTH(1.0),Live births (total) by month,A,Annual,NR,Number,M04,April,EL,Greece,2005,,8304,,,,,
dataflow,ESTAT:DEMO_FMONTH(1.0),Live births (total) by month,A,Annual,NR,Number,M04,April,EL,Greece,2010,,8180,,,,,
dataflow,ESTAT:DEMO_FMONTH(1.0),Live births (total) by month,A,Annual,NR,Number,M04,April,EL,Greece,2015,,7083,,,,,
dataflow,ESTAT:DEMO_FMONTH(1.0),Live births (total) by month,A,Annual,NR,Number,M04,April,EL,Greece,2020,,6399,,,,,
dataflow,ESTAT:DEMO_FMONTH(1.0),Live births (total) by month,A,Annual,NR,Number,M04,April,EL,Greece,2023,,5010,,,,,
dataflow,ESTAT:DEMO_FMONTH(1.0),Live births (total) by month,A,Annual,NR,Number,M04,April,ES,Spain,1980,,47860,,,,,
dataflow,ESTAT:DEMO_FMONTH(1.0),Live births (total) by month,A,Annual,NR,Number,M04,April,ES,Spain,1985,,38210,,,,,
dataflow,ESTAT:DEMO_FMONTH(1.0),Live births (total) by month,A,Annual,NR,Number,M04,April,ES,Spain,1990,,32664,,,,,
dataflow,ESTAT:DEMO_FMONTH(1.0),Live births (total) by month,A,Annual,NR,Number,M04,April,ES,Spain,1995,,29917,,,,,
dataflow,ESTAT:DEMO_FMONTH(1.0),Live births (total) by month,A,Annual,NR,Number,M04,April,ES,Spain,2000,,32196,,,,,
dataflow,ESTAT:DEMO_FMONTH(1.0),Live births (total) by month,A,Annual,NR,Number,M04,April,ES,Spain,2005,,37696,,,,,
dataflow,ESTAT:DEMO_FMONTH(1.0),Live births (total) by month,A,Annual,NR,Number,M04,April,ES,Spain,2010,,38504,,,,,
dataflow,ESTAT:DEMO_FMONTH(1.0),Live births (total) by month,A,Annual,NR,Number,M04,April,ES,Spain,2015,,33689,,,,,
dataflow,ESTAT:DEMO_FMONTH(1.0),Live births (total) by month,A,Annual,NR,Number,M04,April,ES,Spain,2020,,27218,,,,,
dataflow,ESTAT:DEMO_FMONTH(1.0),Live births (total) by month,A,Annual,NR,Number,M04,April,ES,Spain,2023,,24851,,,,,
dataflow,ESTAT:DEMO_FMONTH(1.0),Live births (total) by month,A,Annual,NR,Number,M04,April,FI,Finland,1980,,5640,,,,,
dataflow,ESTAT:DEMO_FMONTH(1.0),Live births (total) by month,A,Annual,NR,Number,M04,April,FI,Finland,1985,,5679,,,,,
dataflow,ESTAT:DEMO_FMONTH(1.0),Live births (total) by month,A,Annual,NR,Number,M04,April,FI,Finland,1990,,5528,,,,,
dataflow,ESTAT:DEMO_FMONTH(1.0),Live births (total) by month,A,Annual,NR,Number,M04,April,FI,Finland,1995,,5606,,,,,
dataflow,ESTAT:DEMO_FMONTH(1.0),Live births (total) by month,A,Annual,NR,Number,M04,April,FI,Finland,2000,,4759,,,,,
dataflow,ESTAT:DEMO_FMONTH(1.0),Live births (total) by month,A,Annual,NR,Number,M04,April,FI,Finland,2005,,4878,,,,,
dataflow,ESTAT:DEMO_FMONTH(1.0),Live births (total) by month,A,Annual,NR,Number,M04,April,FI,Finland,2010,,4956,,,,,
dataflow,ESTAT:DEMO_FMONTH(1.0),Live births (total) by month,A,Annual,NR,Number,M04,April,FI,Finland,2015,,4629,,,,,
dataflow,ESTAT:DEMO_FMONTH(1.0),Live births (total) by month,A,Annual,NR,Number,M04,April,FI,Finland,2020,,3758,,,,,
dataflow,ESTAT:DEMO_FMONTH(1.0),Live births (total) by month,A,Annual,NR,Number,M04,April,FI,Finland,2023,,3392,,,,,
dataflow,ESTAT:DEMO_FMONTH(1.0),Live births (total) by month,A,Annual,NR,Number,M04,April,FR,France,1995,,59855,,,,,
dataflow,ESTAT:DEMO_FMONTH(1.0),Live births (total) by month,A,Annual,NR,Number,M04,April,FR,France,2000,,65209,,,,,
dataflow,ESTAT:DEMO_FMONTH(1.0),Live births (total) by month,A,Annual,NR,Number,M04,April,FR,France,2005,,65165,,,,,
dataflow,ESTAT:DEMO_FMONTH(1.0),Live births (total) by month,A,Annual,NR,Number,M04,April,FR,France,2010,,66664,,,,,
dataflow,ESTAT:DEMO_FMONTH(1.0),Live births (total) by month,A,Annual,NR,Number,M04,April,FR,France,2015,,63015,,,,,
dataflow,ESTAT:DEMO_FMONTH(1.0),Live births (total) by month,A,Annual,NR,Number,M04,April,FR,France,2020,,57744,,,,,
dataflow,ESTAT:DEMO_FMONTH(1.0),Live births (total) by month,A,Annual,NR,Number,M04,April,FR,France,2023,,53887,,,,,
dataflow,ESTAT:DEMO_FMONTH(1.0),Live births (total) by month,A,Annual,NR,Number,M04,April,FX,Metropolitan France,1980,,68442,,,,,
dataflow,ESTAT:DEMO_FMONTH(1.0),Live births (total) by month,A,Annual,NR,Number,M04,April,FX,Metropolitan France,1985,,64679,,,,,
dataflow,ESTAT:DEMO_FMONTH(1.0),Live births (total) by month,A,Annual,NR,Number,M04,April,FX,Metropolitan France,1990,,62139,,,,,
dataflow,ESTAT:DEMO_FMONTH(1.0),Live births (total) by month,A,Annual,NR,Number,M04,April,FX,Metropolitan France,1995,,57521,,,,,
dataflow,ESTAT:DEMO_FMONTH(1.0),Live births (total) by month,A,Annual,NR,Number,M04,April,FX,Metropolitan France,2000,,62469,,,,,
dataflow,ESTAT:DEMO_FMONTH(1.0),Live births (total) by month,A,Annual,NR,Number,M04,April,FX,Metropolitan France,2005,,62437,,,,,
dataflow,ESTAT:DEMO_FMONTH(1.0),Live births (total) by month,A,Annual,NR,Number,M04,April,FX,Metropolitan France,2010,,64024,,,,,
dataflow,ESTAT:DEMO_FMONTH(1.0),Live births (total) by month,A,Annual,NR,Number,M04,April,GE,Georgia,2005,,3609,,,,,
dataflow,ESTAT:DEMO_FMONTH(1.0),Live births (total) by month,A,Annual,NR,Number,M04,April,GE,Georgia,2010,,4799,,,,,
dataflow,ESTAT:DEMO_FMONTH(1.0),Live births (total) by month,A,Annual,NR,Number,M04,April,GE,Georgia,2015,,4538,,,,,
dataflow,ESTAT:DEMO_FMONTH(1.0),Live births (total) by month,A,Annual,NR,Number,M04,April,GE,Georgia,2020,,3469,,,,,
dataflow,ESTAT:DEMO_FMONTH(1.0),Live births (total) by month,A,Annual,NR,Number,M04,April,GE,Georgia,2023,,3086,,,,,
dataflow,ESTAT:DEMO_FMONTH(1.0),Live births (total) by month,A,Annual,NR,Number,M04,April,HR,Croatia,1995,,3779,,,,,
dataflow,ESTAT:DEMO_FMONTH(1.0),Live births (total) by month,A,Annual,NR,Number,M04,April,HR,Croatia,2000,,3417,,,,,
dataflow,ESTAT:DEMO_FMONTH(1.0),Live births (total) by month,A,Annual,NR,Number,M04,April,HR,Croatia,2005,,3370,,,,,
dataflow,ESTAT:DEMO_FMONTH(1.0),Live births (total) by month,A,Annual,NR,Number,M04,April,HR,Croatia,2010,,3351,,,,,
dataflow,ESTAT:DEMO_FMONTH(1.0),Live births (total) by month,A,Annual,NR,Number,M04,April,HR,Croatia,2015,,3126,,,,,
dataflow,ESTAT:DEMO_FMONTH(1.0),Live births (total) by month,A,Annual,NR,Number,M04,April,HR,Croatia,2020,,2709,,,,,
dataflow,ESTAT:DEMO_FMONTH(1.0),Live births (total) by month,A,Annual,NR,Number,M04,April,HR,Croatia,2023,,2373,,,,,
dataflow,ESTAT:DEMO_FMONTH(1.0),Live births (total) by month,A,Annual,NR,Number,M04,April,HU,Hungary,1995,,8241,,,,,
dataflow,ESTAT:DEMO_FMONTH(1.0),Live births (total) by month,A,Annual,NR,Number,M04,April,HU,Hungary,2000,,7547,,,,,
dataflow,ESTAT:DEMO_FMONTH(1.0),Live births (total) by month,A,Annual,NR,Number,M04,April,HU,Hungary,2005,,7710,,,,,
dataflow,ESTAT:DEMO_FMONTH(1.0),Live births (total) by month,A,Annual,NR,Number,M04,April,HU,Hungary,2010,,7406,,,,,
dataflow,ESTAT:DEMO_FMONTH(1.0),Live births (total) by month,A,Annual,NR,Number,M04,April,HU,Hungary,2015,,7309,,,,,
dataflow,ESTAT:DEMO_FMONTH(1.0),Live births (total) by month,A,Annual,NR,Number,M04,April,HU,Hungary,2020,,7227,,,,,
dataflow,ESTAT:DEMO_FMONTH(1.0),Live births (total) by month,A,Annual,NR,Number,M04,April,HU,Hungary,2023,,6617,,,,,
dataflow,ESTAT:DEMO_FMONTH(1.0),Live births (total) by month,A,Annual,NR,Number,M04,April,IE,Ireland,1980,,6430,,,,,
dataflow,ESTAT:DEMO_FMONTH(1.0),Live births (total) by month,A,Annual,NR,Number,M04,April,IE,Ireland,1985,,5266,,,,,
dataflow,ESTAT:DEMO_FMONTH(1.0),Live births (total) by month,A,Annual,NR,Number,M04,April,IE,Ireland,1990,,4424,,,,,
dataflow,ESTAT:DEMO_FMONTH(1.0),Live births (total) by month,A,Annual,NR,Number,M04,April,IE,Ireland,1995,,4100,,,,,
dataflow,ESTAT:DEMO_FMONTH(1.0),Live births (total) by month,A,Annual,NR,Number,M04,April,IE,Ireland,2000,,4460,,,,,
dataflow,ESTAT:DEMO_FMONTH(1.0),Live births (total) by month,A,Annual,NR,Number,M04,April,IE,Ireland,2005,,4924,,,,,
dataflow,ESTAT:DEMO_FMONTH(1.0),Live births (total) by month,A,Annual,NR,Number,M04,April,IE,Ireland,2010,,6016,,,,,
dataflow,ESTAT:DEMO_FMONTH(1.0),Live births (total) by month,A,Annual,NR,Number,M04,April,IE,Ireland,2015,,5169,,,,,
dataflow,ESTAT:DEMO_FMONTH(1.0),Live births (total) by month,A,Annual,NR,Number,M04,April,IE,Ireland,2020,,4492,,,,,
dataflow,ESTAT:DEMO_FMONTH(1.0),Live births (total) by month,A,Annual,NR,Number,M04,April,IE,Ireland,2023,,4169,,,,,
dataflow,ESTAT:DEMO_FMONTH(1.0),Live births (total) by month,A,Annual,NR,Number,M04,April,IS,Iceland,1980,,412,,,,,
dataflow,ESTAT:DEMO_FMONTH(1.0),Live births (total) by month,A,Annual,NR,Number,M04,April,IS,Iceland,1985,,348,,,,,
dataflow,ESTAT:DEMO_FMONTH(1.0),Live births (total) by month,A,Annual,NR,Number,M04,April,IS,Iceland,1990,,370,,,,,
dataflow,ESTAT:DEMO_FMONTH(1.0),Live births (total) by month,A,Annual,NR,Number,M04,April,IS,Iceland,1995,,359,,,,,
dataflow,ESTAT:DEMO_FMONTH(1.0),Live births (total) by month,A,Annual,NR,Number,M04,April,IS,Iceland,2000,,346,,,,,
dataflow,ESTAT:DEMO_FMONTH(1.0),Live births (total) by month,A,Annual,NR,Number,M04,April,IS,Iceland,2005,,309,,,,,
dataflow,ESTAT:DEMO_FMONTH(1.0),Live births (total) by month,A,Annual,NR,Number,M04,April,IS,Iceland,2010,,391,,,,,
dataflow,ESTAT:DEMO_FMONTH(1.0),Live births (total) by month,A,Annual,NR,Number,M04,April,IS,Iceland,2015,,353,,,,,
dataflow,ESTAT:DEMO_FMONTH(1.0),Live births (total) by month,A,Annual,NR,Number,M04,April,IS,Iceland,2020,,345,,,,,
dataflow,ESTAT:DEMO_FMONTH(1.0),Live births (total) by month,A,Annual,NR,Number,M04,April,IS,Iceland,2023,,379,,,,,
dataflow,ESTAT:DEMO_FMONTH(1.0),Live births (total) by month,A,Annual,NR,Number,M04,April,IT,Italy,1980,,51726,,,,,
dataflow,ESTAT:DEMO_FMONTH(1.0),Live births (total) by month,A,Annual,NR,Number,M04,April,IT,Italy,1985,,48307,,,,,
dataflow,ESTAT:DEMO_FMONTH(1.0),Live births (total) by month,A,Annual,NR,Number,M04,April,IT,Italy,1990,,45365,,,,,
dataflow,ESTAT:DEMO_FMONTH(1.0),Live births (total) by month,A,Annual,NR,Number,M04,April,IT,Italy,1995,,40172,,,,,
dataflow,ESTAT:DEMO_FMONTH(1.0),Live births (total) by month,A,Annual,NR,Number,M04,April,IT,Italy,2000,,40520,,,,,
dataflow,ESTAT:DEMO_FMONTH(1.0),Live births (total) by month,A,Annual,NR,Number,M04,April,IT,Italy,2005,,43444,,,,,
dataflow,ESTAT:DEMO_FMONTH(1.0),Live births (total) by month,A,Annual,NR,Number,M04,April,IT,Italy,2010,,43592,,,,,
dataflow,ESTAT:DEMO_FMONTH(1.0),Live births (total) by month,A,Annual,NR,Number,M04,April,IT,Italy,2015,,38238,,,,,
dataflow,ESTAT:DEMO_FMONTH(1.0),Live births (total) by month,A,Annual,NR,Number,M04,April,IT,Italy,2020,,30145,,,,,
dataflow,ESTAT:DEMO_FMONTH(1.0),Live births (total) by month,A,Annual,NR,Number,M04,April,IT,Italy,2023,,26990,,,,,
dataflow,ESTAT:DEMO_FMONTH(1.0),Live births (total) by month,A,Annual,NR,Number,M04,April,LI,Liechtenstein,1980,,36,,,,,
dataflow,ESTAT:DEMO_FMONTH(1.0),Live births (total) by month,A,Annual,NR,Number,M04,April,LI,Liechtenstein,1985,,22,,,,,
dataflow,ESTAT:DEMO_FMONTH(1.0),Live births (total) by month,A,Annual,NR,Number,M04,April,LI,Liechtenstein,1990,,36,,,,,
dataflow,ESTAT:DEMO_FMONTH(1.0),Live births (total) by month,A,Annual,NR,Number,M04,April,LI,Liechtenstein,1995,,30,,,,,
dataflow,ESTAT:DEMO_FMONTH(1.0),Live births (total) by month,A,Annual,NR,Number,M04,April,LI,Liechtenstein,2000,,46,,,,,
dataflow,ESTAT:DEMO_FMONTH(1.0),Live births (total) by month,A,Annual,NR,Number,M04,April,LI,Liechtenstein,2005,,27,,,,,
dataflow,ESTAT:DEMO_FMONTH(1.0),Live births (total) by month,A,Annual,NR,Number,M04,April,LI,Liechtenstein,2010,,23,,,,,
dataflow,ESTAT:DEMO_FMONTH(1.0),Live births (total) by month,A,Annual,NR,Number,M04,April,LI,Liechtenstein,2015,,24,,,,,
dataflow,ESTAT:DEMO_FMONTH(1.0),Live births (total) by month,A,Annual,NR,Number,M04,April,LI,Liechtenstein,2020,,20,,,,,
dataflow,ESTAT:DEMO_FMONTH(1.0),Live births (total) by month,A,Annual,NR,Number,M04,April,LI,Liechtenstein,2023,,35,,,,,
dataflow,ESTAT:DEMO_FMONTH(1.0),Live births (total) by month,A,Annual,NR,Number,M04,April,LT,Lithuania,1995,,3546,,,,,
dataflow,ESTAT:DEMO_FMONTH(1.0),Live births (total) by month,A,Annual,NR,Number,M04,April,LT,Lithuania,2000,,3016,,,,,
dataflow,ESTAT:DEMO_FMONTH(1.0),Live births (total) by month,A,Annual,NR,Number,M04,April,LT,Lithuania,2005,,2409,,,,,
dataflow,ESTAT:DEMO_FMONTH(1.0),Live births (total) by month,A,Annual,NR,Number,M04,April,LT,Lithuania,2010,,2451,,,,,
dataflow,ESTAT:DEMO_FMONTH(1.0),Live births (total) by month,A,Annual,NR,Number,M04,April,LT,Lithuania,2015,,2457,,,,,
dataflow,ESTAT:DEMO_FMONTH(1.0),Live births (total) by month,A,Annual,NR,Number,M04,April,LT,Lithuania,2020,,2009,,,,,
dataflow,ESTAT:DEMO_FMONTH(1.0),Live births (total) by month,A,Annual,NR,Number,M04,April,LT,Lithuania,2023,,1563,,,,,
dataflow,ESTAT:DEMO_FMONTH(1.0),Live births (total) by month,A,Annual,NR,Number,M04,April,LU,Luxembourg,1980,,306,,,,,
dataflow,ESTAT:DEMO_FMONTH(1.0),Live births (total) by month,A,Annual,NR,Number,M04,April,LU,Luxembourg,1985,,328,,,,,
dataflow,ESTAT:DEMO_FMONTH(1.0),Live births (total) by month,A,Annual,NR,Number,M04,April,LU,Luxembourg,1990,,377,,,,,
dataflow,ESTAT:DEMO_FMONTH(1.0),Live births (total) by month,A,Annual,NR,Number,M04,April,LU,Luxembourg,1995,,425,,,,,
dataflow,ESTAT:DEMO_FMONTH(1.0),Live births (total) by month,A,Annual,NR,Number,M04,April,LU,Luxembourg,2000,,446,,,,,
dataflow,ESTAT:DEMO_FMONTH(1.0),Live births (total) by month,A,Annual,NR,Number,M04,April,LU,Luxembourg,2005,,455,,,,,
dataflow,ESTAT:DEMO_FMONTH(1.0),Live births (total) by month,A,Annual,NR,Number,M04,April,LU,Luxembourg,2010,,451,,,,,
dataflow,ESTAT:DEMO_FMONTH(1.0),Live births (total) by month,A,Annual,NR,Number,M04,April,LU,Luxembourg,2015,,468,,,,,
dataflow,ESTAT:DEMO_FMONTH(1.0),Live births (total) by month,A,Annual,NR,Number,M04,April,LU,Luxembourg,2020,,527,,,,,
dataflow,ESTAT:DEMO_FMONTH(1.0),Live births (total) by month,A,Annual,NR,Number,M04,April,LU,Luxembourg,2023,,481,,,,,
dataflow,ESTAT:DEMO_FMONTH(1.0),Live births (total) by month,A,Annual,NR,Number,M04,April,LV,Latvia,2000,,1727,,,,,
dataflow,ESTAT:DEMO_FMONTH(1.0),Live births (total) by month,A,Annual,NR,Number,M04,April,LV,Latvia,2005,,1800,,,,,
dataflow,ESTAT:DEMO_FMONTH(1.0),Live births (total) by month,A,Annual,NR,Number,M04,April,LV,Latvia,2010,,1600,,,,,
dataflow,ESTAT:DEMO_FMONTH(1.0),Live births (total) by month,A,Annual,NR,Number,M04,April,LV,Latvia,2015,,1784,,,,,
dataflow,ESTAT:DEMO_FMONTH(1.0),Live births (total) by month,A,Annual,NR,Number,M04,April,LV,Latvia,2020,,1551,,,,,
dataflow,ESTAT:DEMO_FMONTH(1.0),Live births (total) by month,A,Annual,NR,Number,M04,April,LV,Latvia,2023,,1183,,,,,
dataflow,ESTAT:DEMO_FMONTH(1.0),Live births (total) by month,A,Annual,NR,Number,M04,April,MC,Monaco,2005,,73,,,,,
dataflow,ESTAT:DEMO_FMONTH(1.0),Live births (total) by month,A,Annual,NR,Number,M04,April,MC,Monaco,2023,,19,,,,,
dataflow,ESTAT:DEMO_FMONTH(1.0),Live births (total) by month,A,Annual,NR,Number,M04,April,MD,Moldova,2005,,2851,,,,,
dataflow,ESTAT:DEMO_FMONTH(1.0),Live births (total) by month,A,Annual,NR,Number,M04,April,MD,Moldova,2010,,3152,,,,,
dataflow,ESTAT:DEMO_FMONTH(1.0),Live births (total) by month,A,Annual,NR,Number,M04,April,MD,Moldova,2015,,3178,,,,,
dataflow,ESTAT:DEMO_FMONTH(1.0),Live births (total) by month,A,Annual,NR,Number,M04,April,MD,Moldova,2020,,2543,,,,,
dataflow,ESTAT:DEMO_FMONTH(1.0),Live births (total) by month,A,Annual,NR,Number,M04,April,MD,Moldova,2023,,1926,,,,,
dataflow,ESTAT:DEMO_FMONTH(1.0),Live births (total) by month,A,Annual,NR,Number,M04,April,ME,Montenegro,2005,,512,,,,,
dataflow,ESTAT:DEMO_FMONTH(1.0),Live births (total) by month,A,Annual,NR,Number,M04,April,ME,Montenegro,2010,,510,,,,,
dataflow,ESTAT:DEMO_FMONTH(1.0),Live births (total) by month,A,Annual,NR,Number,M04,April,ME,Montenegro,2015,,603,,,,,
dataflow,ESTAT:DEMO_FMONTH(1.0),Live births (total) by month,A,Annual,NR,Number,M04,April,ME,Montenegro,2020,,500,,,,,
dataflow,ESTAT:DEMO_FMONTH(1.0),Live births (total) by month,A,Annual,NR,Number,M04,April,ME,Montenegro,2023,,494,,,,,
dataflow,ESTAT:DEMO_FMONTH(1.0),Live births (total) by month,A,Annual,NR,Number,M04,April,MK,North Macedonia,1995,,2525,,,,,
dataflow,ESTAT:DEMO_FMONTH(1.0),Live births (total) by month,A,Annual,NR,Number,M04,April,MK,North Macedonia,2000,,2402,,,,,
dataflow,ESTAT:DEMO_FMONTH(1.0),Live births (total) by month,A,Annual,NR,Number,M04,April,MK,North Macedonia,2005,,1886,,,,,
dataflow,ESTAT:DEMO_FMONTH(1.0),Live births (total) by month,A,Annual,NR,Number,M04,April,MK,North Macedonia,2010,,1946,,,,,
dataflow,ESTAT:DEMO_FMONTH(1.0),Live births (total) by month,A,Annual,NR,Number,M04,April,MK,North Macedonia,2015,,1832,,,,,
dataflow,ESTAT:DEMO_FMONTH(1.0),Live births (total) by month,A,Annual,NR,Number,M04,April,MK,North Macedonia,2020,,1456,,,,,
dataflow,ESTAT:DEMO_FMONTH(1.0),Live births (total) by month,A,Annual,NR,Number,M04,April,MK,North Macedonia,2023,,1238,,,,,
dataflow,ESTAT:DEMO_FMONTH(1.0),Live births (total) by month,A,Annual,NR,Number,M04,April,MT,Malta,1995,,373,,,,,
dataflow,ESTAT:DEMO_FMONTH(1.0),Live births (total) by month,A,Annual,NR,Number,M04,April,MT,Malta,2000,,336,,,,,
dataflow,ESTAT:DEMO_FMONTH(1.0),Live births (total) by month,A,Annual,NR,Number,M04,April,MT,Malta,2005,,288,,,,,
dataflow,ESTAT:DEMO_FMONTH(1.0),Live births (total) by month,A,Annual,NR,Number,M04,April,MT,Malta,2010,,275,,,,,
dataflow,ESTAT:DEMO_FMONTH(1.0),Live births (total) by month,A,Annual,NR,Number,M04,April,MT,Malta,2015,,348,,,,,
dataflow,ESTAT:DEMO_FMONTH(1.0),Live births (total) by month,A,Annual,NR,Number,M04,April,MT,Malta,2020,,384,,,,,
dataflow,ESTAT:DEMO_FMONTH(1.0),Live births (total) by month,A,Annual,NR,Number,M04,April,MT,Malta,2023,,346,,,,,
dataflow,ESTAT:DEMO_FMONTH(1.0),Live births (total) by month,A,Annual,NR,Number,M04,April,NL,Netherlands,1980,,15349,,,,,
dataflow,ESTAT:DEMO_FMONTH(1.0),Live births (total) by month,A,Annual,NR,Number,M04,April,NL,Netherlands,1985,,15007,,,,,
dataflow,ESTAT:DEMO_FMONTH(1.0),Live births (total) by month,A,Annual,NR,Number,M04,April,NL,Netherlands,1990,,16308,,,,,
dataflow,ESTAT:DEMO_FMONTH(1.0),Live births (total) by month,A,Annual,NR,Number,M04,April,NL,Netherlands,1995,,14906,,,,,
dataflow,ESTAT:DEMO_FMONTH(1.0),Live births (total) by month,A,Annual,NR,Number,M04,April,NL,Netherlands,2000,,16625,,,,,
dataflow,ESTAT:DEMO_FMONTH(1.0),Live births (total) by month,A,Annual,NR,Number,M04,April,NL,Netherlands,2005,,15563,,,,,
dataflow,ESTAT:DEMO_FMONTH(1.0),Live births (total) by month,A,Annual,NR,Number,M04,April,NL,Netherlands,2010,,14753,,,,,
dataflow,ESTAT:DEMO_FMONTH(1.0),Live births (total) by month,A,Annual,NR,Number,M04,April,NL,Netherlands,2015,,13241,,,,,
dataflow,ESTAT:DEMO_FMONTH(1.0),Live births (total) by month,A,Annual,NR,Number,M04,April,NL,Netherlands,2020,,13375,,,,,
dataflow,ESTAT:DEMO_FMONTH(1.0),Live births (total) by month,A,Annual,NR,Number,M04,April,NL,Netherlands,2023,,12876,,,,,
dataflow,ESTAT:DEMO_FMONTH(1.0),Live births (total) by month,A,Annual,NR,Number,M04,April,NO,Norway,1980,,4763,,,,,
dataflow,ESTAT:DEMO_FMONTH(1.0),Live births (total) by month,A,Annual,NR,Number,M04,April,NO,Norway,1985,,4728,,,,,
dataflow,ESTAT:DEMO_FMONTH(1.0),Live births (total) by month,A,Annual,NR,Number,M04,April,NO,Norway,1990,,5436,,,,,
dataflow,ESTAT:DEMO_FMONTH(1.0),Live births (total) by month,A,Annual,NR,Number,M04,April,NO,Norway,1995,,5333,,,,,
dataflow,ESTAT:DEMO_FMONTH(1.0),Live births (total) by month,A,Annual,NR,Number,M04,April,NO,Norway,2000,,5185,,,,,
dataflow,ESTAT:DEMO_FMONTH(1.0),Live births (total) by month,A,Annual,NR,Number,M04,April,NO,Norway,2005,,4979,,,,,
dataflow,ESTAT:DEMO_FMONTH(1.0),Live births (total) by month,A,Annual,NR,Number,M04,April,NO,Norway,2010,,5112,,,,,
dataflow,ESTAT:DEMO_FMONTH(1.0),Live births (total) by month,A,Annual,NR,Number,M04,April,NO,Norway,2015,,5113,,,,,
dataflow,ESTAT:DEMO_FMONTH(1.0),Live births (total) by month,A,Annual,NR,Number,M04,April,NO,Norway,2020,,4509,,,,,
dataflow,ESTAT:DEMO_FMONTH(1.0),Live births (total) by month,A,Annual,NR,Number,M04,April,NO,Norway,2023,,4295,,,,,
dataflow,ESTAT:DEMO_FMONTH(1.0),Live births (total) by month,A,Annual,NR,Number,M04,April,PL,Poland,1995,,36593,,,,,
dataflow,ESTAT:DEMO_FMONTH(1.0),Live births (total) by month,A,Annual,NR,Number,M04,April,PL,Poland,2000,,31267,,,,,
dataflow,ESTAT:DEMO_FMONTH(1.0),Live births (total) by month,A,Annual,NR,Number,M04,April,PL,Poland,2005,,31452,,,,,
dataflow,ESTAT:DEMO_FMONTH(1.0),Live births (total) by month,A,Annual,NR,Number,M04,April,PL,Poland,2010,,33445,,,,,
dataflow,ESTAT:DEMO_FMONTH(1.0),Live births (total) by month,A,Annual,NR,Number,M04,April,PL,Poland,2015,,29964,,,,,
dataflow,ESTAT:DEMO_FMONTH(1.0),Live births (total) by month,A,Annual,NR,Number,M04,April,PL,Poland,2020,,29491,,,,,
dataflow,ESTAT:DEMO_FMONTH(1.0),Live births (total) by month,A,Annual,NR,Number,M04,April,PL,Poland,2023,,22156,,,,,
dataflow,ESTAT:DEMO_FMONTH(1.0),Live births (total) by month,A,Annual,NR,Number,M04,April,PT,Portugal,1980,,13236,,,,,
dataflow,ESTAT:DEMO_FMONTH(1.0),Live births (total) by month,A,Annual,NR,Number,M04,April,PT,Portugal,1985,,10668,,,,,
dataflow,ESTAT:DEMO_FMONTH(1.0),Live births (total) by month,A,Annual,NR,Number,M04,April,PT,Portugal,1990,,9443,,,,,
dataflow,ESTAT:DEMO_FMONTH(1.0),Live births (total) by month,A,Annual,NR,Number,M04,April,PT,Portugal,1995,,8854,,,,,
dataflow,ESTAT:DEMO_FMONTH(1.0),Live births (total) by month,A,Annual,NR,Number,M04,April,PT,Portugal,2000,,9563,,,,,
dataflow,ESTAT:DEMO_FMONTH(1.0),Live births (total) by month,A,Annual,NR,Number,M04,April,PT,Portugal,2005,,8615,,,,,
dataflow,ESTAT:DEMO_FMONTH(1.0),Live births (total) by month,A,Annual,NR,Number,M04,April,PT,Portugal,2010,,7977,,,,,
dataflow,ESTAT:DEMO_FMONTH(1.0),Live births (total) by month,A,Annual,NR,Number,M04,April,PT,Portugal,2015,,6689,,,,,
dataflow,ESTAT:DEMO_FMONTH(1.0),Live births (total) by month,A,Annual,NR,Number,M04,April,PT,Portugal,2020,,6921,,,,,
dataflow,ESTAT:DEMO_FMONTH(1.0),Live births (total) by month,A,Annual,NR,Number,M04,April,PT,Portugal,2023,,6607,,,,,
dataflow,ESTAT:DEMO_FMONTH(1.0),Live births (total) by month,A,Annual,NR,Number,M04,April,RO,Romania,1995,,19427,,,,,
dataflow,ESTAT:DEMO_FMONTH(1.0),Live births (total) by month,A,Annual,NR,Number,M04,April,RO,Romania,2000,,18575,,,,,
dataflow,ESTAT:DEMO_FMONTH(1.0),Live births (total) by month,A,Annual,NR,Number,M04,April,RO,Romania,2005,,17628,,,,,
dataflow,ESTAT:DEMO_FMONTH(1.0),Live births (total) by month,A,Annual,NR,Number,M04,April,RO,Romania,2010,,16234,,,,,
dataflow,ESTAT:DEMO_FMONTH(1.0),Live births (total) by month,A,Annual,NR,Number,M04,April,RO,Romania,2015,,15724,,,,,
dataflow,ESTAT:DEMO_FMONTH(1.0),Live births (total) by month,A,Annual,NR,Number,M04,April,RO,Romania,2020,,15363,,,,,
dataflow,ESTAT:DEMO_FMONTH(1.0),Live births (total) by month,A,Annual,NR,Number,M04,April,RO,Romania,2023,,12458,,,,,
dataflow,ESTAT:DEMO_FMONTH(1.0),Live births (total) by month,A,Annual,NR,Number,M04,April,RS,Serbia,2000,,5812,,,,,
dataflow,ESTAT:DEMO_FMONTH(1.0),Live births (total) by month,A,Annual,NR,Number,M04,April,RS,Serbia,2005,,5517,,,,,
dataflow,ESTAT:DEMO_FMONTH(1.0),Live births (total) by month,A,Annual,NR,Number,M04,April,RS,Serbia,2010,,5190,,,,,
dataflow,ESTAT:DEMO_FMONTH(1.0),Live births (total) by month,A,Annual,NR,Number,M04,April,RS,Serbia,2015,,5204,,,,,
dataflow,ESTAT:DEMO_FMONTH(1.0),Live births (total) by month,A,Annual,NR,Number,M04,April,RS,Serbia,2020,,4672,,,,,
dataflow,ESTAT:DEMO_FMONTH(1.0),Live births (total) by month,A,Annual,NR,Number,M04,April,RS,Serbia,2023,,4544,,,,,
dataflow,ESTAT:DEMO_FMONTH(1.0),Live births (total) by month,A,Annual,NR,Number,M04,April,RU,Russia,2005,,118745,,,,,
dataflow,ESTAT:DEMO_FMONTH(1.0),Live births (total) by month,A,Annual,NR,Number,M04,April,RU,Russia,2010,,144876,,,,,
dataflow,ESTAT:DEMO_FMONTH(1.0),Live births (total) by month,A,Annual,NR,Number,M04,April,SE,Sweden,1980,,9502,,,,,
dataflow,ESTAT:DEMO_FMONTH(1.0),Live births (total) by month,A,Annual,NR,Number,M04,April,SE,Sweden,1985,,9264,,,,,
dataflow,ESTAT:DEMO_FMONTH(1.0),Live births (total) by month,A,Annual,NR,Number,M04,April,SE,Sweden,1990,,11380,,,,,
dataflow,ESTAT:DEMO_FMONTH(1.0),Live births (total) by month,A,Annual,NR,Number,M04,April,SE,Sweden,1995,,9616,,,,,
dataflow,ESTAT:DEMO_FMONTH(1.0),Live births (total) by month,A,Annual,NR,Number,M04,April,SE,Sweden,2000,,7931,,,,,
dataflow,ESTAT:DEMO_FMONTH(1.0),Live births (total) by month,A,Annual,NR,Number,M04,April,SE,Sweden,2005,,8961,,,,,
dataflow,ESTAT:DEMO_FMONTH(1.0),Live births (total) by month,A,Annual,NR,Number,M04,April,SE,Sweden,2010,,10023,,,,,
dataflow,ESTAT:DEMO_FMONTH(1.0),Live births (total) by month,A,Annual,NR,Number,M04,April,SE,Sweden,2015,,9982,,,,,
dataflow,ESTAT:DEMO_FMONTH(1.0),Live births (total) by month,A,Annual,NR,Number,M04,April,SE,Sweden,2020,,9713,,,,,
dataflow,ESTAT:DEMO_FMONTH(1.0),Live births (total) by month,A,Annual,NR,Number,M04,April,SE,Sweden,2023,,8386,,,,,
dataflow,ESTAT:DEMO_FMONTH(1.0),Live births (total) by month,A,Annual,NR,Number,M04,April,SI,Slovenia,1995,,1511,,,,,
dataflow,ESTAT:DEMO_FMONTH(1.0),Live births (total) by month,A,Annual,NR,Number,M04,April,SI,Slovenia,2000,,1546,,,,,
dataflow,ESTAT:DEMO_FMONTH(1.0),Live births (total) by month,A,Annual,NR,Number,M04,April,SI,Slovenia,2005,,1462,,,,,
dataflow,ESTAT:DEMO_FMONTH(1.0),Live births (total) by month,A,Annual,NR,Number,M04,April,SI,Slovenia,2010,,1775,,,,,
dataflow,ESTAT:DEMO_FMONTH(1.0),Live births (total) by month,A,Annual,NR,Number,M04,April,SI,Slovenia,2015,,1662,,,,,
dataflow,ESTAT:DEMO_FMONTH(1.0),Live births (total) by month,A,Annual,NR,Number,M04,April,SI,Slovenia,2020,,1480,,,,,
dataflow,ESTAT:DEMO_FMONTH(1.0),Live births (total) by month,A,Annual,NR,Number,M04,April,SI,Slovenia,2023,,1282,,,,,
dataflow,ESTAT:DEMO_FMONTH(1.0),Live births (total) by month,A,Annual,NR,Number,M04,April,SK,Slovakia,2000,,4581,,,,,
dataflow,ESTAT:DEMO_FMONTH(1.0),Live births (total) by month,A,Annual,NR,Number,M04,April,SK,Slovakia,2005,,4539,,,,,
dataflow,ESTAT:DEMO_FMONTH(1.0),Live births (total) by month,A,Annual,NR,Number,M04,April,SK,Slovakia,2010,,4984,,,,,
dataflow,ESTAT:DEMO_FMONTH(1.0),Live births (total) by month,A,Annual,NR,Number,M04,April,SK,Slovakia,2015,,4554,,,,,
dataflow,ESTAT:DEMO_FMONTH(1.0),Live births (total) by month,A,Annual,NR,Number,M04,April,SK,Slovakia,2020,,4516,,,,,
dataflow,ESTAT:DEMO_FMONTH(1.0),Live births (total) by month,A,Annual,NR,Number,M04,April,SK,Slovakia,2023,,3947,,,,,
dataflow,ESTAT:DEMO_FMONTH(1.0),Live births (total) by month,A,Annual,NR,Number,M04,April,SM,San Marino,2005,,31,,,,,
dataflow,ESTAT:DEMO_FMONTH(1.0),Live births (total) by month,A,Annual,NR,Number,M04,April,TR,Türkiye,2010,,97849,,,,,
dataflow,ESTAT:DEMO_FMONTH(1.0),Live births (total) by month,A,Annual,NR,Number,M04,April,TR,Türkiye,2015,,102382,,,,,
dataflow,ESTAT:DEMO_FMONTH(1.0),Live births (total) by month,A,Annual,NR,Number,M04,April,TR,Türkiye,2020,,88331,,,,,
dataflow,ESTAT:DEMO_FMONTH(1.0),Live births (total) by month,A,Annual,NR,Number,M04,April,UA,Ukraine,2005,,35959,,,,,
dataflow,ESTAT:DEMO_FMONTH(1.0),Live births (total) by month,A,Annual,NR,Number,M04,April,UA,Ukraine,2010,,39217,,,,,
dataflow,ESTAT:DEMO_FMONTH(1.0),Live births (total) by month,A,Annual,NR,Number,M04,April,UA,Ukraine,2015,,33829,,,,,
dataflow,ESTAT:DEMO_FMONTH(1.0),Live births (total) by month,A,Annual,NR,Number,M04,April,UA,Ukraine,2020,,21845,,,,,
dataflow,ESTAT:DEMO_FMONTH(1.0),Live births (total) by month,A,Annual,NR,Number,M04,April,UK,United Kingdom,1980,,63790,,,,,
dataflow,ESTAT:DEMO_FMONTH(1.0),Live births (total) by month,A,Annual,NR,Number,M04,April,UK,United Kingdom,1985,,60914,,,,,
dataflow,ESTAT:DEMO_FMONTH(1.0),Live births (total) by month,A,Annual,NR,Number,M04,April,UK,United Kingdom,1990,,64643,,,,,
dataflow,ESTAT:DEMO_FMONTH(1.0),Live births (total) by month,A,Annual,NR,Number,M04,April,UK,United Kingdom,1995,,58774,,,,,
dataflow,ESTAT:DEMO_FMONTH(1.0),Live births (total) by month,A,Annual,NR,Number,M04,April,UK,United Kingdom,2000,,54735,,,,,
dataflow,ESTAT:DEMO_FMONTH(1.0),Live births (total) by month,A,Annual,NR,Number,M04,April,UK,United Kingdom,2005,,58463,,,,,
dataflow,ESTAT:DEMO_FMONTH(1.0),Live births (total) by month,A,Annual,NR,Number,M04,April,UK,United Kingdom,2010,,64263,,,,,
dataflow,ESTAT:DEMO_FMONTH(1.0),Live births (total) by month,A,Annual,NR,Number,M04,April,UK,United Kingdom,2015,,62370,,,,,
dataflow,ESTAT:DEMO_FMONTH(1.0),Live births (total) by month,A,Annual,NR,Number,M04,April,XK,Kosovo*,2005,,3042,,,,,
dataflow,ESTAT:DEMO_FMONTH(1.0),Live births (total) by month,A,Annual,NR,Number,M04,April,XK,Kosovo*,2015,,2004,,,,,
dataflow,ESTAT:DEMO_FMONTH(1.0),Live births (total) by month,A,Annual,NR,Number,M04,April,XK,Kosovo*,2020,,1727,,,,,
dataflow,ESTAT:DEMO_FMONTH(1.0),Live births (total) by month,A,Annual,NR,Number,M05,May,AD,Andorra,2005,,78,,,,,
dataflow,ESTAT:DEMO_FMONTH(1.0),Live births (total) by month,A,Annual,NR,Number,M05,May,AD,Andorra,2010,,59,,,,,
dataflow,ESTAT:DEMO_FMONTH(1.0),Live births (total) by month,A,Annual,NR,Number,M05,May,AL,Albania,2005,,3419,,,,,
dataflow,ESTAT:DEMO_FMONTH(1.0),Live births (total) by month,A,Annual,NR,Number,M05,May,AL,Albania,2015,,2766,,,,,
dataflow,ESTAT:DEMO_FMONTH(1.0),Live births (total) by month,A,Annual,NR,Number,M05,May,AL,Albania,2020,,2280,,,,,
dataflow,ESTAT:DEMO_FMONTH(1.0),Live births (total) by month,A,Annual,NR,Number,M05,May,AL,Albania,2023,,1924,,,,,
dataflow,ESTAT:DEMO_FMONTH(1.0),Live births (total) by month,A,Annual,NR,Number,M05,May,AM,Armenia,2005,,2811,,,,,
dataflow,ESTAT:DEMO_FMONTH(1.0),Live births (total) by month,A,Annual,NR,Number,M05,May,AM,Armenia,2015,,3122,,,,,
dataflow,ESTAT:DEMO_FMONTH(1.0),Live births (total) by month,A,Annual,NR,Number,M05,May,AM,Armenia,2020,,2621,,,,,
dataflow,ESTAT:DEMO_FMONTH(1.0),Live births (total) by month,A,Annual,NR,Number,M05,May,AM,Armenia,2023,,2848,,,,,
dataflow,ESTAT:DEMO_FMONTH(1.0),Live births (total) by month,A,Annual,NR,Number,M05,May,AT,Austria,1980,,7796,,,,,
dataflow,ESTAT:DEMO_FMONTH(1.0),Live births (total) by month,A,Annual,NR,Number,M05,May,AT,Austria,1985,,7583,,,,,
dataflow,ESTAT:DEMO_FMONTH(1.0),Live births (total) by month,A,Annual,NR,Number,M05,May,AT,Austria,1990,,7526,,,,,
dataflow,ESTAT:DEMO_FMONTH(1.0),Live births (total) by month,A,Annual,NR,Number,M05,May,AT,Austria,1995,,7301,,,,,
dataflow,ESTAT:DEMO_FMONTH(1.0),Live births (total) by month,A,Annual,NR,Number,M05,May,AT,Austria,2000,,6668,,,,,
dataflow,ESTAT:DEMO_FMONTH(1.0),Live births (total) by month,A,Annual,NR,Number,M05,May,AT,Austria,2005,,6640,,,,,
dataflow,ESTAT:DEMO_FMONTH(1.0),Live births (total) by month,A,Annual,NR,Number,M05,May,AT,Austria,2010,,6585,,,,,
dataflow,ESTAT:DEMO_FMONTH(1.0),Live births (total) by month,A,Annual,NR,Number,M05,May,AT,Austria,2015,,7118,,,,,
dataflow,ESTAT:DEMO_FMONTH(1.0),Live births (total) by month,A,Annual,NR,Number,M05,May,AT,Austria,2020,,7082,,,,,
dataflow,ESTAT:DEMO_FMONTH(1.0),Live births (total) by month,A,Annual,NR,Number,M05,May,AT,Austria,2023,,6666,,,,,
dataflow,ESTAT:DEMO_FMONTH(1.0),Live births (total) by month,A,Annual,NR,Number,M05,May,AZ,Azerbaijan,2005,,10219,,,,,
dataflow,ESTAT:DEMO_FMONTH(1.0),Live births (total) by month,A,Annual,NR,Number,M05,May,AZ,Azerbaijan,2010,,12929,,,,,
dataflow,ESTAT:DEMO_FMONTH(1.0),Live births (total) by month,A,Annual,NR,Number,M05,May,AZ,Azerbaijan,2015,,12835,,,,,
dataflow,ESTAT:DEMO_FMONTH(1.0),Live births (total) by month,A,Annual,NR,Number,M05,May,AZ,Azerbaijan,2020,,12457,,,,,
dataflow,ESTAT:DEMO_FMONTH(1.0),Live births (total) by month,A,Annual,NR,Number,M05,May,BA,Bosnia and Herzegovina,2005,,2900,,,,,
dataflow,ESTAT:DEMO_FMONTH(1.0),Live births (total) by month,A,Annual,NR,Number,M05,May,BA,Bosnia and Herzegovina,2010,,2814,,,,,
dataflow,ESTAT:DEMO_FMONTH(1.0),Live births (total) by month,A,Annual,NR,Number,M05,May,BA,Bosnia and Herzegovina,2023,,2031,,p,provisional,,
dataflow,ESTAT:DEMO_FMONTH(1.0),Live births (total) by month,A,Annual,NR,Number,M05,May,BE,Belgium,1980,,10744,,,,,
dataflow,ESTAT:DEMO_FMONTH(1.0),Live births (total) by month,A,Annual,NR,Number,M05,May,BE,Belgium,1985,,10103,,,,,
dataflow,ESTAT:DEMO_FMONTH(1.0),Live births (total) by month,A,Annual,NR,Number,M05,May,BE,Belgium,1990,,10772,,,,,
dataflow,ESTAT:DEMO_FMONTH(1.0),Live births (total) by month,A,Annual,NR,Number,M05,May,BE,Belgium,1995,,9957,,,,,
dataflow,ESTAT:DEMO_FMONTH(1.0),Live births (total) by month,A,Annual,NR,Number,M05,May,BE,Belgium,2000,,10195,,,,,
dataflow,ESTAT:DEMO_FMONTH(1.0),Live births (total) by month,A,Annual,NR,Number,M05,May,BE,Belgium,2005,,9955,,,,,
dataflow,ESTAT:DEMO_FMONTH(1.0),Live births (total) by month,A,Annual,NR,Number,M05,May,BE,Belgium,2010,,10454,,,,,
dataflow,ESTAT:DEMO_FMONTH(1.0),Live births (total) by month,A,Annual,NR,Number,M05,May,BE,Belgium,2015,,10249,,,,,
dataflow,ESTAT:DEMO_FMONTH(1.0),Live births (total) by month,A,Annual,NR,Number,M05,May,BE,Belgium,2020,,9634,,,,,
dataflow,ESTAT:DEMO_FMONTH(1.0),Live births (total) by month,A,Annual,NR,Number,M05,May,BE,Belgium,2023,,9521,,,,,
dataflow,ESTAT:DEMO_FMONTH(1.0),Live births (total) by month,A,Annual,NR,Number,M05,May,BG,Bulgaria,1995,,6141,,,,,
dataflow,ESTAT:DEMO_FMONTH(1.0),Live births (total) by month,A,Annual,NR,Number,M05,May,BG,Bulgaria,2000,,6259,,,,,
dataflow,ESTAT:DEMO_FMONTH(1.0),Live births (total) by month,A,Annual,NR,Number,M05,May,BG,Bulgaria,2005,,5995,,,,,
dataflow,ESTAT:DEMO_FMONTH(1.0),Live births (total) by month,A,Annual,NR,Number,M05,May,BG,Bulgaria,2010,,6196,,,,,
dataflow,ESTAT:DEMO_FMONTH(1.0),Live births (total) by month,A,Annual,NR,Number,M05,May,BG,Bulgaria,2015,,5334,,,,,
dataflow,ESTAT:DEMO_FMONTH(1.0),Live births (total) by month,A,Annual,NR,Number,M05,May,BG,Bulgaria,2020,,4973,,,,,
dataflow,ESTAT:DEMO_FMONTH(1.0),Live births (total) by month,A,Annual,NR,Number,M05,May,BG,Bulgaria,2023,,4746,,,,,
dataflow,ESTAT:DEMO_FMONTH(1.0),Live births (total) by month,A,Annual,NR,Number,M05,May,BY,Belarus,2005,,7093,,,,,
dataflow,ESTAT:DEMO_FMONTH(1.0),Live births (total) by month,A,Annual,NR,Number,M05,May,BY,Belarus,2015,,9435,,,,,
dataflow,ESTAT:DEMO_FMONTH(1.0),Live births (total) by month,A,Annual,NR,Number,M05,May,CH,Switzerland,1980,,6534,,,,,
dataflow,ESTAT:DEMO_FMONTH(1.0),Live births (total) by month,A,Annual,NR,Number,M05,May,CH,Switzerland,1985,,6564,,,,,
dataflow,ESTAT:DEMO_FMONTH(1.0),Live births (total) by month,A,Annual,NR,Number,M05,May,CH,Switzerland,1990,,7312,,,,,
dataflow,ESTAT:DEMO_FMONTH(1.0),Live births (total) by month,A,Annual,NR,Number,M05,May,CH,Switzerland,1995,,7045,,,,,
dataflow,ESTAT:DEMO_FMONTH(1.0),Live births (total) by month,A,Annual,NR,Number,M05,May,CH,Switzerland,2000,,6651,,,,,
dataflow,ESTAT:DEMO_FMONTH(1.0),Live births (total) by month,A,Annual,NR,Number,M05,May,CH,Switzerland,2005,,6209,,,,,
dataflow,ESTAT:DEMO_FMONTH(1.0),Live births (total) by month,A,Annual,NR,Number,M05,May,CH,Switzerland,2010,,6610,,,,,
dataflow,ESTAT:DEMO_FMONTH(1.0),Live births (total) by month,A,Annual,NR,Number,M05,May,CH,Switzerland,2015,,7358,,,,,
dataflow,ESTAT:DEMO_FMONTH(1.0),Live births (total) by month,A,Annual,NR,Number,M05,May,CH,Switzerland,2020,,7369,,,,,
dataflow,ESTAT:DEMO_FMONTH(1.0),Live births (total) by month,A,Annual,NR,Number,M05,May,CH,Switzerland,2023,,7044,,,,,
dataflow,ESTAT:DEMO_FMONTH(1.0),Live births (total) by month,A,Annual,NR,Number,M05,May,CY,Cyprus,1995,,833,,,,,
dataflow,ESTAT:DEMO_FMONTH(1.0),Live births (total) by month,A,Annual,NR,Number,M05,May,CY,Cyprus,2000,,654,,,,,
dataflow,ESTAT:DEMO_FMONTH(1.0),Live births (total) by month,A,Annual,NR,Number,M05,May,CY,Cyprus,2005,,649,,,,,
dataflow,ESTAT:DEMO_FMONTH(1.0),Live births (total) by month,A,Annual,NR,Number,M05,May,CY,Cyprus,2010,,739,,,,,
dataflow,ESTAT:DEMO_FMONTH(1.0),Live births (total) by month,A,Annual,NR,Number,M05,May,CY,Cyprus,2015,,653,,,,,
dataflow,ESTAT:DEMO_FMONTH(1.0),Live births (total) by month,A,Annual,NR,Number,M05,May,CY,Cyprus,2020,,775,,,,,
dataflow,ESTAT:DEMO_FMONTH(1.0),Live births (total) by month,A,Annual,NR,Number,M05,May,CY,Cyprus,2023,,850,,,,,
dataflow,ESTAT:DEMO_FMONTH(1.0),Live births (total) by month,A,Annual,NR,Number,M05,May,CZ,Czechia,1990,,11631,,,,,
dataflow,ESTAT:DEMO_FMONTH(1.0),Live births (total) by month,A,Annual,NR,Number,M05,May,CZ,Czechia,1995,,8575,,,,,
dataflow,ESTAT:DEMO_FMONTH(1.0),Live births (total) by month,A,Annual,NR,Number,M05,May,CZ,Czechia,2000,,8391,,,,,
dataflow,ESTAT:DEMO_FMONTH(1.0),Live births (total) by month,A,Annual,NR,Number,M05,May,CZ,Czechia,2005,,9023,,,,,
dataflow,ESTAT:DEMO_FMONTH(1.0),Live births (total) by month,A,Annual,NR,Number,M05,May,CZ,Czechia,2010,,10184,,,,,
dataflow,ESTAT:DEMO_FMONTH(1.0),Live births (total) by month,A,Annual,NR,Number,M05,May,CZ,Czechia,2015,,9272,,,,,
dataflow,ESTAT:DEMO_FMONTH(1.0),Live births (total) by month,A,Annual,NR,Number,M05,May,CZ,Czechia,2020,,9374,,,,,
dataflow,ESTAT:DEMO_FMONTH(1.0),Live births (total) by month,A,Annual,NR,Number,M05,May,CZ,Czechia,2023,,7975,,,,,
dataflow,ESTAT:DEMO_FMONTH(1.0),Live births (total) by month,A,Annual,NR,Number,M05,May,DE,Germany,1980,,53415,,,,,
dataflow,ESTAT:DEMO_FMONTH(1.0),Live births (total) by month,A,Annual,NR,Number,M05,May,DE,Germany,1985,,50347,,,,,
dataflow,ESTAT:DEMO_FMONTH(1.0),Live births (total) by month,A,Annual,NR,Number,M05,May,DE,Germany,1990,,60480,,,,,
dataflow,ESTAT:DEMO_FMONTH(1.0),Live births (total) by month,A,Annual,NR,Number,M05,May,DE,Germany,1995,,61697,,,,,
dataflow,ESTAT:DEMO_FMONTH(1.0),Live births (total) by month,A,Annual,NR,Number,M05,May,DE,Germany,2000,,65004,,,,,
dataflow,ESTAT:DEMO_FMONTH(1.0),Live births (total) by month,A,Annual,NR,Number,M05,May,DE,Germany,2005,,56866,,,,,
dataflow,ESTAT:DEMO_FMONTH(1.0),Live births (total) by month,A,Annual,NR,Number,M05,May,DE,Germany,2010,,56054,,,,,
dataflow,ESTAT:DEMO_FMONTH(1.0),Live births (total) by month,A,Annual,NR,Number,M05,May,DE,Germany,2015,,60955,,,,,
dataflow,ESTAT:DEMO_FMONTH(1.0),Live births (total) by month,A,Annual,NR,Number,M05,May,DE,Germany,2020,,64704,,,,,
dataflow,ESTAT:DEMO_FMONTH(1.0),Live births (total) by month,A,Annual,NR,Number,M05,May,DE,Germany,2023,,59261,,,,,
dataflow,ESTAT:DEMO_FMONTH(1.0),Live births (total) by month,A,Annual,NR,Number,M05,May,DE_TOT,Germany including former GDR,1980,,75080,,,,,
dataflow,ESTAT:DEMO_FMONTH(1.0),Live births (total) by month,A,Annual,NR,Number,M05,May,DE_TOT,Germany including former GDR,1985,,70134,,,,,
dataflow,ESTAT:DEMO_FMONTH(1.0),Live births (total) by month,A,Annual,NR,Number,M05,May,DE_TOT,Germany including former GDR,1990,,76566,,,,,
dataflow,ESTAT:DEMO_FMONTH(1.0),Live births (total) by month,A,Annual,NR,Number,M05,May,DE_TOT,Germany including former GDR,1995,,61697,,,,,
dataflow,ESTAT:DEMO_FMONTH(1.0),Live births (total) by month,A,Annual,NR,Number,M05,May,DE_TOT,Germany including former GDR,2000,,65004,,,,,
dataflow,ESTAT:DEMO_FMONTH(1.0),Live births (total) by month,A,Annual,NR,Number,M05,May,DE_TOT,Germany including former GDR,2005,,56866,,,,,
dataflow,ESTAT:DEMO_FMONTH(1.0),Live births (total) by month,A,Annual,NR,Number,M05,May,DE_TOT,Germany including former GDR,2010,,56054,,,,,
dataflow,ESTAT:DEMO_FMONTH(1.0),Live births (total) by month,A,Annual,NR,Number,M05,May,DE_TOT,Germany including former GDR,2015,,60955,,,,,
dataflow,ESTAT:DEMO_FMONTH(1.0),Live births (total) by month,A,Annual,NR,Number,M05,May,DE_TOT,Germany including former GDR,2020,,64704,,,,,
dataflow,ESTAT:DEMO_FMONTH(1.0),Live births (total) by month,A,Annual,NR,Number,M05,May,DE_TOT,Germany including former GDR,2023,,59261,,,,,
dataflow,ESTAT:DEMO_FMONTH(1.0),Live births (total) by month,A,Annual,NR,Number,M05,May,DK,Denmark,1980,,5190,,,,,
dataflow,ESTAT:DEMO_FMONTH(1.0),Live births (total) by month,A,Annual,NR,Number,M05,May,DK,Denmark,1985,,4834,,,,,
dataflow,ESTAT:DEMO_FMONTH(1.0),Live births (total) by month,A,Annual,NR,Number,M05,May,DK,Denmark,1990,,5545,,,,,
dataflow,ESTAT:DEMO_FMONTH(1.0),Live births (total) by month,A,Annual,NR,Number,M05,May,DK,Denmark,1995,,5849,,,,,
dataflow,ESTAT:DEMO_FMONTH(1.0),Live births (total) by month,A,Annual,NR,Number,M05,May,DK,Denmark,2000,,5716,,,,,
dataflow,ESTAT:DEMO_FMONTH(1.0),Live births (total) by month,A,Annual,NR,Number,M05,May,DK,Denmark,2005,,5461,,,,,
dataflow,ESTAT:DEMO_FMONTH(1.0),Live births (total) by month,A,Annual,NR,Number,M05,May,DK,Denmark,2010,,5337,,,,,
dataflow,ESTAT:DEMO_FMONTH(1.0),Live births (total) by month,A,Annual,NR,Number,M05,May,DK,Denmark,2015,,4684,,,,,
dataflow,ESTAT:DEMO_FMONTH(1.0),Live births (total) by month,A,Annual,NR,Number,M05,May,DK,Denmark,2020,,5052,,,,,
dataflow,ESTAT:DEMO_FMONTH(1.0),Live births (total) by month,A,Annual,NR,Number,M05,May,DK,Denmark,2023,,4886,,,,,
dataflow,ESTAT:DEMO_FMONTH(1.0),Live births (total) by month,A,Annual,NR,Number,M05,May,EE,Estonia,1980,,1962,,,,,
dataflow,ESTAT:DEMO_FMONTH(1.0),Live births (total) by month,A,Annual,NR,Number,M05,May,EE,Estonia,1985,,2127,,,,,
dataflow,ESTAT:DEMO_FMONTH(1.0),Live births (total) by month,A,Annual,NR,Number,M05,May,EE,Estonia,1990,,2028,,,,,
dataflow,ESTAT:DEMO_FMONTH(1.0),Live births (total) by month,A,Annual,NR,Number,M05,May,EE,Estonia,1995,,1189,,,,,
dataflow,ESTAT:DEMO_FMONTH(1.0),Live births (total) by month,A,Annual,NR,Number,M05,May,EE,Estonia,2000,,1188,,,,,
dataflow,ESTAT:DEMO_FMONTH(1.0),Live births (total) by month,A,Annual,NR,Number,M05,May,EE,Estonia,2005,,1234,,,,,
dataflow,ESTAT:DEMO_FMONTH(1.0),Live births (total) by month,A,Annual,NR,Number,M05,May,EE,Estonia,2010,,1408,,,,,
dataflow,ESTAT:DEMO_FMONTH(1.0),Live births (total) by month,A,Annual,NR,Number,M05,May,EE,Estonia,2015,,1159,,,,,
dataflow,ESTAT:DEMO_FMONTH(1.0),Live births (total) by month,A,Annual,NR,Number,M05,May,EE,Estonia,2020,,1183,,,,,
dataflow,ESTAT:DEMO_FMONTH(1.0),Live births (total) by month,A,Annual,NR,Number,M05,May,EE,Estonia,2023,,915,,,,,
dataflow,ESTAT:DEMO_FMONTH(1.0),Live births (total) by month,A,Annual,NR,Number,M05,May,EL,Greece,1980,,13196,,,,,
dataflow,ESTAT:DEMO_FMONTH(1.0),Live births (total) by month,A,Annual,NR,Number,M05,May,EL,Greece,1985,,11368,,,,,
dataflow,ESTAT:DEMO_FMONTH(1.0),Live births (total) by month,A,Annual,NR,Number,M05,May,EL,Greece,1990,,8954,,,,,
dataflow,ESTAT:DEMO_FMONTH(1.0),Live births (total) by month,A,Annual,NR,Number,M05,May,EL,Greece,1995,,8616,,,,,
dataflow,ESTAT:DEMO_FMONTH(1.0),Live births (total) by month,A,Annual,NR,Number,M05,May,EL,Greece,2000,,8172,,,,,
dataflow,ESTAT:DEMO_FMONTH(1.0),Live births (total) by month,A,Annual,NR,Number,M05,May,EL,Greece,2005,,8783,,,,,
dataflow,ESTAT:DEMO_FMONTH(1.0),Live births (total) by month,A,Annual,NR,Number,M05,May,EL,Greece,2010,,9233,,,,,
dataflow,ESTAT:DEMO_FMONTH(1.0),Live births (total) by month,A,Annual,NR,Number,M05,May,EL,Greece,2015,,7211,,,,,
dataflow,ESTAT:DEMO_FMONTH(1.0),Live births (total) by month,A,Annual,NR,Number,M05,May,EL,Greece,2020,,6948,,,,,
dataflow,ESTAT:DEMO_FMONTH(1.0),Live births (total) by month,A,Annual,NR,Number,M05,May,EL,Greece,2023,,5922,,,,,
dataflow,ESTAT:DEMO_FMONTH(1.0),Live births (total) by month,A,Annual,NR,Number,M05,May,ES,Spain,1980,,50140,,,,,
dataflow,ESTAT:DEMO_FMONTH(1.0),Live births (total) by month,A,Annual,NR,Number,M05,May,ES,Spain,1985,,41155,,,,,
dataflow,ESTAT:DEMO_FMONTH(1.0),Live births (total) by month,A,Annual,NR,Number,M05,May,ES,Spain,1990,,34532,,,,,
dataflow,ESTAT:DEMO_FMONTH(1.0),Live births (total) by month,A,Annual,NR,Number,M05,May,ES,Spain,1995,,31392,,,,,
dataflow,ESTAT:DEMO_FMONTH(1.0),Live births (total) by month,A,Annual,NR,Number,M05,May,ES,Spain,2000,,34026,,,,,
dataflow,ESTAT:DEMO_FMONTH(1.0),Live births (total) by month,A,Annual,NR,Number,M05,May,ES,Spain,2005,,39299,,,,,
dataflow,ESTAT:DEMO_FMONTH(1.0),Live births (total) by month,A,Annual,NR,Number,M05,May,ES,Spain,2010,,39563,,,,,
dataflow,ESTAT:DEMO_FMONTH(1.0),Live births (total) by month,A,Annual,NR,Number,M05,May,ES,Spain,2015,,34980,,,,,
dataflow,ESTAT:DEMO_FMONTH(1.0),Live births (total) by month,A,Annual,NR,Number,M05,May,ES,Spain,2020,,28443,,,,,
dataflow,ESTAT:DEMO_FMONTH(1.0),Live births (total) by month,A,Annual,NR,Number,M05,May,ES,Spain,2023,,25942,,,,,
dataflow,ESTAT:DEMO_FMONTH(1.0),Live births (total) by month,A,Annual,NR,Number,M05,May,FI,Finland,1980,,5660,,,,,
dataflow,ESTAT:DEMO_FMONTH(1.0),Live births (total) by month,A,Annual,NR,Number,M05,May,FI,Finland,1985,,5503,,,,,
dataflow,ESTAT:DEMO_FMONTH(1.0),Live births (total) by month,A,Annual,NR,Number,M05,May,FI,Finland,1990,,5792,,,,,
dataflow,ESTAT:DEMO_FMONTH(1.0),Live births (total) by month,A,Annual,NR,Number,M05,May,FI,Finland,1995,,5563,,,,,
dataflow,ESTAT:DEMO_FMONTH(1.0),Live births (total) by month,A,Annual,NR,Number,M05,May,FI,Finland,2000,,5001,,,,,
dataflow,ESTAT:DEMO_FMONTH(1.0),Live births (total) by month,A,Annual,NR,Number,M05,May,FI,Finland,2005,,4964,,,,,
dataflow,ESTAT:DEMO_FMONTH(1.0),Live births (total) by month,A,Annual,NR,Number,M05,May,FI,Finland,2010,,5095,,,,,
dataflow,ESTAT:DEMO_FMONTH(1.0),Live births (total) by month,A,Annual,NR,Number,M05,May,FI,Finland,2015,,4633,,,,,
dataflow,ESTAT:DEMO_FMONTH(1.0),Live births (total) by month,A,Annual,NR,Number,M05,May,FI,Finland,2020,,3876,,,,,
dataflow,ESTAT:DEMO_FMONTH(1.0),Live births (total) by month,A,Annual,NR,Number,M05,May,FI,Finland,2023,,3688,,,,,
dataflow,ESTAT:DEMO_FMONTH(1.0),Live births (total) by month,A,Annual,NR,Number,M05,May,FR,France,1995,,64643,,,,,
dataflow,ESTAT:DEMO_FMONTH(1.0),Live births (total) by month,A,Annual,NR,Number,M05,May,FR,France,2000,,70066,,,,,
dataflow,ESTAT:DEMO_FMONTH(1.0),Live births (total) by month,A,Annual,NR,Number,M05,May,FR,France,2005,,67979,,,,,
dataflow,ESTAT:DEMO_FMONTH(1.0),Live births (total) by month,A,Annual,NR,Number,M05,May,FR,France,2010,,69406,,,,,
dataflow,ESTAT:DEMO_FMONTH(1.0),Live births (total) by month,A,Annual,NR,Number,M05,May,FR,France,2015,,67681,,,,,
dataflow,ESTAT:DEMO_FMONTH(1.0),Live births (total) by month,A,Annual,NR,Number,M05,May,FR,France,2020,,62260,,,,,
dataflow,ESTAT:DEMO_FMONTH(1.0),Live births (total) by month,A,Annual,NR,Number,M05,May,FR,France,2023,,57299,,,,,
dataflow,ESTAT:DEMO_FMONTH(1.0),Live births (total) by month,A,Annual,NR,Number,M05,May,FX,Metropolitan France,1980,,73984,,,,,
dataflow,ESTAT:DEMO_FMONTH(1.0),Live births (total) by month,A,Annual,NR,Number,M05,May,FX,Metropolitan France,1985,,70206,,,,,
dataflow,ESTAT:DEMO_FMONTH(1.0),Live births (total) by month,A,Annual,NR,Number,M05,May,FX,Metropolitan France,1990,,67307,,,,,
dataflow,ESTAT:DEMO_FMONTH(1.0),Live births (total) by month,A,Annual,NR,Number,M05,May,FX,Metropolitan France,1995,,62061,,,,,
dataflow,ESTAT:DEMO_FMONTH(1.0),Live births (total) by month,A,Annual,NR,Number,M05,May,FX,Metropolitan France,2000,,67324,,,,,
dataflow,ESTAT:DEMO_FMONTH(1.0),Live births (total) by month,A,Annual,NR,Number,M05,May,FX,Metropolitan France,2005,,65178,,,,,
dataflow,ESTAT:DEMO_FMONTH(1.0),Live births (total) by month,A,Annual,NR,Number,M05,May,FX,Metropolitan France,2010,,66774,,,,,
dataflow,ESTAT:DEMO_FMONTH(1.0),Live births (total) by month,A,Annual,NR,Number,M05,May,GE,Georgia,2005,,3739,,,,,
dataflow,ESTAT:DEMO_FMONTH(1.0),Live births (total) by month,A,Annual,NR,Number,M05,May,GE,Georgia,2010,,5176,,,,,
dataflow,ESTAT:DEMO_FMONTH(1.0),Live births (total) by month,A,Annual,NR,Number,M05,May,GE,Georgia,2015,,4683,,,,,
dataflow,ESTAT:DEMO_FMONTH(1.0),Live births (total) by month,A,Annual,NR,Number,M05,May,GE,Georgia,2020,,3861,,,,,
dataflow,ESTAT:DEMO_FMONTH(1.0),Live births (total) by month,A,Annual,NR,Number,M05,May,GE,Georgia,2023,,3144,,,,,
dataflow,ESTAT:DEMO_FMONTH(1.0),Live births (total) by month,A,Annual,NR,Number,M05,May,HR,Croatia,1995,,4011,,,,,
dataflow,ESTAT:DEMO_FMONTH(1.0),Live births (total) by month,A,Annual,NR,Number,M05,May,HR,Croatia,2000,,3600,,,,,
dataflow,ESTAT:DEMO_FMONTH(1.0),Live births (total) by month,A,Annual,NR,Number,M05,May,HR,Croatia,2005,,3582,,,,,
dataflow,ESTAT:DEMO_FMONTH(1.0),Live births (total) by month,A,Annual,NR,Number,M05,May,HR,Croatia,2010,,3468,,,,,
dataflow,ESTAT:DEMO_FMONTH(1.0),Live births (total) by month,A,Annual,NR,Number,M05,May,HR,Croatia,2015,,2994,,,,,
dataflow,ESTAT:DEMO_FMONTH(1.0),Live births (total) by month,A,Annual,NR,Number,M05,May,HR,Croatia,2020,,2818,,,,,
dataflow,ESTAT:DEMO_FMONTH(1.0),Live births (total) by month,A,Annual,NR,Number,M05,May,HR,Croatia,2023,,2597,,,,,
dataflow,ESTAT:DEMO_FMONTH(1.0),Live births (total) by month,A,Annual,NR,Number,M05,May,HU,Hungary,1995,,8833,,,,,
dataflow,ESTAT:DEMO_FMONTH(1.0),Live births (total) by month,A,Annual,NR,Number,M05,May,HU,Hungary,2000,,8008,,,,,
dataflow,ESTAT:DEMO_FMONTH(1.0),Live births (total) by month,A,Annual,NR,Number,M05,May,HU,Hungary,2005,,7898,,,,,
dataflow,ESTAT:DEMO_FMONTH(1.0),Live births (total) by month,A,Annual,NR,Number,M05,May,HU,Hungary,2010,,7010,,,,,
dataflow,ESTAT:DEMO_FMONTH(1.0),Live births (total) by month,A,Annual,NR,Number,M05,May,HU,Hungary,2015,,7435,,,,,
dataflow,ESTAT:DEMO_FMONTH(1.0),Live births (total) by month,A,Annual,NR,Number,M05,May,HU,Hungary,2020,,7444,,,,,
dataflow,ESTAT:DEMO_FMONTH(1.0),Live births (total) by month,A,Annual,NR,Number,M05,May,HU,Hungary,2023,,7235,,,,,
dataflow,ESTAT:DEMO_FMONTH(1.0),Live births (total) by month,A,Annual,NR,Number,M05,May,IE,Ireland,1980,,6672,,,,,
dataflow,ESTAT:DEMO_FMONTH(1.0),Live births (total) by month,A,Annual,NR,Number,M05,May,IE,Ireland,1985,,5690,,,,,
dataflow,ESTAT:DEMO_FMONTH(1.0),Live births (total) by month,A,Annual,NR,Number,M05,May,IE,Ireland,1990,,4851,,,,,
dataflow,ESTAT:DEMO_FMONTH(1.0),Live births (total) by month,A,Annual,NR,Number,M05,May,IE,Ireland,1995,,4336,,,,,
dataflow,ESTAT:DEMO_FMONTH(1.0),Live births (total) by month,A,Annual,NR,Number,M05,May,IE,Ireland,2000,,4677,,,,,
dataflow,ESTAT:DEMO_FMONTH(1.0),Live births (total) by month,A,Annual,NR,Number,M05,May,IE,Ireland,2005,,5104,,,,,
dataflow,ESTAT:DEMO_FMONTH(1.0),Live births (total) by month,A,Annual,NR,Number,M05,May,IE,Ireland,2010,,6280,,,,,
dataflow,ESTAT:DEMO_FMONTH(1.0),Live births (total) by month,A,Annual,NR,Number,M05,May,IE,Ireland,2015,,5481,,,,,
dataflow,ESTAT:DEMO_FMONTH(1.0),Live births (total) by month,A,Annual,NR,Number,M05,May,IE,Ireland,2020,,4686,,,,,
dataflow,ESTAT:DEMO_FMONTH(1.0),Live births (total) by month,A,Annual,NR,Number,M05,May,IE,Ireland,2023,,4545,,,,,
dataflow,ESTAT:DEMO_FMONTH(1.0),Live births (total) by month,A,Annual,NR,Number,M05,May,IS,Iceland,1980,,441,,,,,
dataflow,ESTAT:DEMO_FMONTH(1.0),Live births (total) by month,A,Annual,NR,Number,M05,May,IS,Iceland,1985,,342,,,,,
dataflow,ESTAT:DEMO_FMONTH(1.0),Live births (total) by month,A,Annual,NR,Number,M05,May,IS,Iceland,1990,,461,,,,,
dataflow,ESTAT:DEMO_FMONTH(1.0),Live births (total) by month,A,Annual,NR,Number,M05,May,IS,Iceland,1995,,386,,,,,
dataflow,ESTAT:DEMO_FMONTH(1.0),Live births (total) by month,A,Annual,NR,Number,M05,May,IS,Iceland,2000,,373,,,,,
dataflow,ESTAT:DEMO_FMONTH(1.0),Live births (total) by month,A,Annual,NR,Number,M05,May,IS,Iceland,2005,,398,,,,,
dataflow,ESTAT:DEMO_FMONTH(1.0),Live births (total) by month,A,Annual,NR,Number,M05,May,IS,Iceland,2010,,412,,,,,
dataflow,ESTAT:DEMO_FMONTH(1.0),Live births (total) by month,A,Annual,NR,Number,M05,May,IS,Iceland,2015,,340,,,,,
dataflow,ESTAT:DEMO_FMONTH(1.0),Live births (total) by month,A,Annual,NR,Number,M05,May,IS,Iceland,2020,,383,,,,,
dataflow,ESTAT:DEMO_FMONTH(1.0),Live births (total) by month,A,Annual,NR,Number,M05,May,IS,Iceland,2023,,357,,,,,
dataflow,ESTAT:DEMO_FMONTH(1.0),Live births (total) by month,A,Annual,NR,Number,M05,May,IT,Italy,1980,,57290,,,,,
dataflow,ESTAT:DEMO_FMONTH(1.0),Live births (total) by month,A,Annual,NR,Number,M05,May,IT,Italy,1985,,53760,,,,,
dataflow,ESTAT:DEMO_FMONTH(1.0),Live births (total) by month,A,Annual,NR,Number,M05,May,IT,Italy,1990,,50147,,,,,
dataflow,ESTAT:DEMO_FMONTH(1.0),Live births (total) by month,A,Annual,NR,Number,M05,May,IT,Italy,1995,,44708,,,,,
dataflow,ESTAT:DEMO_FMONTH(1.0),Live births (total) by month,A,Annual,NR,Number,M05,May,IT,Italy,2000,,49143,,,,,
dataflow,ESTAT:DEMO_FMONTH(1.0),Live births (total) by month,A,Annual,NR,Number,M05,May,IT,Italy,2005,,48558,,,,,
dataflow,ESTAT:DEMO_FMONTH(1.0),Live births (total) by month,A,Annual,NR,Number,M05,May,IT,Italy,2010,,44233,,,,,
dataflow,ESTAT:DEMO_FMONTH(1.0),Live births (total) by month,A,Annual,NR,Number,M05,May,IT,Italy,2015,,39339,,,,,
dataflow,ESTAT:DEMO_FMONTH(1.0),Live births (total) by month,A,Annual,NR,Number,M05,May,IT,Italy,2020,,32259,,,,,
dataflow,ESTAT:DEMO_FMONTH(1.0),Live births (total) by month,A,Annual,NR,Number,M05,May,IT,Italy,2023,,30449,,,,,
dataflow,ESTAT:DEMO_FMONTH(1.0),Live births (total) by month,A,Annual,NR,Number,M05,May,LI,Liechtenstein,1980,,33,,,,,
dataflow,ESTAT:DEMO_FMONTH(1.0),Live births (total) by month,A,Annual,NR,Number,M05,May,LI,Liechtenstein,1985,,32,,,,,
dataflow,ESTAT:DEMO_FMONTH(1.0),Live births (total) by month,A,Annual,NR,Number,M05,May,LI,Liechtenstein,1990,,37,,,,,
dataflow,ESTAT:DEMO_FMONTH(1.0),Live births (total) by month,A,Annual,NR,Number,M05,May,LI,Liechtenstein,1995,,39,,,,,
dataflow,ESTAT:DEMO_FMONTH(1.0),Live births (total) by month,A,Annual,NR,Number,M05,May,LI,Liechtenstein,2000,,41,,,,,
dataflow,ESTAT:DEMO_FMONTH(1.0),Live births (total) by month,A,Annual,NR,Number,M05,May,LI,Liechtenstein,2005,,34,,,,,
dataflow,ESTAT:DEMO_FMONTH(1.0),Live births (total) by month,A,Annual,NR,Number,M05,May,LI,Liechtenstein,2010,,27,,,,,
dataflow,ESTAT:DEMO_FMONTH(1.0),Live births (total) by month,A,Annual,NR,Number,M05,May,LI,Liechtenstein,2015,,29,,,,,
dataflow,ESTAT:DEMO_FMONTH(1.0),Live births (total) by month,A,Annual,NR,Number,M05,May,LI,Liechtenstein,2020,,26,,,,,
dataflow,ESTAT:DEMO_FMONTH(1.0),Live births (total) by month,A,Annual,NR,Number,M05,May,LI,Liechtenstein,2023,,30,,,,,
dataflow,ESTAT:DEMO_FMONTH(1.0),Live births (total) by month,A,Annual,NR,Number,M05,May,LT,Lithuania,1995,,3737,,,,,
dataflow,ESTAT:DEMO_FMONTH(1.0),Live births (total) by month,A,Annual,NR,Number,M05,May,LT,Lithuania,2000,,3102,,,,,
dataflow,ESTAT:DEMO_FMONTH(1.0),Live births (total) by month,A,Annual,NR,Number,M05,May,LT,Lithuania,2005,,2425,,,,,
dataflow,ESTAT:DEMO_FMONTH(1.0),Live births (total) by month,A,Annual,NR,Number,M05,May,LT,Lithuania,2010,,2725,,,,,
dataflow,ESTAT:DEMO_FMONTH(1.0),Live births (total) by month,A,Annual,NR,Number,M05,May,LT,Lithuania,2015,,2556,,,,,
dataflow,ESTAT:DEMO_FMONTH(1.0),Live births (total) by month,A,Annual,NR,Number,M05,May,LT,Lithuania,2020,,2110,,,,,
dataflow,ESTAT:DEMO_FMONTH(1.0),Live births (total) by month,A,Annual,NR,Number,M05,May,LT,Lithuania,2023,,1860,,,,,
dataflow,ESTAT:DEMO_FMONTH(1.0),Live births (total) by month,A,Annual,NR,Number,M05,May,LU,Luxembourg,1980,,369,,,,,
dataflow,ESTAT:DEMO_FMONTH(1.0),Live births (total) by month,A,Annual,NR,Number,M05,May,LU,Luxembourg,1985,,355,,,,,
dataflow,ESTAT:DEMO_FMONTH(1.0),Live births (total) by month,A,Annual,NR,Number,M05,May,LU,Luxembourg,1990,,457,,,,,
dataflow,ESTAT:DEMO_FMONTH(1.0),Live births (total) by month,A,Annual,NR,Number,M05,May,LU,Luxembourg,1995,,490,,,,,
dataflow,ESTAT:DEMO_FMONTH(1.0),Live births (total) by month,A,Annual,NR,Number,M05,May,LU,Luxembourg,2000,,501,,,,,
dataflow,ESTAT:DEMO_FMONTH(1.0),Live births (total) by month,A,Annual,NR,Number,M05,May,LU,Luxembourg,2005,,458,,,,,
dataflow,ESTAT:DEMO_FMONTH(1.0),Live births (total) by month,A,Annual,NR,Number,M05,May,LU,Luxembourg,2010,,511,,,,,
dataflow,ESTAT:DEMO_FMONTH(1.0),Live births (total) by month,A,Annual,NR,Number,M05,May,LU,Luxembourg,2015,,513,,,,,
dataflow,ESTAT:DEMO_FMONTH(1.0),Live births (total) by month,A,Annual,NR,Number,M05,May,LU,Luxembourg,2020,,602,,,,,
dataflow,ESTAT:DEMO_FMONTH(1.0),Live births (total) by month,A,Annual,NR,Number,M05,May,LU,Luxembourg,2023,,603,,,,,
dataflow,ESTAT:DEMO_FMONTH(1.0),Live births (total) by month,A,Annual,NR,Number,M05,May,LV,Latvia,2000,,1828,,,,,
dataflow,ESTAT:DEMO_FMONTH(1.0),Live births (total) by month,A,Annual,NR,Number,M05,May,LV,Latvia,2005,,1827,,,,,
dataflow,ESTAT:DEMO_FMONTH(1.0),Live births (total) by month,A,Annual,NR,Number,M05,May,LV,Latvia,2010,,1714,,,,,
dataflow,ESTAT:DEMO_FMONTH(1.0),Live births (total) by month,A,Annual,NR,Number,M05,May,LV,Latvia,2015,,1763,,,,,
dataflow,ESTAT:DEMO_FMONTH(1.0),Live births (total) by month,A,Annual,NR,Number,M05,May,LV,Latvia,2020,,1567,,,,,
dataflow,ESTAT:DEMO_FMONTH(1.0),Live births (total) by month,A,Annual,NR,Number,M05,May,LV,Latvia,2023,,1240,,,,,
dataflow,ESTAT:DEMO_FMONTH(1.0),Live births (total) by month,A,Annual,NR,Number,M05,May,MC,Monaco,2005,,66,,,,,
dataflow,ESTAT:DEMO_FMONTH(1.0),Live births (total) by month,A,Annual,NR,Number,M05,May,MC,Monaco,2023,,15,,,,,
dataflow,ESTAT:DEMO_FMONTH(1.0),Live births (total) by month,A,Annual,NR,Number,M05,May,MD,Moldova,2005,,3025,,,,,
dataflow,ESTAT:DEMO_FMONTH(1.0),Live births (total) by month,A,Annual,NR,Number,M05,May,MD,Moldova,2010,,3208,,,,,
dataflow,ESTAT:DEMO_FMONTH(1.0),Live births (total) by month,A,Annual,NR,Number,M05,May,MD,Moldova,2015,,3285,,,,,
dataflow,ESTAT:DEMO_FMONTH(1.0),Live births (total) by month,A,Annual,NR,Number,M05,May,MD,Moldova,2020,,2725,,,,,
dataflow,ESTAT:DEMO_FMONTH(1.0),Live births (total) by month,A,Annual,NR,Number,M05,May,MD,Moldova,2023,,2052,,,,,
dataflow,ESTAT:DEMO_FMONTH(1.0),Live births (total) by month,A,Annual,NR,Number,M05,May,ME,Montenegro,2005,,603,,,,,
dataflow,ESTAT:DEMO_FMONTH(1.0),Live births (total) by month,A,Annual,NR,Number,M05,May,ME,Montenegro,2010,,518,,,,,
dataflow,ESTAT:DEMO_FMONTH(1.0),Live births (total) by month,A,Annual,NR,Number,M05,May,ME,Montenegro,2015,,620,,,,,
dataflow,ESTAT:DEMO_FMONTH(1.0),Live births (total) by month,A,Annual,NR,Number,M05,May,ME,Montenegro,2020,,576,,,,,
dataflow,ESTAT:DEMO_FMONTH(1.0),Live births (total) by month,A,Annual,NR,Number,M05,May,ME,Montenegro,2023,,612,,,,,
dataflow,ESTAT:DEMO_FMONTH(1.0),Live births (total) by month,A,Annual,NR,Number,M05,May,MK,North Macedonia,1995,,2750,,,,,
dataflow,ESTAT:DEMO_FMONTH(1.0),Live births (total) by month,A,Annual,NR,Number,M05,May,MK,North Macedonia,2000,,2576,,,,,
dataflow,ESTAT:DEMO_FMONTH(1.0),Live births (total) by month,A,Annual,NR,Number,M05,May,MK,North Macedonia,2005,,1920,,,,,
dataflow,ESTAT:DEMO_FMONTH(1.0),Live births (total) by month,A,Annual,NR,Number,M05,May,MK,North Macedonia,2010,,2127,,,,,
dataflow,ESTAT:DEMO_FMONTH(1.0),Live births (total) by month,A,Annual,NR,Number,M05,May,MK,North Macedonia,2015,,1950,,,,,
dataflow,ESTAT:DEMO_FMONTH(1.0),Live births (total) by month,A,Annual,NR,Number,M05,May,MK,North Macedonia,2020,,1657,,,,,
dataflow,ESTAT:DEMO_FMONTH(1.0),Live births (total) by month,A,Annual,NR,Number,M05,May,MK,North Macedonia,2023,,1467,,,,,
dataflow,ESTAT:DEMO_FMONTH(1.0),Live births (total) by month,A,Annual,NR,Number,M05,May,MT,Malta,1995,,386,,,,,
dataflow,ESTAT:DEMO_FMONTH(1.0),Live births (total) by month,A,Annual,NR,Number,M05,May,MT,Malta,2000,,334,,,,,
dataflow,ESTAT:DEMO_FMONTH(1.0),Live births (total) by month,A,Annual,NR,Number,M05,May,MT,Malta,2005,,357,,,,,
dataflow,ESTAT:DEMO_FMONTH(1.0),Live births (total) by month,A,Annual,NR,Number,M05,May,MT,Malta,2010,,291,,,,,
dataflow,ESTAT:DEMO_FMONTH(1.0),Live births (total) by month,A,Annual,NR,Number,M05,May,MT,Malta,2015,,338,,,,,
dataflow,ESTAT:DEMO_FMONTH(1.0),Live births (total) by month,A,Annual,NR,Number,M05,May,MT,Malta,2020,,341,,,,,
dataflow,ESTAT:DEMO_FMONTH(1.0),Live births (total) by month,A,Annual,NR,Number,M05,May,MT,Malta,2023,,350,,,,,
dataflow,ESTAT:DEMO_FMONTH(1.0),Live births (total) by month,A,Annual,NR,Number,M05,May,NL,Netherlands,1980,,15606,,,,,
dataflow,ESTAT:DEMO_FMONTH(1.0),Live births (total) by month,A,Annual,NR,Number,M05,May,NL,Netherlands,1985,,15192,,,,,
dataflow,ESTAT:DEMO_FMONTH(1.0),Live births (total) by month,A,Annual,NR,Number,M05,May,NL,Netherlands,1990,,17467,,,,,
dataflow,ESTAT:DEMO_FMONTH(1.0),Live births (total) by month,A,Annual,NR,Number,M05,May,NL,Netherlands,1995,,16167,,,,,
dataflow,ESTAT:DEMO_FMONTH(1.0),Live births (total) by month,A,Annual,NR,Number,M05,May,NL,Netherlands,2000,,17513,,,,,
dataflow,ESTAT:DEMO_FMONTH(1.0),Live births (total) by month,A,Annual,NR,Number,M05,May,NL,Netherlands,2005,,15711,,,,,
dataflow,ESTAT:DEMO_FMONTH(1.0),Live births (total) by month,A,Annual,NR,Number,M05,May,NL,Netherlands,2010,,15031,,,,,
dataflow,ESTAT:DEMO_FMONTH(1.0),Live births (total) by month,A,Annual,NR,Number,M05,May,NL,Netherlands,2015,,14345,,,,,
dataflow,ESTAT:DEMO_FMONTH(1.0),Live births (total) by month,A,Annual,NR,Number,M05,May,NL,Netherlands,2020,,13791,,,,,
dataflow,ESTAT:DEMO_FMONTH(1.0),Live births (total) by month,A,Annual,NR,Number,M05,May,NL,Netherlands,2023,,14307,,,,,
dataflow,ESTAT:DEMO_FMONTH(1.0),Live births (total) by month,A,Annual,NR,Number,M05,May,NO,Norway,1980,,4668,,,,,
dataflow,ESTAT:DEMO_FMONTH(1.0),Live births (total) by month,A,Annual,NR,Number,M05,May,NO,Norway,1985,,4553,,,,,
dataflow,ESTAT:DEMO_FMONTH(1.0),Live births (total) by month,A,Annual,NR,Number,M05,May,NO,Norway,1990,,5275,,,,,
dataflow,ESTAT:DEMO_FMONTH(1.0),Live births (total) by month,A,Annual,NR,Number,M05,May,NO,Norway,1995,,5351,,,,,
dataflow,ESTAT:DEMO_FMONTH(1.0),Live births (total) by month,A,Annual,NR,Number,M05,May,NO,Norway,2000,,5421,,,,,
dataflow,ESTAT:DEMO_FMONTH(1.0),Live births (total) by month,A,Annual,NR,Number,M05,May,NO,Norway,2005,,4968,,,,,
dataflow,ESTAT:DEMO_FMONTH(1.0),Live births (total) by month,A,Annual,NR,Number,M05,May,NO,Norway,2010,,5262,,,,,
dataflow,ESTAT:DEMO_FMONTH(1.0),Live births (total) by month,A,Annual,NR,Number,M05,May,NO,Norway,2015,,5261,,,,,
dataflow,ESTAT:DEMO_FMONTH(1.0),Live births (total) by month,A,Annual,NR,Number,M05,May,NO,Norway,2020,,4702,,,,,
dataflow,ESTAT:DEMO_FMONTH(1.0),Live births (total) by month,A,Annual,NR,Number,M05,May,NO,Norway,2023,,4629,,,,,
dataflow,ESTAT:DEMO_FMONTH(1.0),Live births (total) by month,A,Annual,NR,Number,M05,May,PL,Poland,1995,,37060,,,,,
dataflow,ESTAT:DEMO_FMONTH(1.0),Live births (total) by month,A,Annual,NR,Number,M05,May,PL,Poland,2000,,32905,,,,,
dataflow,ESTAT:DEMO_FMONTH(1.0),Live births (total) by month,A,Annual,NR,Number,M05,May,PL,Poland,2005,,31625,,,,,
dataflow,ESTAT:DEMO_FMONTH(1.0),Live births (total) by month,A,Annual,NR,Number,M05,May,PL,Poland,2010,,35326,,,,,
dataflow,ESTAT:DEMO_FMONTH(1.0),Live births (total) by month,A,Annual,NR,Number,M05,May,PL,Poland,2015,,30493,,,,,
dataflow,ESTAT:DEMO_FMONTH(1.0),Live births (total) by month,A,Annual,NR,Number,M05,May,PL,Poland,2020,,29856,,,,,
dataflow,ESTAT:DEMO_FMONTH(1.0),Live births (total) by month,A,Annual,NR,Number,M05,May,PL,Poland,2023,,22541,,,,,
dataflow,ESTAT:DEMO_FMONTH(1.0),Live births (total) by month,A,Annual,NR,Number,M05,May,PT,Portugal,1980,,14490,,,,,
dataflow,ESTAT:DEMO_FMONTH(1.0),Live births (total) by month,A,Annual,NR,Number,M05,May,PT,Portugal,1985,,12043,,,,,
dataflow,ESTAT:DEMO_FMONTH(1.0),Live births (total) by month,A,Annual,NR,Number,M05,May,PT,Portugal,1990,,10346,,,,,
dataflow,ESTAT:DEMO_FMONTH(1.0),Live births (total) by month,A,Annual,NR,Number,M05,May,PT,Portugal,1995,,9686,,,,,
dataflow,ESTAT:DEMO_FMONTH(1.0),Live births (total) by month,A,Annual,NR,Number,M05,May,PT,Portugal,2000,,10366,,,,,
dataflow,ESTAT:DEMO_FMONTH(1.0),Live births (total) by month,A,Annual,NR,Number,M05,May,PT,Portugal,2005,,9054,,,,,
dataflow,ESTAT:DEMO_FMONTH(1.0),Live births (total) by month,A,Annual,NR,Number,M05,May,PT,Portugal,2010,,8332,,,,,
dataflow,ESTAT:DEMO_FMONTH(1.0),Live births (total) by month,A,Annual,NR,Number,M05,May,PT,Portugal,2015,,7212,,,,,
dataflow,ESTAT:DEMO_FMONTH(1.0),Live births (total) by month,A,Annual,NR,Number,M05,May,PT,Portugal,2020,,7220,,,,,
dataflow,ESTAT:DEMO_FMONTH(1.0),Live births (total) by month,A,Annual,NR,Number,M05,May,PT,Portugal,2023,,7295,,,,,
dataflow,ESTAT:DEMO_FMONTH(1.0),Live births (total) by month,A,Annual,NR,Number,M05,May,RO,Romania,1995,,20388,,,,,
dataflow,ESTAT:DEMO_FMONTH(1.0),Live births (total) by month,A,Annual,NR,Number,M05,May,RO,Romania,2000,,19923,,,,,
dataflow,ESTAT:DEMO_FMONTH(1.0),Live births (total) by month,A,Annual,NR,Number,M05,May,RO,Romania,2005,,18375,,,,,
dataflow,ESTAT:DEMO_FMONTH(1.0),Live births (total) by month,A,Annual,NR,Number,M05,May,RO,Romania,2010,,17705,,,,,
dataflow,ESTAT:DEMO_FMONTH(1.0),Live births (total) by month,A,Annual,NR,Number,M05,May,RO,Romania,2015,,16398,,,,,
dataflow,ESTAT:DEMO_FMONTH(1.0),Live births (total) by month,A,Annual,NR,Number,M05,May,RO,Romania,2020,,16473,,,,,
dataflow,ESTAT:DEMO_FMONTH(1.0),Live births (total) by month,A,Annual,NR,Number,M05,May,RO,Romania,2023,,13791,,,,,
dataflow,ESTAT:DEMO_FMONTH(1.0),Live births (total) by month,A,Annual,NR,Number,M05,May,RS,Serbia,2000,,6026,,,,,
dataflow,ESTAT:DEMO_FMONTH(1.0),Live births (total) by month,A,Annual,NR,Number,M05,May,RS,Serbia,2005,,5894,,,,,
dataflow,ESTAT:DEMO_FMONTH(1.0),Live births (total) by month,A,Annual,NR,Number,M05,May,RS,Serbia,2010,,5478,,,,,
dataflow,ESTAT:DEMO_FMONTH(1.0),Live births (total) by month,A,Annual,NR,Number,M05,May,RS,Serbia,2015,,5067,,,,,
dataflow,ESTAT:DEMO_FMONTH(1.0),Live births (total) by month,A,Annual,NR,Number,M05,May,RS,Serbia,2020,,4877,,,,,
dataflow,ESTAT:DEMO_FMONTH(1.0),Live births (total) by month,A,Annual,NR,Number,M05,May,RS,Serbia,2023,,4808,,,,,
dataflow,ESTAT:DEMO_FMONTH(1.0),Live births (total) by month,A,Annual,NR,Number,M05,May,RU,Russia,2005,,121149,,,,,
dataflow,ESTAT:DEMO_FMONTH(1.0),Live births (total) by month,A,Annual,NR,Number,M05,May,RU,Russia,2010,,147450,,,,,
dataflow,ESTAT:DEMO_FMONTH(1.0),Live births (total) by month,A,Annual,NR,Number,M05,May,SE,Sweden,1980,,8785,,,,,
dataflow,ESTAT:DEMO_FMONTH(1.0),Live births (total) by month,A,Annual,NR,Number,M05,May,SE,Sweden,1985,,9107,,,,,
dataflow,ESTAT:DEMO_FMONTH(1.0),Live births (total) by month,A,Annual,NR,Number,M05,May,SE,Sweden,1990,,11127,,,,,
dataflow,ESTAT:DEMO_FMONTH(1.0),Live births (total) by month,A,Annual,NR,Number,M05,May,SE,Sweden,1995,,9403,,,,,
dataflow,ESTAT:DEMO_FMONTH(1.0),Live births (total) by month,A,Annual,NR,Number,M05,May,SE,Sweden,2000,,8186,,,,,
dataflow,ESTAT:DEMO_FMONTH(1.0),Live births (total) by month,A,Annual,NR,Number,M05,May,SE,Sweden,2005,,9207,,,,,
dataflow,ESTAT:DEMO_FMONTH(1.0),Live births (total) by month,A,Annual,NR,Number,M05,May,SE,Sweden,2010,,10113,,,,,
dataflow,ESTAT:DEMO_FMONTH(1.0),Live births (total) by month,A,Annual,NR,Number,M05,May,SE,Sweden,2015,,10224,,,,,
dataflow,ESTAT:DEMO_FMONTH(1.0),Live births (total) by month,A,Annual,NR,Number,M05,May,SE,Sweden,2020,,10408,,,,,
dataflow,ESTAT:DEMO_FMONTH(1.0),Live births (total) by month,A,Annual,NR,Number,M05,May,SE,Sweden,2023,,9319,,,,,
dataflow,ESTAT:DEMO_FMONTH(1.0),Live births (total) by month,A,Annual,NR,Number,M05,May,SI,Slovenia,1995,,1649,,,,,
dataflow,ESTAT:DEMO_FMONTH(1.0),Live births (total) by month,A,Annual,NR,Number,M05,May,SI,Slovenia,2000,,1551,,,,,
dataflow,ESTAT:DEMO_FMONTH(1.0),Live births (total) by month,A,Annual,NR,Number,M05,May,SI,Slovenia,2005,,1591,,,,,
dataflow,ESTAT:DEMO_FMONTH(1.0),Live births (total) by month,A,Annual,NR,Number,M05,May,SI,Slovenia,2010,,1863,,,,,
dataflow,ESTAT:DEMO_FMONTH(1.0),Live births (total) by month,A,Annual,NR,Number,M05,May,SI,Slovenia,2015,,1826,,,,,
dataflow,ESTAT:DEMO_FMONTH(1.0),Live births (total) by month,A,Annual,NR,Number,M05,May,SI,Slovenia,2020,,1606,,,,,
dataflow,ESTAT:DEMO_FMONTH(1.0),Live births (total) by month,A,Annual,NR,Number,M05,May,SI,Slovenia,2023,,1496,,,,,
dataflow,ESTAT:DEMO_FMONTH(1.0),Live births (total) by month,A,Annual,NR,Number,M05,May,SK,Slovakia,2000,,4911,,,,,
dataflow,ESTAT:DEMO_FMONTH(1.0),Live births (total) by month,A,Annual,NR,Number,M05,May,SK,Slovakia,2005,,4807,,,,,
dataflow,ESTAT:DEMO_FMONTH(1.0),Live births (total) by month,A,Annual,NR,Number,M05,May,SK,Slovakia,2010,,5313,,,,,
dataflow,ESTAT:DEMO_FMONTH(1.0),Live births (total) by month,A,Annual,NR,Number,M05,May,SK,Slovakia,2015,,4484,,,,,
dataflow,ESTAT:DEMO_FMONTH(1.0),Live births (total) by month,A,Annual,NR,Number,M05,May,SK,Slovakia,2020,,4570,,,,,
dataflow,ESTAT:DEMO_FMONTH(1.0),Live births (total) by month,A,Annual,NR,Number,M05,May,SK,Slovakia,2023,,4054,,,,,
dataflow,ESTAT:DEMO_FMONTH(1.0),Live births (total) by month,A,Annual,NR,Number,M05,May,SM,San Marino,2005,,19,,,,,
dataflow,ESTAT:DEMO_FMONTH(1.0),Live births (total) by month,A,Annual,NR,Number,M05,May,TR,Türkiye,2010,,101953,,,,,
dataflow,ESTAT:DEMO_FMONTH(1.0),Live births (total) by month,A,Annual,NR,Number,M05,May,TR,Türkiye,2015,,104434,,,,,
dataflow,ESTAT:DEMO_FMONTH(1.0),Live births (total) by month,A,Annual,NR,Number,M05,May,TR,Türkiye,2020,,92938,,,,,
dataflow,ESTAT:DEMO_FMONTH(1.0),Live births (total) by month,A,Annual,NR,Number,M05,May,UA,Ukraine,2005,,34309,,,,,
dataflow,ESTAT:DEMO_FMONTH(1.0),Live births (total) by month,A,Annual,NR,Number,M05,May,UA,Ukraine,2010,,37411,,,,,
dataflow,ESTAT:DEMO_FMONTH(1.0),Live births (total) by month,A,Annual,NR,Number,M05,May,UA,Ukraine,2015,,31538,,,,,
dataflow,ESTAT:DEMO_FMONTH(1.0),Live births (total) by month,A,Annual,NR,Number,M05,May,UA,Ukraine,2020,,23629,,,,,
dataflow,ESTAT:DEMO_FMONTH(1.0),Live births (total) by month,A,Annual,NR,Number,M05,May,UK,United Kingdom,1980,,66442,,,,,
dataflow,ESTAT:DEMO_FMONTH(1.0),Live births (total) by month,A,Annual,NR,Number,M05,May,UK,United Kingdom,1985,,65812,,,,,
dataflow,ESTAT:DEMO_FMONTH(1.0),Live births (total) by month,A,Annual,NR,Number,M05,May,UK,United Kingdom,1990,,69373,,,,,
dataflow,ESTAT:DEMO_FMONTH(1.0),Live births (total) by month,A,Annual,NR,Number,M05,May,UK,United Kingdom,1995,,64010,,,,,
dataflow,ESTAT:DEMO_FMONTH(1.0),Live births (total) by month,A,Annual,NR,Number,M05,May,UK,United Kingdom,2000,,58419,,,,,
dataflow,ESTAT:DEMO_FMONTH(1.0),Live births (total) by month,A,Annual,NR,Number,M05,May,UK,United Kingdom,2005,,59832,,,,,
dataflow,ESTAT:DEMO_FMONTH(1.0),Live births (total) by month,A,Annual,NR,Number,M05,May,UK,United Kingdom,2010,,65966,,,,,
dataflow,ESTAT:DEMO_FMONTH(1.0),Live births (total) by month,A,Annual,NR,Number,M05,May,UK,United Kingdom,2015,,65887,,,,,
dataflow,ESTAT:DEMO_FMONTH(1.0),Live births (total) by month,A,Annual,NR,Number,M05,May,XK,Kosovo*,2005,,3604,,,,,
dataflow,ESTAT:DEMO_FMONTH(1.0),Live births (total) by month,A,Annual,NR,Number,M05,May,XK,Kosovo*,2015,,2211,,,,,
dataflow,ESTAT:DEMO_FMONTH(1.0),Live births (total) by month,A,Annual,NR,Number,M05,May,XK,Kosovo*,2020,,1935,,,,,
dataflow,ESTAT:DEMO_FMONTH(1.0),Live births (total) by month,A,Annual,NR,Number,M06,June,AD,Andorra,2005,,71,,,,,
dataflow,ESTAT:DEMO_FMONTH(1.0),Live births (total) by month,A,Annual,NR,Number,M06,June,AD,Andorra,2010,,90,,,,,
dataflow,ESTAT:DEMO_FMONTH(1.0),Live births (total) by month,A,Annual,NR,Number,M06,June,AL,Albania,2005,,3245,,,,,
dataflow,ESTAT:DEMO_FMONTH(1.0),Live births (total) by month,A,Annual,NR,Number,M06,June,AL,Albania,2015,,2736,,,,,
dataflow,ESTAT:DEMO_FMONTH(1.0),Live births (total) by month,A,Annual,NR,Number,M06,June,AL,Albania,2020,,2356,,,,,
dataflow,ESTAT:DEMO_FMONTH(1.0),Live births (total) by month,A,Annual,NR,Number,M06,June,AL,Albania,2023,,1914,,,,,
dataflow,ESTAT:DEMO_FMONTH(1.0),Live births (total) by month,A,Annual,NR,Number,M06,June,AM,Armenia,2005,,2858,,,,,
dataflow,ESTAT:DEMO_FMONTH(1.0),Live births (total) by month,A,Annual,NR,Number,M06,June,AM,Armenia,2015,,3180,,,,,
dataflow,ESTAT:DEMO_FMONTH(1.0),Live births (total) by month,A,Annual,NR,Number,M06,June,AM,Armenia,2020,,2999,,,,,
dataflow,ESTAT:DEMO_FMONTH(1.0),Live births (total) by month,A,Annual,NR,Number,M06,June,AM,Armenia,2023,,2712,,,,,
dataflow,ESTAT:DEMO_FMONTH(1.0),Live births (total) by month,A,Annual,NR,Number,M06,June,AT,Austria,1980,,7362,,,,,
dataflow,ESTAT:DEMO_FMONTH(1.0),Live births (total) by month,A,Annual,NR,Number,M06,June,AT,Austria,1985,,7135,,,,,
dataflow,ESTAT:DEMO_FMONTH(1.0),Live births (total) by month,A,Annual,NR,Number,M06,June,AT,Austria,1990,,7319,,,,,
dataflow,ESTAT:DEMO_FMONTH(1.0),Live births (total) by month,A,Annual,NR,Number,M06,June,AT,Austria,1995,,7238,,,,,
dataflow,ESTAT:DEMO_FMONTH(1.0),Live births (total) by month,A,Annual,NR,Number,M06,June,AT,Austria,2000,,6419,,,,,
dataflow,ESTAT:DEMO_FMONTH(1.0),Live births (total) by month,A,Annual,NR,Number,M06,June,AT,Austria,2005,,6697,,,,,
dataflow,ESTAT:DEMO_FMONTH(1.0),Live births (total) by month,A,Annual,NR,Number,M06,June,AT,Austria,2010,,6545,,,,,
dataflow,ESTAT:DEMO_FMONTH(1.0),Live births (total) by month,A,Annual,NR,Number,M06,June,AT,Austria,2015,,7120,,,,,
dataflow,ESTAT:DEMO_FMONTH(1.0),Live births (total) by month,A,Annual,NR,Number,M06,June,AT,Austria,2020,,7099,,,,,
dataflow,ESTAT:DEMO_FMONTH(1.0),Live births (total) by month,A,Annual,NR,Number,M06,June,AT,Austria,2023,,6646,,,,,
dataflow,ESTAT:DEMO_FMONTH(1.0),Live births (total) by month,A,Annual,NR,Number,M06,June,AZ,Azerbaijan,2005,,9602,,,,,
dataflow,ESTAT:DEMO_FMONTH(1.0),Live births (total) by month,A,Annual,NR,Number,M06,June,AZ,Azerbaijan,2010,,12102,,,,,
dataflow,ESTAT:DEMO_FMONTH(1.0),Live births (total) by month,A,Annual,NR,Number,M06,June,AZ,Azerbaijan,2015,,12026,,,,,
dataflow,ESTAT:DEMO_FMONTH(1.0),Live births (total) by month,A,Annual,NR,Number,M06,June,AZ,Azerbaijan,2020,,12150,,,,,
dataflow,ESTAT:DEMO_FMONTH(1.0),Live births (total) by month,A,Annual,NR,Number,M06,June,BA,Bosnia and Herzegovina,2005,,2912,,,,,
dataflow,ESTAT:DEMO_FMONTH(1.0),Live births (total) by month,A,Annual,NR,Number,M06,June,BA,Bosnia and Herzegovina,2010,,2737,,,,,
dataflow,ESTAT:DEMO_FMONTH(1.0),Live births (total) by month,A,Annual,NR,Number,M06,June,BA,Bosnia and Herzegovina,2023,,2037,,p,provisional,,
dataflow,ESTAT:DEMO_FMONTH(1.0),Live births (total) by month,A,Annual,NR,Number,M06,June,BE,Belgium,1980,,10431,,,,,
dataflow,ESTAT:DEMO_FMONTH(1.0),Live births (total) by month,A,Annual,NR,Number,M06,June,BE,Belgium,1985,,9530,,,,,
dataflow,ESTAT:DEMO_FMONTH(1.0),Live births (total) by month,A,Annual,NR,Number,M06,June,BE,Belgium,1990,,10399,,,,,
dataflow,ESTAT:DEMO_FMONTH(1.0),Live births (total) by month,A,Annual,NR,Number,M06,June,BE,Belgium,1995,,10240,,,,,
dataflow,ESTAT:DEMO_FMONTH(1.0),Live births (total) by month,A,Annual,NR,Number,M06,June,BE,Belgium,2000,,9464,,,,,
dataflow,ESTAT:DEMO_FMONTH(1.0),Live births (total) by month,A,Annual,NR,Number,M06,June,BE,Belgium,2005,,10048,,,,,
dataflow,ESTAT:DEMO_FMONTH(1.0),Live births (total) by month,A,Annual,NR,Number,M06,June,BE,Belgium,2010,,11014,,,,,
dataflow,ESTAT:DEMO_FMONTH(1.0),Live births (total) by month,A,Annual,NR,Number,M06,June,BE,Belgium,2015,,10341,,,,,
dataflow,ESTAT:DEMO_FMONTH(1.0),Live births (total) by month,A,Annual,NR,Number,M06,June,BE,Belgium,2020,,9804,,,,,
dataflow,ESTAT:DEMO_FMONTH(1.0),Live births (total) by month,A,Annual,NR,Number,M06,June,BE,Belgium,2023,,9482,,,,,
dataflow,ESTAT:DEMO_FMONTH(1.0),Live births (total) by month,A,Annual,NR,Number,M06,June,BG,Bulgaria,1995,,5974,,,,,
dataflow,ESTAT:DEMO_FMONTH(1.0),Live births (total) by month,A,Annual,NR,Number,M06,June,BG,Bulgaria,2000,,6209,,,,,
dataflow,ESTAT:DEMO_FMONTH(1.0),Live births (total) by month,A,Annual,NR,Number,M06,June,BG,Bulgaria,2005,,6053,,,,,
dataflow,ESTAT:DEMO_FMONTH(1.0),Live births (total) by month,A,Annual,NR,Number,M06,June,BG,Bulgaria,2010,,6445,,,,,
dataflow,ESTAT:DEMO_FMONTH(1.0),Live births (total) by month,A,Annual,NR,Number,M06,June,BG,Bulgaria,2015,,5679,,,,,
dataflow,ESTAT:DEMO_FMONTH(1.0),Live births (total) by month,A,Annual,NR,Number,M06,June,BG,Bulgaria,2020,,5225,,,,,
dataflow,ESTAT:DEMO_FMONTH(1.0),Live births (total) by month,A,Annual,NR,Number,M06,June,BG,Bulgaria,2023,,4894,,,,,
dataflow,ESTAT:DEMO_FMONTH(1.0),Live births (total) by month,A,Annual,NR,Number,M06,June,BY,Belarus,2005,,7598,,,,,
dataflow,ESTAT:DEMO_FMONTH(1.0),Live births (total) by month,A,Annual,NR,Number,M06,June,BY,Belarus,2015,,10435,,,,,
dataflow,ESTAT:DEMO_FMONTH(1.0),Live births (total) by month,A,Annual,NR,Number,M06,June,CH,Switzerland,1980,,6261,,,,,
dataflow,ESTAT:DEMO_FMONTH(1.0),Live births (total) by month,A,Annual,NR,Number,M06,June,CH,Switzerland,1985,,6148,,,,,
dataflow,ESTAT:DEMO_FMONTH(1.0),Live births (total) by month,A,Annual,NR,Number,M06,June,CH,Switzerland,1990,,6987,,,,,
dataflow,ESTAT:DEMO_FMONTH(1.0),Live births (total) by month,A,Annual,NR,Number,M06,June,CH,Switzerland,1995,,6878,,,,,
dataflow,ESTAT:DEMO_FMONTH(1.0),Live births (total) by month,A,Annual,NR,Number,M06,June,CH,Switzerland,2000,,6456,,,,,
dataflow,ESTAT:DEMO_FMONTH(1.0),Live births (total) by month,A,Annual,NR,Number,M06,June,CH,Switzerland,2005,,6147,,,,,
dataflow,ESTAT:DEMO_FMONTH(1.0),Live births (total) by month,A,Annual,NR,Number,M06,June,CH,Switzerland,2010,,6744,,,,,
dataflow,ESTAT:DEMO_FMONTH(1.0),Live births (total) by month,A,Annual,NR,Number,M06,June,CH,Switzerland,2015,,7436,,,,,
dataflow,ESTAT:DEMO_FMONTH(1.0),Live births (total) by month,A,Annual,NR,Number,M06,June,CH,Switzerland,2020,,7324,,,,,
dataflow,ESTAT:DEMO_FMONTH(1.0),Live births (total) by month,A,Annual,NR,Number,M06,June,CH,Switzerland,2023,,6994,,,,,
dataflow,ESTAT:DEMO_FMONTH(1.0),Live births (total) by month,A,Annual,NR,Number,M06,June,CY,Cyprus,1995,,778,,,,,
dataflow,ESTAT:DEMO_FMONTH(1.0),Live births (total) by month,A,Annual,NR,Number,M06,June,CY,Cyprus,2000,,707,,,,,
dataflow,ESTAT:DEMO_FMONTH(1.0),Live births (total) by month,A,Annual,NR,Number,M06,June,CY,Cyprus,2005,,652,,,,,
dataflow,ESTAT:DEMO_FMONTH(1.0),Live births (total) by month,A,Annual,NR,Number,M06,June,CY,Cyprus,2010,,786,,,,,
dataflow,ESTAT:DEMO_FMONTH(1.0),Live births (total) by month,A,Annual,NR,Number,M06,June,CY,Cyprus,2015,,725,,,,,
dataflow,ESTAT:DEMO_FMONTH(1.0),Live births (total) by month,A,Annual,NR,Number,M06,June,CY,Cyprus,2020,,829,,,,,
dataflow,ESTAT:DEMO_FMONTH(1.0),Live births (total) by month,A,Annual,NR,Number,M06,June,CY,Cyprus,2023,,834,,,,,
dataflow,ESTAT:DEMO_FMONTH(1.0),Live births (total) by month,A,Annual,NR,Number,M06,June,CZ,Czechia,1990,,11149,,,,,
dataflow,ESTAT:DEMO_FMONTH(1.0),Live births (total) by month,A,Annual,NR,Number,M06,June,CZ,Czechia,1995,,8417,,,,,
dataflow,ESTAT:DEMO_FMONTH(1.0),Live births (total) by month,A,Annual,NR,Number,M06,June,CZ,Czechia,2000,,7837,,,,,
dataflow,ESTAT:DEMO_FMONTH(1.0),Live births (total) by month,A,Annual,NR,Number,M06,June,CZ,Czechia,2005,,9139,,,,,
dataflow,ESTAT:DEMO_FMONTH(1.0),Live births (total) by month,A,Annual,NR,Number,M06,June,CZ,Czechia,2010,,10164,,,,,
dataflow,ESTAT:DEMO_FMONTH(1.0),Live births (total) by month,A,Annual,NR,Number,M06,June,CZ,Czechia,2015,,9768,,,,,
dataflow,ESTAT:DEMO_FMONTH(1.0),Live births (total) by month,A,Annual,NR,Number,M06,June,CZ,Czechia,2020,,9449,,,,,
dataflow,ESTAT:DEMO_FMONTH(1.0),Live births (total) by month,A,Annual,NR,Number,M06,June,CZ,Czechia,2023,,7837,,,,,
dataflow,ESTAT:DEMO_FMONTH(1.0),Live births (total) by month,A,Annual,NR,Number,M06,June,DE,Germany,1980,,52242,,,,,
dataflow,ESTAT:DEMO_FMONTH(1.0),Live births (total) by month,A,Annual,NR,Number,M06,June,DE,Germany,1985,,47129,,,,,
dataflow,ESTAT:DEMO_FMONTH(1.0),Live births (total) by month,A,Annual,NR,Number,M06,June,DE,Germany,1990,,58255,,,,,
dataflow,ESTAT:DEMO_FMONTH(1.0),Live births (total) by month,A,Annual,NR,Number,M06,June,DE,Germany,1995,,65065,,,,,
dataflow,ESTAT:DEMO_FMONTH(1.0),Live births (total) by month,A,Annual,NR,Number,M06,June,DE,Germany,2000,,63467,,,,,
dataflow,ESTAT:DEMO_FMONTH(1.0),Live births (total) by month,A,Annual,NR,Number,M06,June,DE,Germany,2005,,58146,,,,,
dataflow,ESTAT:DEMO_FMONTH(1.0),Live births (total) by month,A,Annual,NR,Number,M06,June,DE,Germany,2010,,57531,,,,,
dataflow,ESTAT:DEMO_FMONTH(1.0),Live births (total) by month,A,Annual,NR,Number,M06,June,DE,Germany,2015,,63457,,,,,
dataflow,ESTAT:DEMO_FMONTH(1.0),Live births (total) by month,A,Annual,NR,Number,M06,June,DE,Germany,2020,,66110,,,,,
dataflow,ESTAT:DEMO_FMONTH(1.0),Live births (total) by month,A,Annual,NR,Number,M06,June,DE,Germany,2023,,59758,,,,,
dataflow,ESTAT:DEMO_FMONTH(1.0),Live births (total) by month,A,Annual,NR,Number,M06,June,DE_TOT,Germany including former GDR,1980,,72224,,,,,
dataflow,ESTAT:DEMO_FMONTH(1.0),Live births (total) by month,A,Annual,NR,Number,M06,June,DE_TOT,Germany including former GDR,1985,,65523,,,,,
dataflow,ESTAT:DEMO_FMONTH(1.0),Live births (total) by month,A,Annual,NR,Number,M06,June,DE_TOT,Germany including former GDR,1990,,73072,,,,,
dataflow,ESTAT:DEMO_FMONTH(1.0),Live births (total) by month,A,Annual,NR,Number,M06,June,DE_TOT,Germany including former GDR,1995,,65065,,,,,
dataflow,ESTAT:DEMO_FMONTH(1.0),Live births (total) by month,A,Annual,NR,Number,M06,June,DE_TOT,Germany including former GDR,2000,,63467,,,,,
dataflow,ESTAT:DEMO_FMONTH(1.0),Live births (total) by month,A,Annual,NR,Number,M06,June,DE_TOT,Germany including former GDR,2005,,58146,,,,,
dataflow,ESTAT:DEMO_FMONTH(1.0),Live births (total) by month,A,Annual,NR,Number,M06,June,DE_TOT,Germany including former GDR,2010,,57531,,,,,
dataflow,ESTAT:DEMO_FMONTH(1.0),Live births (total) by month,A,Annual,NR,Number,M06,June,DE_TOT,Germany including former GDR,2015,,63457,,,,,
dataflow,ESTAT:DEMO_FMONTH(1.0),Live births (total) by month,A,Annual,NR,Number,M06,June,DE_TOT,Germany including former GDR,2020,,66110,,,,,
dataflow,ESTAT:DEMO_FMONTH(1.0),Live births (total) by month,A,Annual,NR,Number,M06,June,DE_TOT,Germany including former GDR,2023,,59758,,,,,
dataflow,ESTAT:DEMO_FMONTH(1.0),Live births (total) by month,A,Annual,NR,Number,M06,June,DK,Denmark,1980,,4919,,,,,
dataflow,ESTAT:DEMO_FMONTH(1.0),Live births (total) by month,A,Annual,NR,Number,M06,June,DK,Denmark,1985,,4604,,,,,
dataflow,ESTAT:DEMO_FMONTH(1.0),Live births (total) by month,A,Annual,NR,Number,M06,June,DK,Denmark,1990,,5354,,,,,
dataflow,ESTAT:DEMO_FMONTH(1.0),Live births (total) by month,A,Annual,NR,Number,M06,June,DK,Denmark,1995,,5914,,,,,
dataflow,ESTAT:DEMO_FMONTH(1.0),Live births (total) by month,A,Annual,NR,Number,M06,June,DK,Denmark,2000,,5718,,,,,
dataflow,ESTAT:DEMO_FMONTH(1.0),Live births (total) by month,A,Annual,NR,Number,M06,June,DK,Denmark,2005,,5408,,,,,
dataflow,ESTAT:DEMO_FMONTH(1.0),Live births (total) by month,A,Annual,NR,Number,M06,June,DK,Denmark,2010,,5584,,,,,
dataflow,ESTAT:DEMO_FMONTH(1.0),Live births (total) by month,A,Annual,NR,Number,M06,June,DK,Denmark,2015,,4989,,,,,
dataflow,ESTAT:DEMO_FMONTH(1.0),Live births (total) by month,A,Annual,NR,Number,M06,June,DK,Denmark,2020,,5367,,,,,
dataflow,ESTAT:DEMO_FMONTH(1.0),Live births (total) by month,A,Annual,NR,Number,M06,June,DK,Denmark,2023,,4982,,,,,
dataflow,ESTAT:DEMO_FMONTH(1.0),Live births (total) by month,A,Annual,NR,Number,M06,June,EE,Estonia,1980,,1800,,,,,
dataflow,ESTAT:DEMO_FMONTH(1.0),Live births (total) by month,A,Annual,NR,Number,M06,June,EE,Estonia,1985,,2054,,,,,
dataflow,ESTAT:DEMO_FMONTH(1.0),Live births (total) by month,A,Annual,NR,Number,M06,June,EE,Estonia,1990,,1916,,,,,
dataflow,ESTAT:DEMO_FMONTH(1.0),Live births (total) by month,A,Annual,NR,Number,M06,June,EE,Estonia,1995,,1183,,,,,
dataflow,ESTAT:DEMO_FMONTH(1.0),Live births (total) by month,A,Annual,NR,Number,M06,June,EE,Estonia,2000,,1176,,,,,
dataflow,ESTAT:DEMO_FMONTH(1.0),Live births (total) by month,A,Annual,NR,Number,M06,June,EE,Estonia,2005,,1244,,,,,
dataflow,ESTAT:DEMO_FMONTH(1.0),Live births (total) by month,A,Annual,NR,Number,M06,June,EE,Estonia,2010,,1381,,,,,
dataflow,ESTAT:DEMO_FMONTH(1.0),Live births (total) by month,A,Annual,NR,Number,M06,June,EE,Estonia,2015,,1222,,,,,
dataflow,ESTAT:DEMO_FMONTH(1.0),Live births (total) by month,A,Annual,NR,Number,M06,June,EE,Estonia,2020,,1118,,,,,
dataflow,ESTAT:DEMO_FMONTH(1.0),Live births (total) by month,A,Annual,NR,Number,M06,June,EE,Estonia,2023,,962,,,,,
dataflow,ESTAT:DEMO_FMONTH(1.0),Live births (total) by month,A,Annual,NR,Number,M06,June,EL,Greece,1980,,12976,,,,,
dataflow,ESTAT:DEMO_FMONTH(1.0),Live births (total) by month,A,Annual,NR,Number,M06,June,EL,Greece,1985,,9074,,,,,
dataflow,ESTAT:DEMO_FMONTH(1.0),Live births (total) by month,A,Annual,NR,Number,M06,June,EL,Greece,1990,,8880,,,,,
dataflow,ESTAT:DEMO_FMONTH(1.0),Live births (total) by month,A,Annual,NR,Number,M06,June,EL,Greece,1995,,8169,,,,,
dataflow,ESTAT:DEMO_FMONTH(1.0),Live births (total) by month,A,Annual,NR,Number,M06,June,EL,Greece,2000,,8663,,,,,
dataflow,ESTAT:DEMO_FMONTH(1.0),Live births (total) by month,A,Annual,NR,Number,M06,June,EL,Greece,2005,,9364,,,,,
dataflow,ESTAT:DEMO_FMONTH(1.0),Live births (total) by month,A,Annual,NR,Number,M06,June,EL,Greece,2010,,9879,,,,,
dataflow,ESTAT:DEMO_FMONTH(1.0),Live births (total) by month,A,Annual,NR,Number,M06,June,EL,Greece,2015,,7398,,,,,
dataflow,ESTAT:DEMO_FMONTH(1.0),Live births (total) by month,A,Annual,NR,Number,M06,June,EL,Greece,2020,,7203,,,,,
dataflow,ESTAT:DEMO_FMONTH(1.0),Live births (total) by month,A,Annual,NR,Number,M06,June,EL,Greece,2023,,5876,,,,,
dataflow,ESTAT:DEMO_FMONTH(1.0),Live births (total) by month,A,Annual,NR,Number,M06,June,ES,Spain,1980,,47379,,,,,
dataflow,ESTAT:DEMO_FMONTH(1.0),Live births (total) by month,A,Annual,NR,Number,M06,June,ES,Spain,1985,,38436,,,,,
dataflow,ESTAT:DEMO_FMONTH(1.0),Live births (total) by month,A,Annual,NR,Number,M06,June,ES,Spain,1990,,33099,,,,,
dataflow,ESTAT:DEMO_FMONTH(1.0),Live births (total) by month,A,Annual,NR,Number,M06,June,ES,Spain,1995,,30140,,,,,
dataflow,ESTAT:DEMO_FMONTH(1.0),Live births (total) by month,A,Annual,NR,Number,M06,June,ES,Spain,2000,,31832,,,,,
dataflow,ESTAT:DEMO_FMONTH(1.0),Live births (total) by month,A,Annual,NR,Number,M06,June,ES,Spain,2005,,37116,,,,,
dataflow,ESTAT:DEMO_FMONTH(1.0),Live births (total) by month,A,Annual,NR,Number,M06,June,ES,Spain,2010,,38091,,,,,
dataflow,ESTAT:DEMO_FMONTH(1.0),Live births (total) by month,A,Annual,NR,Number,M06,June,ES,Spain,2015,,33785,,,,,
dataflow,ESTAT:DEMO_FMONTH(1.0),Live births (total) by month,A,Annual,NR,Number,M06,June,ES,Spain,2020,,28214,,,,,
dataflow,ESTAT:DEMO_FMONTH(1.0),Live births (total) by month,A,Annual,NR,Number,M06,June,ES,Spain,2023,,26238,,,,,
dataflow,ESTAT:DEMO_FMONTH(1.0),Live births (total) by month,A,Annual,NR,Number,M06,June,FI,Finland,1980,,5389,,,,,
dataflow,ESTAT:DEMO_FMONTH(1.0),Live births (total) by month,A,Annual,NR,Number,M06,June,FI,Finland,1985,,5259,,,,,
dataflow,ESTAT:DEMO_FMONTH(1.0),Live births (total) by month,A,Annual,NR,Number,M06,June,FI,Finland,1990,,5595,,,,,
dataflow,ESTAT:DEMO_FMONTH(1.0),Live births (total) by month,A,Annual,NR,Number,M06,June,FI,Finland,1995,,5419,,,,,
dataflow,ESTAT:DEMO_FMONTH(1.0),Live births (total) by month,A,Annual,NR,Number,M06,June,FI,Finland,2000,,4835,,,,,
dataflow,ESTAT:DEMO_FMONTH(1.0),Live births (total) by month,A,Annual,NR,Number,M06,June,FI,Finland,2005,,4841,,,,,
dataflow,ESTAT:DEMO_FMONTH(1.0),Live births (total) by month,A,Annual,NR,Number,M06,June,FI,Finland,2010,,5111,,,,,
dataflow,ESTAT:DEMO_FMONTH(1.0),Live births (total) by month,A,Annual,NR,Number,M06,June,FI,Finland,2015,,4696,,,,,
dataflow,ESTAT:DEMO_FMONTH(1.0),Live births (total) by month,A,Annual,NR,Number,M06,June,FI,Finland,2020,,3858,,,,,
dataflow,ESTAT:DEMO_FMONTH(1.0),Live births (total) by month,A,Annual,NR,Number,M06,June,FI,Finland,2023,,3708,,,,,
dataflow,ESTAT:DEMO_FMONTH(1.0),Live births (total) by month,A,Annual,NR,Number,M06,June,FR,France,1995,,65678,,,,,
dataflow,ESTAT:DEMO_FMONTH(1.0),Live births (total) by month,A,Annual,NR,Number,M06,June,FR,France,2000,,66472,,,,,
dataflow,ESTAT:DEMO_FMONTH(1.0),Live births (total) by month,A,Annual,NR,Number,M06,June,FR,France,2005,,66309,,,,,
dataflow,ESTAT:DEMO_FMONTH(1.0),Live births (total) by month,A,Annual,NR,Number,M06,June,FR,France,2010,,68017,,,,,
dataflow,ESTAT:DEMO_FMONTH(1.0),Live births (total) by month,A,Annual,NR,Number,M06,June,FR,France,2015,,67260,,,,,
dataflow,ESTAT:DEMO_FMONTH(1.0),Live births (total) by month,A,Annual,NR,Number,M06,June,FR,France,2020,,61765,,,,,
dataflow,ESTAT:DEMO_FMONTH(1.0),Live births (total) by month,A,Annual,NR,Number,M06,June,FR,France,2023,,57271,,,,,
dataflow,ESTAT:DEMO_FMONTH(1.0),Live births (total) by month,A,Annual,NR,Number,M06,June,FX,Metropolitan France,1980,,67896,,,,,
dataflow,ESTAT:DEMO_FMONTH(1.0),Live births (total) by month,A,Annual,NR,Number,M06,June,FX,Metropolitan France,1985,,65603,,,,,
dataflow,ESTAT:DEMO_FMONTH(1.0),Live births (total) by month,A,Annual,NR,Number,M06,June,FX,Metropolitan France,1990,,65000,,,,,
dataflow,ESTAT:DEMO_FMONTH(1.0),Live births (total) by month,A,Annual,NR,Number,M06,June,FX,Metropolitan France,1995,,63217,,,,,
dataflow,ESTAT:DEMO_FMONTH(1.0),Live births (total) by month,A,Annual,NR,Number,M06,June,FX,Metropolitan France,2000,,63940,,,,,
dataflow,ESTAT:DEMO_FMONTH(1.0),Live births (total) by month,A,Annual,NR,Number,M06,June,FX,Metropolitan France,2005,,63627,,,,,
dataflow,ESTAT:DEMO_FMONTH(1.0),Live births (total) by month,A,Annual,NR,Number,M06,June,FX,Metropolitan France,2010,,65535,,,,,
dataflow,ESTAT:DEMO_FMONTH(1.0),Live births (total) by month,A,Annual,NR,Number,M06,June,GE,Georgia,2005,,3788,,,,,
dataflow,ESTAT:DEMO_FMONTH(1.0),Live births (total) by month,A,Annual,NR,Number,M06,June,GE,Georgia,2010,,5469,,,,,
dataflow,ESTAT:DEMO_FMONTH(1.0),Live births (total) by month,A,Annual,NR,Number,M06,June,GE,Georgia,2015,,4836,,,,,
dataflow,ESTAT:DEMO_FMONTH(1.0),Live births (total) by month,A,Annual,NR,Number,M06,June,GE,Georgia,2020,,3987,,,,,
dataflow,ESTAT:DEMO_FMONTH(1.0),Live births (total) by month,A,Annual,NR,Number,M06,June,GE,Georgia,2023,,3228,,,,,
dataflow,ESTAT:DEMO_FMONTH(1.0),Live births (total) by month,A,Annual,NR,Number,M06,June,HR,Croatia,1995,,4065,,,,,
dataflow,ESTAT:DEMO_FMONTH(1.0),Live births (total) by month,A,Annual,NR,Number,M06,June,HR,Croatia,2000,,3429,,,,,
dataflow,ESTAT:DEMO_FMONTH(1.0),Live births (total) by month,A,Annual,NR,Number,M06,June,HR,Croatia,2005,,3595,,,,,
dataflow,ESTAT:DEMO_FMONTH(1.0),Live births (total) by month,A,Annual,NR,Number,M06,June,HR,Croatia,2010,,3431,,,,,
dataflow,ESTAT:DEMO_FMONTH(1.0),Live births (total) by month,A,Annual,NR,Number,M06,June,HR,Croatia,2015,,3099,,,,,
dataflow,ESTAT:DEMO_FMONTH(1.0),Live births (total) by month,A,Annual,NR,Number,M06,June,HR,Croatia,2020,,2845,,,,,
dataflow,ESTAT:DEMO_FMONTH(1.0),Live births (total) by month,A,Annual,NR,Number,M06,June,HR,Croatia,2023,,2738,,,,,
dataflow,ESTAT:DEMO_FMONTH(1.0),Live births (total) by month,A,Annual,NR,Number,M06,June,HU,Hungary,1995,,8974,,,,,
dataflow,ESTAT:DEMO_FMONTH(1.0),Live births (total) by month,A,Annual,NR,Number,M06,June,HU,Hungary,2000,,8063,,,,,
dataflow,ESTAT:DEMO_FMONTH(1.0),Live births (total) by month,A,Annual,NR,Number,M06,June,HU,Hungary,2005,,8030,,,,,
dataflow,ESTAT:DEMO_FMONTH(1.0),Live births (total) by month,A,Annual,NR,Number,M06,June,HU,Hungary,2010,,7174,,,,,
dataflow,ESTAT:DEMO_FMONTH(1.0),Live births (total) by month,A,Annual,NR,Number,M06,June,HU,Hungary,2015,,7695,,,,,
dataflow,ESTAT:DEMO_FMONTH(1.0),Live births (total) by month,A,Annual,NR,Number,M06,June,HU,Hungary,2020,,7907,,,,,
dataflow,ESTAT:DEMO_FMONTH(1.0),Live births (total) by month,A,Annual,NR,Number,M06,June,HU,Hungary,2023,,7455,,,,,
dataflow,ESTAT:DEMO_FMONTH(1.0),Live births (total) by month,A,Annual,NR,Number,M06,June,IE,Ireland,1980,,5962,,,,,
dataflow,ESTAT:DEMO_FMONTH(1.0),Live births (total) by month,A,Annual,NR,Number,M06,June,IE,Ireland,1985,,5013,,,,,
dataflow,ESTAT:DEMO_FMONTH(1.0),Live births (total) by month,A,Annual,NR,Number,M06,June,IE,Ireland,1990,,4633,,,,,
dataflow,ESTAT:DEMO_FMONTH(1.0),Live births (total) by month,A,Annual,NR,Number,M06,June,IE,Ireland,1995,,4132,,,,,
dataflow,ESTAT:DEMO_FMONTH(1.0),Live births (total) by month,A,Annual,NR,Number,M06,June,IE,Ireland,2000,,4589,,,,,
dataflow,ESTAT:DEMO_FMONTH(1.0),Live births (total) by month,A,Annual,NR,Number,M06,June,IE,Ireland,2005,,5175,,,,,
dataflow,ESTAT:DEMO_FMONTH(1.0),Live births (total) by month,A,Annual,NR,Number,M06,June,IE,Ireland,2010,,6325,,,,,
dataflow,ESTAT:DEMO_FMONTH(1.0),Live births (total) by month,A,Annual,NR,Number,M06,June,IE,Ireland,2015,,5307,,,,,
dataflow,ESTAT:DEMO_FMONTH(1.0),Live births (total) by month,A,Annual,NR,Number,M06,June,IE,Ireland,2020,,4666,,,,,
dataflow,ESTAT:DEMO_FMONTH(1.0),Live births (total) by month,A,Annual,NR,Number,M06,June,IE,Ireland,2023,,4575,,,,,
dataflow,ESTAT:DEMO_FMONTH(1.0),Live births (total) by month,A,Annual,NR,Number,M06,June,IS,Iceland,1980,,372,,,,,
dataflow,ESTAT:DEMO_FMONTH(1.0),Live births (total) by month,A,Annual,NR,Number,M06,June,IS,Iceland,1985,,322,,,,,
dataflow,ESTAT:DEMO_FMONTH(1.0),Live births (total) by month,A,Annual,NR,Number,M06,June,IS,Iceland,1990,,403,,,,,
dataflow,ESTAT:DEMO_FMONTH(1.0),Live births (total) by month,A,Annual,NR,Number,M06,June,IS,Iceland,1995,,365,,,,,
dataflow,ESTAT:DEMO_FMONTH(1.0),Live births (total) by month,A,Annual,NR,Number,M06,June,IS,Iceland,2000,,378,,,,,
dataflow,ESTAT:DEMO_FMONTH(1.0),Live births (total) by month,A,Annual,NR,Number,M06,June,IS,Iceland,2005,,358,,,,,
dataflow,ESTAT:DEMO_FMONTH(1.0),Live births (total) by month,A,Annual,NR,Number,M06,June,IS,Iceland,2010,,395,,,,,
dataflow,ESTAT:DEMO_FMONTH(1.0),Live births (total) by month,A,Annual,NR,Number,M06,June,IS,Iceland,2015,,365,,,,,
dataflow,ESTAT:DEMO_FMONTH(1.0),Live births (total) by month,A,Annual,NR,Number,M06,June,IS,Iceland,2020,,355,,,,,
dataflow,ESTAT:DEMO_FMONTH(1.0),Live births (total) by month,A,Annual,NR,Number,M06,June,IS,Iceland,2023,,368,,,,,
dataflow,ESTAT:DEMO_FMONTH(1.0),Live births (total) by month,A,Annual,NR,Number,M06,June,IT,Italy,1980,,56152,,,,,
dataflow,ESTAT:DEMO_FMONTH(1.0),Live births (total) by month,A,Annual,NR,Number,M06,June,IT,Italy,1985,,51219,,,,,
dataflow,ESTAT:DEMO_FMONTH(1.0),Live births (total) by month,A,Annual,NR,Number,M06,June,IT,Italy,1990,,48598,,,,,
dataflow,ESTAT:DEMO_FMONTH(1.0),Live births (total) by month,A,Annual,NR,Number,M06,June,IT,Italy,1995,,44533,,,,,
dataflow,ESTAT:DEMO_FMONTH(1.0),Live births (total) by month,A,Annual,NR,Number,M06,June,IT,Italy,2000,,44425,,,,,
dataflow,ESTAT:DEMO_FMONTH(1.0),Live births (total) by month,A,Annual,NR,Number,M06,June,IT,Italy,2005,,45022,,,,,
dataflow,ESTAT:DEMO_FMONTH(1.0),Live births (total) by month,A,Annual,NR,Number,M06,June,IT,Italy,2010,,43419,,,,,
dataflow,ESTAT:DEMO_FMONTH(1.0),Live births (total) by month,A,Annual,NR,Number,M06,June,IT,Italy,2015,,40084,,,,,
dataflow,ESTAT:DEMO_FMONTH(1.0),Live births (total) by month,A,Annual,NR,Number,M06,June,IT,Italy,2020,,33173,,,,,
dataflow,ESTAT:DEMO_FMONTH(1.0),Live births (total) by month,A,Annual,NR,Number,M06,June,IT,Italy,2023,,31219,,,,,
dataflow,ESTAT:DEMO_FMONTH(1.0),Live births (total) by month,A,Annual,NR,Number,M06,June,LI,Liechtenstein,1980,,37,,,,,
dataflow,ESTAT:DEMO_FMONTH(1.0),Live births (total) by month,A,Annual,NR,Number,M06,June,LI,Liechtenstein,1985,,30,,,,,
dataflow,ESTAT:DEMO_FMONTH(1.0),Live births (total) by month,A,Annual,NR,Number,M06,June,LI,Liechtenstein,1990,,29,,,,,
dataflow,ESTAT:DEMO_FMONTH(1.0),Live births (total) by month,A,Annual,NR,Number,M06,June,LI,Liechtenstein,1995,,40,,,,,
dataflow,ESTAT:DEMO_FMONTH(1.0),Live births (total) by month,A,Annual,NR,Number,M06,June,LI,Liechtenstein,2000,,33,,,,,
dataflow,ESTAT:DEMO_FMONTH(1.0),Live births (total) by month,A,Annual,NR,Number,M06,June,LI,Liechtenstein,2005,,37,,,,,
dataflow,ESTAT:DEMO_FMONTH(1.0),Live births (total) by month,A,Annual,NR,Number,M06,June,LI,Liechtenstein,2010,,40,,,,,
dataflow,ESTAT:DEMO_FMONTH(1.0),Live births (total) by month,A,Annual,NR,Number,M06,June,LI,Liechtenstein,2015,,31,,,,,
dataflow,ESTAT:DEMO_FMONTH(1.0),Live births (total) by month,A,Annual,NR,Number,M06,June,LI,Liechtenstein,2020,,28,,,,,
dataflow,ESTAT:DEMO_FMONTH(1.0),Live births (total) by month,A,Annual,NR,Number,M06,June,LI,Liechtenstein,2023,,28,,,,,
dataflow,ESTAT:DEMO_FMONTH(1.0),Live births (total) by month,A,Annual,NR,Number,M06,June,LT,Lithuania,1995,,3508,,,,,
dataflow,ESTAT:DEMO_FMONTH(1.0),Live births (total) by month,A,Annual,NR,Number,M06,June,LT,Lithuania,2000,,2968,,,,,
dataflow,ESTAT:DEMO_FMONTH(1.0),Live births (total) by month,A,Annual,NR,Number,M06,June,LT,Lithuania,2005,,2500,,,,,
dataflow,ESTAT:DEMO_FMONTH(1.0),Live births (total) by month,A,Annual,NR,Number,M06,June,LT,Lithuania,2010,,2598,,,,,
dataflow,ESTAT:DEMO_FMONTH(1.0),Live births (total) by month,A,Annual,NR,Number,M06,June,LT,Lithuania,2015,,2834,,,,,
dataflow,ESTAT:DEMO_FMONTH(1.0),Live births (total) by month,A,Annual,NR,Number,M06,June,LT,Lithuania,2020,,2052,,,,,
dataflow,ESTAT:DEMO_FMONTH(1.0),Live births (total) by month,A,Annual,NR,Number,M06,June,LT,Lithuania,2023,,1810,,,,,
dataflow,ESTAT:DEMO_FMONTH(1.0),Live births (total) by month,A,Annual,NR,Number,M06,June,LU,Luxembourg,1980,,346,,,,,
dataflow,ESTAT:DEMO_FMONTH(1.0),Live births (total) by month,A,Annual,NR,Number,M06,June,LU,Luxembourg,1985,,332,,,,,
dataflow,ESTAT:DEMO_FMONTH(1.0),Live births (total) by month,A,Annual,NR,Number,M06,June,LU,Luxembourg,1990,,442,,,,,
dataflow,ESTAT:DEMO_FMONTH(1.0),Live births (total) by month,A,Annual,NR,Number,M06,June,LU,Luxembourg,1995,,486,,,,,
dataflow,ESTAT:DEMO_FMONTH(1.0),Live births (total) by month,A,Annual,NR,Number,M06,June,LU,Luxembourg,2000,,493,,,,,
dataflow,ESTAT:DEMO_FMONTH(1.0),Live births (total) by month,A,Annual,NR,Number,M06,June,LU,Luxembourg,2005,,480,,,,,
dataflow,ESTAT:DEMO_FMONTH(1.0),Live births (total) by month,A,Annual,NR,Number,M06,June,LU,Luxembourg,2010,,456,,,,,
dataflow,ESTAT:DEMO_FMONTH(1.0),Live births (total) by month,A,Annual,NR,Number,M06,June,LU,Luxembourg,2015,,536,,,,,
dataflow,ESTAT:DEMO_FMONTH(1.0),Live births (total) by month,A,Annual,NR,Number,M06,June,LU,Luxembourg,2020,,506,,,,,
dataflow,ESTAT:DEMO_FMONTH(1.0),Live births (total) by month,A,Annual,NR,Number,M06,June,LU,Luxembourg,2023,,524,,,,,
dataflow,ESTAT:DEMO_FMONTH(1.0),Live births (total) by month,A,Annual,NR,Number,M06,June,LV,Latvia,2000,,1811,,,,,
dataflow,ESTAT:DEMO_FMONTH(1.0),Live births (total) by month,A,Annual,NR,Number,M06,June,LV,Latvia,2005,,1890,,,,,
dataflow,ESTAT:DEMO_FMONTH(1.0),Live births (total) by month,A,Annual,NR,Number,M06,June,LV,Latvia,2010,,1645,,,,,
dataflow,ESTAT:DEMO_FMONTH(1.0),Live births (total) by month,A,Annual,NR,Number,M06,June,LV,Latvia,2015,,1877,,,,,
dataflow,ESTAT:DEMO_FMONTH(1.0),Live births (total) by month,A,Annual,NR,Number,M06,June,LV,Latvia,2020,,1516,,,,,
dataflow,ESTAT:DEMO_FMONTH(1.0),Live births (total) by month,A,Annual,NR,Number,M06,June,LV,Latvia,2023,,1324,,,,,
dataflow,ESTAT:DEMO_FMONTH(1.0),Live births (total) by month,A,Annual,NR,Number,M06,June,MC,Monaco,2005,,70,,,,,
dataflow,ESTAT:DEMO_FMONTH(1.0),Live births (total) by month,A,Annual,NR,Number,M06,June,MC,Monaco,2023,,17,,,,,
dataflow,ESTAT:DEMO_FMONTH(1.0),Live births (total) by month,A,Annual,NR,Number,M06,June,MD,Moldova,2005,,3183,,,,,
dataflow,ESTAT:DEMO_FMONTH(1.0),Live births (total) by month,A,Annual,NR,Number,M06,June,MD,Moldova,2010,,3556,,,,,
dataflow,ESTAT:DEMO_FMONTH(1.0),Live births (total) by month,A,Annual,NR,Number,M06,June,MD,Moldova,2015,,3579,,,,,
dataflow,ESTAT:DEMO_FMONTH(1.0),Live births (total) by month,A,Annual,NR,Number,M06,June,MD,Moldova,2020,,2667,,,,,
dataflow,ESTAT:DEMO_FMONTH(1.0),Live births (total) by month,A,Annual,NR,Number,M06,June,MD,Moldova,2023,,2034,,,,,
dataflow,ESTAT:DEMO_FMONTH(1.0),Live births (total) by month,A,Annual,NR,Number,M06,June,ME,Montenegro,2005,,675,,,,,
dataflow,ESTAT:DEMO_FMONTH(1.0),Live births (total) by month,A,Annual,NR,Number,M06,June,ME,Montenegro,2010,,639,,,,,
dataflow,ESTAT:DEMO_FMONTH(1.0),Live births (total) by month,A,Annual,NR,Number,M06,June,ME,Montenegro,2015,,585,,,,,
dataflow,ESTAT:DEMO_FMONTH(1.0),Live births (total) by month,A,Annual,NR,Number,M06,June,ME,Montenegro,2020,,597,,,,,
dataflow,ESTAT:DEMO_FMONTH(1.0),Live births (total) by month,A,Annual,NR,Number,M06,June,ME,Montenegro,2023,,567,,,,,
dataflow,ESTAT:DEMO_FMONTH(1.0),Live births (total) by month,A,Annual,NR,Number,M06,June,MK,North Macedonia,1995,,2445,,,,,
dataflow,ESTAT:DEMO_FMONTH(1.0),Live births (total) by month,A,Annual,NR,Number,M06,June,MK,North Macedonia,2000,,2531,,,,,
dataflow,ESTAT:DEMO_FMONTH(1.0),Live births (total) by month,A,Annual,NR,Number,M06,June,MK,North Macedonia,2005,,1943,,,,,
dataflow,ESTAT:DEMO_FMONTH(1.0),Live births (total) by month,A,Annual,NR,Number,M06,June,MK,North Macedonia,2010,,2125,,,,,
dataflow,ESTAT:DEMO_FMONTH(1.0),Live births (total) by month,A,Annual,NR,Number,M06,June,MK,North Macedonia,2015,,1936,,,,,
dataflow,ESTAT:DEMO_FMONTH(1.0),Live births (total) by month,A,Annual,NR,Number,M06,June,MK,North Macedonia,2020,,1683,,,,,
dataflow,ESTAT:DEMO_FMONTH(1.0),Live births (total) by month,A,Annual,NR,Number,M06,June,MK,North Macedonia,2023,,1435,,,,,
dataflow,ESTAT:DEMO_FMONTH(1.0),Live births (total) by month,A,Annual,NR,Number,M06,June,MT,Malta,1995,,378,,,,,
dataflow,ESTAT:DEMO_FMONTH(1.0),Live births (total) by month,A,Annual,NR,Number,M06,June,MT,Malta,2000,,336,,,,,
dataflow,ESTAT:DEMO_FMONTH(1.0),Live births (total) by month,A,Annual,NR,Number,M06,June,MT,Malta,2005,,309,,,,,
dataflow,ESTAT:DEMO_FMONTH(1.0),Live births (total) by month,A,Annual,NR,Number,M06,June,MT,Malta,2010,,280,,,,,
dataflow,ESTAT:DEMO_FMONTH(1.0),Live births (total) by month,A,Annual,NR,Number,M06,June,MT,Malta,2015,,324,,,,,
dataflow,ESTAT:DEMO_FMONTH(1.0),Live births (total) by month,A,Annual,NR,Number,M06,June,MT,Malta,2020,,333,,,,,
dataflow,ESTAT:DEMO_FMONTH(1.0),Live births (total) by month,A,Annual,NR,Number,M06,June,MT,Malta,2023,,318,,,,,
dataflow,ESTAT:DEMO_FMONTH(1.0),Live births (total) by month,A,Annual,NR,Number,M06,June,NL,Netherlands,1980,,14954,,,,,
dataflow,ESTAT:DEMO_FMONTH(1.0),Live births (total) by month,A,Annual,NR,Number,M06,June,NL,Netherlands,1985,,14181,,,,,
dataflow,ESTAT:DEMO_FMONTH(1.0),Live births (total) by month,A,Annual,NR,Number,M06,June,NL,Netherlands,1990,,16177,,,,,
dataflow,ESTAT:DEMO_FMONTH(1.0),Live births (total) by month,A,Annual,NR,Number,M06,June,NL,Netherlands,1995,,16124,,,,,
dataflow,ESTAT:DEMO_FMONTH(1.0),Live births (total) by month,A,Annual,NR,Number,M06,June,NL,Netherlands,2000,,16773,,,,,
dataflow,ESTAT:DEMO_FMONTH(1.0),Live births (total) by month,A,Annual,NR,Number,M06,June,NL,Netherlands,2005,,15583,,,,,
dataflow,ESTAT:DEMO_FMONTH(1.0),Live births (total) by month,A,Annual,NR,Number,M06,June,NL,Netherlands,2010,,15386,,,,,
dataflow,ESTAT:DEMO_FMONTH(1.0),Live births (total) by month,A,Annual,NR,Number,M06,June,NL,Netherlands,2015,,14273,,,,,
dataflow,ESTAT:DEMO_FMONTH(1.0),Live births (total) by month,A,Annual,NR,Number,M06,June,NL,Netherlands,2020,,13928,,,,,
dataflow,ESTAT:DEMO_FMONTH(1.0),Live births (total) by month,A,Annual,NR,Number,M06,June,NL,Netherlands,2023,,13958,,,,,
dataflow,ESTAT:DEMO_FMONTH(1.0),Live births (total) by month,A,Annual,NR,Number,M06,June,NO,Norway,1980,,4242,,,,,
dataflow,ESTAT:DEMO_FMONTH(1.0),Live births (total) by month,A,Annual,NR,Number,M06,June,NO,Norway,1985,,4210,,,,,
dataflow,ESTAT:DEMO_FMONTH(1.0),Live births (total) by month,A,Annual,NR,Number,M06,June,NO,Norway,1990,,5111,,,,,
dataflow,ESTAT:DEMO_FMONTH(1.0),Live births (total) by month,A,Annual,NR,Number,M06,June,NO,Norway,1995,,5274,,,,,
dataflow,ESTAT:DEMO_FMONTH(1.0),Live births (total) by month,A,Annual,NR,Number,M06,June,NO,Norway,2000,,4937,,,,,
dataflow,ESTAT:DEMO_FMONTH(1.0),Live births (total) by month,A,Annual,NR,Number,M06,June,NO,Norway,2005,,4940,,,,,
dataflow,ESTAT:DEMO_FMONTH(1.0),Live births (total) by month,A,Annual,NR,Number,M06,June,NO,Norway,2010,,5368,,,,,
dataflow,ESTAT:DEMO_FMONTH(1.0),Live births (total) by month,A,Annual,NR,Number,M06,June,NO,Norway,2015,,5386,,,,,
dataflow,ESTAT:DEMO_FMONTH(1.0),Live births (total) by month,A,Annual,NR,Number,M06,June,NO,Norway,2020,,4791,,,,,
dataflow,ESTAT:DEMO_FMONTH(1.0),Live births (total) by month,A,Annual,NR,Number,M06,June,NO,Norway,2023,,4763,,,,,
dataflow,ESTAT:DEMO_FMONTH(1.0),Live births (total) by month,A,Annual,NR,Number,M06,June,PL,Poland,1995,,37381,,,,,
dataflow,ESTAT:DEMO_FMONTH(1.0),Live births (total) by month,A,Annual,NR,Number,M06,June,PL,Poland,2000,,32355,,,,,
dataflow,ESTAT:DEMO_FMONTH(1.0),Live births (total) by month,A,Annual,NR,Number,M06,June,PL,Poland,2005,,30851,,,,,
dataflow,ESTAT:DEMO_FMONTH(1.0),Live births (total) by month,A,Annual,NR,Number,M06,June,PL,Poland,2010,,35004,,,,,
dataflow,ESTAT:DEMO_FMONTH(1.0),Live births (total) by month,A,Annual,NR,Number,M06,June,PL,Poland,2015,,31582,,,,,
dataflow,ESTAT:DEMO_FMONTH(1.0),Live births (total) by month,A,Annual,NR,Number,M06,June,PL,Poland,2020,,30353,,,,,
dataflow,ESTAT:DEMO_FMONTH(1.0),Live births (total) by month,A,Annual,NR,Number,M06,June,PL,Poland,2023,,23066,,,,,
dataflow,ESTAT:DEMO_FMONTH(1.0),Live births (total) by month,A,Annual,NR,Number,M06,June,PT,Portugal,1980,,13484,,,,,
dataflow,ESTAT:DEMO_FMONTH(1.0),Live births (total) by month,A,Annual,NR,Number,M06,June,PT,Portugal,1985,,11173,,,,,
dataflow,ESTAT:DEMO_FMONTH(1.0),Live births (total) by month,A,Annual,NR,Number,M06,June,PT,Portugal,1990,,9780,,,,,
dataflow,ESTAT:DEMO_FMONTH(1.0),Live births (total) by month,A,Annual,NR,Number,M06,June,PT,Portugal,1995,,8992,,,,,
dataflow,ESTAT:DEMO_FMONTH(1.0),Live births (total) by month,A,Annual,NR,Number,M06,June,PT,Portugal,2000,,9756,,,,,
dataflow,ESTAT:DEMO_FMONTH(1.0),Live births (total) by month,A,Annual,NR,Number,M06,June,PT,Portugal,2005,,9032,,,,,
dataflow,ESTAT:DEMO_FMONTH(1.0),Live births (total) by month,A,Annual,NR,Number,M06,June,PT,Portugal,2010,,8231,,,,,
dataflow,ESTAT:DEMO_FMONTH(1.0),Live births (total) by month,A,Annual,NR,Number,M06,June,PT,Portugal,2015,,6742,,,,,
dataflow,ESTAT:DEMO_FMONTH(1.0),Live births (total) by month,A,Annual,NR,Number,M06,June,PT,Portugal,2020,,6813,,,,,
dataflow,ESTAT:DEMO_FMONTH(1.0),Live births (total) by month,A,Annual,NR,Number,M06,June,PT,Portugal,2023,,6953,,,,,
dataflow,ESTAT:DEMO_FMONTH(1.0),Live births (total) by month,A,Annual,NR,Number,M06,June,RO,Romania,1995,,20097,,,,,
dataflow,ESTAT:DEMO_FMONTH(1.0),Live births (total) by month,A,Annual,NR,Number,M06,June,RO,Romania,2000,,20247,,,,,
dataflow,ESTAT:DEMO_FMONTH(1.0),Live births (total) by month,A,Annual,NR,Number,M06,June,RO,Romania,2005,,18342,,,,,
dataflow,ESTAT:DEMO_FMONTH(1.0),Live births (total) by month,A,Annual,NR,Number,M06,June,RO,Romania,2010,,18338,,,,,
dataflow,ESTAT:DEMO_FMONTH(1.0),Live births (total) by month,A,Annual,NR,Number,M06,June,RO,Romania,2015,,17077,,,,,
dataflow,ESTAT:DEMO_FMONTH(1.0),Live births (total) by month,A,Annual,NR,Number,M06,June,RO,Romania,2020,,16706,,,,,
dataflow,ESTAT:DEMO_FMONTH(1.0),Live births (total) by month,A,Annual,NR,Number,M06,June,RO,Romania,2023,,13375,,,,,
dataflow,ESTAT:DEMO_FMONTH(1.0),Live births (total) by month,A,Annual,NR,Number,M06,June,RS,Serbia,2000,,6384,,,,,
dataflow,ESTAT:DEMO_FMONTH(1.0),Live births (total) by month,A,Annual,NR,Number,M06,June,RS,Serbia,2005,,6052,,,,,
dataflow,ESTAT:DEMO_FMONTH(1.0),Live births (total) by month,A,Annual,NR,Number,M06,June,RS,Serbia,2010,,5603,,,,,
dataflow,ESTAT:DEMO_FMONTH(1.0),Live births (total) by month,A,Annual,NR,Number,M06,June,RS,Serbia,2015,,5409,,,,,
dataflow,ESTAT:DEMO_FMONTH(1.0),Live births (total) by month,A,Annual,NR,Number,M06,June,RS,Serbia,2020,,5241,,,,,
dataflow,ESTAT:DEMO_FMONTH(1.0),Live births (total) by month,A,Annual,NR,Number,M06,June,RS,Serbia,2023,,5160,,,,,
dataflow,ESTAT:DEMO_FMONTH(1.0),Live births (total) by month,A,Annual,NR,Number,M06,June,RU,Russia,2005,,124022,,,,,
dataflow,ESTAT:DEMO_FMONTH(1.0),Live births (total) by month,A,Annual,NR,Number,M06,June,RU,Russia,2010,,154265,,,,,
dataflow,ESTAT:DEMO_FMONTH(1.0),Live births (total) by month,A,Annual,NR,Number,M06,June,SE,Sweden,1980,,8241,,,,,
dataflow,ESTAT:DEMO_FMONTH(1.0),Live births (total) by month,A,Annual,NR,Number,M06,June,SE,Sweden,1985,,8337,,,,,
dataflow,ESTAT:DEMO_FMONTH(1.0),Live births (total) by month,A,Annual,NR,Number,M06,June,SE,Sweden,1990,,10496,,,,,
dataflow,ESTAT:DEMO_FMONTH(1.0),Live births (total) by month,A,Annual,NR,Number,M06,June,SE,Sweden,1995,,9130,,,,,
dataflow,ESTAT:DEMO_FMONTH(1.0),Live births (total) by month,A,Annual,NR,Number,M06,June,SE,Sweden,2000,,7815,,,,,
dataflow,ESTAT:DEMO_FMONTH(1.0),Live births (total) by month,A,Annual,NR,Number,M06,June,SE,Sweden,2005,,8760,,,,,
dataflow,ESTAT:DEMO_FMONTH(1.0),Live births (total) by month,A,Annual,NR,Number,M06,June,SE,Sweden,2010,,10140,,,,,
dataflow,ESTAT:DEMO_FMONTH(1.0),Live births (total) by month,A,Annual,NR,Number,M06,June,SE,Sweden,2015,,9981,,,,,
dataflow,ESTAT:DEMO_FMONTH(1.0),Live births (total) by month,A,Annual,NR,Number,M06,June,SE,Sweden,2020,,9877,,,,,
dataflow,ESTAT:DEMO_FMONTH(1.0),Live births (total) by month,A,Annual,NR,Number,M06,June,SE,Sweden,2023,,8960,,,,,
dataflow,ESTAT:DEMO_FMONTH(1.0),Live births (total) by month,A,Annual,NR,Number,M06,June,SI,Slovenia,1995,,1624,,,,,
dataflow,ESTAT:DEMO_FMONTH(1.0),Live births (total) by month,A,Annual,NR,Number,M06,June,SI,Slovenia,2000,,1480,,,,,
dataflow,ESTAT:DEMO_FMONTH(1.0),Live births (total) by month,A,Annual,NR,Number,M06,June,SI,Slovenia,2005,,1511,,,,,
dataflow,ESTAT:DEMO_FMONTH(1.0),Live births (total) by month,A,Annual,NR,Number,M06,June,SI,Slovenia,2010,,1844,,,,,
dataflow,ESTAT:DEMO_FMONTH(1.0),Live births (total) by month,A,Annual,NR,Number,M06,June,SI,Slovenia,2015,,1802,,,,,
dataflow,ESTAT:DEMO_FMONTH(1.0),Live births (total) by month,A,Annual,NR,Number,M06,June,SI,Slovenia,2020,,1606,,,,,
dataflow,ESTAT:DEMO_FMONTH(1.0),Live births (total) by month,A,Annual,NR,Number,M06,June,SI,Slovenia,2023,,1499,,,,,
dataflow,ESTAT:DEMO_FMONTH(1.0),Live births (total) by month,A,Annual,NR,Number,M06,June,SK,Slovakia,2000,,4677,,,,,
dataflow,ESTAT:DEMO_FMONTH(1.0),Live births (total) by month,A,Annual,NR,Number,M06,June,SK,Slovakia,2005,,4727,,,,,
dataflow,ESTAT:DEMO_FMONTH(1.0),Live births (total) by month,A,Annual,NR,Number,M06,June,SK,Slovakia,2010,,5129,,,,,
dataflow,ESTAT:DEMO_FMONTH(1.0),Live births (total) by month,A,Annual,NR,Number,M06,June,SK,Slovakia,2015,,4709,,,,,
dataflow,ESTAT:DEMO_FMONTH(1.0),Live births (total) by month,A,Annual,NR,Number,M06,June,SK,Slovakia,2020,,4712,,,,,
dataflow,ESTAT:DEMO_FMONTH(1.0),Live births (total) by month,A,Annual,NR,Number,M06,June,SK,Slovakia,2023,,4182,,,,,
dataflow,ESTAT:DEMO_FMONTH(1.0),Live births (total) by month,A,Annual,NR,Number,M06,June,SM,San Marino,2005,,21,,,,,
dataflow,ESTAT:DEMO_FMONTH(1.0),Live births (total) by month,A,Annual,NR,Number,M06,June,TR,Türkiye,2010,,107591,,,,,
dataflow,ESTAT:DEMO_FMONTH(1.0),Live births (total) by month,A,Annual,NR,Number,M06,June,TR,Türkiye,2015,,114870,,,,,
dataflow,ESTAT:DEMO_FMONTH(1.0),Live births (total) by month,A,Annual,NR,Number,M06,June,TR,Türkiye,2020,,99030,,,,,
dataflow,ESTAT:DEMO_FMONTH(1.0),Live births (total) by month,A,Annual,NR,Number,M06,June,UA,Ukraine,2005,,33153,,,,,
dataflow,ESTAT:DEMO_FMONTH(1.0),Live births (total) by month,A,Annual,NR,Number,M06,June,UA,Ukraine,2010,,42842,,,,,
dataflow,ESTAT:DEMO_FMONTH(1.0),Live births (total) by month,A,Annual,NR,Number,M06,June,UA,Ukraine,2015,,32185,,,,,
dataflow,ESTAT:DEMO_FMONTH(1.0),Live births (total) by month,A,Annual,NR,Number,M06,June,UA,Ukraine,2020,,23166,,,,,
dataflow,ESTAT:DEMO_FMONTH(1.0),Live births (total) by month,A,Annual,NR,Number,M06,June,UK,United Kingdom,1980,,62877,,,,,
dataflow,ESTAT:DEMO_FMONTH(1.0),Live births (total) by month,A,Annual,NR,Number,M06,June,UK,United Kingdom,1985,,62279,,,,,
dataflow,ESTAT:DEMO_FMONTH(1.0),Live births (total) by month,A,Annual,NR,Number,M06,June,UK,United Kingdom,1990,,68416,,,,,
dataflow,ESTAT:DEMO_FMONTH(1.0),Live births (total) by month,A,Annual,NR,Number,M06,June,UK,United Kingdom,1995,,63013,,,,,
dataflow,ESTAT:DEMO_FMONTH(1.0),Live births (total) by month,A,Annual,NR,Number,M06,June,UK,United Kingdom,2000,,56190,,,,,
dataflow,ESTAT:DEMO_FMONTH(1.0),Live births (total) by month,A,Annual,NR,Number,M06,June,UK,United Kingdom,2005,,60713,,,,,
dataflow,ESTAT:DEMO_FMONTH(1.0),Live births (total) by month,A,Annual,NR,Number,M06,June,UK,United Kingdom,2010,,66904,,,,,
dataflow,ESTAT:DEMO_FMONTH(1.0),Live births (total) by month,A,Annual,NR,Number,M06,June,UK,United Kingdom,2015,,65360,,,,,
dataflow,ESTAT:DEMO_FMONTH(1.0),Live births (total) by month,A,Annual,NR,Number,M06,June,XK,Kosovo*,2005,,3552,,,,,
dataflow,ESTAT:DEMO_FMONTH(1.0),Live births (total) by month,A,Annual,NR,Number,M06,June,XK,Kosovo*,2015,,2206,,,,,
dataflow,ESTAT:DEMO_FMONTH(1.0),Live births (total) by month,A,Annual,NR,Number,M06,June,XK,Kosovo*,2020,,2036,,,,,
dataflow,ESTAT:DEMO_FMONTH(1.0),Live births (total) by month,A,Annual,NR,Number,M07,July,AD,Andorra,2005,,64,,,,,
dataflow,ESTAT:DEMO_FMONTH(1.0),Live births (total) by month,A,Annual,NR,Number,M07,July,AD,Andorra,2010,,67,,,,,
dataflow,ESTAT:DEMO_FMONTH(1.0),Live births (total) by month,A,Annual,NR,Number,M07,July,AL,Albania,2005,,3307,,,,,
dataflow,ESTAT:DEMO_FMONTH(1.0),Live births (total) by month,A,Annual,NR,Number,M07,July,AL,Albania,2015,,2986,,,,,
dataflow,ESTAT:DEMO_FMONTH(1.0),Live births (total) by month,A,Annual,NR,Number,M07,July,AL,Albania,2020,,2580,,,,,
dataflow,ESTAT:DEMO_FMONTH(1.0),Live births (total) by month,A,Annual,NR,Number,M07,July,AL,Albania,2023,,2146,,,,,
dataflow,ESTAT:DEMO_FMONTH(1.0),Live births (total) by month,A,Annual,NR,Number,M07,July,AM,Armenia,2005,,3318,,,,,
dataflow,ESTAT:DEMO_FMONTH(1.0),Live births (total) by month,A,Annual,NR,Number,M07,July,AM,Armenia,2015,,3890,,,,,
dataflow,ESTAT:DEMO_FMONTH(1.0),Live births (total) by month,A,Annual,NR,Number,M07,July,AM,Armenia,2020,,3637,,,,,
dataflow,ESTAT:DEMO_FMONTH(1.0),Live births (total) by month,A,Annual,NR,Number,M07,July,AM,Armenia,2023,,3172,,,,,
dataflow,ESTAT:DEMO_FMONTH(1.0),Live births (total) by month,A,Annual,NR,Number,M07,July,AT,Austria,1980,,7802,,,,,
dataflow,ESTAT:DEMO_FMONTH(1.0),Live births (total) by month,A,Annual,NR,Number,M07,July,AT,Austria,1985,,7761,,,,,
dataflow,ESTAT:DEMO_FMONTH(1.0),Live births (total) by month,A,Annual,NR,Number,M07,July,AT,Austria,1990,,8053,,,,,
dataflow,ESTAT:DEMO_FMONTH(1.0),Live births (total) by month,A,Annual,NR,Number,M07,July,AT,Austria,1995,,8007,,,,,
dataflow,ESTAT:DEMO_FMONTH(1.0),Live births (total) by month,A,Annual,NR,Number,M07,July,AT,Austria,2000,,6755,,,,,
dataflow,ESTAT:DEMO_FMONTH(1.0),Live births (total) by month,A,Annual,NR,Number,M07,July,AT,Austria,2005,,7065,,,,,
dataflow,ESTAT:DEMO_FMONTH(1.0),Live births (total) by month,A,Annual,NR,Number,M07,July,AT,Austria,2010,,7067,,,,,
dataflow,ESTAT:DEMO_FMONTH(1.0),Live births (total) by month,A,Annual,NR,Number,M07,July,AT,Austria,2015,,7414,,,,,
dataflow,ESTAT:DEMO_FMONTH(1.0),Live births (total) by month,A,Annual,NR,Number,M07,July,AT,Austria,2020,,7679,,,,,
dataflow,ESTAT:DEMO_FMONTH(1.0),Live births (total) by month,A,Annual,NR,Number,M07,July,AT,Austria,2023,,7039,,,,,
dataflow,ESTAT:DEMO_FMONTH(1.0),Live births (total) by month,A,Annual,NR,Number,M07,July,AZ,Azerbaijan,2005,,9859,,,,,
dataflow,ESTAT:DEMO_FMONTH(1.0),Live births (total) by month,A,Annual,NR,Number,M07,July,AZ,Azerbaijan,2010,,14504,,,,,
dataflow,ESTAT:DEMO_FMONTH(1.0),Live births (total) by month,A,Annual,NR,Number,M07,July,AZ,Azerbaijan,2015,,15235,,,,,
dataflow,ESTAT:DEMO_FMONTH(1.0),Live births (total) by month,A,Annual,NR,Number,M07,July,AZ,Azerbaijan,2020,,11034,,,,,
dataflow,ESTAT:DEMO_FMONTH(1.0),Live births (total) by month,A,Annual,NR,Number,M07,July,BA,Bosnia and Herzegovina,2005,,3035,,,,,
dataflow,ESTAT:DEMO_FMONTH(1.0),Live births (total) by month,A,Annual,NR,Number,M07,July,BA,Bosnia and Herzegovina,2010,,3118,,,,,
dataflow,ESTAT:DEMO_FMONTH(1.0),Live births (total) by month,A,Annual,NR,Number,M07,July,BE,Belgium,1980,,10820,,,,,
dataflow,ESTAT:DEMO_FMONTH(1.0),Live births (total) by month,A,Annual,NR,Number,M07,July,BE,Belgium,1985,,10197,,,,,
dataflow,ESTAT:DEMO_FMONTH(1.0),Live births (total) by month,A,Annual,NR,Number,M07,July,BE,Belgium,1990,,10740,,,,,
dataflow,ESTAT:DEMO_FMONTH(1.0),Live births (total) by month,A,Annual,NR,Number,M07,July,BE,Belgium,1995,,10098,,,,,
dataflow,ESTAT:DEMO_FMONTH(1.0),Live births (total) by month,A,Annual,NR,Number,M07,July,BE,Belgium,2000,,10010,,,,,
dataflow,ESTAT:DEMO_FMONTH(1.0),Live births (total) by month,A,Annual,NR,Number,M07,July,BE,Belgium,2005,,10082,,,,,
dataflow,ESTAT:DEMO_FMONTH(1.0),Live births (total) by month,A,Annual,NR,Number,M07,July,BE,Belgium,2010,,11209,,,,,
dataflow,ESTAT:DEMO_FMONTH(1.0),Live births (total) by month,A,Annual,NR,Number,M07,July,BE,Belgium,2015,,10895,,,,,
dataflow,ESTAT:DEMO_FMONTH(1.0),Live births (total) by month,A,Annual,NR,Number,M07,July,BE,Belgium,2020,,10469,,,,,
dataflow,ESTAT:DEMO_FMONTH(1.0),Live births (total) by month,A,Annual,NR,Number,M07,July,BE,Belgium,2023,,9672,,,,,
dataflow,ESTAT:DEMO_FMONTH(1.0),Live births (total) by month,A,Annual,NR,Number,M07,July,BG,Bulgaria,1995,,6313,,,,,
dataflow,ESTAT:DEMO_FMONTH(1.0),Live births (total) by month,A,Annual,NR,Number,M07,July,BG,Bulgaria,2000,,6664,,,,,
dataflow,ESTAT:DEMO_FMONTH(1.0),Live births (total) by month,A,Annual,NR,Number,M07,July,BG,Bulgaria,2005,,6320,,,,,
dataflow,ESTAT:DEMO_FMONTH(1.0),Live births (total) by month,A,Annual,NR,Number,M07,July,BG,Bulgaria,2010,,6797,,,,,
dataflow,ESTAT:DEMO_FMONTH(1.0),Live births (total) by month,A,Annual,NR,Number,M07,July,BG,Bulgaria,2015,,6160,,,,,
dataflow,ESTAT:DEMO_FMONTH(1.0),Live births (total) by month,A,Annual,NR,Number,M07,July,BG,Bulgaria,2020,,5542,,,,,
dataflow,ESTAT:DEMO_FMONTH(1.0),Live births (total) by month,A,Annual,NR,Number,M07,July,BG,Bulgaria,2023,,5148,,,,,
dataflow,ESTAT:DEMO_FMONTH(1.0),Live births (total) by month,A,Annual,NR,Number,M07,July,BY,Belarus,2005,,7573,,,,,
dataflow,ESTAT:DEMO_FMONTH(1.0),Live births (total) by month,A,Annual,NR,Number,M07,July,BY,Belarus,2015,,11157,,,,,
dataflow,ESTAT:DEMO_FMONTH(1.0),Live births (total) by month,A,Annual,NR,Number,M07,July,CH,Switzerland,1980,,6460,,,,,
dataflow,ESTAT:DEMO_FMONTH(1.0),Live births (total) by month,A,Annual,NR,Number,M07,July,CH,Switzerland,1985,,6568,,,,,
dataflow,ESTAT:DEMO_FMONTH(1.0),Live births (total) by month,A,Annual,NR,Number,M07,July,CH,Switzerland,1990,,7361,,,,,
dataflow,ESTAT:DEMO_FMONTH(1.0),Live births (total) by month,A,Annual,NR,Number,M07,July,CH,Switzerland,1995,,7293,,,,,
dataflow,ESTAT:DEMO_FMONTH(1.0),Live births (total) by month,A,Annual,NR,Number,M07,July,CH,Switzerland,2000,,6678,,,,,
dataflow,ESTAT:DEMO_FMONTH(1.0),Live births (total) by month,A,Annual,NR,Number,M07,July,CH,Switzerland,2005,,6323,,,,,
dataflow,ESTAT:DEMO_FMONTH(1.0),Live births (total) by month,A,Annual,NR,Number,M07,July,CH,Switzerland,2010,,6986,,,,,
dataflow,ESTAT:DEMO_FMONTH(1.0),Live births (total) by month,A,Annual,NR,Number,M07,July,CH,Switzerland,2015,,7596,,,,,
dataflow,ESTAT:DEMO_FMONTH(1.0),Live births (total) by month,A,Annual,NR,Number,M07,July,CH,Switzerland,2020,,7810,,,,,
dataflow,ESTAT:DEMO_FMONTH(1.0),Live births (total) by month,A,Annual,NR,Number,M07,July,CH,Switzerland,2023,,7081,,,,,
dataflow,ESTAT:DEMO_FMONTH(1.0),Live births (total) by month,A,Annual,NR,Number,M07,July,CY,Cyprus,1995,,858,,,,,
dataflow,ESTAT:DEMO_FMONTH(1.0),Live births (total) by month,A,Annual,NR,Number,M07,July,CY,Cyprus,2000,,754,,,,,
dataflow,ESTAT:DEMO_FMONTH(1.0),Live births (total) by month,A,Annual,NR,Number,M07,July,CY,Cyprus,2005,,709,,,,,
dataflow,ESTAT:DEMO_FMONTH(1.0),Live births (total) by month,A,Annual,NR,Number,M07,July,CY,Cyprus,2010,,843,,,,,
dataflow,ESTAT:DEMO_FMONTH(1.0),Live births (total) by month,A,Annual,NR,Number,M07,July,CY,Cyprus,2015,,842,,,,,
dataflow,ESTAT:DEMO_FMONTH(1.0),Live births (total) by month,A,Annual,NR,Number,M07,July,CY,Cyprus,2020,,875,,,,,
dataflow,ESTAT:DEMO_FMONTH(1.0),Live births (total) by month,A,Annual,NR,Number,M07,July,CY,Cyprus,2023,,901,,,,,
dataflow,ESTAT:DEMO_FMONTH(1.0),Live births (total) by month,A,Annual,NR,Number,M07,July,CZ,Czechia,1990,,11210,,,,,
dataflow,ESTAT:DEMO_FMONTH(1.0),Live births (total) by month,A,Annual,NR,Number,M07,July,CZ,Czechia,1995,,8562,,,,,
dataflow,ESTAT:DEMO_FMONTH(1.0),Live births (total) by month,A,Annual,NR,Number,M07,July,CZ,Czechia,2000,,7906,,,,,
dataflow,ESTAT:DEMO_FMONTH(1.0),Live births (total) by month,A,Annual,NR,Number,M07,July,CZ,Czechia,2005,,9343,,,,,
dataflow,ESTAT:DEMO_FMONTH(1.0),Live births (total) by month,A,Annual,NR,Number,M07,July,CZ,Czechia,2010,,10568,,,,,
dataflow,ESTAT:DEMO_FMONTH(1.0),Live births (total) by month,A,Annual,NR,Number,M07,July,CZ,Czechia,2015,,10120,,,,,
dataflow,ESTAT:DEMO_FMONTH(1.0),Live births (total) by month,A,Annual,NR,Number,M07,July,CZ,Czechia,2020,,10234,,,,,
dataflow,ESTAT:DEMO_FMONTH(1.0),Live births (total) by month,A,Annual,NR,Number,M07,July,CZ,Czechia,2023,,8382,,,,,
dataflow,ESTAT:DEMO_FMONTH(1.0),Live births (total) by month,A,Annual,NR,Number,M07,July,DE,Germany,1980,,55916,,,,,
dataflow,ESTAT:DEMO_FMONTH(1.0),Live births (total) by month,A,Annual,NR,Number,M07,July,DE,Germany,1985,,52588,,,,,
dataflow,ESTAT:DEMO_FMONTH(1.0),Live births (total) by month,A,Annual,NR,Number,M07,July,DE,Germany,1990,,65378,,,,,
dataflow,ESTAT:DEMO_FMONTH(1.0),Live births (total) by month,A,Annual,NR,Number,M07,July,DE,Germany,1995,,69423,,,,,
dataflow,ESTAT:DEMO_FMONTH(1.0),Live births (total) by month,A,Annual,NR,Number,M07,July,DE,Germany,2000,,67564,,,,,
dataflow,ESTAT:DEMO_FMONTH(1.0),Live births (total) by month,A,Annual,NR,Number,M07,July,DE,Germany,2005,,61471,,,,,
dataflow,ESTAT:DEMO_FMONTH(1.0),Live births (total) by month,A,Annual,NR,Number,M07,July,DE,Germany,2010,,61918,,,,,
dataflow,ESTAT:DEMO_FMONTH(1.0),Live births (total) by month,A,Annual,NR,Number,M07,July,DE,Germany,2015,,68229,,,,,
dataflow,ESTAT:DEMO_FMONTH(1.0),Live births (total) by month,A,Annual,NR,Number,M07,July,DE,Germany,2020,,71062,,,,,
dataflow,ESTAT:DEMO_FMONTH(1.0),Live births (total) by month,A,Annual,NR,Number,M07,July,DE,Germany,2023,,63193,,,,,
dataflow,ESTAT:DEMO_FMONTH(1.0),Live births (total) by month,A,Annual,NR,Number,M07,July,DE_TOT,Germany including former GDR,1980,,77280,,,,,
dataflow,ESTAT:DEMO_FMONTH(1.0),Live births (total) by month,A,Annual,NR,Number,M07,July,DE_TOT,Germany including former GDR,1985,,72341,,,,,
dataflow,ESTAT:DEMO_FMONTH(1.0),Live births (total) by month,A,Annual,NR,Number,M07,July,DE_TOT,Germany including former GDR,1990,,81098,,,,,
dataflow,ESTAT:DEMO_FMONTH(1.0),Live births (total) by month,A,Annual,NR,Number,M07,July,DE_TOT,Germany including former GDR,1995,,69423,,,,,
dataflow,ESTAT:DEMO_FMONTH(1.0),Live births (total) by month,A,Annual,NR,Number,M07,July,DE_TOT,Germany including former GDR,2000,,67564,,,,,
dataflow,ESTAT:DEMO_FMONTH(1.0),Live births (total) by month,A,Annual,NR,Number,M07,July,DE_TOT,Germany including former GDR,2005,,61471,,,,,
dataflow,ESTAT:DEMO_FMONTH(1.0),Live births (total) by month,A,Annual,NR,Number,M07,July,DE_TOT,Germany including former GDR,2010,,61918,,,,,
dataflow,ESTAT:DEMO_FMONTH(1.0),Live births (total) by month,A,Annual,NR,Number,M07,July,DE_TOT,Germany including former GDR,2015,,68229,,,,,
dataflow,ESTAT:DEMO_FMONTH(1.0),Live births (total) by month,A,Annual,NR,Number,M07,July,DE_TOT,Germany including former GDR,2020,,71062,,,,,
dataflow,ESTAT:DEMO_FMONTH(1.0),Live births (total) by month,A,Annual,NR,Number,M07,July,DE_TOT,Germany including former GDR,2023,,63193,,,,,
dataflow,ESTAT:DEMO_FMONTH(1.0),Live births (total) by month,A,Annual,NR,Number,M07,July,DK,Denmark,1980,,5076,,,,,
dataflow,ESTAT:DEMO_FMONTH(1.0),Live births (total) by month,A,Annual,NR,Number,M07,July,DK,Denmark,1985,,4826,,,,,
dataflow,ESTAT:DEMO_FMONTH(1.0),Live births (total) by month,A,Annual,NR,Number,M07,July,DK,Denmark,1990,,5878,,,,,
dataflow,ESTAT:DEMO_FMONTH(1.0),Live births (total) by month,A,Annual,NR,Number,M07,July,DK,Denmark,1995,,6292,,,,,
dataflow,ESTAT:DEMO_FMONTH(1.0),Live births (total) by month,A,Annual,NR,Number,M07,July,DK,Denmark,2000,,5963,,,,,
dataflow,ESTAT:DEMO_FMONTH(1.0),Live births (total) by month,A,Annual,NR,Number,M07,July,DK,Denmark,2005,,5752,,,,,
dataflow,ESTAT:DEMO_FMONTH(1.0),Live births (total) by month,A,Annual,NR,Number,M07,July,DK,Denmark,2010,,5557,,,,,
dataflow,ESTAT:DEMO_FMONTH(1.0),Live births (total) by month,A,Annual,NR,Number,M07,July,DK,Denmark,2015,,5221,,,,,
dataflow,ESTAT:DEMO_FMONTH(1.0),Live births (total) by month,A,Annual,NR,Number,M07,July,DK,Denmark,2020,,5625,,,,,
dataflow,ESTAT:DEMO_FMONTH(1.0),Live births (total) by month,A,Annual,NR,Number,M07,July,DK,Denmark,2023,,5240,,,,,
dataflow,ESTAT:DEMO_FMONTH(1.0),Live births (total) by month,A,Annual,NR,Number,M07,July,EE,Estonia,1980,,2016,,,,,
dataflow,ESTAT:DEMO_FMONTH(1.0),Live births (total) by month,A,Annual,NR,Number,M07,July,EE,Estonia,1985,,2068,,,,,
dataflow,ESTAT:DEMO_FMONTH(1.0),Live births (total) by month,A,Annual,NR,Number,M07,July,EE,Estonia,1990,,1954,,,,,
dataflow,ESTAT:DEMO_FMONTH(1.0),Live births (total) by month,A,Annual,NR,Number,M07,July,EE,Estonia,1995,,1208,,,,,
dataflow,ESTAT:DEMO_FMONTH(1.0),Live births (total) by month,A,Annual,NR,Number,M07,July,EE,Estonia,2000,,1121,,,,,
dataflow,ESTAT:DEMO_FMONTH(1.0),Live births (total) by month,A,Annual,NR,Number,M07,July,EE,Estonia,2005,,1243,,,,,
dataflow,ESTAT:DEMO_FMONTH(1.0),Live births (total) by month,A,Annual,NR,Number,M07,July,EE,Estonia,2010,,1445,,,,,
dataflow,ESTAT:DEMO_FMONTH(1.0),Live births (total) by month,A,Annual,NR,Number,M07,July,EE,Estonia,2015,,1367,,,,,
dataflow,ESTAT:DEMO_FMONTH(1.0),Live births (total) by month,A,Annual,NR,Number,M07,July,EE,Estonia,2020,,1286,,,,,
dataflow,ESTAT:DEMO_FMONTH(1.0),Live births (total) by month,A,Annual,NR,Number,M07,July,EE,Estonia,2023,,987,,,,,
dataflow,ESTAT:DEMO_FMONTH(1.0),Live births (total) by month,A,Annual,NR,Number,M07,July,EL,Greece,1980,,13415,,,,,
dataflow,ESTAT:DEMO_FMONTH(1.0),Live births (total) by month,A,Annual,NR,Number,M07,July,EL,Greece,1985,,10470,,,,,
dataflow,ESTAT:DEMO_FMONTH(1.0),Live births (total) by month,A,Annual,NR,Number,M07,July,EL,Greece,1990,,9316,,,,,
dataflow,ESTAT:DEMO_FMONTH(1.0),Live births (total) by month,A,Annual,NR,Number,M07,July,EL,Greece,1995,,9130,,,,,
dataflow,ESTAT:DEMO_FMONTH(1.0),Live births (total) by month,A,Annual,NR,Number,M07,July,EL,Greece,2000,,9665,,,,,
dataflow,ESTAT:DEMO_FMONTH(1.0),Live births (total) by month,A,Annual,NR,Number,M07,July,EL,Greece,2005,,9869,,,,,
dataflow,ESTAT:DEMO_FMONTH(1.0),Live births (total) by month,A,Annual,NR,Number,M07,July,EL,Greece,2010,,10845,,,,,
dataflow,ESTAT:DEMO_FMONTH(1.0),Live births (total) by month,A,Annual,NR,Number,M07,July,EL,Greece,2015,,8787,,,,,
dataflow,ESTAT:DEMO_FMONTH(1.0),Live births (total) by month,A,Annual,NR,Number,M07,July,EL,Greece,2020,,7974,,,,,
dataflow,ESTAT:DEMO_FMONTH(1.0),Live births (total) by month,A,Annual,NR,Number,M07,July,EL,Greece,2023,,6587,,,,,
dataflow,ESTAT:DEMO_FMONTH(1.0),Live births (total) by month,A,Annual,NR,Number,M07,July,ES,Spain,1980,,49741,,,,,
dataflow,ESTAT:DEMO_FMONTH(1.0),Live births (total) by month,A,Annual,NR,Number,M07,July,ES,Spain,1985,,39915,,,,,
dataflow,ESTAT:DEMO_FMONTH(1.0),Live births (total) by month,A,Annual,NR,Number,M07,July,ES,Spain,1990,,34970,,,,,
dataflow,ESTAT:DEMO_FMONTH(1.0),Live births (total) by month,A,Annual,NR,Number,M07,July,ES,Spain,1995,,31955,,,,,
dataflow,ESTAT:DEMO_FMONTH(1.0),Live births (total) by month,A,Annual,NR,Number,M07,July,ES,Spain,2000,,33754,,,,,
dataflow,ESTAT:DEMO_FMONTH(1.0),Live births (total) by month,A,Annual,NR,Number,M07,July,ES,Spain,2005,,38907,,,,,
dataflow,ESTAT:DEMO_FMONTH(1.0),Live births (total) by month,A,Annual,NR,Number,M07,July,ES,Spain,2010,,40487,,,,,
dataflow,ESTAT:DEMO_FMONTH(1.0),Live births (total) by month,A,Annual,NR,Number,M07,July,ES,Spain,2015,,36238,,,,,
dataflow,ESTAT:DEMO_FMONTH(1.0),Live births (total) by month,A,Annual,NR,Number,M07,July,ES,Spain,2020,,30002,,,,,
dataflow,ESTAT:DEMO_FMONTH(1.0),Live births (total) by month,A,Annual,NR,Number,M07,July,ES,Spain,2023,,27372,,,,,
dataflow,ESTAT:DEMO_FMONTH(1.0),Live births (total) by month,A,Annual,NR,Number,M07,July,FI,Finland,1980,,5486,,,,,
dataflow,ESTAT:DEMO_FMONTH(1.0),Live births (total) by month,A,Annual,NR,Number,M07,July,FI,Finland,1985,,5362,,,,,
dataflow,ESTAT:DEMO_FMONTH(1.0),Live births (total) by month,A,Annual,NR,Number,M07,July,FI,Finland,1990,,5674,,,,,
dataflow,ESTAT:DEMO_FMONTH(1.0),Live births (total) by month,A,Annual,NR,Number,M07,July,FI,Finland,1995,,5545,,,,,
dataflow,ESTAT:DEMO_FMONTH(1.0),Live births (total) by month,A,Annual,NR,Number,M07,July,FI,Finland,2000,,5043,,,,,
dataflow,ESTAT:DEMO_FMONTH(1.0),Live births (total) by month,A,Annual,NR,Number,M07,July,FI,Finland,2005,,5070,,,,,
dataflow,ESTAT:DEMO_FMONTH(1.0),Live births (total) by month,A,Annual,NR,Number,M07,July,FI,Finland,2010,,5441,,,,,
dataflow,ESTAT:DEMO_FMONTH(1.0),Live births (total) by month,A,Annual,NR,Number,M07,July,FI,Finland,2015,,5010,,,,,
dataflow,ESTAT:DEMO_FMONTH(1.0),Live births (total) by month,A,Annual,NR,Number,M07,July,FI,Finland,2020,,4184,,,,,
dataflow,ESTAT:DEMO_FMONTH(1.0),Live births (total) by month,A,Annual,NR,Number,M07,July,FI,Finland,2023,,3970,,,,,
dataflow,ESTAT:DEMO_FMONTH(1.0),Live births (total) by month,A,Annual,NR,Number,M07,July,FR,France,1995,,68226,,,,,
dataflow,ESTAT:DEMO_FMONTH(1.0),Live births (total) by month,A,Annual,NR,Number,M07,July,FR,France,2000,,70668,,,,,
dataflow,ESTAT:DEMO_FMONTH(1.0),Live births (total) by month,A,Annual,NR,Number,M07,July,FR,France,2005,,69232,,,,,
dataflow,ESTAT:DEMO_FMONTH(1.0),Live births (total) by month,A,Annual,NR,Number,M07,July,FR,France,2010,,72409,,,,,
dataflow,ESTAT:DEMO_FMONTH(1.0),Live births (total) by month,A,Annual,NR,Number,M07,July,FR,France,2015,,70019,,,,,
dataflow,ESTAT:DEMO_FMONTH(1.0),Live births (total) by month,A,Annual,NR,Number,M07,July,FR,France,2020,,65852,,,,,
dataflow,ESTAT:DEMO_FMONTH(1.0),Live births (total) by month,A,Annual,NR,Number,M07,July,FR,France,2023,,59297,,,,,
dataflow,ESTAT:DEMO_FMONTH(1.0),Live births (total) by month,A,Annual,NR,Number,M07,July,FX,Metropolitan France,1980,,71028,,,,,
dataflow,ESTAT:DEMO_FMONTH(1.0),Live births (total) by month,A,Annual,NR,Number,M07,July,FX,Metropolitan France,1985,,69242,,,,,
dataflow,ESTAT:DEMO_FMONTH(1.0),Live births (total) by month,A,Annual,NR,Number,M07,July,FX,Metropolitan France,1990,,68843,,,,,
dataflow,ESTAT:DEMO_FMONTH(1.0),Live births (total) by month,A,Annual,NR,Number,M07,July,FX,Metropolitan France,1995,,65736,,,,,
dataflow,ESTAT:DEMO_FMONTH(1.0),Live births (total) by month,A,Annual,NR,Number,M07,July,FX,Metropolitan France,2000,,67916,,,,,
dataflow,ESTAT:DEMO_FMONTH(1.0),Live births (total) by month,A,Annual,NR,Number,M07,July,FX,Metropolitan France,2005,,66574,,,,,
dataflow,ESTAT:DEMO_FMONTH(1.0),Live births (total) by month,A,Annual,NR,Number,M07,July,FX,Metropolitan France,2010,,69761,,,,,
dataflow,ESTAT:DEMO_FMONTH(1.0),Live births (total) by month,A,Annual,NR,Number,M07,July,GE,Georgia,2005,,4175,,,,,
dataflow,ESTAT:DEMO_FMONTH(1.0),Live births (total) by month,A,Annual,NR,Number,M07,July,GE,Georgia,2010,,5590,,,,,
dataflow,ESTAT:DEMO_FMONTH(1.0),Live births (total) by month,A,Annual,NR,Number,M07,July,GE,Georgia,2015,,5589,,,,,
dataflow,ESTAT:DEMO_FMONTH(1.0),Live births (total) by month,A,Annual,NR,Number,M07,July,GE,Georgia,2020,,4384,,,,,
dataflow,ESTAT:DEMO_FMONTH(1.0),Live births (total) by month,A,Annual,NR,Number,M07,July,GE,Georgia,2023,,3516,,,,,
dataflow,ESTAT:DEMO_FMONTH(1.0),Live births (total) by month,A,Annual,NR,Number,M07,July,HR,Croatia,1995,,4207,,,,,
dataflow,ESTAT:DEMO_FMONTH(1.0),Live births (total) by month,A,Annual,NR,Number,M07,July,HR,Croatia,2000,,3864,,,,,
dataflow,ESTAT:DEMO_FMONTH(1.0),Live births (total) by month,A,Annual,NR,Number,M07,July,HR,Croatia,2005,,3670,,,,,
dataflow,ESTAT:DEMO_FMONTH(1.0),Live births (total) by month,A,Annual,NR,Number,M07,July,HR,Croatia,2010,,3740,,,,,
dataflow,ESTAT:DEMO_FMONTH(1.0),Live births (total) by month,A,Annual,NR,Number,M07,July,HR,Croatia,2015,,3266,,,,,
dataflow,ESTAT:DEMO_FMONTH(1.0),Live births (total) by month,A,Annual,NR,Number,M07,July,HR,Croatia,2020,,3265,,,,,
dataflow,ESTAT:DEMO_FMONTH(1.0),Live births (total) by month,A,Annual,NR,Number,M07,July,HR,Croatia,2023,,2942,,,,,
dataflow,ESTAT:DEMO_FMONTH(1.0),Live births (total) by month,A,Annual,NR,Number,M07,July,HU,Hungary,1995,,10037,,,,,
dataflow,ESTAT:DEMO_FMONTH(1.0),Live births (total) by month,A,Annual,NR,Number,M07,July,HU,Hungary,2000,,8533,,,,,
dataflow,ESTAT:DEMO_FMONTH(1.0),Live births (total) by month,A,Annual,NR,Number,M07,July,HU,Hungary,2005,,8708,,,,,
dataflow,ESTAT:DEMO_FMONTH(1.0),Live births (total) by month,A,Annual,NR,Number,M07,July,HU,Hungary,2010,,7797,,,,,
dataflow,ESTAT:DEMO_FMONTH(1.0),Live births (total) by month,A,Annual,NR,Number,M07,July,HU,Hungary,2015,,8300,,,,,
dataflow,ESTAT:DEMO_FMONTH(1.0),Live births (total) by month,A,Annual,NR,Number,M07,July,HU,Hungary,2020,,8800,,,,,
dataflow,ESTAT:DEMO_FMONTH(1.0),Live births (total) by month,A,Annual,NR,Number,M07,July,HU,Hungary,2023,,8048,,,,,
dataflow,ESTAT:DEMO_FMONTH(1.0),Live births (total) by month,A,Annual,NR,Number,M07,July,IE,Ireland,1980,,6378,,,,,
dataflow,ESTAT:DEMO_FMONTH(1.0),Live births (total) by month,A,Annual,NR,Number,M07,July,IE,Ireland,1985,,5399,,,,,
dataflow,ESTAT:DEMO_FMONTH(1.0),Live births (total) by month,A,Annual,NR,Number,M07,July,IE,Ireland,1990,,4556,,,,,
dataflow,ESTAT:DEMO_FMONTH(1.0),Live births (total) by month,A,Annual,NR,Number,M07,July,IE,Ireland,1995,,4318,,,,,
dataflow,ESTAT:DEMO_FMONTH(1.0),Live births (total) by month,A,Annual,NR,Number,M07,July,IE,Ireland,2000,,4745,,,,,
dataflow,ESTAT:DEMO_FMONTH(1.0),Live births (total) by month,A,Annual,NR,Number,M07,July,IE,Ireland,2005,,5555,,,,,
dataflow,ESTAT:DEMO_FMONTH(1.0),Live births (total) by month,A,Annual,NR,Number,M07,July,IE,Ireland,2010,,6451,,,,,
dataflow,ESTAT:DEMO_FMONTH(1.0),Live births (total) by month,A,Annual,NR,Number,M07,July,IE,Ireland,2015,,5968,,,,,
dataflow,ESTAT:DEMO_FMONTH(1.0),Live births (total) by month,A,Annual,NR,Number,M07,July,IE,Ireland,2020,,5049,,,,,
dataflow,ESTAT:DEMO_FMONTH(1.0),Live births (total) by month,A,Annual,NR,Number,M07,July,IE,Ireland,2023,,4734,,,,,
dataflow,ESTAT:DEMO_FMONTH(1.0),Live births (total) by month,A,Annual,NR,Number,M07,July,IS,Iceland,1980,,386,,,,,
dataflow,ESTAT:DEMO_FMONTH(1.0),Live births (total) by month,A,Annual,NR,Number,M07,July,IS,Iceland,1985,,367,,,,,
dataflow,ESTAT:DEMO_FMONTH(1.0),Live births (total) by month,A,Annual,NR,Number,M07,July,IS,Iceland,1990,,431,,,,,
dataflow,ESTAT:DEMO_FMONTH(1.0),Live births (total) by month,A,Annual,NR,Number,M07,July,IS,Iceland,1995,,390,,,,,
dataflow,ESTAT:DEMO_FMONTH(1.0),Live births (total) by month,A,Annual,NR,Number,M07,July,IS,Iceland,2000,,365,,,,,
dataflow,ESTAT:DEMO_FMONTH(1.0),Live births (total) by month,A,Annual,NR,Number,M07,July,IS,Iceland,2005,,368,,,,,
dataflow,ESTAT:DEMO_FMONTH(1.0),Live births (total) by month,A,Annual,NR,Number,M07,July,IS,Iceland,2010,,431,,,,,
dataflow,ESTAT:DEMO_FMONTH(1.0),Live births (total) by month,A,Annual,NR,Number,M07,July,IS,Iceland,2015,,385,,,,,
dataflow,ESTAT:DEMO_FMONTH(1.0),Live births (total) by month,A,Annual,NR,Number,M07,July,IS,Iceland,2020,,417,,,,,
dataflow,ESTAT:DEMO_FMONTH(1.0),Live births (total) by month,A,Annual,NR,Number,M07,July,IS,Iceland,2023,,385,,,,,
dataflow,ESTAT:DEMO_FMONTH(1.0),Live births (total) by month,A,Annual,NR,Number,M07,July,IT,Italy,1980,,58799,,,,,
dataflow,ESTAT:DEMO_FMONTH(1.0),Live births (total) by month,A,Annual,NR,Number,M07,July,IT,Italy,1985,,53889,,,,,
dataflow,ESTAT:DEMO_FMONTH(1.0),Live births (total) by month,A,Annual,NR,Number,M07,July,IT,Italy,1990,,53320,,,,,
dataflow,ESTAT:DEMO_FMONTH(1.0),Live births (total) by month,A,Annual,NR,Number,M07,July,IT,Italy,1995,,47839,,,,,
dataflow,ESTAT:DEMO_FMONTH(1.0),Live births (total) by month,A,Annual,NR,Number,M07,July,IT,Italy,2000,,47190,,,,,
dataflow,ESTAT:DEMO_FMONTH(1.0),Live births (total) by month,A,Annual,NR,Number,M07,July,IT,Italy,2005,,46200,,,,,
dataflow,ESTAT:DEMO_FMONTH(1.0),Live births (total) by month,A,Annual,NR,Number,M07,July,IT,Italy,2010,,47512,,,,,
dataflow,ESTAT:DEMO_FMONTH(1.0),Live births (total) by month,A,Annual,NR,Number,M07,July,IT,Italy,2015,,42178,,,,,
dataflow,ESTAT:DEMO_FMONTH(1.0),Live births (total) by month,A,Annual,NR,Number,M07,July,IT,Italy,2020,,36396,,,,,
dataflow,ESTAT:DEMO_FMONTH(1.0),Live births (total) by month,A,Annual,NR,Number,M07,July,IT,Italy,2023,,33959,,,,,
dataflow,ESTAT:DEMO_FMONTH(1.0),Live births (total) by month,A,Annual,NR,Number,M07,July,LI,Liechtenstein,1980,,39,,,,,
dataflow,ESTAT:DEMO_FMONTH(1.0),Live births (total) by month,A,Annual,NR,Number,M07,July,LI,Liechtenstein,1985,,36,,,,,
dataflow,ESTAT:DEMO_FMONTH(1.0),Live births (total) by month,A,Annual,NR,Number,M07,July,LI,Liechtenstein,1990,,37,,,,,
dataflow,ESTAT:DEMO_FMONTH(1.0),Live births (total) by month,A,Annual,NR,Number,M07,July,LI,Liechtenstein,1995,,37,,,,,
dataflow,ESTAT:DEMO_FMONTH(1.0),Live births (total) by month,A,Annual,NR,Number,M07,July,LI,Liechtenstein,2000,,42,,,,,
dataflow,ESTAT:DEMO_FMONTH(1.0),Live births (total) by month,A,Annual,NR,Number,M07,July,LI,Liechtenstein,2005,,28,,,,,
dataflow,ESTAT:DEMO_FMONTH(1.0),Live births (total) by month,A,Annual,NR,Number,M07,July,LI,Liechtenstein,2010,,26,,,,,
dataflow,ESTAT:DEMO_FMONTH(1.0),Live births (total) by month,A,Annual,NR,Number,M07,July,LI,Liechtenstein,2015,,34,,,,,
dataflow,ESTAT:DEMO_FMONTH(1.0),Live births (total) by month,A,Annual,NR,Number,M07,July,LI,Liechtenstein,2020,,36,,,,,
dataflow,ESTAT:DEMO_FMONTH(1.0),Live births (total) by month,A,Annual,NR,Number,M07,July,LI,Liechtenstein,2023,,35,,,,,
dataflow,ESTAT:DEMO_FMONTH(1.0),Live births (total) by month,A,Annual,NR,Number,M07,July,LT,Lithuania,1995,,3682,,,,,
dataflow,ESTAT:DEMO_FMONTH(1.0),Live births (total) by month,A,Annual,NR,Number,M07,July,LT,Lithuania,2000,,3045,,,,,
dataflow,ESTAT:DEMO_FMONTH(1.0),Live births (total) by month,A,Annual,NR,Number,M07,July,LT,Lithuania,2005,,2719,,,,,
dataflow,ESTAT:DEMO_FMONTH(1.0),Live births (total) by month,A,Annual,NR,Number,M07,July,LT,Lithuania,2010,,2890,,,,,
dataflow,ESTAT:DEMO_FMONTH(1.0),Live births (total) by month,A,Annual,NR,Number,M07,July,LT,Lithuania,2015,,2781,,,,,
dataflow,ESTAT:DEMO_FMONTH(1.0),Live births (total) by month,A,Annual,NR,Number,M07,July,LT,Lithuania,2020,,2204,,,,,
dataflow,ESTAT:DEMO_FMONTH(1.0),Live births (total) by month,A,Annual,NR,Number,M07,July,LT,Lithuania,2023,,1901,,,,,
dataflow,ESTAT:DEMO_FMONTH(1.0),Live births (total) by month,A,Annual,NR,Number,M07,July,LU,Luxembourg,1980,,365,,,,,
dataflow,ESTAT:DEMO_FMONTH(1.0),Live births (total) by month,A,Annual,NR,Number,M07,July,LU,Luxembourg,1985,,372,,,,,
dataflow,ESTAT:DEMO_FMONTH(1.0),Live births (total) by month,A,Annual,NR,Number,M07,July,LU,Luxembourg,1990,,460,,,,,
dataflow,ESTAT:DEMO_FMONTH(1.0),Live births (total) by month,A,Annual,NR,Number,M07,July,LU,Luxembourg,1995,,479,,,,,
dataflow,ESTAT:DEMO_FMONTH(1.0),Live births (total) by month,A,Annual,NR,Number,M07,July,LU,Luxembourg,2000,,530,,,,,
dataflow,ESTAT:DEMO_FMONTH(1.0),Live births (total) by month,A,Annual,NR,Number,M07,July,LU,Luxembourg,2005,,468,,,,,
dataflow,ESTAT:DEMO_FMONTH(1.0),Live births (total) by month,A,Annual,NR,Number,M07,July,LU,Luxembourg,2010,,551,,,,,
dataflow,ESTAT:DEMO_FMONTH(1.0),Live births (total) by month,A,Annual,NR,Number,M07,July,LU,Luxembourg,2015,,593,,,,,
dataflow,ESTAT:DEMO_FMONTH(1.0),Live births (total) by month,A,Annual,NR,Number,M07,July,LU,Luxembourg,2020,,597,,,,,
dataflow,ESTAT:DEMO_FMONTH(1.0),Live births (total) by month,A,Annual,NR,Number,M07,July,LU,Luxembourg,2023,,500,,,,,
dataflow,ESTAT:DEMO_FMONTH(1.0),Live births (total) by month,A,Annual,NR,Number,M07,July,LV,Latvia,2000,,1783,,,,,
dataflow,ESTAT:DEMO_FMONTH(1.0),Live births (total) by month,A,Annual,NR,Number,M07,July,LV,Latvia,2005,,1941,,,,,
dataflow,ESTAT:DEMO_FMONTH(1.0),Live births (total) by month,A,Annual,NR,Number,M07,July,LV,Latvia,2010,,1788,,,,,
dataflow,ESTAT:DEMO_FMONTH(1.0),Live births (total) by month,A,Annual,NR,Number,M07,July,LV,Latvia,2015,,2081,,,,,
dataflow,ESTAT:DEMO_FMONTH(1.0),Live births (total) by month,A,Annual,NR,Number,M07,July,LV,Latvia,2020,,1545,,,,,
dataflow,ESTAT:DEMO_FMONTH(1.0),Live births (total) by month,A,Annual,NR,Number,M07,July,LV,Latvia,2023,,1360,,,,,
dataflow,ESTAT:DEMO_FMONTH(1.0),Live births (total) by month,A,Annual,NR,Number,M07,July,MC,Monaco,2005,,82,,,,,
dataflow,ESTAT:DEMO_FMONTH(1.0),Live births (total) by month,A,Annual,NR,Number,M07,July,MC,Monaco,2023,,15,,,,,
dataflow,ESTAT:DEMO_FMONTH(1.0),Live births (total) by month,A,Annual,NR,Number,M07,July,MD,Moldova,2005,,3366,,,,,
dataflow,ESTAT:DEMO_FMONTH(1.0),Live births (total) by month,A,Annual,NR,Number,M07,July,MD,Moldova,2010,,3661,,,,,
dataflow,ESTAT:DEMO_FMONTH(1.0),Live births (total) by month,A,Annual,NR,Number,M07,July,MD,Moldova,2015,,3895,,,,,
dataflow,ESTAT:DEMO_FMONTH(1.0),Live births (total) by month,A,Annual,NR,Number,M07,July,MD,Moldova,2020,,2867,,,,,
dataflow,ESTAT:DEMO_FMONTH(1.0),Live births (total) by month,A,Annual,NR,Number,M07,July,MD,Moldova,2023,,2112,,,,,
dataflow,ESTAT:DEMO_FMONTH(1.0),Live births (total) by month,A,Annual,NR,Number,M07,July,ME,Montenegro,2005,,685,,,,,
dataflow,ESTAT:DEMO_FMONTH(1.0),Live births (total) by month,A,Annual,NR,Number,M07,July,ME,Montenegro,2010,,724,,,,,
dataflow,ESTAT:DEMO_FMONTH(1.0),Live births (total) by month,A,Annual,NR,Number,M07,July,ME,Montenegro,2015,,705,,,,,
dataflow,ESTAT:DEMO_FMONTH(1.0),Live births (total) by month,A,Annual,NR,Number,M07,July,ME,Montenegro,2020,,674,,,,,
dataflow,ESTAT:DEMO_FMONTH(1.0),Live births (total) by month,A,Annual,NR,Number,M07,July,ME,Montenegro,2023,,682,,,,,
dataflow,ESTAT:DEMO_FMONTH(1.0),Live births (total) by month,A,Annual,NR,Number,M07,July,MK,North Macedonia,1995,,2837,,,,,
dataflow,ESTAT:DEMO_FMONTH(1.0),Live births (total) by month,A,Annual,NR,Number,M07,July,MK,North Macedonia,2000,,2649,,,,,
dataflow,ESTAT:DEMO_FMONTH(1.0),Live births (total) by month,A,Annual,NR,Number,M07,July,MK,North Macedonia,2005,,1989,,,,,
dataflow,ESTAT:DEMO_FMONTH(1.0),Live births (total) by month,A,Annual,NR,Number,M07,July,MK,North Macedonia,2010,,2234,,,,,
dataflow,ESTAT:DEMO_FMONTH(1.0),Live births (total) by month,A,Annual,NR,Number,M07,July,MK,North Macedonia,2015,,2176,,,,,
dataflow,ESTAT:DEMO_FMONTH(1.0),Live births (total) by month,A,Annual,NR,Number,M07,July,MK,North Macedonia,2020,,1835,,,,,
dataflow,ESTAT:DEMO_FMONTH(1.0),Live births (total) by month,A,Annual,NR,Number,M07,July,MK,North Macedonia,2023,,1489,,,,,
dataflow,ESTAT:DEMO_FMONTH(1.0),Live births (total) by month,A,Annual,NR,Number,M07,July,MT,Malta,1995,,428,,,,,
dataflow,ESTAT:DEMO_FMONTH(1.0),Live births (total) by month,A,Annual,NR,Number,M07,July,MT,Malta,2000,,383,,,,,
dataflow,ESTAT:DEMO_FMONTH(1.0),Live births (total) by month,A,Annual,NR,Number,M07,July,MT,Malta,2005,,322,,,,,
dataflow,ESTAT:DEMO_FMONTH(1.0),Live births (total) by month,A,Annual,NR,Number,M07,July,MT,Malta,2010,,336,,,,,
dataflow,ESTAT:DEMO_FMONTH(1.0),Live births (total) by month,A,Annual,NR,Number,M07,July,MT,Malta,2015,,362,,,,,
dataflow,ESTAT:DEMO_FMONTH(1.0),Live births (total) by month,A,Annual,NR,Number,M07,July,MT,Malta,2020,,344,,,,,
dataflow,ESTAT:DEMO_FMONTH(1.0),Live births (total) by month,A,Annual,NR,Number,M07,July,MT,Malta,2023,,356,,,,,
dataflow,ESTAT:DEMO_FMONTH(1.0),Live births (total) by month,A,Annual,NR,Number,M07,July,NL,Netherlands,1980,,16182,,,,,
dataflow,ESTAT:DEMO_FMONTH(1.0),Live births (total) by month,A,Annual,NR,Number,M07,July,NL,Netherlands,1985,,15250,,,,,
dataflow,ESTAT:DEMO_FMONTH(1.0),Live births (total) by month,A,Annual,NR,Number,M07,July,NL,Netherlands,1990,,16867,,,,,
dataflow,ESTAT:DEMO_FMONTH(1.0),Live births (total) by month,A,Annual,NR,Number,M07,July,NL,Netherlands,1995,,16698,,,,,
dataflow,ESTAT:DEMO_FMONTH(1.0),Live births (total) by month,A,Annual,NR,Number,M07,July,NL,Netherlands,2000,,17694,,,,,
dataflow,ESTAT:DEMO_FMONTH(1.0),Live births (total) by month,A,Annual,NR,Number,M07,July,NL,Netherlands,2005,,16405,,,,,
dataflow,ESTAT:DEMO_FMONTH(1.0),Live births (total) by month,A,Annual,NR,Number,M07,July,NL,Netherlands,2010,,16160,,,,,
dataflow,ESTAT:DEMO_FMONTH(1.0),Live births (total) by month,A,Annual,NR,Number,M07,July,NL,Netherlands,2015,,15308,,,,,
dataflow,ESTAT:DEMO_FMONTH(1.0),Live births (total) by month,A,Annual,NR,Number,M07,July,NL,Netherlands,2020,,15625,,,,,
dataflow,ESTAT:DEMO_FMONTH(1.0),Live births (total) by month,A,Annual,NR,Number,M07,July,NL,Netherlands,2023,,14897,,,,,
dataflow,ESTAT:DEMO_FMONTH(1.0),Live births (total) by month,A,Annual,NR,Number,M07,July,NO,Norway,1980,,4397,,,,,
dataflow,ESTAT:DEMO_FMONTH(1.0),Live births (total) by month,A,Annual,NR,Number,M07,July,NO,Norway,1985,,4414,,,,,
dataflow,ESTAT:DEMO_FMONTH(1.0),Live births (total) by month,A,Annual,NR,Number,M07,July,NO,Norway,1990,,5132,,,,,
dataflow,ESTAT:DEMO_FMONTH(1.0),Live births (total) by month,A,Annual,NR,Number,M07,July,NO,Norway,1995,,5405,,,,,
dataflow,ESTAT:DEMO_FMONTH(1.0),Live births (total) by month,A,Annual,NR,Number,M07,July,NO,Norway,2000,,5201,,,,,
dataflow,ESTAT:DEMO_FMONTH(1.0),Live births (total) by month,A,Annual,NR,Number,M07,July,NO,Norway,2005,,5081,,,,,
dataflow,ESTAT:DEMO_FMONTH(1.0),Live births (total) by month,A,Annual,NR,Number,M07,July,NO,Norway,2010,,5576,,,,,
dataflow,ESTAT:DEMO_FMONTH(1.0),Live births (total) by month,A,Annual,NR,Number,M07,July,NO,Norway,2015,,5630,,,,,
dataflow,ESTAT:DEMO_FMONTH(1.0),Live births (total) by month,A,Annual,NR,Number,M07,July,NO,Norway,2020,,4911,,,,,
dataflow,ESTAT:DEMO_FMONTH(1.0),Live births (total) by month,A,Annual,NR,Number,M07,July,NO,Norway,2023,,4918,,,,,
dataflow,ESTAT:DEMO_FMONTH(1.0),Live births (total) by month,A,Annual,NR,Number,M07,July,PL,Poland,1995,,40652,,,,,
dataflow,ESTAT:DEMO_FMONTH(1.0),Live births (total) by month,A,Annual,NR,Number,M07,July,PL,Poland,2000,,33530,,,,,
dataflow,ESTAT:DEMO_FMONTH(1.0),Live births (total) by month,A,Annual,NR,Number,M07,July,PL,Poland,2005,,33131,,,,,
dataflow,ESTAT:DEMO_FMONTH(1.0),Live births (total) by month,A,Annual,NR,Number,M07,July,PL,Poland,2010,,37187,,,,,
dataflow,ESTAT:DEMO_FMONTH(1.0),Live births (total) by month,A,Annual,NR,Number,M07,July,PL,Poland,2015,,34086,,,,,
dataflow,ESTAT:DEMO_FMONTH(1.0),Live births (total) by month,A,Annual,NR,Number,M07,July,PL,Poland,2020,,32885,,,,,
dataflow,ESTAT:DEMO_FMONTH(1.0),Live births (total) by month,A,Annual,NR,Number,M07,July,PL,Poland,2023,,24604,,,,,
dataflow,ESTAT:DEMO_FMONTH(1.0),Live births (total) by month,A,Annual,NR,Number,M07,July,PT,Portugal,1980,,14324,,,,,
dataflow,ESTAT:DEMO_FMONTH(1.0),Live births (total) by month,A,Annual,NR,Number,M07,July,PT,Portugal,1985,,11311,,,,,
dataflow,ESTAT:DEMO_FMONTH(1.0),Live births (total) by month,A,Annual,NR,Number,M07,July,PT,Portugal,1990,,10199,,,,,
dataflow,ESTAT:DEMO_FMONTH(1.0),Live births (total) by month,A,Annual,NR,Number,M07,July,PT,Portugal,1995,,9348,,,,,
dataflow,ESTAT:DEMO_FMONTH(1.0),Live births (total) by month,A,Annual,NR,Number,M07,July,PT,Portugal,2000,,10254,,,,,
dataflow,ESTAT:DEMO_FMONTH(1.0),Live births (total) by month,A,Annual,NR,Number,M07,July,PT,Portugal,2005,,9297,,,,,
dataflow,ESTAT:DEMO_FMONTH(1.0),Live births (total) by month,A,Annual,NR,Number,M07,July,PT,Portugal,2010,,8648,,,,,
dataflow,ESTAT:DEMO_FMONTH(1.0),Live births (total) by month,A,Annual,NR,Number,M07,July,PT,Portugal,2015,,7512,,,,,
dataflow,ESTAT:DEMO_FMONTH(1.0),Live births (total) by month,A,Annual,NR,Number,M07,July,PT,Portugal,2020,,7432,,,,,
dataflow,ESTAT:DEMO_FMONTH(1.0),Live births (total) by month,A,Annual,NR,Number,M07,July,PT,Portugal,2023,,7375,,,,,
dataflow,ESTAT:DEMO_FMONTH(1.0),Live births (total) by month,A,Annual,NR,Number,M07,July,RO,Romania,1995,,21437,,,,,
dataflow,ESTAT:DEMO_FMONTH(1.0),Live births (total) by month,A,Annual,NR,Number,M07,July,RO,Romania,2000,,21502,,,,,
dataflow,ESTAT:DEMO_FMONTH(1.0),Live births (total) by month,A,Annual,NR,Number,M07,July,RO,Romania,2005,,20511,,,,,
dataflow,ESTAT:DEMO_FMONTH(1.0),Live births (total) by month,A,Annual,NR,Number,M07,July,RO,Romania,2010,,19823,,,,,
dataflow,ESTAT:DEMO_FMONTH(1.0),Live births (total) by month,A,Annual,NR,Number,M07,July,RO,Romania,2015,,19494,,,,,
dataflow,ESTAT:DEMO_FMONTH(1.0),Live births (total) by month,A,Annual,NR,Number,M07,July,RO,Romania,2020,,18181,,,,,
dataflow,ESTAT:DEMO_FMONTH(1.0),Live births (total) by month,A,Annual,NR,Number,M07,July,RO,Romania,2023,,14723,,,,,
dataflow,ESTAT:DEMO_FMONTH(1.0),Live births (total) by month,A,Annual,NR,Number,M07,July,RS,Serbia,2000,,7082,,,,,
dataflow,ESTAT:DEMO_FMONTH(1.0),Live births (total) by month,A,Annual,NR,Number,M07,July,RS,Serbia,2005,,6584,,,,,
dataflow,ESTAT:DEMO_FMONTH(1.0),Live births (total) by month,A,Annual,NR,Number,M07,July,RS,Serbia,2010,,6128,,,,,
dataflow,ESTAT:DEMO_FMONTH(1.0),Live births (total) by month,A,Annual,NR,Number,M07,July,RS,Serbia,2015,,6172,,,,,
dataflow,ESTAT:DEMO_FMONTH(1.0),Live births (total) by month,A,Annual,NR,Number,M07,July,RS,Serbia,2020,,5702,,,,,
dataflow,ESTAT:DEMO_FMONTH(1.0),Live births (total) by month,A,Annual,NR,Number,M07,July,RS,Serbia,2023,,5524,,,,,
dataflow,ESTAT:DEMO_FMONTH(1.0),Live births (total) by month,A,Annual,NR,Number,M07,July,RU,Russia,2005,,130757,,,,,
dataflow,ESTAT:DEMO_FMONTH(1.0),Live births (total) by month,A,Annual,NR,Number,M07,July,RU,Russia,2010,,161491,,,,,
dataflow,ESTAT:DEMO_FMONTH(1.0),Live births (total) by month,A,Annual,NR,Number,M07,July,SE,Sweden,1980,,8408,,,,,
dataflow,ESTAT:DEMO_FMONTH(1.0),Live births (total) by month,A,Annual,NR,Number,M07,July,SE,Sweden,1985,,8452,,,,,
dataflow,ESTAT:DEMO_FMONTH(1.0),Live births (total) by month,A,Annual,NR,Number,M07,July,SE,Sweden,1990,,10663,,,,,
dataflow,ESTAT:DEMO_FMONTH(1.0),Live births (total) by month,A,Annual,NR,Number,M07,July,SE,Sweden,1995,,9032,,,,,
dataflow,ESTAT:DEMO_FMONTH(1.0),Live births (total) by month,A,Annual,NR,Number,M07,July,SE,Sweden,2000,,8000,,,,,
dataflow,ESTAT:DEMO_FMONTH(1.0),Live births (total) by month,A,Annual,NR,Number,M07,July,SE,Sweden,2005,,9026,,,,,
dataflow,ESTAT:DEMO_FMONTH(1.0),Live births (total) by month,A,Annual,NR,Number,M07,July,SE,Sweden,2010,,10301,,,,,
dataflow,ESTAT:DEMO_FMONTH(1.0),Live births (total) by month,A,Annual,NR,Number,M07,July,SE,Sweden,2015,,10455,,,,,
dataflow,ESTAT:DEMO_FMONTH(1.0),Live births (total) by month,A,Annual,NR,Number,M07,July,SE,Sweden,2020,,10119,,,,,
dataflow,ESTAT:DEMO_FMONTH(1.0),Live births (total) by month,A,Annual,NR,Number,M07,July,SE,Sweden,2023,,8966,,,,,
dataflow,ESTAT:DEMO_FMONTH(1.0),Live births (total) by month,A,Annual,NR,Number,M07,July,SI,Slovenia,1995,,1647,,,,,
dataflow,ESTAT:DEMO_FMONTH(1.0),Live births (total) by month,A,Annual,NR,Number,M07,July,SI,Slovenia,2000,,1527,,,,,
dataflow,ESTAT:DEMO_FMONTH(1.0),Live births (total) by month,A,Annual,NR,Number,M07,July,SI,Slovenia,2005,,1592,,,,,
dataflow,ESTAT:DEMO_FMONTH(1.0),Live births (total) by month,A,Annual,NR,Number,M07,July,SI,Slovenia,2010,,1991,,,,,
dataflow,ESTAT:DEMO_FMONTH(1.0),Live births (total) by month,A,Annual,NR,Number,M07,July,SI,Slovenia,2015,,1910,,,,,
dataflow,ESTAT:DEMO_FMONTH(1.0),Live births (total) by month,A,Annual,NR,Number,M07,July,SI,Slovenia,2020,,1707,,,,,
dataflow,ESTAT:DEMO_FMONTH(1.0),Live births (total) by month,A,Annual,NR,Number,M07,July,SI,Slovenia,2023,,1549,,,,,
dataflow,ESTAT:DEMO_FMONTH(1.0),Live births (total) by month,A,Annual,NR,Number,M07,July,SK,Slovakia,2000,,4958,,,,,
dataflow,ESTAT:DEMO_FMONTH(1.0),Live births (total) by month,A,Annual,NR,Number,M07,July,SK,Slovakia,2005,,4831,,,,,
dataflow,ESTAT:DEMO_FMONTH(1.0),Live births (total) by month,A,Annual,NR,Number,M07,July,SK,Slovakia,2010,,5367,,,,,
dataflow,ESTAT:DEMO_FMONTH(1.0),Live births (total) by month,A,Annual,NR,Number,M07,July,SK,Slovakia,2015,,5053,,,,,
dataflow,ESTAT:DEMO_FMONTH(1.0),Live births (total) by month,A,Annual,NR,Number,M07,July,SK,Slovakia,2020,,5384,,,,,
dataflow,ESTAT:DEMO_FMONTH(1.0),Live births (total) by month,A,Annual,NR,Number,M07,July,SK,Slovakia,2023,,4391,,,,,
dataflow,ESTAT:DEMO_FMONTH(1.0),Live births (total) by month,A,Annual,NR,Number,M07,July,SM,San Marino,2005,,17,,,,,
dataflow,ESTAT:DEMO_FMONTH(1.0),Live births (total) by month,A,Annual,NR,Number,M07,July,TR,Türkiye,2010,,111721,,,,,
dataflow,ESTAT:DEMO_FMONTH(1.0),Live births (total) by month,A,Annual,NR,Number,M07,July,TR,Türkiye,2015,,129973,,,,,
dataflow,ESTAT:DEMO_FMONTH(1.0),Live births (total) by month,A,Annual,NR,Number,M07,July,TR,Türkiye,2020,,105729,,,,,
dataflow,ESTAT:DEMO_FMONTH(1.0),Live births (total) by month,A,Annual,NR,Number,M07,July,UA,Ukraine,2005,,38434,,,,,
dataflow,ESTAT:DEMO_FMONTH(1.0),Live births (total) by month,A,Annual,NR,Number,M07,July,UA,Ukraine,2010,,46828,,,,,
dataflow,ESTAT:DEMO_FMONTH(1.0),Live births (total) by month,A,Annual,NR,Number,M07,July,UA,Ukraine,2015,,40816,,,,,
dataflow,ESTAT:DEMO_FMONTH(1.0),Live births (total) by month,A,Annual,NR,Number,M07,July,UA,Ukraine,2020,,29617,,,,,
dataflow,ESTAT:DEMO_FMONTH(1.0),Live births (total) by month,A,Annual,NR,Number,M07,July,UK,United Kingdom,1980,,66544,,,,,
dataflow,ESTAT:DEMO_FMONTH(1.0),Live births (total) by month,A,Annual,NR,Number,M07,July,UK,United Kingdom,1985,,66548,,,,,
dataflow,ESTAT:DEMO_FMONTH(1.0),Live births (total) by month,A,Annual,NR,Number,M07,July,UK,United Kingdom,1990,,70786,,,,,
dataflow,ESTAT:DEMO_FMONTH(1.0),Live births (total) by month,A,Annual,NR,Number,M07,July,UK,United Kingdom,1995,,63680,,,,,
dataflow,ESTAT:DEMO_FMONTH(1.0),Live births (total) by month,A,Annual,NR,Number,M07,July,UK,United Kingdom,2000,,58838,,,,,
dataflow,ESTAT:DEMO_FMONTH(1.0),Live births (total) by month,A,Annual,NR,Number,M07,July,UK,United Kingdom,2005,,62797,,,,,
dataflow,ESTAT:DEMO_FMONTH(1.0),Live births (total) by month,A,Annual,NR,Number,M07,July,UK,United Kingdom,2010,,69220,,,,,
dataflow,ESTAT:DEMO_FMONTH(1.0),Live births (total) by month,A,Annual,NR,Number,M07,July,UK,United Kingdom,2015,,68532,,,,,
dataflow,ESTAT:DEMO_FMONTH(1.0),Live births (total) by month,A,Annual,NR,Number,M07,July,XK,Kosovo*,2005,,3465,,,,,
dataflow,ESTAT:DEMO_FMONTH(1.0),Live births (total) by month,A,Annual,NR,Number,M07,July,XK,Kosovo*,2015,,2365,,,,,
dataflow,ESTAT:DEMO_FMONTH(1.0),Live births (total) by month,A,Annual,NR,Number,M07,July,XK,Kosovo*,2020,,2194,,,,,
dataflow,ESTAT:DEMO_FMONTH(1.0),Live births (total) by month,A,Annual,NR,Number,M08,August,AD,Andorra,2005,,84,,,,,
dataflow,ESTAT:DEMO_FMONTH(1.0),Live births (total) by month,A,Annual,NR,Number,M08,August,AD,Andorra,2010,,75,,,,,
dataflow,ESTAT:DEMO_FMONTH(1.0),Live births (total) by month,A,Annual,NR,Number,M08,August,AL,Albania,2005,,3586,,,,,
dataflow,ESTAT:DEMO_FMONTH(1.0),Live births (total) by month,A,Annual,NR,Number,M08,August,AL,Albania,2015,,2733,,,,,
dataflow,ESTAT:DEMO_FMONTH(1.0),Live births (total) by month,A,Annual,NR,Number,M08,August,AL,Albania,2020,,2533,,,,,
dataflow,ESTAT:DEMO_FMONTH(1.0),Live births (total) by month,A,Annual,NR,Number,M08,August,AL,Albania,2023,,2110,,,,,
dataflow,ESTAT:DEMO_FMONTH(1.0),Live births (total) by month,A,Annual,NR,Number,M08,August,AM,Armenia,2005,,3430,,,,,
dataflow,ESTAT:DEMO_FMONTH(1.0),Live births (total) by month,A,Annual,NR,Number,M08,August,AM,Armenia,2015,,4027,,,,,
dataflow,ESTAT:DEMO_FMONTH(1.0),Live births (total) by month,A,Annual,NR,Number,M08,August,AM,Armenia,2020,,3423,,,,,
dataflow,ESTAT:DEMO_FMONTH(1.0),Live births (total) by month,A,Annual,NR,Number,M08,August,AM,Armenia,2023,,3440,,,,,
dataflow,ESTAT:DEMO_FMONTH(1.0),Live births (total) by month,A,Annual,NR,Number,M08,August,AT,Austria,1980,,7543,,,,,
dataflow,ESTAT:DEMO_FMONTH(1.0),Live births (total) by month,A,Annual,NR,Number,M08,August,AT,Austria,1985,,7178,,,,,
dataflow,ESTAT:DEMO_FMONTH(1.0),Live births (total) by month,A,Annual,NR,Number,M08,August,AT,Austria,1990,,7855,,,,,
dataflow,ESTAT:DEMO_FMONTH(1.0),Live births (total) by month,A,Annual,NR,Number,M08,August,AT,Austria,1995,,7614,,,,,
dataflow,ESTAT:DEMO_FMONTH(1.0),Live births (total) by month,A,Annual,NR,Number,M08,August,AT,Austria,2000,,6685,,,,,
dataflow,ESTAT:DEMO_FMONTH(1.0),Live births (total) by month,A,Annual,NR,Number,M08,August,AT,Austria,2005,,6778,,,,,
dataflow,ESTAT:DEMO_FMONTH(1.0),Live births (total) by month,A,Annual,NR,Number,M08,August,AT,Austria,2010,,6896,,,,,
dataflow,ESTAT:DEMO_FMONTH(1.0),Live births (total) by month,A,Annual,NR,Number,M08,August,AT,Austria,2015,,7583,,,,,
dataflow,ESTAT:DEMO_FMONTH(1.0),Live births (total) by month,A,Annual,NR,Number,M08,August,AT,Austria,2020,,7543,,,,,
dataflow,ESTAT:DEMO_FMONTH(1.0),Live births (total) by month,A,Annual,NR,Number,M08,August,AT,Austria,2023,,6752,,,,,
dataflow,ESTAT:DEMO_FMONTH(1.0),Live births (total) by month,A,Annual,NR,Number,M08,August,AZ,Azerbaijan,2005,,11262,,,,,
dataflow,ESTAT:DEMO_FMONTH(1.0),Live births (total) by month,A,Annual,NR,Number,M08,August,AZ,Azerbaijan,2010,,14381,,,,,
dataflow,ESTAT:DEMO_FMONTH(1.0),Live births (total) by month,A,Annual,NR,Number,M08,August,AZ,Azerbaijan,2015,,15329,,,,,
dataflow,ESTAT:DEMO_FMONTH(1.0),Live births (total) by month,A,Annual,NR,Number,M08,August,AZ,Azerbaijan,2020,,12393,,,,,
dataflow,ESTAT:DEMO_FMONTH(1.0),Live births (total) by month,A,Annual,NR,Number,M08,August,BA,Bosnia and Herzegovina,2005,,3305,,,,,
dataflow,ESTAT:DEMO_FMONTH(1.0),Live births (total) by month,A,Annual,NR,Number,M08,August,BA,Bosnia and Herzegovina,2010,,2866,,,,,
dataflow,ESTAT:DEMO_FMONTH(1.0),Live births (total) by month,A,Annual,NR,Number,M08,August,BE,Belgium,1980,,10366,,,,,
dataflow,ESTAT:DEMO_FMONTH(1.0),Live births (total) by month,A,Annual,NR,Number,M08,August,BE,Belgium,1985,,9610,,,,,
dataflow,ESTAT:DEMO_FMONTH(1.0),Live births (total) by month,A,Annual,NR,Number,M08,August,BE,Belgium,1990,,10632,,,,,
dataflow,ESTAT:DEMO_FMONTH(1.0),Live births (total) by month,A,Annual,NR,Number,M08,August,BE,Belgium,1995,,10090,,,,,
dataflow,ESTAT:DEMO_FMONTH(1.0),Live births (total) by month,A,Annual,NR,Number,M08,August,BE,Belgium,2000,,10213,,,,,
dataflow,ESTAT:DEMO_FMONTH(1.0),Live births (total) by month,A,Annual,NR,Number,M08,August,BE,Belgium,2005,,10541,,,,,
dataflow,ESTAT:DEMO_FMONTH(1.0),Live births (total) by month,A,Annual,NR,Number,M08,August,BE,Belgium,2010,,11352,,,,,
dataflow,ESTAT:DEMO_FMONTH(1.0),Live births (total) by month,A,Annual,NR,Number,M08,August,BE,Belgium,2015,,10604,,,,,
dataflow,ESTAT:DEMO_FMONTH(1.0),Live births (total) by month,A,Annual,NR,Number,M08,August,BE,Belgium,2020,,9812,,,,,
dataflow,ESTAT:DEMO_FMONTH(1.0),Live births (total) by month,A,Annual,NR,Number,M08,August,BE,Belgium,2023,,9898,,,,,
dataflow,ESTAT:DEMO_FMONTH(1.0),Live births (total) by month,A,Annual,NR,Number,M08,August,BG,Bulgaria,1995,,6443,,,,,
dataflow,ESTAT:DEMO_FMONTH(1.0),Live births (total) by month,A,Annual,NR,Number,M08,August,BG,Bulgaria,2000,,6529,,,,,
dataflow,ESTAT:DEMO_FMONTH(1.0),Live births (total) by month,A,Annual,NR,Number,M08,August,BG,Bulgaria,2005,,6400,,,,,
dataflow,ESTAT:DEMO_FMONTH(1.0),Live births (total) by month,A,Annual,NR,Number,M08,August,BG,Bulgaria,2010,,6463,,,,,
dataflow,ESTAT:DEMO_FMONTH(1.0),Live births (total) by month,A,Annual,NR,Number,M08,August,BG,Bulgaria,2015,,5601,,,,,
dataflow,ESTAT:DEMO_FMONTH(1.0),Live births (total) by month,A,Annual,NR,Number,M08,August,BG,Bulgaria,2020,,5092,,,,,
dataflow,ESTAT:DEMO_FMONTH(1.0),Live births (total) by month,A,Annual,NR,Number,M08,August,BG,Bulgaria,2023,,5024,,,,,
dataflow,ESTAT:DEMO_FMONTH(1.0),Live births (total) by month,A,Annual,NR,Number,M08,August,BY,Belarus,2005,,8227,,,,,
dataflow,ESTAT:DEMO_FMONTH(1.0),Live births (total) by month,A,Annual,NR,Number,M08,August,BY,Belarus,2015,,10577,,,,,
dataflow,ESTAT:DEMO_FMONTH(1.0),Live births (total) by month,A,Annual,NR,Number,M08,August,CH,Switzerland,1980,,5920,,,,,
dataflow,ESTAT:DEMO_FMONTH(1.0),Live births (total) by month,A,Annual,NR,Number,M08,August,CH,Switzerland,1985,,6199,,,,,
dataflow,ESTAT:DEMO_FMONTH(1.0),Live births (total) by month,A,Annual,NR,Number,M08,August,CH,Switzerland,1990,,7067,,,,,
dataflow,ESTAT:DEMO_FMONTH(1.0),Live births (total) by month,A,Annual,NR,Number,M08,August,CH,Switzerland,1995,,6988,,,,,
dataflow,ESTAT:DEMO_FMONTH(1.0),Live births (total) by month,A,Annual,NR,Number,M08,August,CH,Switzerland,2000,,6725,,,,,
dataflow,ESTAT:DEMO_FMONTH(1.0),Live births (total) by month,A,Annual,NR,Number,M08,August,CH,Switzerland,2005,,6330,,,,,
dataflow,ESTAT:DEMO_FMONTH(1.0),Live births (total) by month,A,Annual,NR,Number,M08,August,CH,Switzerland,2010,,6843,,,,,
dataflow,ESTAT:DEMO_FMONTH(1.0),Live births (total) by month,A,Annual,NR,Number,M08,August,CH,Switzerland,2015,,7506,,,,,
dataflow,ESTAT:DEMO_FMONTH(1.0),Live births (total) by month,A,Annual,NR,Number,M08,August,CH,Switzerland,2020,,7375,,,,,
dataflow,ESTAT:DEMO_FMONTH(1.0),Live births (total) by month,A,Annual,NR,Number,M08,August,CH,Switzerland,2023,,6901,,,,,
dataflow,ESTAT:DEMO_FMONTH(1.0),Live births (total) by month,A,Annual,NR,Number,M08,August,CY,Cyprus,1995,,894,,,,,
dataflow,ESTAT:DEMO_FMONTH(1.0),Live births (total) by month,A,Annual,NR,Number,M08,August,CY,Cyprus,2000,,760,,,,,
dataflow,ESTAT:DEMO_FMONTH(1.0),Live births (total) by month,A,Annual,NR,Number,M08,August,CY,Cyprus,2005,,745,,,,,
dataflow,ESTAT:DEMO_FMONTH(1.0),Live births (total) by month,A,Annual,NR,Number,M08,August,CY,Cyprus,2010,,843,,,,,
dataflow,ESTAT:DEMO_FMONTH(1.0),Live births (total) by month,A,Annual,NR,Number,M08,August,CY,Cyprus,2015,,822,,,,,
dataflow,ESTAT:DEMO_FMONTH(1.0),Live births (total) by month,A,Annual,NR,Number,M08,August,CY,Cyprus,2020,,924,,,,,
dataflow,ESTAT:DEMO_FMONTH(1.0),Live births (total) by month,A,Annual,NR,Number,M08,August,CY,Cyprus,2023,,885,,,,,
dataflow,ESTAT:DEMO_FMONTH(1.0),Live births (total) by month,A,Annual,NR,Number,M08,August,CZ,Czechia,1990,,11237,,,,,
dataflow,ESTAT:DEMO_FMONTH(1.0),Live births (total) by month,A,Annual,NR,Number,M08,August,CZ,Czechia,1995,,8168,,,,,
dataflow,ESTAT:DEMO_FMONTH(1.0),Live births (total) by month,A,Annual,NR,Number,M08,August,CZ,Czechia,2000,,7797,,,,,
dataflow,ESTAT:DEMO_FMONTH(1.0),Live births (total) by month,A,Annual,NR,Number,M08,August,CZ,Czechia,2005,,9015,,,,,
dataflow,ESTAT:DEMO_FMONTH(1.0),Live births (total) by month,A,Annual,NR,Number,M08,August,CZ,Czechia,2010,,9894,,,,,
dataflow,ESTAT:DEMO_FMONTH(1.0),Live births (total) by month,A,Annual,NR,Number,M08,August,CZ,Czechia,2015,,9645,,,,,
dataflow,ESTAT:DEMO_FMONTH(1.0),Live births (total) by month,A,Annual,NR,Number,M08,August,CZ,Czechia,2020,,9872,,,,,
dataflow,ESTAT:DEMO_FMONTH(1.0),Live births (total) by month,A,Annual,NR,Number,M08,August,CZ,Czechia,2023,,8218,,,,,
dataflow,ESTAT:DEMO_FMONTH(1.0),Live births (total) by month,A,Annual,NR,Number,M08,August,DE,Germany,1980,,53004,,,,,
dataflow,ESTAT:DEMO_FMONTH(1.0),Live births (total) by month,A,Annual,NR,Number,M08,August,DE,Germany,1985,,50524,,,,,
dataflow,ESTAT:DEMO_FMONTH(1.0),Live births (total) by month,A,Annual,NR,Number,M08,August,DE,Germany,1990,,67653,,,,,
dataflow,ESTAT:DEMO_FMONTH(1.0),Live births (total) by month,A,Annual,NR,Number,M08,August,DE,Germany,1995,,68629,,,,,
dataflow,ESTAT:DEMO_FMONTH(1.0),Live births (total) by month,A,Annual,NR,Number,M08,August,DE,Germany,2000,,68256,,,,,
dataflow,ESTAT:DEMO_FMONTH(1.0),Live births (total) by month,A,Annual,NR,Number,M08,August,DE,Germany,2005,,61476,,,,,
dataflow,ESTAT:DEMO_FMONTH(1.0),Live births (total) by month,A,Annual,NR,Number,M08,August,DE,Germany,2010,,59845,,,,,
dataflow,ESTAT:DEMO_FMONTH(1.0),Live births (total) by month,A,Annual,NR,Number,M08,August,DE,Germany,2015,,67661,,,,,
dataflow,ESTAT:DEMO_FMONTH(1.0),Live births (total) by month,A,Annual,NR,Number,M08,August,DE,Germany,2020,,69692,,,,,
dataflow,ESTAT:DEMO_FMONTH(1.0),Live births (total) by month,A,Annual,NR,Number,M08,August,DE,Germany,2023,,61475,,,,,
dataflow,ESTAT:DEMO_FMONTH(1.0),Live births (total) by month,A,Annual,NR,Number,M08,August,DE_TOT,Germany including former GDR,1980,,73147,,,,,
dataflow,ESTAT:DEMO_FMONTH(1.0),Live births (total) by month,A,Annual,NR,Number,M08,August,DE_TOT,Germany including former GDR,1985,,69628,,,,,
dataflow,ESTAT:DEMO_FMONTH(1.0),Live births (total) by month,A,Annual,NR,Number,M08,August,DE_TOT,Germany including former GDR,1990,,81563,,,,,
dataflow,ESTAT:DEMO_FMONTH(1.0),Live births (total) by month,A,Annual,NR,Number,M08,August,DE_TOT,Germany including former GDR,1995,,68629,,,,,
dataflow,ESTAT:DEMO_FMONTH(1.0),Live births (total) by month,A,Annual,NR,Number,M08,August,DE_TOT,Germany including former GDR,2000,,68256,,,,,
dataflow,ESTAT:DEMO_FMONTH(1.0),Live births (total) by month,A,Annual,NR,Number,M08,August,DE_TOT,Germany including former GDR,2005,,61476,,,,,
dataflow,ESTAT:DEMO_FMONTH(1.0),Live births (total) by month,A,Annual,NR,Number,M08,August,DE_TOT,Germany including former GDR,2010,,59845,,,,,
dataflow,ESTAT:DEMO_FMONTH(1.0),Live births (total) by month,A,Annual,NR,Number,M08,August,DE_TOT,Germany including former GDR,2015,,67661,,,,,
dataflow,ESTAT:DEMO_FMONTH(1.0),Live births (total) by month,A,Annual,NR,Number,M08,August,DE_TOT,Germany including former GDR,2020,,69692,,,,,
dataflow,ESTAT:DEMO_FMONTH(1.0),Live births (total) by month,A,Annual,NR,Number,M08,August,DE_TOT,Germany including former GDR,2023,,61475,,,,,
dataflow,ESTAT:DEMO_FMONTH(1.0),Live births (total) by month,A,Annual,NR,Number,M08,August,DK,Denmark,1980,,4805,,,,,
dataflow,ESTAT:DEMO_FMONTH(1.0),Live births (total) by month,A,Annual,NR,Number,M08,August,DK,Denmark,1985,,4754,,,,,
dataflow,ESTAT:DEMO_FMONTH(1.0),Live births (total) by month,A,Annual,NR,Number,M08,August,DK,Denmark,1990,,5552,,,,,
dataflow,ESTAT:DEMO_FMONTH(1.0),Live births (total) by month,A,Annual,NR,Number,M08,August,DK,Denmark,1995,,6300,,,,,
dataflow,ESTAT:DEMO_FMONTH(1.0),Live births (total) by month,A,Annual,NR,Number,M08,August,DK,Denmark,2000,,5882,,,,,
dataflow,ESTAT:DEMO_FMONTH(1.0),Live births (total) by month,A,Annual,NR,Number,M08,August,DK,Denmark,2005,,5822,,,,,
dataflow,ESTAT:DEMO_FMONTH(1.0),Live births (total) by month,A,Annual,NR,Number,M08,August,DK,Denmark,2010,,5572,,,,,
dataflow,ESTAT:DEMO_FMONTH(1.0),Live births (total) by month,A,Annual,NR,Number,M08,August,DK,Denmark,2015,,5400,,,,,
dataflow,ESTAT:DEMO_FMONTH(1.0),Live births (total) by month,A,Annual,NR,Number,M08,August,DK,Denmark,2020,,5680,,,,,
dataflow,ESTAT:DEMO_FMONTH(1.0),Live births (total) by month,A,Annual,NR,Number,M08,August,DK,Denmark,2023,,5126,,,,,
dataflow,ESTAT:DEMO_FMONTH(1.0),Live births (total) by month,A,Annual,NR,Number,M08,August,EE,Estonia,1980,,1740,,,,,
dataflow,ESTAT:DEMO_FMONTH(1.0),Live births (total) by month,A,Annual,NR,Number,M08,August,EE,Estonia,1985,,2014,,,,,
dataflow,ESTAT:DEMO_FMONTH(1.0),Live births (total) by month,A,Annual,NR,Number,M08,August,EE,Estonia,1990,,1778,,,,,
dataflow,ESTAT:DEMO_FMONTH(1.0),Live births (total) by month,A,Annual,NR,Number,M08,August,EE,Estonia,1995,,1151,,,,,
dataflow,ESTAT:DEMO_FMONTH(1.0),Live births (total) by month,A,Annual,NR,Number,M08,August,EE,Estonia,2000,,1099,,,,,
dataflow,ESTAT:DEMO_FMONTH(1.0),Live births (total) by month,A,Annual,NR,Number,M08,August,EE,Estonia,2005,,1247,,,,,
dataflow,ESTAT:DEMO_FMONTH(1.0),Live births (total) by month,A,Annual,NR,Number,M08,August,EE,Estonia,2010,,1379,,,,,
dataflow,ESTAT:DEMO_FMONTH(1.0),Live births (total) by month,A,Annual,NR,Number,M08,August,EE,Estonia,2015,,1144,,,,,
dataflow,ESTAT:DEMO_FMONTH(1.0),Live births (total) by month,A,Annual,NR,Number,M08,August,EE,Estonia,2020,,1170,,,,,
dataflow,ESTAT:DEMO_FMONTH(1.0),Live births (total) by month,A,Annual,NR,Number,M08,August,EE,Estonia,2023,,991,,,,,
dataflow,ESTAT:DEMO_FMONTH(1.0),Live births (total) by month,A,Annual,NR,Number,M08,August,EL,Greece,1980,,12504,,,,,
dataflow,ESTAT:DEMO_FMONTH(1.0),Live births (total) by month,A,Annual,NR,Number,M08,August,EL,Greece,1985,,9994,,,,,
dataflow,ESTAT:DEMO_FMONTH(1.0),Live births (total) by month,A,Annual,NR,Number,M08,August,EL,Greece,1990,,8789,,,,,
dataflow,ESTAT:DEMO_FMONTH(1.0),Live births (total) by month,A,Annual,NR,Number,M08,August,EL,Greece,1995,,8918,,,,,
dataflow,ESTAT:DEMO_FMONTH(1.0),Live births (total) by month,A,Annual,NR,Number,M08,August,EL,Greece,2000,,9412,,,,,
dataflow,ESTAT:DEMO_FMONTH(1.0),Live births (total) by month,A,Annual,NR,Number,M08,August,EL,Greece,2005,,9156,,,,,
dataflow,ESTAT:DEMO_FMONTH(1.0),Live births (total) by month,A,Annual,NR,Number,M08,August,EL,Greece,2010,,9647,,,,,
dataflow,ESTAT:DEMO_FMONTH(1.0),Live births (total) by month,A,Annual,NR,Number,M08,August,EL,Greece,2015,,8013,,,,,
dataflow,ESTAT:DEMO_FMONTH(1.0),Live births (total) by month,A,Annual,NR,Number,M08,August,EL,Greece,2020,,6962,,,,,
dataflow,ESTAT:DEMO_FMONTH(1.0),Live births (total) by month,A,Annual,NR,Number,M08,August,EL,Greece,2023,,6182,,,,,
dataflow,ESTAT:DEMO_FMONTH(1.0),Live births (total) by month,A,Annual,NR,Number,M08,August,ES,Spain,1980,,48274,,,,,
dataflow,ESTAT:DEMO_FMONTH(1.0),Live births (total) by month,A,Annual,NR,Number,M08,August,ES,Spain,1985,,37677,,,,,
dataflow,ESTAT:DEMO_FMONTH(1.0),Live births (total) by month,A,Annual,NR,Number,M08,August,ES,Spain,1990,,34426,,,,,
dataflow,ESTAT:DEMO_FMONTH(1.0),Live births (total) by month,A,Annual,NR,Number,M08,August,ES,Spain,1995,,30651,,,,,
dataflow,ESTAT:DEMO_FMONTH(1.0),Live births (total) by month,A,Annual,NR,Number,M08,August,ES,Spain,2000,,33666,,,,,
dataflow,ESTAT:DEMO_FMONTH(1.0),Live births (total) by month,A,Annual,NR,Number,M08,August,ES,Spain,2005,,40110,,,,,
dataflow,ESTAT:DEMO_FMONTH(1.0),Live births (total) by month,A,Annual,NR,Number,M08,August,ES,Spain,2010,,40794,,,,,
dataflow,ESTAT:DEMO_FMONTH(1.0),Live births (total) by month,A,Annual,NR,Number,M08,August,ES,Spain,2015,,35333,,,,,
dataflow,ESTAT:DEMO_FMONTH(1.0),Live births (total) by month,A,Annual,NR,Number,M08,August,ES,Spain,2020,,29607,,,,,
dataflow,ESTAT:DEMO_FMONTH(1.0),Live births (total) by month,A,Annual,NR,Number,M08,August,ES,Spain,2023,,27733,,,,,
dataflow,ESTAT:DEMO_FMONTH(1.0),Live births (total) by month,A,Annual,NR,Number,M08,August,FI,Finland,1980,,5330,,,,,
dataflow,ESTAT:DEMO_FMONTH(1.0),Live births (total) by month,A,Annual,NR,Number,M08,August,FI,Finland,1985,,5237,,,,,
dataflow,ESTAT:DEMO_FMONTH(1.0),Live births (total) by month,A,Annual,NR,Number,M08,August,FI,Finland,1990,,5617,,,,,
dataflow,ESTAT:DEMO_FMONTH(1.0),Live births (total) by month,A,Annual,NR,Number,M08,August,FI,Finland,1995,,5327,,,,,
dataflow,ESTAT:DEMO_FMONTH(1.0),Live births (total) by month,A,Annual,NR,Number,M08,August,FI,Finland,2000,,4853,,,,,
dataflow,ESTAT:DEMO_FMONTH(1.0),Live births (total) by month,A,Annual,NR,Number,M08,August,FI,Finland,2005,,5151,,,,,
dataflow,ESTAT:DEMO_FMONTH(1.0),Live births (total) by month,A,Annual,NR,Number,M08,August,FI,Finland,2010,,5272,,,,,
dataflow,ESTAT:DEMO_FMONTH(1.0),Live births (total) by month,A,Annual,NR,Number,M08,August,FI,Finland,2015,,4882,,,,,
dataflow,ESTAT:DEMO_FMONTH(1.0),Live births (total) by month,A,Annual,NR,Number,M08,August,FI,Finland,2020,,4193,,,,,
dataflow,ESTAT:DEMO_FMONTH(1.0),Live births (total) by month,A,Annual,NR,Number,M08,August,FI,Finland,2023,,3839,,,,,
dataflow,ESTAT:DEMO_FMONTH(1.0),Live births (total) by month,A,Annual,NR,Number,M08,August,FR,France,1995,,64940,,,,,
dataflow,ESTAT:DEMO_FMONTH(1.0),Live births (total) by month,A,Annual,NR,Number,M08,August,FR,France,2000,,69520,,,,,
dataflow,ESTAT:DEMO_FMONTH(1.0),Live births (total) by month,A,Annual,NR,Number,M08,August,FR,France,2005,,69769,,,,,
dataflow,ESTAT:DEMO_FMONTH(1.0),Live births (total) by month,A,Annual,NR,Number,M08,August,FR,France,2010,,71465,,,,,
dataflow,ESTAT:DEMO_FMONTH(1.0),Live births (total) by month,A,Annual,NR,Number,M08,August,FR,France,2015,,68980,,,,,
dataflow,ESTAT:DEMO_FMONTH(1.0),Live births (total) by month,A,Annual,NR,Number,M08,August,FR,France,2020,,63588,,,,,
dataflow,ESTAT:DEMO_FMONTH(1.0),Live births (total) by month,A,Annual,NR,Number,M08,August,FR,France,2023,,58911,,,,,
dataflow,ESTAT:DEMO_FMONTH(1.0),Live births (total) by month,A,Annual,NR,Number,M08,August,FX,Metropolitan France,1980,,67362,,,,,
dataflow,ESTAT:DEMO_FMONTH(1.0),Live births (total) by month,A,Annual,NR,Number,M08,August,FX,Metropolitan France,1985,,63905,,,,,
dataflow,ESTAT:DEMO_FMONTH(1.0),Live births (total) by month,A,Annual,NR,Number,M08,August,FX,Metropolitan France,1990,,64823,,,,,
dataflow,ESTAT:DEMO_FMONTH(1.0),Live births (total) by month,A,Annual,NR,Number,M08,August,FX,Metropolitan France,1995,,62474,,,,,
dataflow,ESTAT:DEMO_FMONTH(1.0),Live births (total) by month,A,Annual,NR,Number,M08,August,FX,Metropolitan France,2000,,66778,,,,,
dataflow,ESTAT:DEMO_FMONTH(1.0),Live births (total) by month,A,Annual,NR,Number,M08,August,FX,Metropolitan France,2005,,67070,,,,,
dataflow,ESTAT:DEMO_FMONTH(1.0),Live births (total) by month,A,Annual,NR,Number,M08,August,FX,Metropolitan France,2010,,68783,,,,,
dataflow,ESTAT:DEMO_FMONTH(1.0),Live births (total) by month,A,Annual,NR,Number,M08,August,GE,Georgia,2005,,4038,,,,,
dataflow,ESTAT:DEMO_FMONTH(1.0),Live births (total) by month,A,Annual,NR,Number,M08,August,GE,Georgia,2010,,5504,,,,,
dataflow,ESTAT:DEMO_FMONTH(1.0),Live births (total) by month,A,Annual,NR,Number,M08,August,GE,Georgia,2015,,5635,,,,,
dataflow,ESTAT:DEMO_FMONTH(1.0),Live births (total) by month,A,Annual,NR,Number,M08,August,GE,Georgia,2020,,4178,,,,,
dataflow,ESTAT:DEMO_FMONTH(1.0),Live births (total) by month,A,Annual,NR,Number,M08,August,GE,Georgia,2023,,3528,,,,,
dataflow,ESTAT:DEMO_FMONTH(1.0),Live births (total) by month,A,Annual,NR,Number,M08,August,HR,Croatia,1995,,4296,,,,,
dataflow,ESTAT:DEMO_FMONTH(1.0),Live births (total) by month,A,Annual,NR,Number,M08,August,HR,Croatia,2000,,3739,,,,,
dataflow,ESTAT:DEMO_FMONTH(1.0),Live births (total) by month,A,Annual,NR,Number,M08,August,HR,Croatia,2005,,3550,,,,,
dataflow,ESTAT:DEMO_FMONTH(1.0),Live births (total) by month,A,Annual,NR,Number,M08,August,HR,Croatia,2010,,3568,,,,,
dataflow,ESTAT:DEMO_FMONTH(1.0),Live births (total) by month,A,Annual,NR,Number,M08,August,HR,Croatia,2015,,3226,,,,,
dataflow,ESTAT:DEMO_FMONTH(1.0),Live births (total) by month,A,Annual,NR,Number,M08,August,HR,Croatia,2020,,3173,,,,,
dataflow,ESTAT:DEMO_FMONTH(1.0),Live births (total) by month,A,Annual,NR,Number,M08,August,HR,Croatia,2023,,2830,,,,,
dataflow,ESTAT:DEMO_FMONTH(1.0),Live births (total) by month,A,Annual,NR,Number,M08,August,HU,Hungary,1995,,10147,,,,,
dataflow,ESTAT:DEMO_FMONTH(1.0),Live births (total) by month,A,Annual,NR,Number,M08,August,HU,Hungary,2000,,8523,,,,,
dataflow,ESTAT:DEMO_FMONTH(1.0),Live births (total) by month,A,Annual,NR,Number,M08,August,HU,Hungary,2005,,8466,,,,,
dataflow,ESTAT:DEMO_FMONTH(1.0),Live births (total) by month,A,Annual,NR,Number,M08,August,HU,Hungary,2010,,7473,,,,,
dataflow,ESTAT:DEMO_FMONTH(1.0),Live births (total) by month,A,Annual,NR,Number,M08,August,HU,Hungary,2015,,7948,,,,,
dataflow,ESTAT:DEMO_FMONTH(1.0),Live births (total) by month,A,Annual,NR,Number,M08,August,HU,Hungary,2020,,8270,,,,,
dataflow,ESTAT:DEMO_FMONTH(1.0),Live births (total) by month,A,Annual,NR,Number,M08,August,HU,Hungary,2023,,7924,,,,,
dataflow,ESTAT:DEMO_FMONTH(1.0),Live births (total) by month,A,Annual,NR,Number,M08,August,IE,Ireland,1980,,6060,,,,,
dataflow,ESTAT:DEMO_FMONTH(1.0),Live births (total) by month,A,Annual,NR,Number,M08,August,IE,Ireland,1985,,5126,,,,,
dataflow,ESTAT:DEMO_FMONTH(1.0),Live births (total) by month,A,Annual,NR,Number,M08,August,IE,Ireland,1990,,4392,,,,,
dataflow,ESTAT:DEMO_FMONTH(1.0),Live births (total) by month,A,Annual,NR,Number,M08,August,IE,Ireland,1995,,4121,,,,,
dataflow,ESTAT:DEMO_FMONTH(1.0),Live births (total) by month,A,Annual,NR,Number,M08,August,IE,Ireland,2000,,4652,,,,,
dataflow,ESTAT:DEMO_FMONTH(1.0),Live births (total) by month,A,Annual,NR,Number,M08,August,IE,Ireland,2005,,5328,,,,,
dataflow,ESTAT:DEMO_FMONTH(1.0),Live births (total) by month,A,Annual,NR,Number,M08,August,IE,Ireland,2010,,6162,,,,,
dataflow,ESTAT:DEMO_FMONTH(1.0),Live births (total) by month,A,Annual,NR,Number,M08,August,IE,Ireland,2015,,5466,,,,,
dataflow,ESTAT:DEMO_FMONTH(1.0),Live births (total) by month,A,Annual,NR,Number,M08,August,IE,Ireland,2020,,4786,,,,,
dataflow,ESTAT:DEMO_FMONTH(1.0),Live births (total) by month,A,Annual,NR,Number,M08,August,IE,Ireland,2023,,4742,,,,,
dataflow,ESTAT:DEMO_FMONTH(1.0),Live births (total) by month,A,Annual,NR,Number,M08,August,IS,Iceland,1980,,362,,,,,
dataflow,ESTAT:DEMO_FMONTH(1.0),Live births (total) by month,A,Annual,NR,Number,M08,August,IS,Iceland,1985,,309,,,,,
dataflow,ESTAT:DEMO_FMONTH(1.0),Live births (total) by month,A,Annual,NR,Number,M08,August,IS,Iceland,1990,,440,,,,,
dataflow,ESTAT:DEMO_FMONTH(1.0),Live births (total) by month,A,Annual,NR,Number,M08,August,IS,Iceland,1995,,363,,,,,
dataflow,ESTAT:DEMO_FMONTH(1.0),Live births (total) by month,A,Annual,NR,Number,M08,August,IS,Iceland,2000,,361,,,,,
dataflow,ESTAT:DEMO_FMONTH(1.0),Live births (total) by month,A,Annual,NR,Number,M08,August,IS,Iceland,2005,,395,,,,,
dataflow,ESTAT:DEMO_FMONTH(1.0),Live births (total) by month,A,Annual,NR,Number,M08,August,IS,Iceland,2010,,394,,,,,
dataflow,ESTAT:DEMO_FMONTH(1.0),Live births (total) by month,A,Annual,NR,Number,M08,August,IS,Iceland,2015,,359,,,,,
dataflow,ESTAT:DEMO_FMONTH(1.0),Live births (total) by month,A,Annual,NR,Number,M08,August,IS,Iceland,2020,,422,,,,,
dataflow,ESTAT:DEMO_FMONTH(1.0),Live births (total) by month,A,Annual,NR,Number,M08,August,IS,Iceland,2023,,417,,,,,
dataflow,ESTAT:DEMO_FMONTH(1.0),Live births (total) by month,A,Annual,NR,Number,M08,August,IT,Italy,1980,,55133,,,,,
dataflow,ESTAT:DEMO_FMONTH(1.0),Live births (total) by month,A,Annual,NR,Number,M08,August,IT,Italy,1985,,48924,,,,,
dataflow,ESTAT:DEMO_FMONTH(1.0),Live births (total) by month,A,Annual,NR,Number,M08,August,IT,Italy,1990,,50807,,,,,
dataflow,ESTAT:DEMO_FMONTH(1.0),Live births (total) by month,A,Annual,NR,Number,M08,August,IT,Italy,1995,,46507,,,,,
dataflow,ESTAT:DEMO_FMONTH(1.0),Live births (total) by month,A,Annual,NR,Number,M08,August,IT,Italy,2000,,47454,,,,,
dataflow,ESTAT:DEMO_FMONTH(1.0),Live births (total) by month,A,Annual,NR,Number,M08,August,IT,Italy,2005,,47751,,,,,
dataflow,ESTAT:DEMO_FMONTH(1.0),Live births (total) by month,A,Annual,NR,Number,M08,August,IT,Italy,2010,,48783,,,,,
dataflow,ESTAT:DEMO_FMONTH(1.0),Live births (total) by month,A,Annual,NR,Number,M08,August,IT,Italy,2015,,40299,,,,,
dataflow,ESTAT:DEMO_FMONTH(1.0),Live births (total) by month,A,Annual,NR,Number,M08,August,IT,Italy,2020,,35540,,,,,
dataflow,ESTAT:DEMO_FMONTH(1.0),Live births (total) by month,A,Annual,NR,Number,M08,August,IT,Italy,2023,,33919,,,,,
dataflow,ESTAT:DEMO_FMONTH(1.0),Live births (total) by month,A,Annual,NR,Number,M08,August,LI,Liechtenstein,1980,,25,,,,,
dataflow,ESTAT:DEMO_FMONTH(1.0),Live births (total) by month,A,Annual,NR,Number,M08,August,LI,Liechtenstein,1985,,33,,,,,
dataflow,ESTAT:DEMO_FMONTH(1.0),Live births (total) by month,A,Annual,NR,Number,M08,August,LI,Liechtenstein,1990,,32,,,,,
dataflow,ESTAT:DEMO_FMONTH(1.0),Live births (total) by month,A,Annual,NR,Number,M08,August,LI,Liechtenstein,1995,,44,,,,,
dataflow,ESTAT:DEMO_FMONTH(1.0),Live births (total) by month,A,Annual,NR,Number,M08,August,LI,Liechtenstein,2000,,29,,,,,
dataflow,ESTAT:DEMO_FMONTH(1.0),Live births (total) by month,A,Annual,NR,Number,M08,August,LI,Liechtenstein,2005,,33,,,,,
dataflow,ESTAT:DEMO_FMONTH(1.0),Live births (total) by month,A,Annual,NR,Number,M08,August,LI,Liechtenstein,2010,,23,,,,,
dataflow,ESTAT:DEMO_FMONTH(1.0),Live births (total) by month,A,Annual,NR,Number,M08,August,LI,Liechtenstein,2015,,25,,,,,
dataflow,ESTAT:DEMO_FMONTH(1.0),Live births (total) by month,A,Annual,NR,Number,M08,August,LI,Liechtenstein,2020,,38,,,,,
dataflow,ESTAT:DEMO_FMONTH(1.0),Live births (total) by month,A,Annual,NR,Number,M08,August,LI,Liechtenstein,2023,,37,,,,,
dataflow,ESTAT:DEMO_FMONTH(1.0),Live births (total) by month,A,Annual,NR,Number,M08,August,LT,Lithuania,1995,,3466,,,,,
dataflow,ESTAT:DEMO_FMONTH(1.0),Live births (total) by month,A,Annual,NR,Number,M08,August,LT,Lithuania,2000,,2870,,,,,
dataflow,ESTAT:DEMO_FMONTH(1.0),Live births (total) by month,A,Annual,NR,Number,M08,August,LT,Lithuania,2005,,2596,,,,,
dataflow,ESTAT:DEMO_FMONTH(1.0),Live births (total) by month,A,Annual,NR,Number,M08,August,LT,Lithuania,2010,,2616,,,,,
dataflow,ESTAT:DEMO_FMONTH(1.0),Live births (total) by month,A,Annual,NR,Number,M08,August,LT,Lithuania,2015,,2793,,,,,
dataflow,ESTAT:DEMO_FMONTH(1.0),Live births (total) by month,A,Annual,NR,Number,M08,August,LT,Lithuania,2020,,2210,,,,,
dataflow,ESTAT:DEMO_FMONTH(1.0),Live births (total) by month,A,Annual,NR,Number,M08,August,LT,Lithuania,2023,,1837,,,,,
dataflow,ESTAT:DEMO_FMONTH(1.0),Live births (total) by month,A,Annual,NR,Number,M08,August,LU,Luxembourg,1980,,360,,,,,
dataflow,ESTAT:DEMO_FMONTH(1.0),Live births (total) by month,A,Annual,NR,Number,M08,August,LU,Luxembourg,1985,,344,,,,,
dataflow,ESTAT:DEMO_FMONTH(1.0),Live births (total) by month,A,Annual,NR,Number,M08,August,LU,Luxembourg,1990,,406,,,,,
dataflow,ESTAT:DEMO_FMONTH(1.0),Live births (total) by month,A,Annual,NR,Number,M08,August,LU,Luxembourg,1995,,433,,,,,
dataflow,ESTAT:DEMO_FMONTH(1.0),Live births (total) by month,A,Annual,NR,Number,M08,August,LU,Luxembourg,2000,,501,,,,,
dataflow,ESTAT:DEMO_FMONTH(1.0),Live births (total) by month,A,Annual,NR,Number,M08,August,LU,Luxembourg,2005,,419,,,,,
dataflow,ESTAT:DEMO_FMONTH(1.0),Live births (total) by month,A,Annual,NR,Number,M08,August,LU,Luxembourg,2010,,524,,,,,
dataflow,ESTAT:DEMO_FMONTH(1.0),Live births (total) by month,A,Annual,NR,Number,M08,August,LU,Luxembourg,2015,,493,,,,,
dataflow,ESTAT:DEMO_FMONTH(1.0),Live births (total) by month,A,Annual,NR,Number,M08,August,LU,Luxembourg,2020,,561,,,,,
dataflow,ESTAT:DEMO_FMONTH(1.0),Live births (total) by month,A,Annual,NR,Number,M08,August,LU,Luxembourg,2023,,523,,,,,
dataflow,ESTAT:DEMO_FMONTH(1.0),Live births (total) by month,A,Annual,NR,Number,M08,August,LV,Latvia,2000,,1700,,,,,
dataflow,ESTAT:DEMO_FMONTH(1.0),Live births (total) by month,A,Annual,NR,Number,M08,August,LV,Latvia,2005,,1973,,,,,
dataflow,ESTAT:DEMO_FMONTH(1.0),Live births (total) by month,A,Annual,NR,Number,M08,August,LV,Latvia,2010,,1673,,,,,
dataflow,ESTAT:DEMO_FMONTH(1.0),Live births (total) by month,A,Annual,NR,Number,M08,August,LV,Latvia,2015,,1952,,,,,
dataflow,ESTAT:DEMO_FMONTH(1.0),Live births (total) by month,A,Annual,NR,Number,M08,August,LV,Latvia,2020,,1550,,,,,
dataflow,ESTAT:DEMO_FMONTH(1.0),Live births (total) by month,A,Annual,NR,Number,M08,August,LV,Latvia,2023,,1291,,,,,
dataflow,ESTAT:DEMO_FMONTH(1.0),Live births (total) by month,A,Annual,NR,Number,M08,August,MC,Monaco,2005,,69,,,,,
dataflow,ESTAT:DEMO_FMONTH(1.0),Live births (total) by month,A,Annual,NR,Number,M08,August,MC,Monaco,2023,,19,,,,,
dataflow,ESTAT:DEMO_FMONTH(1.0),Live births (total) by month,A,Annual,NR,Number,M08,August,MD,Moldova,2005,,3235,,,,,
dataflow,ESTAT:DEMO_FMONTH(1.0),Live births (total) by month,A,Annual,NR,Number,M08,August,MD,Moldova,2010,,3177,,,,,
dataflow,ESTAT:DEMO_FMONTH(1.0),Live births (total) by month,A,Annual,NR,Number,M08,August,MD,Moldova,2015,,3674,,,,,
dataflow,ESTAT:DEMO_FMONTH(1.0),Live births (total) by month,A,Annual,NR,Number,M08,August,MD,Moldova,2020,,2699,,,,,
dataflow,ESTAT:DEMO_FMONTH(1.0),Live births (total) by month,A,Annual,NR,Number,M08,August,MD,Moldova,2023,,2086,,,,,
dataflow,ESTAT:DEMO_FMONTH(1.0),Live births (total) by month,A,Annual,NR,Number,M08,August,ME,Montenegro,2005,,635,,,,,
dataflow,ESTAT:DEMO_FMONTH(1.0),Live births (total) by month,A,Annual,NR,Number,M08,August,ME,Montenegro,2010,,717,,,,,
dataflow,ESTAT:DEMO_FMONTH(1.0),Live births (total) by month,A,Annual,NR,Number,M08,August,ME,Montenegro,2015,,646,,,,,
dataflow,ESTAT:DEMO_FMONTH(1.0),Live births (total) by month,A,Annual,NR,Number,M08,August,ME,Montenegro,2020,,587,,,,,
dataflow,ESTAT:DEMO_FMONTH(1.0),Live births (total) by month,A,Annual,NR,Number,M08,August,ME,Montenegro,2023,,619,,,,,
dataflow,ESTAT:DEMO_FMONTH(1.0),Live births (total) by month,A,Annual,NR,Number,M08,August,MK,North Macedonia,1995,,2857,,,,,
dataflow,ESTAT:DEMO_FMONTH(1.0),Live births (total) by month,A,Annual,NR,Number,M08,August,MK,North Macedonia,2000,,2581,,,,,
dataflow,ESTAT:DEMO_FMONTH(1.0),Live births (total) by month,A,Annual,NR,Number,M08,August,MK,North Macedonia,2005,,2017,,,,,
dataflow,ESTAT:DEMO_FMONTH(1.0),Live births (total) by month,A,Annual,NR,Number,M08,August,MK,North Macedonia,2010,,2213,,,,,
dataflow,ESTAT:DEMO_FMONTH(1.0),Live births (total) by month,A,Annual,NR,Number,M08,August,MK,North Macedonia,2015,,2032,,,,,
dataflow,ESTAT:DEMO_FMONTH(1.0),Live births (total) by month,A,Annual,NR,Number,M08,August,MK,North Macedonia,2020,,1649,,,,,
dataflow,ESTAT:DEMO_FMONTH(1.0),Live births (total) by month,A,Annual,NR,Number,M08,August,MK,North Macedonia,2023,,1558,,,,,
dataflow,ESTAT:DEMO_FMONTH(1.0),Live births (total) by month,A,Annual,NR,Number,M08,August,MT,Malta,1995,,331,,,,,
dataflow,ESTAT:DEMO_FMONTH(1.0),Live births (total) by month,A,Annual,NR,Number,M08,August,MT,Malta,2000,,386,,,,,
dataflow,ESTAT:DEMO_FMONTH(1.0),Live births (total) by month,A,Annual,NR,Number,M08,August,MT,Malta,2005,,318,,,,,
dataflow,ESTAT:DEMO_FMONTH(1.0),Live births (total) by month,A,Annual,NR,Number,M08,August,MT,Malta,2010,,338,,,,,
dataflow,ESTAT:DEMO_FMONTH(1.0),Live births (total) by month,A,Annual,NR,Number,M08,August,MT,Malta,2015,,360,,,,,
dataflow,ESTAT:DEMO_FMONTH(1.0),Live births (total) by month,A,Annual,NR,Number,M08,August,MT,Malta,2020,,412,,,,,
dataflow,ESTAT:DEMO_FMONTH(1.0),Live births (total) by month,A,Annual,NR,Number,M08,August,MT,Malta,2023,,384,,,,,
dataflow,ESTAT:DEMO_FMONTH(1.0),Live births (total) by month,A,Annual,NR,Number,M08,August,NL,Netherlands,1980,,15832,,,,,
dataflow,ESTAT:DEMO_FMONTH(1.0),Live births (total) by month,A,Annual,NR,Number,M08,August,NL,Netherlands,1985,,15411,,,,,
dataflow,ESTAT:DEMO_FMONTH(1.0),Live births (total) by month,A,Annual,NR,Number,M08,August,NL,Netherlands,1990,,17408,,,,,
dataflow,ESTAT:DEMO_FMONTH(1.0),Live births (total) by month,A,Annual,NR,Number,M08,August,NL,Netherlands,1995,,16491,,,,,
dataflow,ESTAT:DEMO_FMONTH(1.0),Live births (total) by month,A,Annual,NR,Number,M08,August,NL,Netherlands,2000,,18315,,,,,
dataflow,ESTAT:DEMO_FMONTH(1.0),Live births (total) by month,A,Annual,NR,Number,M08,August,NL,Netherlands,2005,,16701,,,,,
dataflow,ESTAT:DEMO_FMONTH(1.0),Live births (total) by month,A,Annual,NR,Number,M08,August,NL,Netherlands,2010,,16116,,,,,
dataflow,ESTAT:DEMO_FMONTH(1.0),Live births (total) by month,A,Annual,NR,Number,M08,August,NL,Netherlands,2015,,15353,,,,,
dataflow,ESTAT:DEMO_FMONTH(1.0),Live births (total) by month,A,Annual,NR,Number,M08,August,NL,Netherlands,2020,,15110,,,,,
dataflow,ESTAT:DEMO_FMONTH(1.0),Live births (total) by month,A,Annual,NR,Number,M08,August,NL,Netherlands,2023,,14810,,,,,
dataflow,ESTAT:DEMO_FMONTH(1.0),Live births (total) by month,A,Annual,NR,Number,M08,August,NO,Norway,1980,,4129,,,,,
dataflow,ESTAT:DEMO_FMONTH(1.0),Live births (total) by month,A,Annual,NR,Number,M08,August,NO,Norway,1985,,4232,,,,,
dataflow,ESTAT:DEMO_FMONTH(1.0),Live births (total) by month,A,Annual,NR,Number,M08,August,NO,Norway,1990,,5174,,,,,
dataflow,ESTAT:DEMO_FMONTH(1.0),Live births (total) by month,A,Annual,NR,Number,M08,August,NO,Norway,1995,,5143,,,,,
dataflow,ESTAT:DEMO_FMONTH(1.0),Live births (total) by month,A,Annual,NR,Number,M08,August,NO,Norway,2000,,5118,,,,,
dataflow,ESTAT:DEMO_FMONTH(1.0),Live births (total) by month,A,Annual,NR,Number,M08,August,NO,Norway,2005,,4993,,,,,
dataflow,ESTAT:DEMO_FMONTH(1.0),Live births (total) by month,A,Annual,NR,Number,M08,August,NO,Norway,2010,,5357,,,,,
dataflow,ESTAT:DEMO_FMONTH(1.0),Live births (total) by month,A,Annual,NR,Number,M08,August,NO,Norway,2015,,5304,,,,,
dataflow,ESTAT:DEMO_FMONTH(1.0),Live births (total) by month,A,Annual,NR,Number,M08,August,NO,Norway,2020,,4776,,,,,
dataflow,ESTAT:DEMO_FMONTH(1.0),Live births (total) by month,A,Annual,NR,Number,M08,August,NO,Norway,2023,,4716,,,,,
dataflow,ESTAT:DEMO_FMONTH(1.0),Live births (total) by month,A,Annual,NR,Number,M08,August,PL,Poland,1995,,37799,,,,,
dataflow,ESTAT:DEMO_FMONTH(1.0),Live births (total) by month,A,Annual,NR,Number,M08,August,PL,Poland,2000,,32932,,,,,
dataflow,ESTAT:DEMO_FMONTH(1.0),Live births (total) by month,A,Annual,NR,Number,M08,August,PL,Poland,2005,,31583,,,,,
dataflow,ESTAT:DEMO_FMONTH(1.0),Live births (total) by month,A,Annual,NR,Number,M08,August,PL,Poland,2010,,34861,,,,,
dataflow,ESTAT:DEMO_FMONTH(1.0),Live births (total) by month,A,Annual,NR,Number,M08,August,PL,Poland,2015,,31682,,,,,
dataflow,ESTAT:DEMO_FMONTH(1.0),Live births (total) by month,A,Annual,NR,Number,M08,August,PL,Poland,2020,,30973,,,,,
dataflow,ESTAT:DEMO_FMONTH(1.0),Live births (total) by month,A,Annual,NR,Number,M08,August,PL,Poland,2023,,24107,,,,,
dataflow,ESTAT:DEMO_FMONTH(1.0),Live births (total) by month,A,Annual,NR,Number,M08,August,PT,Portugal,1980,,13651,,,,,
dataflow,ESTAT:DEMO_FMONTH(1.0),Live births (total) by month,A,Annual,NR,Number,M08,August,PT,Portugal,1985,,10937,,,,,
dataflow,ESTAT:DEMO_FMONTH(1.0),Live births (total) by month,A,Annual,NR,Number,M08,August,PT,Portugal,1990,,9960,,,,,
dataflow,ESTAT:DEMO_FMONTH(1.0),Live births (total) by month,A,Annual,NR,Number,M08,August,PT,Portugal,1995,,8936,,,,,
dataflow,ESTAT:DEMO_FMONTH(1.0),Live births (total) by month,A,Annual,NR,Number,M08,August,PT,Portugal,2000,,10545,,,,,
dataflow,ESTAT:DEMO_FMONTH(1.0),Live births (total) by month,A,Annual,NR,Number,M08,August,PT,Portugal,2005,,9798,,,,,
dataflow,ESTAT:DEMO_FMONTH(1.0),Live births (total) by month,A,Annual,NR,Number,M08,August,PT,Portugal,2010,,8590,,,,,
dataflow,ESTAT:DEMO_FMONTH(1.0),Live births (total) by month,A,Annual,NR,Number,M08,August,PT,Portugal,2015,,7390,,,,,
dataflow,ESTAT:DEMO_FMONTH(1.0),Live births (total) by month,A,Annual,NR,Number,M08,August,PT,Portugal,2020,,7207,,,,,
dataflow,ESTAT:DEMO_FMONTH(1.0),Live births (total) by month,A,Annual,NR,Number,M08,August,PT,Portugal,2023,,7284,,,,,
dataflow,ESTAT:DEMO_FMONTH(1.0),Live births (total) by month,A,Annual,NR,Number,M08,August,RO,Romania,1995,,20812,,,,,
dataflow,ESTAT:DEMO_FMONTH(1.0),Live births (total) by month,A,Annual,NR,Number,M08,August,RO,Romania,2000,,20518,,,,,
dataflow,ESTAT:DEMO_FMONTH(1.0),Live births (total) by month,A,Annual,NR,Number,M08,August,RO,Romania,2005,,19320,,,,,
dataflow,ESTAT:DEMO_FMONTH(1.0),Live births (total) by month,A,Annual,NR,Number,M08,August,RO,Romania,2010,,18286,,,,,
dataflow,ESTAT:DEMO_FMONTH(1.0),Live births (total) by month,A,Annual,NR,Number,M08,August,RO,Romania,2015,,17499,,,,,
dataflow,ESTAT:DEMO_FMONTH(1.0),Live births (total) by month,A,Annual,NR,Number,M08,August,RO,Romania,2020,,17029,,,,,
dataflow,ESTAT:DEMO_FMONTH(1.0),Live births (total) by month,A,Annual,NR,Number,M08,August,RO,Romania,2023,,14274,,,,,
dataflow,ESTAT:DEMO_FMONTH(1.0),Live births (total) by month,A,Annual,NR,Number,M08,August,RS,Serbia,2000,,7166,,,,,
dataflow,ESTAT:DEMO_FMONTH(1.0),Live births (total) by month,A,Annual,NR,Number,M08,August,RS,Serbia,2005,,6472,,,,,
dataflow,ESTAT:DEMO_FMONTH(1.0),Live births (total) by month,A,Annual,NR,Number,M08,August,RS,Serbia,2010,,6119,,,,,
dataflow,ESTAT:DEMO_FMONTH(1.0),Live births (total) by month,A,Annual,NR,Number,M08,August,RS,Serbia,2015,,5657,,,,,
dataflow,ESTAT:DEMO_FMONTH(1.0),Live births (total) by month,A,Annual,NR,Number,M08,August,RS,Serbia,2020,,5507,,,,,
dataflow,ESTAT:DEMO_FMONTH(1.0),Live births (total) by month,A,Annual,NR,Number,M08,August,RS,Serbia,2023,,5594,,,,,
dataflow,ESTAT:DEMO_FMONTH(1.0),Live births (total) by month,A,Annual,NR,Number,M08,August,RU,Russia,2005,,127219,,,,,
dataflow,ESTAT:DEMO_FMONTH(1.0),Live births (total) by month,A,Annual,NR,Number,M08,August,RU,Russia,2010,,155458,,,,,
dataflow,ESTAT:DEMO_FMONTH(1.0),Live births (total) by month,A,Annual,NR,Number,M08,August,SE,Sweden,1980,,7740,,,,,
dataflow,ESTAT:DEMO_FMONTH(1.0),Live births (total) by month,A,Annual,NR,Number,M08,August,SE,Sweden,1985,,8258,,,,,
dataflow,ESTAT:DEMO_FMONTH(1.0),Live births (total) by month,A,Annual,NR,Number,M08,August,SE,Sweden,1990,,10436,,,,,
dataflow,ESTAT:DEMO_FMONTH(1.0),Live births (total) by month,A,Annual,NR,Number,M08,August,SE,Sweden,1995,,8735,,,,,
dataflow,ESTAT:DEMO_FMONTH(1.0),Live births (total) by month,A,Annual,NR,Number,M08,August,SE,Sweden,2000,,7768,,,,,
dataflow,ESTAT:DEMO_FMONTH(1.0),Live births (total) by month,A,Annual,NR,Number,M08,August,SE,Sweden,2005,,8968,,,,,
dataflow,ESTAT:DEMO_FMONTH(1.0),Live births (total) by month,A,Annual,NR,Number,M08,August,SE,Sweden,2010,,9996,,,,,
dataflow,ESTAT:DEMO_FMONTH(1.0),Live births (total) by month,A,Annual,NR,Number,M08,August,SE,Sweden,2015,,9964,,,,,
dataflow,ESTAT:DEMO_FMONTH(1.0),Live births (total) by month,A,Annual,NR,Number,M08,August,SE,Sweden,2020,,9959,,,,,
dataflow,ESTAT:DEMO_FMONTH(1.0),Live births (total) by month,A,Annual,NR,Number,M08,August,SE,Sweden,2023,,8607,,,,,
dataflow,ESTAT:DEMO_FMONTH(1.0),Live births (total) by month,A,Annual,NR,Number,M08,August,SI,Slovenia,1995,,1559,,,,,
dataflow,ESTAT:DEMO_FMONTH(1.0),Live births (total) by month,A,Annual,NR,Number,M08,August,SI,Slovenia,2000,,1570,,,,,
dataflow,ESTAT:DEMO_FMONTH(1.0),Live births (total) by month,A,Annual,NR,Number,M08,August,SI,Slovenia,2005,,1560,,,,,
dataflow,ESTAT:DEMO_FMONTH(1.0),Live births (total) by month,A,Annual,NR,Number,M08,August,SI,Slovenia,2010,,1907,,,,,
dataflow,ESTAT:DEMO_FMONTH(1.0),Live births (total) by month,A,Annual,NR,Number,M08,August,SI,Slovenia,2015,,1820,,,,,
dataflow,ESTAT:DEMO_FMONTH(1.0),Live births (total) by month,A,Annual,NR,Number,M08,August,SI,Slovenia,2020,,1737,,,,,
dataflow,ESTAT:DEMO_FMONTH(1.0),Live births (total) by month,A,Annual,NR,Number,M08,August,SI,Slovenia,2023,,1554,,,,,
dataflow,ESTAT:DEMO_FMONTH(1.0),Live births (total) by month,A,Annual,NR,Number,M08,August,SK,Slovakia,2000,,4961,,,,,
dataflow,ESTAT:DEMO_FMONTH(1.0),Live births (total) by month,A,Annual,NR,Number,M08,August,SK,Slovakia,2005,,4688,,,,,
dataflow,ESTAT:DEMO_FMONTH(1.0),Live births (total) by month,A,Annual,NR,Number,M08,August,SK,Slovakia,2010,,5045,,,,,
dataflow,ESTAT:DEMO_FMONTH(1.0),Live births (total) by month,A,Annual,NR,Number,M08,August,SK,Slovakia,2015,,4903,,,,,
dataflow,ESTAT:DEMO_FMONTH(1.0),Live births (total) by month,A,Annual,NR,Number,M08,August,SK,Slovakia,2020,,5049,,,,,
dataflow,ESTAT:DEMO_FMONTH(1.0),Live births (total) by month,A,Annual,NR,Number,M08,August,SK,Slovakia,2023,,4444,,,,,
dataflow,ESTAT:DEMO_FMONTH(1.0),Live births (total) by month,A,Annual,NR,Number,M08,August,SM,San Marino,2005,,31,,,,,
dataflow,ESTAT:DEMO_FMONTH(1.0),Live births (total) by month,A,Annual,NR,Number,M08,August,TR,Türkiye,2010,,111187,,,,,
dataflow,ESTAT:DEMO_FMONTH(1.0),Live births (total) by month,A,Annual,NR,Number,M08,August,TR,Türkiye,2015,,122271,,,,,
dataflow,ESTAT:DEMO_FMONTH(1.0),Live births (total) by month,A,Annual,NR,Number,M08,August,TR,Türkiye,2020,,100212,,,,,
dataflow,ESTAT:DEMO_FMONTH(1.0),Live births (total) by month,A,Annual,NR,Number,M08,August,UA,Ukraine,2005,,38413,,,,,
dataflow,ESTAT:DEMO_FMONTH(1.0),Live births (total) by month,A,Annual,NR,Number,M08,August,UA,Ukraine,2010,,42836,,,,,
dataflow,ESTAT:DEMO_FMONTH(1.0),Live births (total) by month,A,Annual,NR,Number,M08,August,UA,Ukraine,2015,,34781,,,,,
dataflow,ESTAT:DEMO_FMONTH(1.0),Live births (total) by month,A,Annual,NR,Number,M08,August,UA,Ukraine,2020,,24387,,,,,
dataflow,ESTAT:DEMO_FMONTH(1.0),Live births (total) by month,A,Annual,NR,Number,M08,August,UK,United Kingdom,1980,,62945,,,,,
dataflow,ESTAT:DEMO_FMONTH(1.0),Live births (total) by month,A,Annual,NR,Number,M08,August,UK,United Kingdom,1985,,65311,,,,,
dataflow,ESTAT:DEMO_FMONTH(1.0),Live births (total) by month,A,Annual,NR,Number,M08,August,UK,United Kingdom,1990,,69203,,,,,
dataflow,ESTAT:DEMO_FMONTH(1.0),Live births (total) by month,A,Annual,NR,Number,M08,August,UK,United Kingdom,1995,,62879,,,,,
dataflow,ESTAT:DEMO_FMONTH(1.0),Live births (total) by month,A,Annual,NR,Number,M08,August,UK,United Kingdom,2000,,58381,,,,,
dataflow,ESTAT:DEMO_FMONTH(1.0),Live births (total) by month,A,Annual,NR,Number,M08,August,UK,United Kingdom,2005,,64394,,,,,
dataflow,ESTAT:DEMO_FMONTH(1.0),Live births (total) by month,A,Annual,NR,Number,M08,August,UK,United Kingdom,2010,,67765,,,,,
dataflow,ESTAT:DEMO_FMONTH(1.0),Live births (total) by month,A,Annual,NR,Number,M08,August,UK,United Kingdom,2015,,66074,,,,,
dataflow,ESTAT:DEMO_FMONTH(1.0),Live births (total) by month,A,Annual,NR,Number,M08,August,XK,Kosovo*,2005,,3487,,,,,
dataflow,ESTAT:DEMO_FMONTH(1.0),Live births (total) by month,A,Annual,NR,Number,M08,August,XK,Kosovo*,2015,,2067,,,,,
dataflow,ESTAT:DEMO_FMONTH(1.0),Live births (total) by month,A,Annual,NR,Number,M08,August,XK,Kosovo*,2020,,1833,,,,,
dataflow,ESTAT:DEMO_FMONTH(1.0),Live births (total) by month,A,Annual,NR,Number,M09,September,AD,Andorra,2005,,73,,,,,
dataflow,ESTAT:DEMO_FMONTH(1.0),Live births (total) by month,A,Annual,NR,Number,M09,September,AD,Andorra,2010,,67,,,,,
dataflow,ESTAT:DEMO_FMONTH(1.0),Live births (total) by month,A,Annual,NR,Number,M09,September,AL,Albania,2005,,4177,,,,,
dataflow,ESTAT:DEMO_FMONTH(1.0),Live births (total) by month,A,Annual,NR,Number,M09,September,AL,Albania,2015,,2996,,,,,
dataflow,ESTAT:DEMO_FMONTH(1.0),Live births (total) by month,A,Annual,NR,Number,M09,September,AL,Albania,2020,,2894,,,,,
dataflow,ESTAT:DEMO_FMONTH(1.0),Live births (total) by month,A,Annual,NR,Number,M09,September,AL,Albania,2023,,2259,,,,,
dataflow,ESTAT:DEMO_FMONTH(1.0),Live births (total) by month,A,Annual,NR,Number,M09,September,AM,Armenia,2005,,3537,,,,,
dataflow,ESTAT:DEMO_FMONTH(1.0),Live births (total) by month,A,Annual,NR,Number,M09,September,AM,Armenia,2015,,4300,,,,,
dataflow,ESTAT:DEMO_FMONTH(1.0),Live births (total) by month,A,Annual,NR,Number,M09,September,AM,Armenia,2020,,3700,,,,,
dataflow,ESTAT:DEMO_FMONTH(1.0),Live births (total) by month,A,Annual,NR,Number,M09,September,AM,Armenia,2023,,3331,,,,,
dataflow,ESTAT:DEMO_FMONTH(1.0),Live births (total) by month,A,Annual,NR,Number,M09,September,AT,Austria,1980,,7859,,,,,
dataflow,ESTAT:DEMO_FMONTH(1.0),Live births (total) by month,A,Annual,NR,Number,M09,September,AT,Austria,1985,,7394,,,,,
dataflow,ESTAT:DEMO_FMONTH(1.0),Live births (total) by month,A,Annual,NR,Number,M09,September,AT,Austria,1990,,7784,,,,,
dataflow,ESTAT:DEMO_FMONTH(1.0),Live births (total) by month,A,Annual,NR,Number,M09,September,AT,Austria,1995,,7576,,,,,
dataflow,ESTAT:DEMO_FMONTH(1.0),Live births (total) by month,A,Annual,NR,Number,M09,September,AT,Austria,2000,,6827,,,,,
dataflow,ESTAT:DEMO_FMONTH(1.0),Live births (total) by month,A,Annual,NR,Number,M09,September,AT,Austria,2005,,6847,,,,,
dataflow,ESTAT:DEMO_FMONTH(1.0),Live births (total) by month,A,Annual,NR,Number,M09,September,AT,Austria,2010,,6943,,,,,
dataflow,ESTAT:DEMO_FMONTH(1.0),Live births (total) by month,A,Annual,NR,Number,M09,September,AT,Austria,2015,,7439,,,,,
dataflow,ESTAT:DEMO_FMONTH(1.0),Live births (total) by month,A,Annual,NR,Number,M09,September,AT,Austria,2020,,7330,,,,,
dataflow,ESTAT:DEMO_FMONTH(1.0),Live births (total) by month,A,Annual,NR,Number,M09,September,AT,Austria,2023,,6463,,,,,
dataflow,ESTAT:DEMO_FMONTH(1.0),Live births (total) by month,A,Annual,NR,Number,M09,September,AZ,Azerbaijan,2005,,12546,,,,,
dataflow,ESTAT:DEMO_FMONTH(1.0),Live births (total) by month,A,Annual,NR,Number,M09,September,AZ,Azerbaijan,2010,,15696,,,,,
dataflow,ESTAT:DEMO_FMONTH(1.0),Live births (total) by month,A,Annual,NR,Number,M09,September,AZ,Azerbaijan,2015,,14301,,,,,
dataflow,ESTAT:DEMO_FMONTH(1.0),Live births (total) by month,A,Annual,NR,Number,M09,September,AZ,Azerbaijan,2020,,12616,,,,,
dataflow,ESTAT:DEMO_FMONTH(1.0),Live births (total) by month,A,Annual,NR,Number,M09,September,BA,Bosnia and Herzegovina,2005,,3079,,,,,
dataflow,ESTAT:DEMO_FMONTH(1.0),Live births (total) by month,A,Annual,NR,Number,M09,September,BA,Bosnia and Herzegovina,2010,,2940,,,,,
dataflow,ESTAT:DEMO_FMONTH(1.0),Live births (total) by month,A,Annual,NR,Number,M09,September,BE,Belgium,1980,,10472,,,,,
dataflow,ESTAT:DEMO_FMONTH(1.0),Live births (total) by month,A,Annual,NR,Number,M09,September,BE,Belgium,1985,,9618,,,,,
dataflow,ESTAT:DEMO_FMONTH(1.0),Live births (total) by month,A,Annual,NR,Number,M09,September,BE,Belgium,1990,,10222,,,,,
dataflow,ESTAT:DEMO_FMONTH(1.0),Live births (total) by month,A,Annual,NR,Number,M09,September,BE,Belgium,1995,,9867,,,,,
dataflow,ESTAT:DEMO_FMONTH(1.0),Live births (total) by month,A,Annual,NR,Number,M09,September,BE,Belgium,2000,,9563,,,,,
dataflow,ESTAT:DEMO_FMONTH(1.0),Live births (total) by month,A,Annual,NR,Number,M09,September,BE,Belgium,2005,,10208,,,,,
dataflow,ESTAT:DEMO_FMONTH(1.0),Live births (total) by month,A,Annual,NR,Number,M09,September,BE,Belgium,2010,,11240,,,,,
dataflow,ESTAT:DEMO_FMONTH(1.0),Live births (total) by month,A,Annual,NR,Number,M09,September,BE,Belgium,2015,,10448,,,,,
dataflow,ESTAT:DEMO_FMONTH(1.0),Live births (total) by month,A,Annual,NR,Number,M09,September,BE,Belgium,2020,,9749,,,,,
dataflow,ESTAT:DEMO_FMONTH(1.0),Live births (total) by month,A,Annual,NR,Number,M09,September,BE,Belgium,2023,,8958,,,,,
dataflow,ESTAT:DEMO_FMONTH(1.0),Live births (total) by month,A,Annual,NR,Number,M09,September,BG,Bulgaria,1995,,6205,,,,,
dataflow,ESTAT:DEMO_FMONTH(1.0),Live births (total) by month,A,Annual,NR,Number,M09,September,BG,Bulgaria,2000,,6248,,,,,
dataflow,ESTAT:DEMO_FMONTH(1.0),Live births (total) by month,A,Annual,NR,Number,M09,September,BG,Bulgaria,2005,,6165,,,,,
dataflow,ESTAT:DEMO_FMONTH(1.0),Live births (total) by month,A,Annual,NR,Number,M09,September,BG,Bulgaria,2010,,6418,,,,,
dataflow,ESTAT:DEMO_FMONTH(1.0),Live births (total) by month,A,Annual,NR,Number,M09,September,BG,Bulgaria,2015,,5805,,,,,
dataflow,ESTAT:DEMO_FMONTH(1.0),Live births (total) by month,A,Annual,NR,Number,M09,September,BG,Bulgaria,2020,,5102,,,,,
dataflow,ESTAT:DEMO_FMONTH(1.0),Live births (total) by month,A,Annual,NR,Number,M09,September,BG,Bulgaria,2023,,4717,,,,,
dataflow,ESTAT:DEMO_FMONTH(1.0),Live births (total) by month,A,Annual,NR,Number,M09,September,BY,Belarus,2005,,7867,,,,,
dataflow,ESTAT:DEMO_FMONTH(1.0),Live births (total) by month,A,Annual,NR,Number,M09,September,BY,Belarus,2015,,10427,,,,,
dataflow,ESTAT:DEMO_FMONTH(1.0),Live births (total) by month,A,Annual,NR,Number,M09,September,CH,Switzerland,1980,,6177,,,,,
dataflow,ESTAT:DEMO_FMONTH(1.0),Live births (total) by month,A,Annual,NR,Number,M09,September,CH,Switzerland,1985,,6288,,,,,
dataflow,ESTAT:DEMO_FMONTH(1.0),Live births (total) by month,A,Annual,NR,Number,M09,September,CH,Switzerland,1990,,7237,,,,,
dataflow,ESTAT:DEMO_FMONTH(1.0),Live births (total) by month,A,Annual,NR,Number,M09,September,CH,Switzerland,1995,,7148,,,,,
dataflow,ESTAT:DEMO_FMONTH(1.0),Live births (total) by month,A,Annual,NR,Number,M09,September,CH,Switzerland,2000,,6739,,,,,
dataflow,ESTAT:DEMO_FMONTH(1.0),Live births (total) by month,A,Annual,NR,Number,M09,September,CH,Switzerland,2005,,6354,,,,,
dataflow,ESTAT:DEMO_FMONTH(1.0),Live births (total) by month,A,Annual,NR,Number,M09,September,CH,Switzerland,2010,,7006,,,,,
dataflow,ESTAT:DEMO_FMONTH(1.0),Live births (total) by month,A,Annual,NR,Number,M09,September,CH,Switzerland,2015,,7826,,,,,
dataflow,ESTAT:DEMO_FMONTH(1.0),Live births (total) by month,A,Annual,NR,Number,M09,September,CH,Switzerland,2020,,7440,,,,,
dataflow,ESTAT:DEMO_FMONTH(1.0),Live births (total) by month,A,Annual,NR,Number,M09,September,CH,Switzerland,2023,,6736,,,,,
dataflow,ESTAT:DEMO_FMONTH(1.0),Live births (total) by month,A,Annual,NR,Number,M09,September,CY,Cyprus,1995,,952,,,,,
dataflow,ESTAT:DEMO_FMONTH(1.0),Live births (total) by month,A,Annual,NR,Number,M09,September,CY,Cyprus,2000,,737,,,,,
dataflow,ESTAT:DEMO_FMONTH(1.0),Live births (total) by month,A,Annual,NR,Number,M09,September,CY,Cyprus,2005,,795,,,,,
dataflow,ESTAT:DEMO_FMONTH(1.0),Live births (total) by month,A,Annual,NR,Number,M09,September,CY,Cyprus,2010,,965,,,,,
dataflow,ESTAT:DEMO_FMONTH(1.0),Live births (total) by month,A,Annual,NR,Number,M09,September,CY,Cyprus,2015,,916,,,,,
dataflow,ESTAT:DEMO_FMONTH(1.0),Live births (total) by month,A,Annual,NR,Number,M09,September,CY,Cyprus,2020,,934,,,,,
dataflow,ESTAT:DEMO_FMONTH(1.0),Live births (total) by month,A,Annual,NR,Number,M09,September,CY,Cyprus,2023,,900,,,,,
dataflow,ESTAT:DEMO_FMONTH(1.0),Live births (total) by month,A,Annual,NR,Number,M09,September,CZ,Czechia,1990,,10729,,,,,
dataflow,ESTAT:DEMO_FMONTH(1.0),Live births (total) by month,A,Annual,NR,Number,M09,September,CZ,Czechia,1995,,7722,,,,,
dataflow,ESTAT:DEMO_FMONTH(1.0),Live births (total) by month,A,Annual,NR,Number,M09,September,CZ,Czechia,2000,,7269,,,,,
dataflow,ESTAT:DEMO_FMONTH(1.0),Live births (total) by month,A,Annual,NR,Number,M09,September,CZ,Czechia,2005,,8801,,,,,
dataflow,ESTAT:DEMO_FMONTH(1.0),Live births (total) by month,A,Annual,NR,Number,M09,September,CZ,Czechia,2010,,9792,,,,,
dataflow,ESTAT:DEMO_FMONTH(1.0),Live births (total) by month,A,Annual,NR,Number,M09,September,CZ,Czechia,2015,,9535,,,,,
dataflow,ESTAT:DEMO_FMONTH(1.0),Live births (total) by month,A,Annual,NR,Number,M09,September,CZ,Czechia,2020,,9611,,,,,
dataflow,ESTAT:DEMO_FMONTH(1.0),Live births (total) by month,A,Annual,NR,Number,M09,September,CZ,Czechia,2023,,7419,,,,,
dataflow,ESTAT:DEMO_FMONTH(1.0),Live births (total) by month,A,Annual,NR,Number,M09,September,DE,Germany,1980,,52861,,,,,
dataflow,ESTAT:DEMO_FMONTH(1.0),Live births (total) by month,A,Annual,NR,Number,M09,September,DE,Germany,1985,,51370,,,,,
dataflow,ESTAT:DEMO_FMONTH(1.0),Live births (total) by month,A,Annual,NR,Number,M09,September,DE,Germany,1990,,63101,,,,,
dataflow,ESTAT:DEMO_FMONTH(1.0),Live births (total) by month,A,Annual,NR,Number,M09,September,DE,Germany,1995,,67345,,,,,
dataflow,ESTAT:DEMO_FMONTH(1.0),Live births (total) by month,A,Annual,NR,Number,M09,September,DE,Germany,2000,,66465,,,,,
dataflow,ESTAT:DEMO_FMONTH(1.0),Live births (total) by month,A,Annual,NR,Number,M09,September,DE,Germany,2005,,60670,,,,,
dataflow,ESTAT:DEMO_FMONTH(1.0),Live births (total) by month,A,Annual,NR,Number,M09,September,DE,Germany,2010,,61125,,,,,
dataflow,ESTAT:DEMO_FMONTH(1.0),Live births (total) by month,A,Annual,NR,Number,M09,September,DE,Germany,2015,,67578,,,,,
dataflow,ESTAT:DEMO_FMONTH(1.0),Live births (total) by month,A,Annual,NR,Number,M09,September,DE,Germany,2020,,69457,,,,,
dataflow,ESTAT:DEMO_FMONTH(1.0),Live births (total) by month,A,Annual,NR,Number,M09,September,DE,Germany,2023,,59233,,,,,
dataflow,ESTAT:DEMO_FMONTH(1.0),Live births (total) by month,A,Annual,NR,Number,M09,September,DE_TOT,Germany including former GDR,1980,,73439,,,,,
dataflow,ESTAT:DEMO_FMONTH(1.0),Live births (total) by month,A,Annual,NR,Number,M09,September,DE_TOT,Germany including former GDR,1985,,70834,,,,,
dataflow,ESTAT:DEMO_FMONTH(1.0),Live births (total) by month,A,Annual,NR,Number,M09,September,DE_TOT,Germany including former GDR,1990,,80349,,,,,
dataflow,ESTAT:DEMO_FMONTH(1.0),Live births (total) by month,A,Annual,NR,Number,M09,September,DE_TOT,Germany including former GDR,1995,,67345,,,,,
dataflow,ESTAT:DEMO_FMONTH(1.0),Live births (total) by month,A,Annual,NR,Number,M09,September,DE_TOT,Germany including former GDR,2000,,66465,,,,,
dataflow,ESTAT:DEMO_FMONTH(1.0),Live births (total) by month,A,Annual,NR,Number,M09,September,DE_TOT,Germany including former GDR,2005,,60670,,,,,
dataflow,ESTAT:DEMO_FMONTH(1.0),Live births (total) by month,A,Annual,NR,Number,M09,September,DE_TOT,Germany including former GDR,2010,,61125,,,,,
dataflow,ESTAT:DEMO_FMONTH(1.0),Live births (total) by month,A,Annual,NR,Number,M09,September,DE_TOT,Germany including former GDR,2015,,67578,,,,,
dataflow,ESTAT:DEMO_FMONTH(1.0),Live births (total) by month,A,Annual,NR,Number,M09,September,DE_TOT,Germany including former GDR,2020,,69457,,,,,
dataflow,ESTAT:DEMO_FMONTH(1.0),Live births (total) by month,A,Annual,NR,Number,M09,September,DE_TOT,Germany including former GDR,2023,,59233,,,,,
dataflow,ESTAT:DEMO_FMONTH(1.0),Live births (total) by month,A,Annual,NR,Number,M09,September,DK,Denmark,1980,,4685,,,,,
dataflow,ESTAT:DEMO_FMONTH(1.0),Live births (total) by month,A,Annual,NR,Number,M09,September,DK,Denmark,1985,,4631,,,,,
dataflow,ESTAT:DEMO_FMONTH(1.0),Live births (total) by month,A,Annual,NR,Number,M09,September,DK,Denmark,1990,,5509,,,,,
dataflow,ESTAT:DEMO_FMONTH(1.0),Live births (total) by month,A,Annual,NR,Number,M09,September,DK,Denmark,1995,,5958,,,,,
dataflow,ESTAT:DEMO_FMONTH(1.0),Live births (total) by month,A,Annual,NR,Number,M09,September,DK,Denmark,2000,,5689,,,,,
dataflow,ESTAT:DEMO_FMONTH(1.0),Live births (total) by month,A,Annual,NR,Number,M09,September,DK,Denmark,2005,,5570,,,,,
dataflow,ESTAT:DEMO_FMONTH(1.0),Live births (total) by month,A,Annual,NR,Number,M09,September,DK,Denmark,2010,,5572,,,,,
dataflow,ESTAT:DEMO_FMONTH(1.0),Live births (total) by month,A,Annual,NR,Number,M09,September,DK,Denmark,2015,,5268,,,,,
dataflow,ESTAT:DEMO_FMONTH(1.0),Live births (total) by month,A,Annual,NR,Number,M09,September,DK,Denmark,2020,,5196,,,,,
dataflow,ESTAT:DEMO_FMONTH(1.0),Live births (total) by month,A,Annual,NR,Number,M09,September,DK,Denmark,2023,,4924,,,,,
dataflow,ESTAT:DEMO_FMONTH(1.0),Live births (total) by month,A,Annual,NR,Number,M09,September,EE,Estonia,1980,,1749,,,,,
dataflow,ESTAT:DEMO_FMONTH(1.0),Live births (total) by month,A,Annual,NR,Number,M09,September,EE,Estonia,1985,,1886,,,,,
dataflow,ESTAT:DEMO_FMONTH(1.0),Live births (total) by month,A,Annual,NR,Number,M09,September,EE,Estonia,1990,,1804,,,,,
dataflow,ESTAT:DEMO_FMONTH(1.0),Live births (total) by month,A,Annual,NR,Number,M09,September,EE,Estonia,1995,,1123,,,,,
dataflow,ESTAT:DEMO_FMONTH(1.0),Live births (total) by month,A,Annual,NR,Number,M09,September,EE,Estonia,2000,,1026,,,,,
dataflow,ESTAT:DEMO_FMONTH(1.0),Live births (total) by month,A,Annual,NR,Number,M09,September,EE,Estonia,2005,,1256,,,,,
dataflow,ESTAT:DEMO_FMONTH(1.0),Live births (total) by month,A,Annual,NR,Number,M09,September,EE,Estonia,2010,,1287,,,,,
dataflow,ESTAT:DEMO_FMONTH(1.0),Live births (total) by month,A,Annual,NR,Number,M09,September,EE,Estonia,2015,,1311,,,,,
dataflow,ESTAT:DEMO_FMONTH(1.0),Live births (total) by month,A,Annual,NR,Number,M09,September,EE,Estonia,2020,,1193,,,,,
dataflow,ESTAT:DEMO_FMONTH(1.0),Live births (total) by month,A,Annual,NR,Number,M09,September,EE,Estonia,2023,,924,,,,,
dataflow,ESTAT:DEMO_FMONTH(1.0),Live births (total) by month,A,Annual,NR,Number,M09,September,EL,Greece,1980,,12715,,,,,
dataflow,ESTAT:DEMO_FMONTH(1.0),Live births (total) by month,A,Annual,NR,Number,M09,September,EL,Greece,1985,,9677,,,,,
dataflow,ESTAT:DEMO_FMONTH(1.0),Live births (total) by month,A,Annual,NR,Number,M09,September,EL,Greece,1990,,8477,,,,,
dataflow,ESTAT:DEMO_FMONTH(1.0),Live births (total) by month,A,Annual,NR,Number,M09,September,EL,Greece,1995,,9193,,,,,
dataflow,ESTAT:DEMO_FMONTH(1.0),Live births (total) by month,A,Annual,NR,Number,M09,September,EL,Greece,2000,,9138,,,,,
dataflow,ESTAT:DEMO_FMONTH(1.0),Live births (total) by month,A,Annual,NR,Number,M09,September,EL,Greece,2005,,9764,,,,,
dataflow,ESTAT:DEMO_FMONTH(1.0),Live births (total) by month,A,Annual,NR,Number,M09,September,EL,Greece,2010,,10260,,,,,
dataflow,ESTAT:DEMO_FMONTH(1.0),Live births (total) by month,A,Annual,NR,Number,M09,September,EL,Greece,2015,,8272,,,,,
dataflow,ESTAT:DEMO_FMONTH(1.0),Live births (total) by month,A,Annual,NR,Number,M09,September,EL,Greece,2020,,7834,,,,,
dataflow,ESTAT:DEMO_FMONTH(1.0),Live births (total) by month,A,Annual,NR,Number,M09,September,EL,Greece,2023,,6362,,,,,
dataflow,ESTAT:DEMO_FMONTH(1.0),Live births (total) by month,A,Annual,NR,Number,M09,September,ES,Spain,1980,,48524,,,,,
dataflow,ESTAT:DEMO_FMONTH(1.0),Live births (total) by month,A,Annual,NR,Number,M09,September,ES,Spain,1985,,38234,,,,,
dataflow,ESTAT:DEMO_FMONTH(1.0),Live births (total) by month,A,Annual,NR,Number,M09,September,ES,Spain,1990,,33542,,,,,
dataflow,ESTAT:DEMO_FMONTH(1.0),Live births (total) by month,A,Annual,NR,Number,M09,September,ES,Spain,1995,,30775,,,,,
dataflow,ESTAT:DEMO_FMONTH(1.0),Live births (total) by month,A,Annual,NR,Number,M09,September,ES,Spain,2000,,33758,,,,,
dataflow,ESTAT:DEMO_FMONTH(1.0),Live births (total) by month,A,Annual,NR,Number,M09,September,ES,Spain,2005,,40152,,,,,
dataflow,ESTAT:DEMO_FMONTH(1.0),Live births (total) by month,A,Annual,NR,Number,M09,September,ES,Spain,2010,,42559,,,,,
dataflow,ESTAT:DEMO_FMONTH(1.0),Live births (total) by month,A,Annual,NR,Number,M09,September,ES,Spain,2015,,36512,,,,,
dataflow,ESTAT:DEMO_FMONTH(1.0),Live births (total) by month,A,Annual,NR,Number,M09,September,ES,Spain,2020,,30288,,,,,
dataflow,ESTAT:DEMO_FMONTH(1.0),Live births (total) by month,A,Annual,NR,Number,M09,September,ES,Spain,2023,,27317,,,,,
dataflow,ESTAT:DEMO_FMONTH(1.0),Live births (total) by month,A,Annual,NR,Number,M09,September,FI,Finland,1980,,5283,,,,,
dataflow,ESTAT:DEMO_FMONTH(1.0),Live births (total) by month,A,Annual,NR,Number,M09,September,FI,Finland,1985,,5253,,,,,
dataflow,ESTAT:DEMO_FMONTH(1.0),Live births (total) by month,A,Annual,NR,Number,M09,September,FI,Finland,1990,,5590,,,,,
dataflow,ESTAT:DEMO_FMONTH(1.0),Live births (total) by month,A,Annual,NR,Number,M09,September,FI,Finland,1995,,5159,,,,,
dataflow,ESTAT:DEMO_FMONTH(1.0),Live births (total) by month,A,Annual,NR,Number,M09,September,FI,Finland,2000,,4693,,,,,
dataflow,ESTAT:DEMO_FMONTH(1.0),Live births (total) by month,A,Annual,NR,Number,M09,September,FI,Finland,2005,,4991,,,,,
dataflow,ESTAT:DEMO_FMONTH(1.0),Live births (total) by month,A,Annual,NR,Number,M09,September,FI,Finland,2010,,5280,,,,,
dataflow,ESTAT:DEMO_FMONTH(1.0),Live births (total) by month,A,Annual,NR,Number,M09,September,FI,Finland,2015,,4756,,,,,
dataflow,ESTAT:DEMO_FMONTH(1.0),Live births (total) by month,A,Annual,NR,Number,M09,September,FI,Finland,2020,,3955,,,,,
dataflow,ESTAT:DEMO_FMONTH(1.0),Live births (total) by month,A,Annual,NR,Number,M09,September,FI,Finland,2023,,3759,,,,,
dataflow,ESTAT:DEMO_FMONTH(1.0),Live births (total) by month,A,Annual,NR,Number,M09,September,FR,France,1995,,64248,,,,,
dataflow,ESTAT:DEMO_FMONTH(1.0),Live births (total) by month,A,Annual,NR,Number,M09,September,FR,France,2000,,67156,,,,,
dataflow,ESTAT:DEMO_FMONTH(1.0),Live births (total) by month,A,Annual,NR,Number,M09,September,FR,France,2005,,69324,,,,,
dataflow,ESTAT:DEMO_FMONTH(1.0),Live births (total) by month,A,Annual,NR,Number,M09,September,FR,France,2010,,70709,,,,,
dataflow,ESTAT:DEMO_FMONTH(1.0),Live births (total) by month,A,Annual,NR,Number,M09,September,FR,France,2015,,68675,,,,,
dataflow,ESTAT:DEMO_FMONTH(1.0),Live births (total) by month,A,Annual,NR,Number,M09,September,FR,France,2020,,62957,,,,,
dataflow,ESTAT:DEMO_FMONTH(1.0),Live births (total) by month,A,Annual,NR,Number,M09,September,FR,France,2023,,55583,,,,,
dataflow,ESTAT:DEMO_FMONTH(1.0),Live births (total) by month,A,Annual,NR,Number,M09,September,FX,Metropolitan France,1980,,65719,,,,,
dataflow,ESTAT:DEMO_FMONTH(1.0),Live births (total) by month,A,Annual,NR,Number,M09,September,FX,Metropolitan France,1985,,62793,,,,,
dataflow,ESTAT:DEMO_FMONTH(1.0),Live births (total) by month,A,Annual,NR,Number,M09,September,FX,Metropolitan France,1990,,61992,,,,,
dataflow,ESTAT:DEMO_FMONTH(1.0),Live births (total) by month,A,Annual,NR,Number,M09,September,FX,Metropolitan France,1995,,61638,,,,,
dataflow,ESTAT:DEMO_FMONTH(1.0),Live births (total) by month,A,Annual,NR,Number,M09,September,FX,Metropolitan France,2000,,64297,,,,,
dataflow,ESTAT:DEMO_FMONTH(1.0),Live births (total) by month,A,Annual,NR,Number,M09,September,FX,Metropolitan France,2005,,66424,,,,,
dataflow,ESTAT:DEMO_FMONTH(1.0),Live births (total) by month,A,Annual,NR,Number,M09,September,FX,Metropolitan France,2010,,67959,,,,,
dataflow,ESTAT:DEMO_FMONTH(1.0),Live births (total) by month,A,Annual,NR,Number,M09,September,GE,Georgia,2005,,4119,,,,,
dataflow,ESTAT:DEMO_FMONTH(1.0),Live births (total) by month,A,Annual,NR,Number,M09,September,GE,Georgia,2010,,5262,,,,,
dataflow,ESTAT:DEMO_FMONTH(1.0),Live births (total) by month,A,Annual,NR,Number,M09,September,GE,Georgia,2015,,5396,,,,,
dataflow,ESTAT:DEMO_FMONTH(1.0),Live births (total) by month,A,Annual,NR,Number,M09,September,GE,Georgia,2020,,4099,,,,,
dataflow,ESTAT:DEMO_FMONTH(1.0),Live births (total) by month,A,Annual,NR,Number,M09,September,GE,Georgia,2023,,3534,,,,,
dataflow,ESTAT:DEMO_FMONTH(1.0),Live births (total) by month,A,Annual,NR,Number,M09,September,HR,Croatia,1995,,4311,,,,,
dataflow,ESTAT:DEMO_FMONTH(1.0),Live births (total) by month,A,Annual,NR,Number,M09,September,HR,Croatia,2000,,3896,,,,,
dataflow,ESTAT:DEMO_FMONTH(1.0),Live births (total) by month,A,Annual,NR,Number,M09,September,HR,Croatia,2005,,3692,,,,,
dataflow,ESTAT:DEMO_FMONTH(1.0),Live births (total) by month,A,Annual,NR,Number,M09,September,HR,Croatia,2010,,3895,,,,,
dataflow,ESTAT:DEMO_FMONTH(1.0),Live births (total) by month,A,Annual,NR,Number,M09,September,HR,Croatia,2015,,3329,,,,,
dataflow,ESTAT:DEMO_FMONTH(1.0),Live births (total) by month,A,Annual,NR,Number,M09,September,HR,Croatia,2020,,3355,,,,,
dataflow,ESTAT:DEMO_FMONTH(1.0),Live births (total) by month,A,Annual,NR,Number,M09,September,HR,Croatia,2023,,2764,,,,,
dataflow,ESTAT:DEMO_FMONTH(1.0),Live births (total) by month,A,Annual,NR,Number,M09,September,HU,Hungary,1995,,10348,,,,,
dataflow,ESTAT:DEMO_FMONTH(1.0),Live births (total) by month,A,Annual,NR,Number,M09,September,HU,Hungary,2000,,8156,,,,,
dataflow,ESTAT:DEMO_FMONTH(1.0),Live births (total) by month,A,Annual,NR,Number,M09,September,HU,Hungary,2005,,8777,,,,,
dataflow,ESTAT:DEMO_FMONTH(1.0),Live births (total) by month,A,Annual,NR,Number,M09,September,HU,Hungary,2010,,7673,,,,,
dataflow,ESTAT:DEMO_FMONTH(1.0),Live births (total) by month,A,Annual,NR,Number,M09,September,HU,Hungary,2015,,8423,,,,,
dataflow,ESTAT:DEMO_FMONTH(1.0),Live births (total) by month,A,Annual,NR,Number,M09,September,HU,Hungary,2020,,8623,,,,,
dataflow,ESTAT:DEMO_FMONTH(1.0),Live births (total) by month,A,Annual,NR,Number,M09,September,HU,Hungary,2023,,7457,,,,,
dataflow,ESTAT:DEMO_FMONTH(1.0),Live births (total) by month,A,Annual,NR,Number,M09,September,IE,Ireland,1980,,6131,,,,,
dataflow,ESTAT:DEMO_FMONTH(1.0),Live births (total) by month,A,Annual,NR,Number,M09,September,IE,Ireland,1985,,5316,,,,,
dataflow,ESTAT:DEMO_FMONTH(1.0),Live births (total) by month,A,Annual,NR,Number,M09,September,IE,Ireland,1990,,4482,,,,,
dataflow,ESTAT:DEMO_FMONTH(1.0),Live births (total) by month,A,Annual,NR,Number,M09,September,IE,Ireland,1995,,4130,,,,,
dataflow,ESTAT:DEMO_FMONTH(1.0),Live births (total) by month,A,Annual,NR,Number,M09,September,IE,Ireland,2000,,4680,,,,,
dataflow,ESTAT:DEMO_FMONTH(1.0),Live births (total) by month,A,Annual,NR,Number,M09,September,IE,Ireland,2005,,5328,,,,,
dataflow,ESTAT:DEMO_FMONTH(1.0),Live births (total) by month,A,Annual,NR,Number,M09,September,IE,Ireland,2010,,6563,,,,,
dataflow,ESTAT:DEMO_FMONTH(1.0),Live births (total) by month,A,Annual,NR,Number,M09,September,IE,Ireland,2015,,5839,,,,,
dataflow,ESTAT:DEMO_FMONTH(1.0),Live births (total) by month,A,Annual,NR,Number,M09,September,IE,Ireland,2020,,4839,,,,,
dataflow,ESTAT:DEMO_FMONTH(1.0),Live births (total) by month,A,Annual,NR,Number,M09,September,IE,Ireland,2023,,4545,,,,,
dataflow,ESTAT:DEMO_FMONTH(1.0),Live births (total) by month,A,Annual,NR,Number,M09,September,IS,Iceland,1980,,377,,,,,
dataflow,ESTAT:DEMO_FMONTH(1.0),Live births (total) by month,A,Annual,NR,Number,M09,September,IS,Iceland,1985,,337,,,,,
dataflow,ESTAT:DEMO_FMONTH(1.0),Live births (total) by month,A,Annual,NR,Number,M09,September,IS,Iceland,1990,,415,,,,,
dataflow,ESTAT:DEMO_FMONTH(1.0),Live births (total) by month,A,Annual,NR,Number,M09,September,IS,Iceland,1995,,351,,,,,
dataflow,ESTAT:DEMO_FMONTH(1.0),Live births (total) by month,A,Annual,NR,Number,M09,September,IS,Iceland,2000,,379,,,,,
dataflow,ESTAT:DEMO_FMONTH(1.0),Live births (total) by month,A,Annual,NR,Number,M09,September,IS,Iceland,2005,,406,,,,,
dataflow,ESTAT:DEMO_FMONTH(1.0),Live births (total) by month,A,Annual,NR,Number,M09,September,IS,Iceland,2010,,472,,,,,
dataflow,ESTAT:DEMO_FMONTH(1.0),Live births (total) by month,A,Annual,NR,Number,M09,September,IS,Iceland,2015,,376,,,,,
dataflow,ESTAT:DEMO_FMONTH(1.0),Live births (total) by month,A,Annual,NR,Number,M09,September,IS,Iceland,2020,,437,,,,,
dataflow,ESTAT:DEMO_FMONTH(1.0),Live births (total) by month,A,Annual,NR,Number,M09,September,IS,Iceland,2023,,357,,,,,
dataflow,ESTAT:DEMO_FMONTH(1.0),Live births (total) by month,A,Annual,NR,Number,M09,September,IT,Italy,1980,,54584,,,,,
dataflow,ESTAT:DEMO_FMONTH(1.0),Live births (total) by month,A,Annual,NR,Number,M09,September,IT,Italy,1985,,47866,,,,,
dataflow,ESTAT:DEMO_FMONTH(1.0),Live births (total) by month,A,Annual,NR,Number,M09,September,IT,Italy,1990,,48207,,,,,
dataflow,ESTAT:DEMO_FMONTH(1.0),Live births (total) by month,A,Annual,NR,Number,M09,September,IT,Italy,1995,,47050,,,,,
dataflow,ESTAT:DEMO_FMONTH(1.0),Live births (total) by month,A,Annual,NR,Number,M09,September,IT,Italy,2000,,47732,,,,,
dataflow,ESTAT:DEMO_FMONTH(1.0),Live births (total) by month,A,Annual,NR,Number,M09,September,IT,Italy,2005,,50262,,,,,
dataflow,ESTAT:DEMO_FMONTH(1.0),Live births (total) by month,A,Annual,NR,Number,M09,September,IT,Italy,2010,,51482,,,,,
dataflow,ESTAT:DEMO_FMONTH(1.0),Live births (total) by month,A,Annual,NR,Number,M09,September,IT,Italy,2015,,43550,,,,,
dataflow,ESTAT:DEMO_FMONTH(1.0),Live births (total) by month,A,Annual,NR,Number,M09,September,IT,Italy,2020,,37919,,,,,
dataflow,ESTAT:DEMO_FMONTH(1.0),Live births (total) by month,A,Annual,NR,Number,M09,September,IT,Italy,2023,,33097,,,,,
dataflow,ESTAT:DEMO_FMONTH(1.0),Live births (total) by month,A,Annual,NR,Number,M09,September,LI,Liechtenstein,1980,,28,,,,,
dataflow,ESTAT:DEMO_FMONTH(1.0),Live births (total) by month,A,Annual,NR,Number,M09,September,LI,Liechtenstein,1985,,30,,,,,
dataflow,ESTAT:DEMO_FMONTH(1.0),Live births (total) by month,A,Annual,NR,Number,M09,September,LI,Liechtenstein,1990,,29,,,,,
dataflow,ESTAT:DEMO_FMONTH(1.0),Live births (total) by month,A,Annual,NR,Number,M09,September,LI,Liechtenstein,1995,,38,,,,,
dataflow,ESTAT:DEMO_FMONTH(1.0),Live births (total) by month,A,Annual,NR,Number,M09,September,LI,Liechtenstein,2000,,35,,,,,
dataflow,ESTAT:DEMO_FMONTH(1.0),Live births (total) by month,A,Annual,NR,Number,M09,September,LI,Liechtenstein,2005,,29,,,,,
dataflow,ESTAT:DEMO_FMONTH(1.0),Live births (total) by month,A,Annual,NR,Number,M09,September,LI,Liechtenstein,2010,,26,,,,,
dataflow,ESTAT:DEMO_FMONTH(1.0),Live births (total) by month,A,Annual,NR,Number,M09,September,LI,Liechtenstein,2015,,29,,,,,
dataflow,ESTAT:DEMO_FMONTH(1.0),Live births (total) by month,A,Annual,NR,Number,M09,September,LI,Liechtenstein,2020,,32,,,,,
dataflow,ESTAT:DEMO_FMONTH(1.0),Live births (total) by month,A,Annual,NR,Number,M09,September,LI,Liechtenstein,2023,,35,,,,,
dataflow,ESTAT:DEMO_FMONTH(1.0),Live births (total) by month,A,Annual,NR,Number,M09,September,LT,Lithuania,1995,,3271,,,,,
dataflow,ESTAT:DEMO_FMONTH(1.0),Live births (total) by month,A,Annual,NR,Number,M09,September,LT,Lithuania,2000,,2709,,,,,
dataflow,ESTAT:DEMO_FMONTH(1.0),Live births (total) by month,A,Annual,NR,Number,M09,September,LT,Lithuania,2005,,2541,,,,,
dataflow,ESTAT:DEMO_FMONTH(1.0),Live births (total) by month,A,Annual,NR,Number,M09,September,LT,Lithuania,2010,,2582,,,,,
dataflow,ESTAT:DEMO_FMONTH(1.0),Live births (total) by month,A,Annual,NR,Number,M09,September,LT,Lithuania,2015,,2710,,,,,
dataflow,ESTAT:DEMO_FMONTH(1.0),Live births (total) by month,A,Annual,NR,Number,M09,September,LT,Lithuania,2020,,2219,,,,,
dataflow,ESTAT:DEMO_FMONTH(1.0),Live births (total) by month,A,Annual,NR,Number,M09,September,LT,Lithuania,2023,,1705,,,,,
dataflow,ESTAT:DEMO_FMONTH(1.0),Live births (total) by month,A,Annual,NR,Number,M09,September,LU,Luxembourg,1980,,373,,,,,
dataflow,ESTAT:DEMO_FMONTH(1.0),Live births (total) by month,A,Annual,NR,Number,M09,September,LU,Luxembourg,1985,,294,,,,,
dataflow,ESTAT:DEMO_FMONTH(1.0),Live births (total) by month,A,Annual,NR,Number,M09,September,LU,Luxembourg,1990,,418,,,,,
dataflow,ESTAT:DEMO_FMONTH(1.0),Live births (total) by month,A,Annual,NR,Number,M09,September,LU,Luxembourg,1995,,460,,,,,
dataflow,ESTAT:DEMO_FMONTH(1.0),Live births (total) by month,A,Annual,NR,Number,M09,September,LU,Luxembourg,2000,,424,,,,,
dataflow,ESTAT:DEMO_FMONTH(1.0),Live births (total) by month,A,Annual,NR,Number,M09,September,LU,Luxembourg,2005,,452,,,,,
dataflow,ESTAT:DEMO_FMONTH(1.0),Live births (total) by month,A,Annual,NR,Number,M09,September,LU,Luxembourg,2010,,479,,,,,
dataflow,ESTAT:DEMO_FMONTH(1.0),Live births (total) by month,A,Annual,NR,Number,M09,September,LU,Luxembourg,2015,,542,,,,,
dataflow,ESTAT:DEMO_FMONTH(1.0),Live births (total) by month,A,Annual,NR,Number,M09,September,LU,Luxembourg,2020,,569,,,,,
dataflow,ESTAT:DEMO_FMONTH(1.0),Live births (total) by month,A,Annual,NR,Number,M09,September,LU,Luxembourg,2023,,532,,,,,
dataflow,ESTAT:DEMO_FMONTH(1.0),Live births (total) by month,A,Annual,NR,Number,M09,September,LV,Latvia,2000,,1588,,,,,
dataflow,ESTAT:DEMO_FMONTH(1.0),Live births (total) by month,A,Annual,NR,Number,M09,September,LV,Latvia,2005,,1822,,,,,
dataflow,ESTAT:DEMO_FMONTH(1.0),Live births (total) by month,A,Annual,NR,Number,M09,September,LV,Latvia,2010,,1663,,,,,
dataflow,ESTAT:DEMO_FMONTH(1.0),Live births (total) by month,A,Annual,NR,Number,M09,September,LV,Latvia,2015,,1859,,,,,
dataflow,ESTAT:DEMO_FMONTH(1.0),Live births (total) by month,A,Annual,NR,Number,M09,September,LV,Latvia,2020,,1494,,,,,
dataflow,ESTAT:DEMO_FMONTH(1.0),Live births (total) by month,A,Annual,NR,Number,M09,September,LV,Latvia,2023,,1203,,,,,
dataflow,ESTAT:DEMO_FMONTH(1.0),Live births (total) by month,A,Annual,NR,Number,M09,September,MC,Monaco,2005,,79,,,,,
dataflow,ESTAT:DEMO_FMONTH(1.0),Live births (total) by month,A,Annual,NR,Number,M09,September,MC,Monaco,2023,,26,,,,,
dataflow,ESTAT:DEMO_FMONTH(1.0),Live births (total) by month,A,Annual,NR,Number,M09,September,MD,Moldova,2005,,3347,,,,,
dataflow,ESTAT:DEMO_FMONTH(1.0),Live births (total) by month,A,Annual,NR,Number,M09,September,MD,Moldova,2010,,3734,,,,,
dataflow,ESTAT:DEMO_FMONTH(1.0),Live births (total) by month,A,Annual,NR,Number,M09,September,MD,Moldova,2015,,3706,,,,,
dataflow,ESTAT:DEMO_FMONTH(1.0),Live births (total) by month,A,Annual,NR,Number,M09,September,MD,Moldova,2020,,2840,,,,,
dataflow,ESTAT:DEMO_FMONTH(1.0),Live births (total) by month,A,Annual,NR,Number,M09,September,MD,Moldova,2023,,2262,,,,,
dataflow,ESTAT:DEMO_FMONTH(1.0),Live births (total) by month,A,Annual,NR,Number,M09,September,ME,Montenegro,2005,,620,,,,,
dataflow,ESTAT:DEMO_FMONTH(1.0),Live births (total) by month,A,Annual,NR,Number,M09,September,ME,Montenegro,2010,,596,,,,,
dataflow,ESTAT:DEMO_FMONTH(1.0),Live births (total) by month,A,Annual,NR,Number,M09,September,ME,Montenegro,2015,,603,,,,,
dataflow,ESTAT:DEMO_FMONTH(1.0),Live births (total) by month,A,Annual,NR,Number,M09,September,ME,Montenegro,2020,,636,,,,,
dataflow,ESTAT:DEMO_FMONTH(1.0),Live births (total) by month,A,Annual,NR,Number,M09,September,ME,Montenegro,2023,,570,,,,,
dataflow,ESTAT:DEMO_FMONTH(1.0),Live births (total) by month,A,Annual,NR,Number,M09,September,MK,North Macedonia,1995,,2942,,,,,
dataflow,ESTAT:DEMO_FMONTH(1.0),Live births (total) by month,A,Annual,NR,Number,M09,September,MK,North Macedonia,2000,,2625,,,,,
dataflow,ESTAT:DEMO_FMONTH(1.0),Live births (total) by month,A,Annual,NR,Number,M09,September,MK,North Macedonia,2005,,1954,,,,,
dataflow,ESTAT:DEMO_FMONTH(1.0),Live births (total) by month,A,Annual,NR,Number,M09,September,MK,North Macedonia,2010,,2146,,,,,
dataflow,ESTAT:DEMO_FMONTH(1.0),Live births (total) by month,A,Annual,NR,Number,M09,September,MK,North Macedonia,2015,,1941,,,,,
dataflow,ESTAT:DEMO_FMONTH(1.0),Live births (total) by month,A,Annual,NR,Number,M09,September,MK,North Macedonia,2020,,1780,,,,,
dataflow,ESTAT:DEMO_FMONTH(1.0),Live births (total) by month,A,Annual,NR,Number,M09,September,MK,North Macedonia,2023,,1450,,,,,
dataflow,ESTAT:DEMO_FMONTH(1.0),Live births (total) by month,A,Annual,NR,Number,M09,September,MT,Malta,1995,,415,,,,,
dataflow,ESTAT:DEMO_FMONTH(1.0),Live births (total) by month,A,Annual,NR,Number,M09,September,MT,Malta,2000,,363,,,,,
dataflow,ESTAT:DEMO_FMONTH(1.0),Live births (total) by month,A,Annual,NR,Number,M09,September,MT,Malta,2005,,331,,,,,
dataflow,ESTAT:DEMO_FMONTH(1.0),Live births (total) by month,A,Annual,NR,Number,M09,September,MT,Malta,2010,,364,,,,,
dataflow,ESTAT:DEMO_FMONTH(1.0),Live births (total) by month,A,Annual,NR,Number,M09,September,MT,Malta,2015,,350,,,,,
dataflow,ESTAT:DEMO_FMONTH(1.0),Live births (total) by month,A,Annual,NR,Number,M09,September,MT,Malta,2020,,381,,,,,
dataflow,ESTAT:DEMO_FMONTH(1.0),Live births (total) by month,A,Annual,NR,Number,M09,September,MT,Malta,2023,,359,,,,,
dataflow,ESTAT:DEMO_FMONTH(1.0),Live births (total) by month,A,Annual,NR,Number,M09,September,NL,Netherlands,1980,,15694,,,,,
dataflow,ESTAT:DEMO_FMONTH(1.0),Live births (total) by month,A,Annual,NR,Number,M09,September,NL,Netherlands,1985,,15260,,,,,
dataflow,ESTAT:DEMO_FMONTH(1.0),Live births (total) by month,A,Annual,NR,Number,M09,September,NL,Netherlands,1990,,16862,,,,,
dataflow,ESTAT:DEMO_FMONTH(1.0),Live births (total) by month,A,Annual,NR,Number,M09,September,NL,Netherlands,1995,,16222,,,,,
dataflow,ESTAT:DEMO_FMONTH(1.0),Live births (total) by month,A,Annual,NR,Number,M09,September,NL,Netherlands,2000,,17736,,,,,
dataflow,ESTAT:DEMO_FMONTH(1.0),Live births (total) by month,A,Annual,NR,Number,M09,September,NL,Netherlands,2005,,16194,,,,,
dataflow,ESTAT:DEMO_FMONTH(1.0),Live births (total) by month,A,Annual,NR,Number,M09,September,NL,Netherlands,2010,,16219,,,,,
dataflow,ESTAT:DEMO_FMONTH(1.0),Live births (total) by month,A,Annual,NR,Number,M09,September,NL,Netherlands,2015,,15330,,,,,
dataflow,ESTAT:DEMO_FMONTH(1.0),Live births (total) by month,A,Annual,NR,Number,M09,September,NL,Netherlands,2020,,14966,,,,,
dataflow,ESTAT:DEMO_FMONTH(1.0),Live births (total) by month,A,Annual,NR,Number,M09,September,NL,Netherlands,2023,,13933,,,,,
dataflow,ESTAT:DEMO_FMONTH(1.0),Live births (total) by month,A,Annual,NR,Number,M09,September,NO,Norway,1980,,4097,,,,,
dataflow,ESTAT:DEMO_FMONTH(1.0),Live births (total) by month,A,Annual,NR,Number,M09,September,NO,Norway,1985,,4054,,,,,
dataflow,ESTAT:DEMO_FMONTH(1.0),Live births (total) by month,A,Annual,NR,Number,M09,September,NO,Norway,1990,,4939,,,,,
dataflow,ESTAT:DEMO_FMONTH(1.0),Live births (total) by month,A,Annual,NR,Number,M09,September,NO,Norway,1995,,5030,,,,,
dataflow,ESTAT:DEMO_FMONTH(1.0),Live births (total) by month,A,Annual,NR,Number,M09,September,NO,Norway,2000,,4885,,,,,
dataflow,ESTAT:DEMO_FMONTH(1.0),Live births (total) by month,A,Annual,NR,Number,M09,September,NO,Norway,2005,,4852,,,,,
dataflow,ESTAT:DEMO_FMONTH(1.0),Live births (total) by month,A,Annual,NR,Number,M09,September,NO,Norway,2010,,5318,,,,,
dataflow,ESTAT:DEMO_FMONTH(1.0),Live births (total) by month,A,Annual,NR,Number,M09,September,NO,Norway,2015,,4951,,,,,
dataflow,ESTAT:DEMO_FMONTH(1.0),Live births (total) by month,A,Annual,NR,Number,M09,September,NO,Norway,2020,,4411,,,,,
dataflow,ESTAT:DEMO_FMONTH(1.0),Live births (total) by month,A,Annual,NR,Number,M09,September,NO,Norway,2023,,4441,,,,,
dataflow,ESTAT:DEMO_FMONTH(1.0),Live births (total) by month,A,Annual,NR,Number,M09,September,PL,Poland,1995,,37093,,,,,
dataflow,ESTAT:DEMO_FMONTH(1.0),Live births (total) by month,A,Annual,NR,Number,M09,September,PL,Poland,2000,,32626,,,,,
dataflow,ESTAT:DEMO_FMONTH(1.0),Live births (total) by month,A,Annual,NR,Number,M09,September,PL,Poland,2005,,31899,,,,,
dataflow,ESTAT:DEMO_FMONTH(1.0),Live births (total) by month,A,Annual,NR,Number,M09,September,PL,Poland,2010,,35455,,,,,
dataflow,ESTAT:DEMO_FMONTH(1.0),Live births (total) by month,A,Annual,NR,Number,M09,September,PL,Poland,2015,,33897,,,,,
dataflow,ESTAT:DEMO_FMONTH(1.0),Live births (total) by month,A,Annual,NR,Number,M09,September,PL,Poland,2020,,32357,,,,,
dataflow,ESTAT:DEMO_FMONTH(1.0),Live births (total) by month,A,Annual,NR,Number,M09,September,PL,Poland,2023,,22947,,,,,
dataflow,ESTAT:DEMO_FMONTH(1.0),Live births (total) by month,A,Annual,NR,Number,M09,September,PT,Portugal,1980,,12991,,,,,
dataflow,ESTAT:DEMO_FMONTH(1.0),Live births (total) by month,A,Annual,NR,Number,M09,September,PT,Portugal,1985,,11061,,,,,
dataflow,ESTAT:DEMO_FMONTH(1.0),Live births (total) by month,A,Annual,NR,Number,M09,September,PT,Portugal,1990,,9898,,,,,
dataflow,ESTAT:DEMO_FMONTH(1.0),Live births (total) by month,A,Annual,NR,Number,M09,September,PT,Portugal,1995,,9126,,,,,
dataflow,ESTAT:DEMO_FMONTH(1.0),Live births (total) by month,A,Annual,NR,Number,M09,September,PT,Portugal,2000,,10561,,,,,
dataflow,ESTAT:DEMO_FMONTH(1.0),Live births (total) by month,A,Annual,NR,Number,M09,September,PT,Portugal,2005,,10018,,,,,
dataflow,ESTAT:DEMO_FMONTH(1.0),Live births (total) by month,A,Annual,NR,Number,M09,September,PT,Portugal,2010,,9537,,,,,
dataflow,ESTAT:DEMO_FMONTH(1.0),Live births (total) by month,A,Annual,NR,Number,M09,September,PT,Portugal,2015,,8107,,,,,
dataflow,ESTAT:DEMO_FMONTH(1.0),Live births (total) by month,A,Annual,NR,Number,M09,September,PT,Portugal,2020,,7652,,,,,
dataflow,ESTAT:DEMO_FMONTH(1.0),Live births (total) by month,A,Annual,NR,Number,M09,September,PT,Portugal,2023,,7591,,,,,
dataflow,ESTAT:DEMO_FMONTH(1.0),Live births (total) by month,A,Annual,NR,Number,M09,September,RO,Romania,1995,,20161,,,,,
dataflow,ESTAT:DEMO_FMONTH(1.0),Live births (total) by month,A,Annual,NR,Number,M09,September,RO,Romania,2000,,20135,,,,,
dataflow,ESTAT:DEMO_FMONTH(1.0),Live births (total) by month,A,Annual,NR,Number,M09,September,RO,Romania,2005,,19521,,,,,
dataflow,ESTAT:DEMO_FMONTH(1.0),Live births (total) by month,A,Annual,NR,Number,M09,September,RO,Romania,2010,,18593,,,,,
dataflow,ESTAT:DEMO_FMONTH(1.0),Live births (total) by month,A,Annual,NR,Number,M09,September,RO,Romania,2015,,18724,,,,,
dataflow,ESTAT:DEMO_FMONTH(1.0),Live births (total) by month,A,Annual,NR,Number,M09,September,RO,Romania,2020,,18414,,,,,
dataflow,ESTAT:DEMO_FMONTH(1.0),Live births (total) by month,A,Annual,NR,Number,M09,September,RO,Romania,2023,,14201,,,,,
dataflow,ESTAT:DEMO_FMONTH(1.0),Live births (total) by month,A,Annual,NR,Number,M09,September,RS,Serbia,2000,,6425,,,,,
dataflow,ESTAT:DEMO_FMONTH(1.0),Live births (total) by month,A,Annual,NR,Number,M09,September,RS,Serbia,2005,,6286,,,,,
dataflow,ESTAT:DEMO_FMONTH(1.0),Live births (total) by month,A,Annual,NR,Number,M09,September,RS,Serbia,2010,,6055,,,,,
dataflow,ESTAT:DEMO_FMONTH(1.0),Live births (total) by month,A,Annual,NR,Number,M09,September,RS,Serbia,2015,,5991,,,,,
dataflow,ESTAT:DEMO_FMONTH(1.0),Live births (total) by month,A,Annual,NR,Number,M09,September,RS,Serbia,2020,,5701,,,,,
dataflow,ESTAT:DEMO_FMONTH(1.0),Live births (total) by month,A,Annual,NR,Number,M09,September,RS,Serbia,2023,,5263,,,,,
dataflow,ESTAT:DEMO_FMONTH(1.0),Live births (total) by month,A,Annual,NR,Number,M09,September,RU,Russia,2005,,122036,,,,,
dataflow,ESTAT:DEMO_FMONTH(1.0),Live births (total) by month,A,Annual,NR,Number,M09,September,RU,Russia,2010,,151442,,,,,
dataflow,ESTAT:DEMO_FMONTH(1.0),Live births (total) by month,A,Annual,NR,Number,M09,September,SE,Sweden,1980,,7740,,,,,
dataflow,ESTAT:DEMO_FMONTH(1.0),Live births (total) by month,A,Annual,NR,Number,M09,September,SE,Sweden,1985,,7952,,,,,
dataflow,ESTAT:DEMO_FMONTH(1.0),Live births (total) by month,A,Annual,NR,Number,M09,September,SE,Sweden,1990,,10274,,,,,
dataflow,ESTAT:DEMO_FMONTH(1.0),Live births (total) by month,A,Annual,NR,Number,M09,September,SE,Sweden,1995,,8225,,,,,
dataflow,ESTAT:DEMO_FMONTH(1.0),Live births (total) by month,A,Annual,NR,Number,M09,September,SE,Sweden,2000,,7490,,,,,
dataflow,ESTAT:DEMO_FMONTH(1.0),Live births (total) by month,A,Annual,NR,Number,M09,September,SE,Sweden,2005,,8424,,,,,
dataflow,ESTAT:DEMO_FMONTH(1.0),Live births (total) by month,A,Annual,NR,Number,M09,September,SE,Sweden,2010,,9497,,,,,
dataflow,ESTAT:DEMO_FMONTH(1.0),Live births (total) by month,A,Annual,NR,Number,M09,September,SE,Sweden,2015,,9938,,,,,
dataflow,ESTAT:DEMO_FMONTH(1.0),Live births (total) by month,A,Annual,NR,Number,M09,September,SE,Sweden,2020,,9323,,,,,
dataflow,ESTAT:DEMO_FMONTH(1.0),Live births (total) by month,A,Annual,NR,Number,M09,September,SE,Sweden,2023,,8099,,,,,
dataflow,ESTAT:DEMO_FMONTH(1.0),Live births (total) by month,A,Annual,NR,Number,M09,September,SI,Slovenia,1995,,1707,,,,,
dataflow,ESTAT:DEMO_FMONTH(1.0),Live births (total) by month,A,Annual,NR,Number,M09,September,SI,Slovenia,2000,,1600,,,,,
dataflow,ESTAT:DEMO_FMONTH(1.0),Live births (total) by month,A,Annual,NR,Number,M09,September,SI,Slovenia,2005,,1589,,,,,
dataflow,ESTAT:DEMO_FMONTH(1.0),Live births (total) by month,A,Annual,NR,Number,M09,September,SI,Slovenia,2010,,1979,,,,,
dataflow,ESTAT:DEMO_FMONTH(1.0),Live births (total) by month,A,Annual,NR,Number,M09,September,SI,Slovenia,2015,,1807,,,,,
dataflow,ESTAT:DEMO_FMONTH(1.0),Live births (total) by month,A,Annual,NR,Number,M09,September,SI,Slovenia,2020,,1697,,,,,
dataflow,ESTAT:DEMO_FMONTH(1.0),Live births (total) by month,A,Annual,NR,Number,M09,September,SI,Slovenia,2023,,1454,,,,,
dataflow,ESTAT:DEMO_FMONTH(1.0),Live births (total) by month,A,Annual,NR,Number,M09,September,SK,Slovakia,2000,,4736,,,,,
dataflow,ESTAT:DEMO_FMONTH(1.0),Live births (total) by month,A,Annual,NR,Number,M09,September,SK,Slovakia,2005,,4699,,,,,
dataflow,ESTAT:DEMO_FMONTH(1.0),Live births (total) by month,A,Annual,NR,Number,M09,September,SK,Slovakia,2010,,5204,,,,,
dataflow,ESTAT:DEMO_FMONTH(1.0),Live births (total) by month,A,Annual,NR,Number,M09,September,SK,Slovakia,2015,,5159,,,,,
dataflow,ESTAT:DEMO_FMONTH(1.0),Live births (total) by month,A,Annual,NR,Number,M09,September,SK,Slovakia,2020,,5141,,,,,
dataflow,ESTAT:DEMO_FMONTH(1.0),Live births (total) by month,A,Annual,NR,Number,M09,September,SK,Slovakia,2023,,4060,,,,,
dataflow,ESTAT:DEMO_FMONTH(1.0),Live births (total) by month,A,Annual,NR,Number,M09,September,SM,San Marino,2005,,28,,,,,
dataflow,ESTAT:DEMO_FMONTH(1.0),Live births (total) by month,A,Annual,NR,Number,M09,September,TR,Türkiye,2010,,108296,,,,,
dataflow,ESTAT:DEMO_FMONTH(1.0),Live births (total) by month,A,Annual,NR,Number,M09,September,TR,Türkiye,2015,,115370,,,,,
dataflow,ESTAT:DEMO_FMONTH(1.0),Live births (total) by month,A,Annual,NR,Number,M09,September,TR,Türkiye,2020,,95735,,,,,
dataflow,ESTAT:DEMO_FMONTH(1.0),Live births (total) by month,A,Annual,NR,Number,M09,September,UA,Ukraine,2005,,37179,,,,,
dataflow,ESTAT:DEMO_FMONTH(1.0),Live births (total) by month,A,Annual,NR,Number,M09,September,UA,Ukraine,2010,,43581,,,,,
dataflow,ESTAT:DEMO_FMONTH(1.0),Live births (total) by month,A,Annual,NR,Number,M09,September,UA,Ukraine,2015,,37891,,,,,
dataflow,ESTAT:DEMO_FMONTH(1.0),Live births (total) by month,A,Annual,NR,Number,M09,September,UA,Ukraine,2020,,27519,,,,,
dataflow,ESTAT:DEMO_FMONTH(1.0),Live births (total) by month,A,Annual,NR,Number,M09,September,UK,United Kingdom,1980,,63834,,,,,
dataflow,ESTAT:DEMO_FMONTH(1.0),Live births (total) by month,A,Annual,NR,Number,M09,September,UK,United Kingdom,1985,,65160,,,,,
dataflow,ESTAT:DEMO_FMONTH(1.0),Live births (total) by month,A,Annual,NR,Number,M09,September,UK,United Kingdom,1990,,67551,,,,,
dataflow,ESTAT:DEMO_FMONTH(1.0),Live births (total) by month,A,Annual,NR,Number,M09,September,UK,United Kingdom,1995,,62179,,,,,
dataflow,ESTAT:DEMO_FMONTH(1.0),Live births (total) by month,A,Annual,NR,Number,M09,September,UK,United Kingdom,2000,,56722,,,,,
dataflow,ESTAT:DEMO_FMONTH(1.0),Live births (total) by month,A,Annual,NR,Number,M09,September,UK,United Kingdom,2005,,63107,,,,,
dataflow,ESTAT:DEMO_FMONTH(1.0),Live births (total) by month,A,Annual,NR,Number,M09,September,UK,United Kingdom,2010,,70087,,,,,
dataflow,ESTAT:DEMO_FMONTH(1.0),Live births (total) by month,A,Annual,NR,Number,M09,September,UK,United Kingdom,2015,,67203,,,,,
dataflow,ESTAT:DEMO_FMONTH(1.0),Live births (total) by month,A,Annual,NR,Number,M09,September,XK,Kosovo*,2005,,3459,,,,,
dataflow,ESTAT:DEMO_FMONTH(1.0),Live births (total) by month,A,Annual,NR,Number,M09,September,XK,Kosovo*,2015,,2105,,,,,
dataflow,ESTAT:DEMO_FMONTH(1.0),Live births (total) by month,A,Annual,NR,Number,M09,September,XK,Kosovo*,2020,,2031,,,,,
dataflow,ESTAT:DEMO_FMONTH(1.0),Live births (total) by month,A,Annual,NR,Number,M10,October,AD,Andorra,2005,,61,,,,,
dataflow,ESTAT:DEMO_FMONTH(1.0),Live births (total) by month,A,Annual,NR,Number,M10,October,AD,Andorra,2010,,81,,,,,
dataflow,ESTAT:DEMO_FMONTH(1.0),Live births (total) by month,A,Annual,NR,Number,M10,October,AL,Albania,2005,,3795,,,,,
dataflow,ESTAT:DEMO_FMONTH(1.0),Live births (total) by month,A,Annual,NR,Number,M10,October,AL,Albania,2015,,2923,,,,,
dataflow,ESTAT:DEMO_FMONTH(1.0),Live births (total) by month,A,Annual,NR,Number,M10,October,AL,Albania,2020,,2625,,,,,
dataflow,ESTAT:DEMO_FMONTH(1.0),Live births (total) by month,A,Annual,NR,Number,M10,October,AL,Albania,2023,,2229,,,,,
dataflow,ESTAT:DEMO_FMONTH(1.0),Live births (total) by month,A,Annual,NR,Number,M10,October,AM,Armenia,2005,,3368,,,,,
dataflow,ESTAT:DEMO_FMONTH(1.0),Live births (total) by month,A,Annual,NR,Number,M10,October,AM,Armenia,2015,,4071,,,,,
dataflow,ESTAT:DEMO_FMONTH(1.0),Live births (total) by month,A,Annual,NR,Number,M10,October,AM,Armenia,2020,,3589,,,,,
dataflow,ESTAT:DEMO_FMONTH(1.0),Live births (total) by month,A,Annual,NR,Number,M10,October,AM,Armenia,2023,,3398,,,,,
dataflow,ESTAT:DEMO_FMONTH(1.0),Live births (total) by month,A,Annual,NR,Number,M10,October,AT,Austria,1980,,7717,,,,,
dataflow,ESTAT:DEMO_FMONTH(1.0),Live births (total) by month,A,Annual,NR,Number,M10,October,AT,Austria,1985,,7310,,,,,
dataflow,ESTAT:DEMO_FMONTH(1.0),Live births (total) by month,A,Annual,NR,Number,M10,October,AT,Austria,1990,,7738,,,,,
dataflow,ESTAT:DEMO_FMONTH(1.0),Live births (total) by month,A,Annual,NR,Number,M10,October,AT,Austria,1995,,7537,,,,,
dataflow,ESTAT:DEMO_FMONTH(1.0),Live births (total) by month,A,Annual,NR,Number,M10,October,AT,Austria,2000,,6433,,,,,
dataflow,ESTAT:DEMO_FMONTH(1.0),Live births (total) by month,A,Annual,NR,Number,M10,October,AT,Austria,2005,,6678,,,,,
dataflow,ESTAT:DEMO_FMONTH(1.0),Live births (total) by month,A,Annual,NR,Number,M10,October,AT,Austria,2010,,6816,,,,,
dataflow,ESTAT:DEMO_FMONTH(1.0),Live births (total) by month,A,Annual,NR,Number,M10,October,AT,Austria,2015,,7271,,,,,
dataflow,ESTAT:DEMO_FMONTH(1.0),Live births (total) by month,A,Annual,NR,Number,M10,October,AT,Austria,2020,,7195,,,,,
dataflow,ESTAT:DEMO_FMONTH(1.0),Live births (total) by month,A,Annual,NR,Number,M10,October,AT,Austria,2023,,6674,,,,,
dataflow,ESTAT:DEMO_FMONTH(1.0),Live births (total) by month,A,Annual,NR,Number,M10,October,AZ,Azerbaijan,2005,,13297,,,,,
dataflow,ESTAT:DEMO_FMONTH(1.0),Live births (total) by month,A,Annual,NR,Number,M10,October,AZ,Azerbaijan,2010,,15171,,,,,
dataflow,ESTAT:DEMO_FMONTH(1.0),Live births (total) by month,A,Annual,NR,Number,M10,October,AZ,Azerbaijan,2015,,15170,,,,,
dataflow,ESTAT:DEMO_FMONTH(1.0),Live births (total) by month,A,Annual,NR,Number,M10,October,AZ,Azerbaijan,2020,,11170,,,,,
dataflow,ESTAT:DEMO_FMONTH(1.0),Live births (total) by month,A,Annual,NR,Number,M10,October,BA,Bosnia and Herzegovina,2005,,2954,,,,,
dataflow,ESTAT:DEMO_FMONTH(1.0),Live births (total) by month,A,Annual,NR,Number,M10,October,BA,Bosnia and Herzegovina,2010,,2859,,,,,
dataflow,ESTAT:DEMO_FMONTH(1.0),Live births (total) by month,A,Annual,NR,Number,M10,October,BE,Belgium,1980,,10697,,,,,
dataflow,ESTAT:DEMO_FMONTH(1.0),Live births (total) by month,A,Annual,NR,Number,M10,October,BE,Belgium,1985,,9711,,,,,
dataflow,ESTAT:DEMO_FMONTH(1.0),Live births (total) by month,A,Annual,NR,Number,M10,October,BE,Belgium,1990,,10697,,,,,
dataflow,ESTAT:DEMO_FMONTH(1.0),Live births (total) by month,A,Annual,NR,Number,M10,October,BE,Belgium,1995,,9736,,,,,
dataflow,ESTAT:DEMO_FMONTH(1.0),Live births (total) by month,A,Annual,NR,Number,M10,October,BE,Belgium,2000,,9890,,,,,
dataflow,ESTAT:DEMO_FMONTH(1.0),Live births (total) by month,A,Annual,NR,Number,M10,October,BE,Belgium,2005,,10233,,,,,
dataflow,ESTAT:DEMO_FMONTH(1.0),Live births (total) by month,A,Annual,NR,Number,M10,October,BE,Belgium,2010,,11250,,,,,
dataflow,ESTAT:DEMO_FMONTH(1.0),Live births (total) by month,A,Annual,NR,Number,M10,October,BE,Belgium,2015,,10601,,,,,
dataflow,ESTAT:DEMO_FMONTH(1.0),Live births (total) by month,A,Annual,NR,Number,M10,October,BE,Belgium,2020,,9666,,,,,
dataflow,ESTAT:DEMO_FMONTH(1.0),Live births (total) by month,A,Annual,NR,Number,M10,October,BE,Belgium,2023,,9310,,,,,
dataflow,ESTAT:DEMO_FMONTH(1.0),Live births (total) by month,A,Annual,NR,Number,M10,October,BG,Bulgaria,1995,,6100,,,,,
dataflow,ESTAT:DEMO_FMONTH(1.0),Live births (total) by month,A,Annual,NR,Number,M10,October,BG,Bulgaria,2000,,5716,,,,,
dataflow,ESTAT:DEMO_FMONTH(1.0),Live births (total) by month,A,Annual,NR,Number,M10,October,BG,Bulgaria,2005,,5821,,,,,
dataflow,ESTAT:DEMO_FMONTH(1.0),Live births (total) by month,A,Annual,NR,Number,M10,October,BG,Bulgaria,2010,,6274,,,,,
dataflow,ESTAT:DEMO_FMONTH(1.0),Live births (total) by month,A,Annual,NR,Number,M10,October,BG,Bulgaria,2015,,5406,,,,,
dataflow,ESTAT:DEMO_FMONTH(1.0),Live births (total) by month,A,Annual,NR,Number,M10,October,BG,Bulgaria,2020,,4929,,,,,
dataflow,ESTAT:DEMO_FMONTH(1.0),Live births (total) by month,A,Annual,NR,Number,M10,October,BG,Bulgaria,2023,,4751,,,,,
dataflow,ESTAT:DEMO_FMONTH(1.0),Live births (total) by month,A,Annual,NR,Number,M10,October,BY,Belarus,2005,,7577,,,,,
dataflow,ESTAT:DEMO_FMONTH(1.0),Live births (total) by month,A,Annual,NR,Number,M10,October,BY,Belarus,2015,,10172,,,,,
dataflow,ESTAT:DEMO_FMONTH(1.0),Live births (total) by month,A,Annual,NR,Number,M10,October,CH,Switzerland,1980,,5933,,,,,
dataflow,ESTAT:DEMO_FMONTH(1.0),Live births (total) by month,A,Annual,NR,Number,M10,October,CH,Switzerland,1985,,6196,,,,,
dataflow,ESTAT:DEMO_FMONTH(1.0),Live births (total) by month,A,Annual,NR,Number,M10,October,CH,Switzerland,1990,,6956,,,,,
dataflow,ESTAT:DEMO_FMONTH(1.0),Live births (total) by month,A,Annual,NR,Number,M10,October,CH,Switzerland,1995,,6997,,,,,
dataflow,ESTAT:DEMO_FMONTH(1.0),Live births (total) by month,A,Annual,NR,Number,M10,October,CH,Switzerland,2000,,6263,,,,,
dataflow,ESTAT:DEMO_FMONTH(1.0),Live births (total) by month,A,Annual,NR,Number,M10,October,CH,Switzerland,2005,,6140,,,,,
dataflow,ESTAT:DEMO_FMONTH(1.0),Live births (total) by month,A,Annual,NR,Number,M10,October,CH,Switzerland,2010,,7106,,,,,
dataflow,ESTAT:DEMO_FMONTH(1.0),Live births (total) by month,A,Annual,NR,Number,M10,October,CH,Switzerland,2015,,7298,,,,,
dataflow,ESTAT:DEMO_FMONTH(1.0),Live births (total) by month,A,Annual,NR,Number,M10,October,CH,Switzerland,2020,,7250,,,,,
dataflow,ESTAT:DEMO_FMONTH(1.0),Live births (total) by month,A,Annual,NR,Number,M10,October,CH,Switzerland,2023,,6823,,,,,
dataflow,ESTAT:DEMO_FMONTH(1.0),Live births (total) by month,A,Annual,NR,Number,M10,October,CY,Cyprus,1995,,879,,,,,
dataflow,ESTAT:DEMO_FMONTH(1.0),Live births (total) by month,A,Annual,NR,Number,M10,October,CY,Cyprus,2000,,783,,,,,
dataflow,ESTAT:DEMO_FMONTH(1.0),Live births (total) by month,A,Annual,NR,Number,M10,October,CY,Cyprus,2005,,751,,,,,
dataflow,ESTAT:DEMO_FMONTH(1.0),Live births (total) by month,A,Annual,NR,Number,M10,October,CY,Cyprus,2010,,910,,,,,
dataflow,ESTAT:DEMO_FMONTH(1.0),Live births (total) by month,A,Annual,NR,Number,M10,October,CY,Cyprus,2015,,850,,,,,
dataflow,ESTAT:DEMO_FMONTH(1.0),Live births (total) by month,A,Annual,NR,Number,M10,October,CY,Cyprus,2020,,898,,,,,
dataflow,ESTAT:DEMO_FMONTH(1.0),Live births (total) by month,A,Annual,NR,Number,M10,October,CY,Cyprus,2023,,881,,,,,
dataflow,ESTAT:DEMO_FMONTH(1.0),Live births (total) by month,A,Annual,NR,Number,M10,October,CZ,Czechia,1990,,10648,,,,,
dataflow,ESTAT:DEMO_FMONTH(1.0),Live births (total) by month,A,Annual,NR,Number,M10,October,CZ,Czechia,1995,,7662,,,,,
dataflow,ESTAT:DEMO_FMONTH(1.0),Live births (total) by month,A,Annual,NR,Number,M10,October,CZ,Czechia,2000,,7177,,,,,
dataflow,ESTAT:DEMO_FMONTH(1.0),Live births (total) by month,A,Annual,NR,Number,M10,October,CZ,Czechia,2005,,8271,,,,,
dataflow,ESTAT:DEMO_FMONTH(1.0),Live births (total) by month,A,Annual,NR,Number,M10,October,CZ,Czechia,2010,,9447,,,,,
dataflow,ESTAT:DEMO_FMONTH(1.0),Live births (total) by month,A,Annual,NR,Number,M10,October,CZ,Czechia,2015,,9110,,,,,
dataflow,ESTAT:DEMO_FMONTH(1.0),Live births (total) by month,A,Annual,NR,Number,M10,October,CZ,Czechia,2020,,9273,,,,,
dataflow,ESTAT:DEMO_FMONTH(1.0),Live births (total) by month,A,Annual,NR,Number,M10,October,CZ,Czechia,2023,,7232,,,,,
dataflow,ESTAT:DEMO_FMONTH(1.0),Live births (total) by month,A,Annual,NR,Number,M10,October,DE,Germany,1980,,52143,,,,,
dataflow,ESTAT:DEMO_FMONTH(1.0),Live births (total) by month,A,Annual,NR,Number,M10,October,DE,Germany,1985,,50398,,,,,
dataflow,ESTAT:DEMO_FMONTH(1.0),Live births (total) by month,A,Annual,NR,Number,M10,October,DE,Germany,1990,,65956,,,,,
dataflow,ESTAT:DEMO_FMONTH(1.0),Live births (total) by month,A,Annual,NR,Number,M10,October,DE,Germany,1995,,65766,,,,,
dataflow,ESTAT:DEMO_FMONTH(1.0),Live births (total) by month,A,Annual,NR,Number,M10,October,DE,Germany,2000,,62978,,,,,
dataflow,ESTAT:DEMO_FMONTH(1.0),Live births (total) by month,A,Annual,NR,Number,M10,October,DE,Germany,2005,,56419,,,,,
dataflow,ESTAT:DEMO_FMONTH(1.0),Live births (total) by month,A,Annual,NR,Number,M10,October,DE,Germany,2010,,58816,,,,,
dataflow,ESTAT:DEMO_FMONTH(1.0),Live births (total) by month,A,Annual,NR,Number,M10,October,DE,Germany,2015,,63796,,,,,
dataflow,ESTAT:DEMO_FMONTH(1.0),Live births (total) by month,A,Annual,NR,Number,M10,October,DE,Germany,2020,,66019,,,,,
dataflow,ESTAT:DEMO_FMONTH(1.0),Live births (total) by month,A,Annual,NR,Number,M10,October,DE,Germany,2023,,58604,,,,,
dataflow,ESTAT:DEMO_FMONTH(1.0),Live births (total) by month,A,Annual,NR,Number,M10,October,DE_TOT,Germany including former GDR,1980,,71562,,,,,
dataflow,ESTAT:DEMO_FMONTH(1.0),Live births (total) by month,A,Annual,NR,Number,M10,October,DE_TOT,Germany including former GDR,1985,,68346,,,,,
dataflow,ESTAT:DEMO_FMONTH(1.0),Live births (total) by month,A,Annual,NR,Number,M10,October,DE_TOT,Germany including former GDR,1990,,76756,,,,,
dataflow,ESTAT:DEMO_FMONTH(1.0),Live births (total) by month,A,Annual,NR,Number,M10,October,DE_TOT,Germany including former GDR,1995,,65766,,,,,
dataflow,ESTAT:DEMO_FMONTH(1.0),Live births (total) by month,A,Annual,NR,Number,M10,October,DE_TOT,Germany including former GDR,2000,,62978,,,,,
dataflow,ESTAT:DEMO_FMONTH(1.0),Live births (total) by month,A,Annual,NR,Number,M10,October,DE_TOT,Germany including former GDR,2005,,56419,,,,,
dataflow,ESTAT:DEMO_FMONTH(1.0),Live births (total) by month,A,Annual,NR,Number,M10,October,DE_TOT,Germany including former GDR,2010,,58816,,,,,
dataflow,ESTAT:DEMO_FMONTH(1.0),Live births (total) by month,A,Annual,NR,Number,M10,October,DE_TOT,Germany including former GDR,2015,,63796,,,,,
dataflow,ESTAT:DEMO_FMONTH(1.0),Live births (total) by month,A,Annual,NR,Number,M10,October,DE_TOT,Germany including former GDR,2020,,66019,,,,,
dataflow,ESTAT:DEMO_FMONTH(1.0),Live births (total) by month,A,Annual,NR,Number,M10,October,DE_TOT,Germany including former GDR,2023,,58604,,,,,
dataflow,ESTAT:DEMO_FMONTH(1.0),Live births (total) by month,A,Annual,NR,Number,M10,October,DK,Denmark,1980,,4461,,,,,
dataflow,ESTAT:DEMO_FMONTH(1.0),Live births (total) by month,A,Annual,NR,Number,M10,October,DK,Denmark,1985,,4422,,,,,
dataflow,ESTAT:DEMO_FMONTH(1.0),Live births (total) by month,A,Annual,NR,Number,M10,October,DK,Denmark,1990,,5380,,,,,
dataflow,ESTAT:DEMO_FMONTH(1.0),Live births (total) by month,A,Annual,NR,Number,M10,October,DK,Denmark,1995,,5731,,,,,
dataflow,ESTAT:DEMO_FMONTH(1.0),Live births (total) by month,A,Annual,NR,Number,M10,October,DK,Denmark,2000,,5719,,,,,
dataflow,ESTAT:DEMO_FMONTH(1.0),Live births (total) by month,A,Annual,NR,Number,M10,October,DK,Denmark,2005,,5456,,,,,
dataflow,ESTAT:DEMO_FMONTH(1.0),Live births (total) by month,A,Annual,NR,Number,M10,October,DK,Denmark,2010,,5353,,,,,
dataflow,ESTAT:DEMO_FMONTH(1.0),Live births (total) by month,A,Annual,NR,Number,M10,October,DK,Denmark,2015,,5198,,,,,
dataflow,ESTAT:DEMO_FMONTH(1.0),Live births (total) by month,A,Annual,NR,Number,M10,October,DK,Denmark,2020,,5200,,,,,
dataflow,ESTAT:DEMO_FMONTH(1.0),Live births (total) by month,A,Annual,NR,Number,M10,October,DK,Denmark,2023,,4973,,,,,
dataflow,ESTAT:DEMO_FMONTH(1.0),Live births (total) by month,A,Annual,NR,Number,M10,October,EE,Estonia,1980,,1767,,,,,
dataflow,ESTAT:DEMO_FMONTH(1.0),Live births (total) by month,A,Annual,NR,Number,M10,October,EE,Estonia,1985,,1916,,,,,
dataflow,ESTAT:DEMO_FMONTH(1.0),Live births (total) by month,A,Annual,NR,Number,M10,October,EE,Estonia,1990,,1671,,,,,
dataflow,ESTAT:DEMO_FMONTH(1.0),Live births (total) by month,A,Annual,NR,Number,M10,October,EE,Estonia,1995,,998,,,,,
dataflow,ESTAT:DEMO_FMONTH(1.0),Live births (total) by month,A,Annual,NR,Number,M10,October,EE,Estonia,2000,,1025,,,,,
dataflow,ESTAT:DEMO_FMONTH(1.0),Live births (total) by month,A,Annual,NR,Number,M10,October,EE,Estonia,2005,,1138,,,,,
dataflow,ESTAT:DEMO_FMONTH(1.0),Live births (total) by month,A,Annual,NR,Number,M10,October,EE,Estonia,2010,,1274,,,,,
dataflow,ESTAT:DEMO_FMONTH(1.0),Live births (total) by month,A,Annual,NR,Number,M10,October,EE,Estonia,2015,,1137,,,,,
dataflow,ESTAT:DEMO_FMONTH(1.0),Live births (total) by month,A,Annual,NR,Number,M10,October,EE,Estonia,2020,,1070,,,,,
dataflow,ESTAT:DEMO_FMONTH(1.0),Live births (total) by month,A,Annual,NR,Number,M10,October,EE,Estonia,2023,,919,,,,,
dataflow,ESTAT:DEMO_FMONTH(1.0),Live births (total) by month,A,Annual,NR,Number,M10,October,EL,Greece,1980,,12452,,,,,
dataflow,ESTAT:DEMO_FMONTH(1.0),Live births (total) by month,A,Annual,NR,Number,M10,October,EL,Greece,1985,,10101,,,,,
dataflow,ESTAT:DEMO_FMONTH(1.0),Live births (total) by month,A,Annual,NR,Number,M10,October,EL,Greece,1990,,8847,,,,,
dataflow,ESTAT:DEMO_FMONTH(1.0),Live births (total) by month,A,Annual,NR,Number,M10,October,EL,Greece,1995,,9021,,,,,
dataflow,ESTAT:DEMO_FMONTH(1.0),Live births (total) by month,A,Annual,NR,Number,M10,October,EL,Greece,2000,,8994,,,,,
dataflow,ESTAT:DEMO_FMONTH(1.0),Live births (total) by month,A,Annual,NR,Number,M10,October,EL,Greece,2005,,9423,,,,,
dataflow,ESTAT:DEMO_FMONTH(1.0),Live births (total) by month,A,Annual,NR,Number,M10,October,EL,Greece,2010,,9985,,,,,
dataflow,ESTAT:DEMO_FMONTH(1.0),Live births (total) by month,A,Annual,NR,Number,M10,October,EL,Greece,2015,,8381,,,,,
dataflow,ESTAT:DEMO_FMONTH(1.0),Live births (total) by month,A,Annual,NR,Number,M10,October,EL,Greece,2020,,7687,,,,,
dataflow,ESTAT:DEMO_FMONTH(1.0),Live births (total) by month,A,Annual,NR,Number,M10,October,EL,Greece,2023,,6107,,,,,
dataflow,ESTAT:DEMO_FMONTH(1.0),Live births (total) by month,A,Annual,NR,Number,M10,October,ES,Spain,1980,,47950,,,,,
dataflow,ESTAT:DEMO_FMONTH(1.0),Live births (total) by month,A,Annual,NR,Number,M10,October,ES,Spain,1985,,38324,,,,,
dataflow,ESTAT:DEMO_FMONTH(1.0),Live births (total) by month,A,Annual,NR,Number,M10,October,ES,Spain,1990,,34582,,,,,
dataflow,ESTAT:DEMO_FMONTH(1.0),Live births (total) by month,A,Annual,NR,Number,M10,October,ES,Spain,1995,,31103,,,,,
dataflow,ESTAT:DEMO_FMONTH(1.0),Live births (total) by month,A,Annual,NR,Number,M10,October,ES,Spain,2000,,34004,,,,,
dataflow,ESTAT:DEMO_FMONTH(1.0),Live births (total) by month,A,Annual,NR,Number,M10,October,ES,Spain,2005,,40049,,,,,
dataflow,ESTAT:DEMO_FMONTH(1.0),Live births (total) by month,A,Annual,NR,Number,M10,October,ES,Spain,2010,,43382,,,,,
dataflow,ESTAT:DEMO_FMONTH(1.0),Live births (total) by month,A,Annual,NR,Number,M10,October,ES,Spain,2015,,36535,,,,,
dataflow,ESTAT:DEMO_FMONTH(1.0),Live births (total) by month,A,Annual,NR,Number,M10,October,ES,Spain,2020,,30262,,,,,
dataflow,ESTAT:DEMO_FMONTH(1.0),Live births (total) by month,A,Annual,NR,Number,M10,October,ES,Spain,2023,,28630,,,,,
dataflow,ESTAT:DEMO_FMONTH(1.0),Live births (total) by month,A,Annual,NR,Number,M10,October,FI,Finland,1980,,4814,,,,,
dataflow,ESTAT:DEMO_FMONTH(1.0),Live births (total) by month,A,Annual,NR,Number,M10,October,FI,Finland,1985,,4927,,,,,
dataflow,ESTAT:DEMO_FMONTH(1.0),Live births (total) by month,A,Annual,NR,Number,M10,October,FI,Finland,1990,,5312,,,,,
dataflow,ESTAT:DEMO_FMONTH(1.0),Live births (total) by month,A,Annual,NR,Number,M10,October,FI,Finland,1995,,4895,,,,,
dataflow,ESTAT:DEMO_FMONTH(1.0),Live births (total) by month,A,Annual,NR,Number,M10,October,FI,Finland,2000,,4536,,,,,
dataflow,ESTAT:DEMO_FMONTH(1.0),Live births (total) by month,A,Annual,NR,Number,M10,October,FI,Finland,2005,,4792,,,,,
dataflow,ESTAT:DEMO_FMONTH(1.0),Live births (total) by month,A,Annual,NR,Number,M10,October,FI,Finland,2010,,5251,,,,,
dataflow,ESTAT:DEMO_FMONTH(1.0),Live births (total) by month,A,Annual,NR,Number,M10,October,FI,Finland,2015,,4615,,,,,
dataflow,ESTAT:DEMO_FMONTH(1.0),Live births (total) by month,A,Annual,NR,Number,M10,October,FI,Finland,2020,,3926,,,,,
dataflow,ESTAT:DEMO_FMONTH(1.0),Live births (total) by month,A,Annual,NR,Number,M10,October,FI,Finland,2023,,3671,,,,,
dataflow,ESTAT:DEMO_FMONTH(1.0),Live births (total) by month,A,Annual,NR,Number,M10,October,FR,France,1995,,66524,,,,,
dataflow,ESTAT:DEMO_FMONTH(1.0),Live births (total) by month,A,Annual,NR,Number,M10,October,FR,France,2000,,68676,,,,,
dataflow,ESTAT:DEMO_FMONTH(1.0),Live births (total) by month,A,Annual,NR,Number,M10,October,FR,France,2005,,70031,,,,,
dataflow,ESTAT:DEMO_FMONTH(1.0),Live births (total) by month,A,Annual,NR,Number,M10,October,FR,France,2010,,72999,,,,,
dataflow,ESTAT:DEMO_FMONTH(1.0),Live births (total) by month,A,Annual,NR,Number,M10,October,FR,France,2015,,69294,,,,,
dataflow,ESTAT:DEMO_FMONTH(1.0),Live births (total) by month,A,Annual,NR,Number,M10,October,FR,France,2020,,64129,,,,,
dataflow,ESTAT:DEMO_FMONTH(1.0),Live births (total) by month,A,Annual,NR,Number,M10,October,FR,France,2023,,58087,,,,,
dataflow,ESTAT:DEMO_FMONTH(1.0),Live births (total) by month,A,Annual,NR,Number,M10,October,FX,Metropolitan France,1980,,67243,,,,,
dataflow,ESTAT:DEMO_FMONTH(1.0),Live births (total) by month,A,Annual,NR,Number,M10,October,FX,Metropolitan France,1985,,64195,,,,,
dataflow,ESTAT:DEMO_FMONTH(1.0),Live births (total) by month,A,Annual,NR,Number,M10,October,FX,Metropolitan France,1990,,64688,,,,,
dataflow,ESTAT:DEMO_FMONTH(1.0),Live births (total) by month,A,Annual,NR,Number,M10,October,FX,Metropolitan France,1995,,63788,,,,,
dataflow,ESTAT:DEMO_FMONTH(1.0),Live births (total) by month,A,Annual,NR,Number,M10,October,FX,Metropolitan France,2000,,65720,,,,,
dataflow,ESTAT:DEMO_FMONTH(1.0),Live births (total) by month,A,Annual,NR,Number,M10,October,FX,Metropolitan France,2005,,67111,,,,,
dataflow,ESTAT:DEMO_FMONTH(1.0),Live births (total) by month,A,Annual,NR,Number,M10,October,FX,Metropolitan France,2010,,70298,,,,,
dataflow,ESTAT:DEMO_FMONTH(1.0),Live births (total) by month,A,Annual,NR,Number,M10,October,GE,Georgia,2005,,4295,,,,,
dataflow,ESTAT:DEMO_FMONTH(1.0),Live births (total) by month,A,Annual,NR,Number,M10,October,GE,Georgia,2010,,5390,,,,,
dataflow,ESTAT:DEMO_FMONTH(1.0),Live births (total) by month,A,Annual,NR,Number,M10,October,GE,Georgia,2015,,5225,,,,,
dataflow,ESTAT:DEMO_FMONTH(1.0),Live births (total) by month,A,Annual,NR,Number,M10,October,GE,Georgia,2020,,4084,,,,,
dataflow,ESTAT:DEMO_FMONTH(1.0),Live births (total) by month,A,Annual,NR,Number,M10,October,GE,Georgia,2023,,3535,,,,,
dataflow,ESTAT:DEMO_FMONTH(1.0),Live births (total) by month,A,Annual,NR,Number,M10,October,HR,Croatia,1995,,4036,,,,,
dataflow,ESTAT:DEMO_FMONTH(1.0),Live births (total) by month,A,Annual,NR,Number,M10,October,HR,Croatia,2000,,3737,,,,,
dataflow,ESTAT:DEMO_FMONTH(1.0),Live births (total) by month,A,Annual,NR,Number,M10,October,HR,Croatia,2005,,3589,,,,,
dataflow,ESTAT:DEMO_FMONTH(1.0),Live births (total) by month,A,Annual,NR,Number,M10,October,HR,Croatia,2010,,3761,,,,,
dataflow,ESTAT:DEMO_FMONTH(1.0),Live births (total) by month,A,Annual,NR,Number,M10,October,HR,Croatia,2015,,3232,,,,,
dataflow,ESTAT:DEMO_FMONTH(1.0),Live births (total) by month,A,Annual,NR,Number,M10,October,HR,Croatia,2020,,3147,,,,,
dataflow,ESTAT:DEMO_FMONTH(1.0),Live births (total) by month,A,Annual,NR,Number,M10,October,HR,Croatia,2023,,2716,,,,,
dataflow,ESTAT:DEMO_FMONTH(1.0),Live births (total) by month,A,Annual,NR,Number,M10,October,HU,Hungary,1995,,9879,,,,,
dataflow,ESTAT:DEMO_FMONTH(1.0),Live births (total) by month,A,Annual,NR,Number,M10,October,HU,Hungary,2000,,8233,,,,,
dataflow,ESTAT:DEMO_FMONTH(1.0),Live births (total) by month,A,Annual,NR,Number,M10,October,HU,Hungary,2005,,8424,,,,,
dataflow,ESTAT:DEMO_FMONTH(1.0),Live births (total) by month,A,Annual,NR,Number,M10,October,HU,Hungary,2010,,7389,,,,,
dataflow,ESTAT:DEMO_FMONTH(1.0),Live births (total) by month,A,Annual,NR,Number,M10,October,HU,Hungary,2015,,7763,,,,,
dataflow,ESTAT:DEMO_FMONTH(1.0),Live births (total) by month,A,Annual,NR,Number,M10,October,HU,Hungary,2020,,8123,,,,,
dataflow,ESTAT:DEMO_FMONTH(1.0),Live births (total) by month,A,Annual,NR,Number,M10,October,HU,Hungary,2023,,7302,,,,,
dataflow,ESTAT:DEMO_FMONTH(1.0),Live births (total) by month,A,Annual,NR,Number,M10,October,IE,Ireland,1980,,6128,,,,,
dataflow,ESTAT:DEMO_FMONTH(1.0),Live births (total) by month,A,Annual,NR,Number,M10,October,IE,Ireland,1985,,5292,,,,,
dataflow,ESTAT:DEMO_FMONTH(1.0),Live births (total) by month,A,Annual,NR,Number,M10,October,IE,Ireland,1990,,4522,,,,,
dataflow,ESTAT:DEMO_FMONTH(1.0),Live births (total) by month,A,Annual,NR,Number,M10,October,IE,Ireland,1995,,4117,,,,,
dataflow,ESTAT:DEMO_FMONTH(1.0),Live births (total) by month,A,Annual,NR,Number,M10,October,IE,Ireland,2000,,4656,,,,,
dataflow,ESTAT:DEMO_FMONTH(1.0),Live births (total) by month,A,Annual,NR,Number,M10,October,IE,Ireland,2005,,5077,,,,,
dataflow,ESTAT:DEMO_FMONTH(1.0),Live births (total) by month,A,Annual,NR,Number,M10,October,IE,Ireland,2010,,6507,,,,,
dataflow,ESTAT:DEMO_FMONTH(1.0),Live births (total) by month,A,Annual,NR,Number,M10,October,IE,Ireland,2015,,5614,,,,,
dataflow,ESTAT:DEMO_FMONTH(1.0),Live births (total) by month,A,Annual,NR,Number,M10,October,IE,Ireland,2020,,4632,,,,,
dataflow,ESTAT:DEMO_FMONTH(1.0),Live births (total) by month,A,Annual,NR,Number,M10,October,IE,Ireland,2023,,4811,,,,,
dataflow,ESTAT:DEMO_FMONTH(1.0),Live births (total) by month,A,Annual,NR,Number,M10,October,IS,Iceland,1980,,349,,,,,
dataflow,ESTAT:DEMO_FMONTH(1.0),Live births (total) by month,A,Annual,NR,Number,M10,October,IS,Iceland,1985,,315,,,,,
dataflow,ESTAT:DEMO_FMONTH(1.0),Live births (total) by month,A,Annual,NR,Number,M10,October,IS,Iceland,1990,,397,,,,,
dataflow,ESTAT:DEMO_FMONTH(1.0),Live births (total) by month,A,Annual,NR,Number,M10,October,IS,Iceland,1995,,368,,,,,
dataflow,ESTAT:DEMO_FMONTH(1.0),Live births (total) by month,A,Annual,NR,Number,M10,October,IS,Iceland,2000,,383,,,,,
dataflow,ESTAT:DEMO_FMONTH(1.0),Live births (total) by month,A,Annual,NR,Number,M10,October,IS,Iceland,2005,,377,,,,,
dataflow,ESTAT:DEMO_FMONTH(1.0),Live births (total) by month,A,Annual,NR,Number,M10,October,IS,Iceland,2010,,407,,,,,
dataflow,ESTAT:DEMO_FMONTH(1.0),Live births (total) by month,A,Annual,NR,Number,M10,October,IS,Iceland,2015,,358,,,,,
dataflow,ESTAT:DEMO_FMONTH(1.0),Live births (total) by month,A,Annual,NR,Number,M10,October,IS,Iceland,2020,,401,,,,,
dataflow,ESTAT:DEMO_FMONTH(1.0),Live births (total) by month,A,Annual,NR,Number,M10,October,IS,Iceland,2023,,359,,,,,
dataflow,ESTAT:DEMO_FMONTH(1.0),Live births (total) by month,A,Annual,NR,Number,M10,October,IT,Italy,1980,,53564,,,,,
dataflow,ESTAT:DEMO_FMONTH(1.0),Live births (total) by month,A,Annual,NR,Number,M10,October,IT,Italy,1985,,48991,,,,,
dataflow,ESTAT:DEMO_FMONTH(1.0),Live births (total) by month,A,Annual,NR,Number,M10,October,IT,Italy,1990,,48274,,,,,
dataflow,ESTAT:DEMO_FMONTH(1.0),Live births (total) by month,A,Annual,NR,Number,M10,October,IT,Italy,1995,,47118,,,,,
dataflow,ESTAT:DEMO_FMONTH(1.0),Live births (total) by month,A,Annual,NR,Number,M10,October,IT,Italy,2000,,48272,,,,,
dataflow,ESTAT:DEMO_FMONTH(1.0),Live births (total) by month,A,Annual,NR,Number,M10,October,IT,Italy,2005,,48258,,,,,
dataflow,ESTAT:DEMO_FMONTH(1.0),Live births (total) by month,A,Annual,NR,Number,M10,October,IT,Italy,2010,,50100,,,,,
dataflow,ESTAT:DEMO_FMONTH(1.0),Live births (total) by month,A,Annual,NR,Number,M10,October,IT,Italy,2015,,43295,,,,,
dataflow,ESTAT:DEMO_FMONTH(1.0),Live births (total) by month,A,Annual,NR,Number,M10,October,IT,Italy,2020,,37010,,,,,
dataflow,ESTAT:DEMO_FMONTH(1.0),Live births (total) by month,A,Annual,NR,Number,M10,October,IT,Italy,2023,,34470,,,,,
dataflow,ESTAT:DEMO_FMONTH(1.0),Live births (total) by month,A,Annual,NR,Number,M10,October,LI,Liechtenstein,1980,,33,,,,,
dataflow,ESTAT:DEMO_FMONTH(1.0),Live births (total) by month,A,Annual,NR,Number,M10,October,LI,Liechtenstein,1985,,32,,,,,
dataflow,ESTAT:DEMO_FMONTH(1.0),Live births (total) by month,A,Annual,NR,Number,M10,October,LI,Liechtenstein,1990,,33,,,,,
dataflow,ESTAT:DEMO_FMONTH(1.0),Live births (total) by month,A,Annual,NR,Number,M10,October,LI,Liechtenstein,1995,,43,,,,,
dataflow,ESTAT:DEMO_FMONTH(1.0),Live births (total) by month,A,Annual,NR,Number,M10,October,LI,Liechtenstein,2000,,25,,,,,
dataflow,ESTAT:DEMO_FMONTH(1.0),Live births (total) by month,A,Annual,NR,Number,M10,October,LI,Liechtenstein,2005,,38,,,,,
dataflow,ESTAT:DEMO_FMONTH(1.0),Live births (total) by month,A,Annual,NR,Number,M10,October,LI,Liechtenstein,2010,,26,,,,,
dataflow,ESTAT:DEMO_FMONTH(1.0),Live births (total) by month,A,Annual,NR,Number,M10,October,LI,Liechtenstein,2015,,28,,,,,
dataflow,ESTAT:DEMO_FMONTH(1.0),Live births (total) by month,A,Annual,NR,Number,M10,October,LI,Liechtenstein,2020,,28,,,,,
dataflow,ESTAT:DEMO_FMONTH(1.0),Live births (total) by month,A,Annual,NR,Number,M10,October,LI,Liechtenstein,2023,,30,,,,,
dataflow,ESTAT:DEMO_FMONTH(1.0),Live births (total) by month,A,Annual,NR,Number,M10,October,LT,Lithuania,1995,,3237,,,,,
dataflow,ESTAT:DEMO_FMONTH(1.0),Live births (total) by month,A,Annual,NR,Number,M10,October,LT,Lithuania,2000,,2504,,,,,
dataflow,ESTAT:DEMO_FMONTH(1.0),Live births (total) by month,A,Annual,NR,Number,M10,October,LT,Lithuania,2005,,2379,,,,,
dataflow,ESTAT:DEMO_FMONTH(1.0),Live births (total) by month,A,Annual,NR,Number,M10,October,LT,Lithuania,2010,,2467,,,,,
dataflow,ESTAT:DEMO_FMONTH(1.0),Live births (total) by month,A,Annual,NR,Number,M10,October,LT,Lithuania,2015,,2484,,,,,
dataflow,ESTAT:DEMO_FMONTH(1.0),Live births (total) by month,A,Annual,NR,Number,M10,October,LT,Lithuania,2020,,1942,,,,,
dataflow,ESTAT:DEMO_FMONTH(1.0),Live births (total) by month,A,Annual,NR,Number,M10,October,LT,Lithuania,2023,,1579,,,,,
dataflow,ESTAT:DEMO_FMONTH(1.0),Live births (total) by month,A,Annual,NR,Number,M10,October,LU,Luxembourg,1980,,343,,,,,
dataflow,ESTAT:DEMO_FMONTH(1.0),Live births (total) by month,A,Annual,NR,Number,M10,October,LU,Luxembourg,1985,,368,,,,,
dataflow,ESTAT:DEMO_FMONTH(1.0),Live births (total) by month,A,Annual,NR,Number,M10,October,LU,Luxembourg,1990,,419,,,,,
dataflow,ESTAT:DEMO_FMONTH(1.0),Live births (total) by month,A,Annual,NR,Number,M10,October,LU,Luxembourg,1995,,416,,,,,
dataflow,ESTAT:DEMO_FMONTH(1.0),Live births (total) by month,A,Annual,NR,Number,M10,October,LU,Luxembourg,2000,,459,,,,,
dataflow,ESTAT:DEMO_FMONTH(1.0),Live births (total) by month,A,Annual,NR,Number,M10,October,LU,Luxembourg,2005,,451,,,,,
dataflow,ESTAT:DEMO_FMONTH(1.0),Live births (total) by month,A,Annual,NR,Number,M10,October,LU,Luxembourg,2010,,508,,,,,
dataflow,ESTAT:DEMO_FMONTH(1.0),Live births (total) by month,A,Annual,NR,Number,M10,October,LU,Luxembourg,2015,,535,,,,,
dataflow,ESTAT:DEMO_FMONTH(1.0),Live births (total) by month,A,Annual,NR,Number,M10,October,LU,Luxembourg,2020,,568,,,,,
dataflow,ESTAT:DEMO_FMONTH(1.0),Live births (total) by month,A,Annual,NR,Number,M10,October,LU,Luxembourg,2023,,548,,,,,
dataflow,ESTAT:DEMO_FMONTH(1.0),Live births (total) by month,A,Annual,NR,Number,M10,October,LV,Latvia,2000,,1543,,,,,
dataflow,ESTAT:DEMO_FMONTH(1.0),Live births (total) by month,A,Annual,NR,Number,M10,October,LV,Latvia,2005,,1778,,,,,
dataflow,ESTAT:DEMO_FMONTH(1.0),Live births (total) by month,A,Annual,NR,Number,M10,October,LV,Latvia,2010,,1572,,,,,
dataflow,ESTAT:DEMO_FMONTH(1.0),Live births (total) by month,A,Annual,NR,Number,M10,October,LV,Latvia,2015,,1905,,,,,
dataflow,ESTAT:DEMO_FMONTH(1.0),Live births (total) by month,A,Annual,NR,Number,M10,October,LV,Latvia,2020,,1376,,,,,
dataflow,ESTAT:DEMO_FMONTH(1.0),Live births (total) by month,A,Annual,NR,Number,M10,October,LV,Latvia,2023,,1180,,,,,
dataflow,ESTAT:DEMO_FMONTH(1.0),Live births (total) by month,A,Annual,NR,Number,M10,October,MC,Monaco,2005,,88,,,,,
dataflow,ESTAT:DEMO_FMONTH(1.0),Live births (total) by month,A,Annual,NR,Number,M10,October,MC,Monaco,2023,,20,,,,,
dataflow,ESTAT:DEMO_FMONTH(1.0),Live births (total) by month,A,Annual,NR,Number,M10,October,MD,Moldova,2005,,3113,,,,,
dataflow,ESTAT:DEMO_FMONTH(1.0),Live births (total) by month,A,Annual,NR,Number,M10,October,MD,Moldova,2010,,3539,,,,,
dataflow,ESTAT:DEMO_FMONTH(1.0),Live births (total) by month,A,Annual,NR,Number,M10,October,MD,Moldova,2015,,3725,,,,,
dataflow,ESTAT:DEMO_FMONTH(1.0),Live births (total) by month,A,Annual,NR,Number,M10,October,MD,Moldova,2020,,2665,,,,,
dataflow,ESTAT:DEMO_FMONTH(1.0),Live births (total) by month,A,Annual,NR,Number,M10,October,MD,Moldova,2023,,1996,,,,,
dataflow,ESTAT:DEMO_FMONTH(1.0),Live births (total) by month,A,Annual,NR,Number,M10,October,ME,Montenegro,2005,,658,,,,,
dataflow,ESTAT:DEMO_FMONTH(1.0),Live births (total) by month,A,Annual,NR,Number,M10,October,ME,Montenegro,2010,,686,,,,,
dataflow,ESTAT:DEMO_FMONTH(1.0),Live births (total) by month,A,Annual,NR,Number,M10,October,ME,Montenegro,2015,,668,,,,,
dataflow,ESTAT:DEMO_FMONTH(1.0),Live births (total) by month,A,Annual,NR,Number,M10,October,ME,Montenegro,2020,,666,,,,,
dataflow,ESTAT:DEMO_FMONTH(1.0),Live births (total) by month,A,Annual,NR,Number,M10,October,ME,Montenegro,2023,,619,,,,,
dataflow,ESTAT:DEMO_FMONTH(1.0),Live births (total) by month,A,Annual,NR,Number,M10,October,MK,North Macedonia,1995,,2976,,,,,
dataflow,ESTAT:DEMO_FMONTH(1.0),Live births (total) by month,A,Annual,NR,Number,M10,October,MK,North Macedonia,2000,,2495,,,,,
dataflow,ESTAT:DEMO_FMONTH(1.0),Live births (total) by month,A,Annual,NR,Number,M10,October,MK,North Macedonia,2005,,1947,,,,,
dataflow,ESTAT:DEMO_FMONTH(1.0),Live births (total) by month,A,Annual,NR,Number,M10,October,MK,North Macedonia,2010,,1984,,,,,
dataflow,ESTAT:DEMO_FMONTH(1.0),Live births (total) by month,A,Annual,NR,Number,M10,October,MK,North Macedonia,2015,,2129,,,,,
dataflow,ESTAT:DEMO_FMONTH(1.0),Live births (total) by month,A,Annual,NR,Number,M10,October,MK,North Macedonia,2020,,1630,,,,,
dataflow,ESTAT:DEMO_FMONTH(1.0),Live births (total) by month,A,Annual,NR,Number,M10,October,MK,North Macedonia,2023,,1475,,,,,
dataflow,ESTAT:DEMO_FMONTH(1.0),Live births (total) by month,A,Annual,NR,Number,M10,October,MT,Malta,1995,,434,,,,,
dataflow,ESTAT:DEMO_FMONTH(1.0),Live births (total) by month,A,Annual,NR,Number,M10,October,MT,Malta,2000,,377,,,,,
dataflow,ESTAT:DEMO_FMONTH(1.0),Live births (total) by month,A,Annual,NR,Number,M10,October,MT,Malta,2005,,345,,,,,
dataflow,ESTAT:DEMO_FMONTH(1.0),Live births (total) by month,A,Annual,NR,Number,M10,October,MT,Malta,2010,,322,,,,,
dataflow,ESTAT:DEMO_FMONTH(1.0),Live births (total) by month,A,Annual,NR,Number,M10,October,MT,Malta,2015,,377,,,,,
dataflow,ESTAT:DEMO_FMONTH(1.0),Live births (total) by month,A,Annual,NR,Number,M10,October,MT,Malta,2020,,387,,,,,
dataflow,ESTAT:DEMO_FMONTH(1.0),Live births (total) by month,A,Annual,NR,Number,M10,October,MT,Malta,2023,,397,,,,,
dataflow,ESTAT:DEMO_FMONTH(1.0),Live births (total) by month,A,Annual,NR,Number,M10,October,NL,Netherlands,1980,,15479,,,,,
dataflow,ESTAT:DEMO_FMONTH(1.0),Live births (total) by month,A,Annual,NR,Number,M10,October,NL,Netherlands,1985,,15473,,,,,
dataflow,ESTAT:DEMO_FMONTH(1.0),Live births (total) by month,A,Annual,NR,Number,M10,October,NL,Netherlands,1990,,16971,,,,,
dataflow,ESTAT:DEMO_FMONTH(1.0),Live births (total) by month,A,Annual,NR,Number,M10,October,NL,Netherlands,1995,,16508,,,,,
dataflow,ESTAT:DEMO_FMONTH(1.0),Live births (total) by month,A,Annual,NR,Number,M10,October,NL,Netherlands,2000,,17155,,,,,
dataflow,ESTAT:DEMO_FMONTH(1.0),Live births (total) by month,A,Annual,NR,Number,M10,October,NL,Netherlands,2005,,16024,,,,,
dataflow,ESTAT:DEMO_FMONTH(1.0),Live births (total) by month,A,Annual,NR,Number,M10,October,NL,Netherlands,2010,,16064,,,,,
dataflow,ESTAT:DEMO_FMONTH(1.0),Live births (total) by month,A,Annual,NR,Number,M10,October,NL,Netherlands,2015,,14610,,,,,
dataflow,ESTAT:DEMO_FMONTH(1.0),Live births (total) by month,A,Annual,NR,Number,M10,October,NL,Netherlands,2020,,14508,,,,,
dataflow,ESTAT:DEMO_FMONTH(1.0),Live births (total) by month,A,Annual,NR,Number,M10,October,NL,Netherlands,2023,,14108,,,,,
dataflow,ESTAT:DEMO_FMONTH(1.0),Live births (total) by month,A,Annual,NR,Number,M10,October,NO,Norway,1980,,4018,,,,,
dataflow,ESTAT:DEMO_FMONTH(1.0),Live births (total) by month,A,Annual,NR,Number,M10,October,NO,Norway,1985,,4026,,,,,
dataflow,ESTAT:DEMO_FMONTH(1.0),Live births (total) by month,A,Annual,NR,Number,M10,October,NO,Norway,1990,,4842,,,,,
dataflow,ESTAT:DEMO_FMONTH(1.0),Live births (total) by month,A,Annual,NR,Number,M10,October,NO,Norway,1995,,4718,,,,,
dataflow,ESTAT:DEMO_FMONTH(1.0),Live births (total) by month,A,Annual,NR,Number,M10,October,NO,Norway,2000,,4575,,,,,
dataflow,ESTAT:DEMO_FMONTH(1.0),Live births (total) by month,A,Annual,NR,Number,M10,October,NO,Norway,2005,,4632,,,,,
dataflow,ESTAT:DEMO_FMONTH(1.0),Live births (total) by month,A,Annual,NR,Number,M10,October,NO,Norway,2010,,5149,,,,,
dataflow,ESTAT:DEMO_FMONTH(1.0),Live births (total) by month,A,Annual,NR,Number,M10,October,NO,Norway,2015,,4800,,,,,
dataflow,ESTAT:DEMO_FMONTH(1.0),Live births (total) by month,A,Annual,NR,Number,M10,October,NO,Norway,2020,,4383,,,,,
dataflow,ESTAT:DEMO_FMONTH(1.0),Live births (total) by month,A,Annual,NR,Number,M10,October,NO,Norway,2023,,4399,,,,,
dataflow,ESTAT:DEMO_FMONTH(1.0),Live births (total) by month,A,Annual,NR,Number,M10,October,PL,Poland,1995,,35667,,,,,
dataflow,ESTAT:DEMO_FMONTH(1.0),Live births (total) by month,A,Annual,NR,Number,M10,October,PL,Poland,2000,,30034,,,,,
dataflow,ESTAT:DEMO_FMONTH(1.0),Live births (total) by month,A,Annual,NR,Number,M10,October,PL,Poland,2005,,29691,,,,,
dataflow,ESTAT:DEMO_FMONTH(1.0),Live births (total) by month,A,Annual,NR,Number,M10,October,PL,Poland,2010,,33656,,,,,
dataflow,ESTAT:DEMO_FMONTH(1.0),Live births (total) by month,A,Annual,NR,Number,M10,October,PL,Poland,2015,,31040,,,,,
dataflow,ESTAT:DEMO_FMONTH(1.0),Live births (total) by month,A,Annual,NR,Number,M10,October,PL,Poland,2020,,28720,,,,,
dataflow,ESTAT:DEMO_FMONTH(1.0),Live births (total) by month,A,Annual,NR,Number,M10,October,PL,Poland,2023,,21507,,,,,
dataflow,ESTAT:DEMO_FMONTH(1.0),Live births (total) by month,A,Annual,NR,Number,M10,October,PT,Portugal,1980,,12819,,,,,
dataflow,ESTAT:DEMO_FMONTH(1.0),Live births (total) by month,A,Annual,NR,Number,M10,October,PT,Portugal,1985,,11019,,,,,
dataflow,ESTAT:DEMO_FMONTH(1.0),Live births (total) by month,A,Annual,NR,Number,M10,October,PT,Portugal,1990,,9767,,,,,
dataflow,ESTAT:DEMO_FMONTH(1.0),Live births (total) by month,A,Annual,NR,Number,M10,October,PT,Portugal,1995,,8952,,,,,
dataflow,ESTAT:DEMO_FMONTH(1.0),Live births (total) by month,A,Annual,NR,Number,M10,October,PT,Portugal,2000,,10677,,,,,
dataflow,ESTAT:DEMO_FMONTH(1.0),Live births (total) by month,A,Annual,NR,Number,M10,October,PT,Portugal,2005,,9296,,,,,
dataflow,ESTAT:DEMO_FMONTH(1.0),Live births (total) by month,A,Annual,NR,Number,M10,October,PT,Portugal,2010,,9170,,,,,
dataflow,ESTAT:DEMO_FMONTH(1.0),Live births (total) by month,A,Annual,NR,Number,M10,October,PT,Portugal,2015,,7413,,,,,
dataflow,ESTAT:DEMO_FMONTH(1.0),Live births (total) by month,A,Annual,NR,Number,M10,October,PT,Portugal,2020,,7385,,,,,
dataflow,ESTAT:DEMO_FMONTH(1.0),Live births (total) by month,A,Annual,NR,Number,M10,October,PT,Portugal,2023,,7597,,,,,
dataflow,ESTAT:DEMO_FMONTH(1.0),Live births (total) by month,A,Annual,NR,Number,M10,October,RO,Romania,1995,,19712,,,,,
dataflow,ESTAT:DEMO_FMONTH(1.0),Live births (total) by month,A,Annual,NR,Number,M10,October,RO,Romania,2000,,19190,,,,,
dataflow,ESTAT:DEMO_FMONTH(1.0),Live births (total) by month,A,Annual,NR,Number,M10,October,RO,Romania,2005,,18868,,,,,
dataflow,ESTAT:DEMO_FMONTH(1.0),Live births (total) by month,A,Annual,NR,Number,M10,October,RO,Romania,2010,,17698,,,,,
dataflow,ESTAT:DEMO_FMONTH(1.0),Live births (total) by month,A,Annual,NR,Number,M10,October,RO,Romania,2015,,17299,,,,,
dataflow,ESTAT:DEMO_FMONTH(1.0),Live births (total) by month,A,Annual,NR,Number,M10,October,RO,Romania,2020,,17326,,,,,
dataflow,ESTAT:DEMO_FMONTH(1.0),Live births (total) by month,A,Annual,NR,Number,M10,October,RO,Romania,2023,,12692,,,,,
dataflow,ESTAT:DEMO_FMONTH(1.0),Live births (total) by month,A,Annual,NR,Number,M10,October,RS,Serbia,2000,,6304,,,,,
dataflow,ESTAT:DEMO_FMONTH(1.0),Live births (total) by month,A,Annual,NR,Number,M10,October,RS,Serbia,2005,,6078,,,,,
dataflow,ESTAT:DEMO_FMONTH(1.0),Live births (total) by month,A,Annual,NR,Number,M10,October,RS,Serbia,2010,,6110,,,,,
dataflow,ESTAT:DEMO_FMONTH(1.0),Live births (total) by month,A,Annual,NR,Number,M10,October,RS,Serbia,2015,,6008,,,,,
dataflow,ESTAT:DEMO_FMONTH(1.0),Live births (total) by month,A,Annual,NR,Number,M10,October,RS,Serbia,2020,,5555,,,,,
dataflow,ESTAT:DEMO_FMONTH(1.0),Live births (total) by month,A,Annual,NR,Number,M10,October,RS,Serbia,2023,,5341,,,,,
dataflow,ESTAT:DEMO_FMONTH(1.0),Live births (total) by month,A,Annual,NR,Number,M10,October,RU,Russia,2005,,117446,,,,,
dataflow,ESTAT:DEMO_FMONTH(1.0),Live births (total) by month,A,Annual,NR,Number,M10,October,RU,Russia,2010,,150965,,,,,
dataflow,ESTAT:DEMO_FMONTH(1.0),Live births (total) by month,A,Annual,NR,Number,M10,October,SE,Sweden,1980,,7176,,,,,
dataflow,ESTAT:DEMO_FMONTH(1.0),Live births (total) by month,A,Annual,NR,Number,M10,October,SE,Sweden,1985,,7537,,,,,
dataflow,ESTAT:DEMO_FMONTH(1.0),Live births (total) by month,A,Annual,NR,Number,M10,October,SE,Sweden,1990,,9836,,,,,
dataflow,ESTAT:DEMO_FMONTH(1.0),Live births (total) by month,A,Annual,NR,Number,M10,October,SE,Sweden,1995,,7958,,,,,
dataflow,ESTAT:DEMO_FMONTH(1.0),Live births (total) by month,A,Annual,NR,Number,M10,October,SE,Sweden,2000,,7267,,,,,
dataflow,ESTAT:DEMO_FMONTH(1.0),Live births (total) by month,A,Annual,NR,Number,M10,October,SE,Sweden,2005,,8230,,,,,
dataflow,ESTAT:DEMO_FMONTH(1.0),Live births (total) by month,A,Annual,NR,Number,M10,October,SE,Sweden,2010,,9423,,,,,
dataflow,ESTAT:DEMO_FMONTH(1.0),Live births (total) by month,A,Annual,NR,Number,M10,October,SE,Sweden,2015,,9614,,,,,
dataflow,ESTAT:DEMO_FMONTH(1.0),Live births (total) by month,A,Annual,NR,Number,M10,October,SE,Sweden,2020,,9174,,,,,
dataflow,ESTAT:DEMO_FMONTH(1.0),Live births (total) by month,A,Annual,NR,Number,M10,October,SE,Sweden,2023,,8216,,,,,
dataflow,ESTAT:DEMO_FMONTH(1.0),Live births (total) by month,A,Annual,NR,Number,M10,October,SI,Slovenia,1995,,1586,,,,,
dataflow,ESTAT:DEMO_FMONTH(1.0),Live births (total) by month,A,Annual,NR,Number,M10,October,SI,Slovenia,2000,,1554,,,,,
dataflow,ESTAT:DEMO_FMONTH(1.0),Live births (total) by month,A,Annual,NR,Number,M10,October,SI,Slovenia,2005,,1546,,,,,
dataflow,ESTAT:DEMO_FMONTH(1.0),Live births (total) by month,A,Annual,NR,Number,M10,October,SI,Slovenia,2010,,1958,,,,,
dataflow,ESTAT:DEMO_FMONTH(1.0),Live births (total) by month,A,Annual,NR,Number,M10,October,SI,Slovenia,2015,,1759,,,,,
dataflow,ESTAT:DEMO_FMONTH(1.0),Live births (total) by month,A,Annual,NR,Number,M10,October,SI,Slovenia,2020,,1648,,,,,
dataflow,ESTAT:DEMO_FMONTH(1.0),Live births (total) by month,A,Annual,NR,Number,M10,October,SI,Slovenia,2023,,1394,,,,,
dataflow,ESTAT:DEMO_FMONTH(1.0),Live births (total) by month,A,Annual,NR,Number,M10,October,SK,Slovakia,2000,,4302,,,,,
dataflow,ESTAT:DEMO_FMONTH(1.0),Live births (total) by month,A,Annual,NR,Number,M10,October,SK,Slovakia,2005,,4337,,,,,
dataflow,ESTAT:DEMO_FMONTH(1.0),Live births (total) by month,A,Annual,NR,Number,M10,October,SK,Slovakia,2010,,4639,,,,,
dataflow,ESTAT:DEMO_FMONTH(1.0),Live births (total) by month,A,Annual,NR,Number,M10,October,SK,Slovakia,2015,,4641,,,,,
dataflow,ESTAT:DEMO_FMONTH(1.0),Live births (total) by month,A,Annual,NR,Number,M10,October,SK,Slovakia,2020,,4721,,,,,
dataflow,ESTAT:DEMO_FMONTH(1.0),Live births (total) by month,A,Annual,NR,Number,M10,October,SK,Slovakia,2023,,3922,,,,,
dataflow,ESTAT:DEMO_FMONTH(1.0),Live births (total) by month,A,Annual,NR,Number,M10,October,SM,San Marino,2005,,24,,,,,
dataflow,ESTAT:DEMO_FMONTH(1.0),Live births (total) by month,A,Annual,NR,Number,M10,October,TR,Türkiye,2010,,102121,,,,,
dataflow,ESTAT:DEMO_FMONTH(1.0),Live births (total) by month,A,Annual,NR,Number,M10,October,TR,Türkiye,2015,,111744,,,,,
dataflow,ESTAT:DEMO_FMONTH(1.0),Live births (total) by month,A,Annual,NR,Number,M10,October,TR,Türkiye,2020,,93120,,,,,
dataflow,ESTAT:DEMO_FMONTH(1.0),Live births (total) by month,A,Annual,NR,Number,M10,October,UA,Ukraine,2005,,35706,,,,,
dataflow,ESTAT:DEMO_FMONTH(1.0),Live births (total) by month,A,Annual,NR,Number,M10,October,UA,Ukraine,2010,,42304,,,,,
dataflow,ESTAT:DEMO_FMONTH(1.0),Live births (total) by month,A,Annual,NR,Number,M10,October,UA,Ukraine,2015,,36310,,,,,
dataflow,ESTAT:DEMO_FMONTH(1.0),Live births (total) by month,A,Annual,NR,Number,M10,October,UA,Ukraine,2020,,26621,,,,,
dataflow,ESTAT:DEMO_FMONTH(1.0),Live births (total) by month,A,Annual,NR,Number,M10,October,UK,United Kingdom,1980,,63582,,,,,
dataflow,ESTAT:DEMO_FMONTH(1.0),Live births (total) by month,A,Annual,NR,Number,M10,October,UK,United Kingdom,1985,,63866,,,,,
dataflow,ESTAT:DEMO_FMONTH(1.0),Live births (total) by month,A,Annual,NR,Number,M10,October,UK,United Kingdom,1990,,68631,,,,,
dataflow,ESTAT:DEMO_FMONTH(1.0),Live births (total) by month,A,Annual,NR,Number,M10,October,UK,United Kingdom,1995,,62348,,,,,
dataflow,ESTAT:DEMO_FMONTH(1.0),Live births (total) by month,A,Annual,NR,Number,M10,October,UK,United Kingdom,2000,,57325,,,,,
dataflow,ESTAT:DEMO_FMONTH(1.0),Live births (total) by month,A,Annual,NR,Number,M10,October,UK,United Kingdom,2005,,62094,,,,,
dataflow,ESTAT:DEMO_FMONTH(1.0),Live births (total) by month,A,Annual,NR,Number,M10,October,UK,United Kingdom,2010,,71668,,,,,
dataflow,ESTAT:DEMO_FMONTH(1.0),Live births (total) by month,A,Annual,NR,Number,M10,October,UK,United Kingdom,2015,,67388,,,,,
dataflow,ESTAT:DEMO_FMONTH(1.0),Live births (total) by month,A,Annual,NR,Number,M10,October,XK,Kosovo*,2005,,3143,,,,,
dataflow,ESTAT:DEMO_FMONTH(1.0),Live births (total) by month,A,Annual,NR,Number,M10,October,XK,Kosovo*,2015,,2185,,,,,
dataflow,ESTAT:DEMO_FMONTH(1.0),Live births (total) by month,A,Annual,NR,Number,M10,October,XK,Kosovo*,2020,,1846,,,,,
dataflow,ESTAT:DEMO_FMONTH(1.0),Live births (total) by month,A,Annual,NR,Number,M11,November,AD,Andorra,2005,,54,,,,,
dataflow,ESTAT:DEMO_FMONTH(1.0),Live births (total) by month,A,Annual,NR,Number,M11,November,AD,Andorra,2010,,68,,,,,
dataflow,ESTAT:DEMO_FMONTH(1.0),Live births (total) by month,A,Annual,NR,Number,M11,November,AL,Albania,2005,,3034,,,,,
dataflow,ESTAT:DEMO_FMONTH(1.0),Live births (total) by month,A,Annual,NR,Number,M11,November,AL,Albania,2015,,2596,,,,,
dataflow,ESTAT:DEMO_FMONTH(1.0),Live births (total) by month,A,Annual,NR,Number,M11,November,AL,Albania,2020,,2303,,,,,
dataflow,ESTAT:DEMO_FMONTH(1.0),Live births (total) by month,A,Annual,NR,Number,M11,November,AL,Albania,2023,,1941,,,,,
dataflow,ESTAT:DEMO_FMONTH(1.0),Live births (total) by month,A,Annual,NR,Number,M11,November,AM,Armenia,2005,,3226,,,,,
dataflow,ESTAT:DEMO_FMONTH(1.0),Live births (total) by month,A,Annual,NR,Number,M11,November,AM,Armenia,2015,,3469,,,,,
dataflow,ESTAT:DEMO_FMONTH(1.0),Live births (total) by month,A,Annual,NR,Number,M11,November,AM,Armenia,2020,,3199,,,,,
dataflow,ESTAT:DEMO_FMONTH(1.0),Live births (total) by month,A,Annual,NR,Number,M11,November,AM,Armenia,2023,,3188,,,,,
dataflow,ESTAT:DEMO_FMONTH(1.0),Live births (total) by month,A,Annual,NR,Number,M11,November,AT,Austria,1980,,7535,,,,,
dataflow,ESTAT:DEMO_FMONTH(1.0),Live births (total) by month,A,Annual,NR,Number,M11,November,AT,Austria,1985,,6796,,,,,
dataflow,ESTAT:DEMO_FMONTH(1.0),Live births (total) by month,A,Annual,NR,Number,M11,November,AT,Austria,1990,,7285,,,,,
dataflow,ESTAT:DEMO_FMONTH(1.0),Live births (total) by month,A,Annual,NR,Number,M11,November,AT,Austria,1995,,6892,,,,,
dataflow,ESTAT:DEMO_FMONTH(1.0),Live births (total) by month,A,Annual,NR,Number,M11,November,AT,Austria,2000,,6101,,,,,
dataflow,ESTAT:DEMO_FMONTH(1.0),Live births (total) by month,A,Annual,NR,Number,M11,November,AT,Austria,2005,,5973,,,,,
dataflow,ESTAT:DEMO_FMONTH(1.0),Live births (total) by month,A,Annual,NR,Number,M11,November,AT,Austria,2010,,6467,,,,,
dataflow,ESTAT:DEMO_FMONTH(1.0),Live births (total) by month,A,Annual,NR,Number,M11,November,AT,Austria,2015,,6702,,,,,
dataflow,ESTAT:DEMO_FMONTH(1.0),Live births (total) by month,A,Annual,NR,Number,M11,November,AT,Austria,2020,,6413,,,,,
dataflow,ESTAT:DEMO_FMONTH(1.0),Live births (total) by month,A,Annual,NR,Number,M11,November,AT,Austria,2023,,6347,,,,,
dataflow,ESTAT:DEMO_FMONTH(1.0),Live births (total) by month,A,Annual,NR,Number,M11,November,AZ,Azerbaijan,2005,,13252,,,,,
dataflow,ESTAT:DEMO_FMONTH(1.0),Live births (total) by month,A,Annual,NR,Number,M11,November,AZ,Azerbaijan,2010,,14626,,,,,
dataflow,ESTAT:DEMO_FMONTH(1.0),Live births (total) by month,A,Annual,NR,Number,M11,November,AZ,Azerbaijan,2015,,13951,,,,,
dataflow,ESTAT:DEMO_FMONTH(1.0),Live births (total) by month,A,Annual,NR,Number,M11,November,AZ,Azerbaijan,2020,,9885,,,,,
dataflow,ESTAT:DEMO_FMONTH(1.0),Live births (total) by month,A,Annual,NR,Number,M11,November,BA,Bosnia and Herzegovina,2005,,2812,,,,,
dataflow,ESTAT:DEMO_FMONTH(1.0),Live births (total) by month,A,Annual,NR,Number,M11,November,BA,Bosnia and Herzegovina,2010,,2661,,,,,
dataflow,ESTAT:DEMO_FMONTH(1.0),Live births (total) by month,A,Annual,NR,Number,M11,November,BE,Belgium,1980,,9630,,,,,
dataflow,ESTAT:DEMO_FMONTH(1.0),Live births (total) by month,A,Annual,NR,Number,M11,November,BE,Belgium,1985,,8646,,,,,
dataflow,ESTAT:DEMO_FMONTH(1.0),Live births (total) by month,A,Annual,NR,Number,M11,November,BE,Belgium,1990,,9734,,,,,
dataflow,ESTAT:DEMO_FMONTH(1.0),Live births (total) by month,A,Annual,NR,Number,M11,November,BE,Belgium,1995,,9040,,,,,
dataflow,ESTAT:DEMO_FMONTH(1.0),Live births (total) by month,A,Annual,NR,Number,M11,November,BE,Belgium,2000,,9305,,,,,
dataflow,ESTAT:DEMO_FMONTH(1.0),Live births (total) by month,A,Annual,NR,Number,M11,November,BE,Belgium,2005,,9439,,,,,
dataflow,ESTAT:DEMO_FMONTH(1.0),Live births (total) by month,A,Annual,NR,Number,M11,November,BE,Belgium,2010,,10606,,,,,
dataflow,ESTAT:DEMO_FMONTH(1.0),Live births (total) by month,A,Annual,NR,Number,M11,November,BE,Belgium,2015,,9551,,,,,
dataflow,ESTAT:DEMO_FMONTH(1.0),Live births (total) by month,A,Annual,NR,Number,M11,November,BE,Belgium,2020,,8776,,,,,
dataflow,ESTAT:DEMO_FMONTH(1.0),Live births (total) by month,A,Annual,NR,Number,M11,November,BE,Belgium,2023,,8858,,,,,
dataflow,ESTAT:DEMO_FMONTH(1.0),Live births (total) by month,A,Annual,NR,Number,M11,November,BG,Bulgaria,1995,,5519,,,,,
dataflow,ESTAT:DEMO_FMONTH(1.0),Live births (total) by month,A,Annual,NR,Number,M11,November,BG,Bulgaria,2000,,5253,,,,,
dataflow,ESTAT:DEMO_FMONTH(1.0),Live births (total) by month,A,Annual,NR,Number,M11,November,BG,Bulgaria,2005,,5339,,,,,
dataflow,ESTAT:DEMO_FMONTH(1.0),Live births (total) by month,A,Annual,NR,Number,M11,November,BG,Bulgaria,2010,,6062,,,,,
dataflow,ESTAT:DEMO_FMONTH(1.0),Live births (total) by month,A,Annual,NR,Number,M11,November,BG,Bulgaria,2015,,4956,,,,,
dataflow,ESTAT:DEMO_FMONTH(1.0),Live births (total) by month,A,Annual,NR,Number,M11,November,BG,Bulgaria,2020,,4444,,,,,
dataflow,ESTAT:DEMO_FMONTH(1.0),Live births (total) by month,A,Annual,NR,Number,M11,November,BG,Bulgaria,2023,,4396,,,,,
dataflow,ESTAT:DEMO_FMONTH(1.0),Live births (total) by month,A,Annual,NR,Number,M11,November,BY,Belarus,2005,,7669,,,,,
dataflow,ESTAT:DEMO_FMONTH(1.0),Live births (total) by month,A,Annual,NR,Number,M11,November,BY,Belarus,2015,,9787,,,,,
dataflow,ESTAT:DEMO_FMONTH(1.0),Live births (total) by month,A,Annual,NR,Number,M11,November,CH,Switzerland,1980,,5603,,,,,
dataflow,ESTAT:DEMO_FMONTH(1.0),Live births (total) by month,A,Annual,NR,Number,M11,November,CH,Switzerland,1985,,5698,,,,,
dataflow,ESTAT:DEMO_FMONTH(1.0),Live births (total) by month,A,Annual,NR,Number,M11,November,CH,Switzerland,1990,,6647,,,,,
dataflow,ESTAT:DEMO_FMONTH(1.0),Live births (total) by month,A,Annual,NR,Number,M11,November,CH,Switzerland,1995,,6343,,,,,
dataflow,ESTAT:DEMO_FMONTH(1.0),Live births (total) by month,A,Annual,NR,Number,M11,November,CH,Switzerland,2000,,6265,,,,,
dataflow,ESTAT:DEMO_FMONTH(1.0),Live births (total) by month,A,Annual,NR,Number,M11,November,CH,Switzerland,2005,,5861,,,,,
dataflow,ESTAT:DEMO_FMONTH(1.0),Live births (total) by month,A,Annual,NR,Number,M11,November,CH,Switzerland,2010,,6507,,,,,
dataflow,ESTAT:DEMO_FMONTH(1.0),Live births (total) by month,A,Annual,NR,Number,M11,November,CH,Switzerland,2015,,6860,,,,,
dataflow,ESTAT:DEMO_FMONTH(1.0),Live births (total) by month,A,Annual,NR,Number,M11,November,CH,Switzerland,2020,,6494,,,,,
dataflow,ESTAT:DEMO_FMONTH(1.0),Live births (total) by month,A,Annual,NR,Number,M11,November,CH,Switzerland,2023,,6428,,,,,
dataflow,ESTAT:DEMO_FMONTH(1.0),Live births (total) by month,A,Annual,NR,Number,M11,November,CY,Cyprus,1995,,830,,,,,
dataflow,ESTAT:DEMO_FMONTH(1.0),Live births (total) by month,A,Annual,NR,Number,M11,November,CY,Cyprus,2000,,763,,,,,
dataflow,ESTAT:DEMO_FMONTH(1.0),Live births (total) by month,A,Annual,NR,Number,M11,November,CY,Cyprus,2005,,710,,,,,
dataflow,ESTAT:DEMO_FMONTH(1.0),Live births (total) by month,A,Annual,NR,Number,M11,November,CY,Cyprus,2010,,840,,,,,
dataflow,ESTAT:DEMO_FMONTH(1.0),Live births (total) by month,A,Annual,NR,Number,M11,November,CY,Cyprus,2015,,796,,,,,
dataflow,ESTAT:DEMO_FMONTH(1.0),Live births (total) by month,A,Annual,NR,Number,M11,November,CY,Cyprus,2020,,848,,,,,
dataflow,ESTAT:DEMO_FMONTH(1.0),Live births (total) by month,A,Annual,NR,Number,M11,November,CY,Cyprus,2023,,836,,,,,
dataflow,ESTAT:DEMO_FMONTH(1.0),Live births (total) by month,A,Annual,NR,Number,M11,November,CZ,Czechia,1990,,10097,,,,,
dataflow,ESTAT:DEMO_FMONTH(1.0),Live births (total) by month,A,Annual,NR,Number,M11,November,CZ,Czechia,1995,,7030,,,,,
dataflow,ESTAT:DEMO_FMONTH(1.0),Live births (total) by month,A,Annual,NR,Number,M11,November,CZ,Czechia,2000,,6946,,,,,
dataflow,ESTAT:DEMO_FMONTH(1.0),Live births (total) by month,A,Annual,NR,Number,M11,November,CZ,Czechia,2005,,7885,,,,,
dataflow,ESTAT:DEMO_FMONTH(1.0),Live births (total) by month,A,Annual,NR,Number,M11,November,CZ,Czechia,2010,,9205,,,,,
dataflow,ESTAT:DEMO_FMONTH(1.0),Live births (total) by month,A,Annual,NR,Number,M11,November,CZ,Czechia,2015,,8355,,,,,
dataflow,ESTAT:DEMO_FMONTH(1.0),Live births (total) by month,A,Annual,NR,Number,M11,November,CZ,Czechia,2020,,8294,,,,,
dataflow,ESTAT:DEMO_FMONTH(1.0),Live births (total) by month,A,Annual,NR,Number,M11,November,CZ,Czechia,2023,,7091,,,,,
dataflow,ESTAT:DEMO_FMONTH(1.0),Live births (total) by month,A,Annual,NR,Number,M11,November,DE,Germany,1980,,48656,,,,,
dataflow,ESTAT:DEMO_FMONTH(1.0),Live births (total) by month,A,Annual,NR,Number,M11,November,DE,Germany,1985,,45394,,,,,
dataflow,ESTAT:DEMO_FMONTH(1.0),Live births (total) by month,A,Annual,NR,Number,M11,November,DE,Germany,1990,,59042,,,,,
dataflow,ESTAT:DEMO_FMONTH(1.0),Live births (total) by month,A,Annual,NR,Number,M11,November,DE,Germany,1995,,61000,,,,,
dataflow,ESTAT:DEMO_FMONTH(1.0),Live births (total) by month,A,Annual,NR,Number,M11,November,DE,Germany,2000,,58676,,,,,
dataflow,ESTAT:DEMO_FMONTH(1.0),Live births (total) by month,A,Annual,NR,Number,M11,November,DE,Germany,2005,,52765,,,,,
dataflow,ESTAT:DEMO_FMONTH(1.0),Live births (total) by month,A,Annual,NR,Number,M11,November,DE,Germany,2010,,54576,,,,,
dataflow,ESTAT:DEMO_FMONTH(1.0),Live births (total) by month,A,Annual,NR,Number,M11,November,DE,Germany,2015,,58412,,,,,
dataflow,ESTAT:DEMO_FMONTH(1.0),Live births (total) by month,A,Annual,NR,Number,M11,November,DE,Germany,2020,,59502,,,,,
dataflow,ESTAT:DEMO_FMONTH(1.0),Live births (total) by month,A,Annual,NR,Number,M11,November,DE,Germany,2023,,55757,,,,,
dataflow,ESTAT:DEMO_FMONTH(1.0),Live births (total) by month,A,Annual,NR,Number,M11,November,DE_TOT,Germany including former GDR,1980,,67184,,,,,
dataflow,ESTAT:DEMO_FMONTH(1.0),Live births (total) by month,A,Annual,NR,Number,M11,November,DE_TOT,Germany including former GDR,1985,,63045,,,,,
dataflow,ESTAT:DEMO_FMONTH(1.0),Live births (total) by month,A,Annual,NR,Number,M11,November,DE_TOT,Germany including former GDR,1990,,70483,,,,,
dataflow,ESTAT:DEMO_FMONTH(1.0),Live births (total) by month,A,Annual,NR,Number,M11,November,DE_TOT,Germany including former GDR,1995,,61000,,,,,
dataflow,ESTAT:DEMO_FMONTH(1.0),Live births (total) by month,A,Annual,NR,Number,M11,November,DE_TOT,Germany including former GDR,2000,,58676,,,,,
dataflow,ESTAT:DEMO_FMONTH(1.0),Live births (total) by month,A,Annual,NR,Number,M11,November,DE_TOT,Germany including former GDR,2005,,52765,,,,,
dataflow,ESTAT:DEMO_FMONTH(1.0),Live births (total) by month,A,Annual,NR,Number,M11,November,DE_TOT,Germany including former GDR,2010,,54576,,,,,
dataflow,ESTAT:DEMO_FMONTH(1.0),Live births (total) by month,A,Annual,NR,Number,M11,November,DE_TOT,Germany including former GDR,2015,,58412,,,,,
dataflow,ESTAT:DEMO_FMONTH(1.0),Live births (total) by month,A,Annual,NR,Number,M11,November,DE_TOT,Germany including former GDR,2020,,59502,,,,,
dataflow,ESTAT:DEMO_FMONTH(1.0),Live births (total) by month,A,Annual,NR,Number,M11,November,DE_TOT,Germany including former GDR,2023,,55757,,,,,
dataflow,ESTAT:DEMO_FMONTH(1.0),Live births (total) by month,A,Annual,NR,Number,M11,November,DK,Denmark,1980,,4124,,,,,
dataflow,ESTAT:DEMO_FMONTH(1.0),Live births (total) by month,A,Annual,NR,Number,M11,November,DK,Denmark,1985,,4037,,,,,
dataflow,ESTAT:DEMO_FMONTH(1.0),Live births (total) by month,A,Annual,NR,Number,M11,November,DK,Denmark,1990,,4771,,,,,
dataflow,ESTAT:DEMO_FMONTH(1.0),Live births (total) by month,A,Annual,NR,Number,M11,November,DK,Denmark,1995,,5404,,,,,
dataflow,ESTAT:DEMO_FMONTH(1.0),Live births (total) by month,A,Annual,NR,Number,M11,November,DK,Denmark,2000,,5266,,,,,
dataflow,ESTAT:DEMO_FMONTH(1.0),Live births (total) by month,A,Annual,NR,Number,M11,November,DK,Denmark,2005,,5030,,,,,
dataflow,ESTAT:DEMO_FMONTH(1.0),Live births (total) by month,A,Annual,NR,Number,M11,November,DK,Denmark,2010,,4974,,,,,
dataflow,ESTAT:DEMO_FMONTH(1.0),Live births (total) by month,A,Annual,NR,Number,M11,November,DK,Denmark,2015,,4828,,,,,
dataflow,ESTAT:DEMO_FMONTH(1.0),Live births (total) by month,A,Annual,NR,Number,M11,November,DK,Denmark,2020,,4719,,,,,
dataflow,ESTAT:DEMO_FMONTH(1.0),Live births (total) by month,A,Annual,NR,Number,M11,November,DK,Denmark,2023,,4435,,,,,
dataflow,ESTAT:DEMO_FMONTH(1.0),Live births (total) by month,A,Annual,NR,Number,M11,November,EE,Estonia,1980,,1765,,,,,
dataflow,ESTAT:DEMO_FMONTH(1.0),Live births (total) by month,A,Annual,NR,Number,M11,November,EE,Estonia,1985,,1771,,,,,
dataflow,ESTAT:DEMO_FMONTH(1.0),Live births (total) by month,A,Annual,NR,Number,M11,November,EE,Estonia,1990,,1538,,,,,
dataflow,ESTAT:DEMO_FMONTH(1.0),Live births (total) by month,A,Annual,NR,Number,M11,November,EE,Estonia,1995,,1053,,,,,
dataflow,ESTAT:DEMO_FMONTH(1.0),Live births (total) by month,A,Annual,NR,Number,M11,November,EE,Estonia,2000,,965,,,,,
dataflow,ESTAT:DEMO_FMONTH(1.0),Live births (total) by month,A,Annual,NR,Number,M11,November,EE,Estonia,2005,,1143,,,,,
dataflow,ESTAT:DEMO_FMONTH(1.0),Live births (total) by month,A,Annual,NR,Number,M11,November,EE,Estonia,2010,,1248,,,,,
dataflow,ESTAT:DEMO_FMONTH(1.0),Live births (total) by month,A,Annual,NR,Number,M11,November,EE,Estonia,2015,,1060,,,,,
dataflow,ESTAT:DEMO_FMONTH(1.0),Live births (total) by month,A,Annual,NR,Number,M11,November,EE,Estonia,2020,,968,,,,,
dataflow,ESTAT:DEMO_FMONTH(1.0),Live births (total) by month,A,Annual,NR,Number,M11,November,EE,Estonia,2023,,857,,,,,
dataflow,ESTAT:DEMO_FMONTH(1.0),Live births (total) by month,A,Annual,NR,Number,M11,November,EL,Greece,1980,,11181,,,,,
dataflow,ESTAT:DEMO_FMONTH(1.0),Live births (total) by month,A,Annual,NR,Number,M11,November,EL,Greece,1985,,9031,,,,,
dataflow,ESTAT:DEMO_FMONTH(1.0),Live births (total) by month,A,Annual,NR,Number,M11,November,EL,Greece,1990,,8075,,,,,
dataflow,ESTAT:DEMO_FMONTH(1.0),Live births (total) by month,A,Annual,NR,Number,M11,November,EL,Greece,1995,,8103,,,,,
dataflow,ESTAT:DEMO_FMONTH(1.0),Live births (total) by month,A,Annual,NR,Number,M11,November,EL,Greece,2000,,8678,,,,,
dataflow,ESTAT:DEMO_FMONTH(1.0),Live births (total) by month,A,Annual,NR,Number,M11,November,EL,Greece,2005,,8875,,,,,
dataflow,ESTAT:DEMO_FMONTH(1.0),Live births (total) by month,A,Annual,NR,Number,M11,November,EL,Greece,2010,,9189,,,,,
dataflow,ESTAT:DEMO_FMONTH(1.0),Live births (total) by month,A,Annual,NR,Number,M11,November,EL,Greece,2015,,7654,,,,,
dataflow,ESTAT:DEMO_FMONTH(1.0),Live births (total) by month,A,Annual,NR,Number,M11,November,EL,Greece,2020,,6556,,,,,
dataflow,ESTAT:DEMO_FMONTH(1.0),Live births (total) by month,A,Annual,NR,Number,M11,November,EL,Greece,2023,,6052,,,,,
dataflow,ESTAT:DEMO_FMONTH(1.0),Live births (total) by month,A,Annual,NR,Number,M11,November,ES,Spain,1980,,43323,,,,,
dataflow,ESTAT:DEMO_FMONTH(1.0),Live births (total) by month,A,Annual,NR,Number,M11,November,ES,Spain,1985,,35517,,,,,
dataflow,ESTAT:DEMO_FMONTH(1.0),Live births (total) by month,A,Annual,NR,Number,M11,November,ES,Spain,1990,,32748,,,,,
dataflow,ESTAT:DEMO_FMONTH(1.0),Live births (total) by month,A,Annual,NR,Number,M11,November,ES,Spain,1995,,29238,,,,,
dataflow,ESTAT:DEMO_FMONTH(1.0),Live births (total) by month,A,Annual,NR,Number,M11,November,ES,Spain,2000,,33317,,,,,
dataflow,ESTAT:DEMO_FMONTH(1.0),Live births (total) by month,A,Annual,NR,Number,M11,November,ES,Spain,2005,,39241,,,,,
dataflow,ESTAT:DEMO_FMONTH(1.0),Live births (total) by month,A,Annual,NR,Number,M11,November,ES,Spain,2010,,41448,,,,,
dataflow,ESTAT:DEMO_FMONTH(1.0),Live births (total) by month,A,Annual,NR,Number,M11,November,ES,Spain,2015,,34784,,,,,
dataflow,ESTAT:DEMO_FMONTH(1.0),Live births (total) by month,A,Annual,NR,Number,M11,November,ES,Spain,2020,,26727,,,,,
dataflow,ESTAT:DEMO_FMONTH(1.0),Live births (total) by month,A,Annual,NR,Number,M11,November,ES,Spain,2023,,27280,,,,,
dataflow,ESTAT:DEMO_FMONTH(1.0),Live births (total) by month,A,Annual,NR,Number,M11,November,FI,Finland,1980,,4414,,,,,
dataflow,ESTAT:DEMO_FMONTH(1.0),Live births (total) by month,A,Annual,NR,Number,M11,November,FI,Finland,1985,,4602,,,,,
dataflow,ESTAT:DEMO_FMONTH(1.0),Live births (total) by month,A,Annual,NR,Number,M11,November,FI,Finland,1990,,5129,,,,,
dataflow,ESTAT:DEMO_FMONTH(1.0),Live births (total) by month,A,Annual,NR,Number,M11,November,FI,Finland,1995,,4751,,,,,
dataflow,ESTAT:DEMO_FMONTH(1.0),Live births (total) by month,A,Annual,NR,Number,M11,November,FI,Finland,2000,,4359,,,,,
dataflow,ESTAT:DEMO_FMONTH(1.0),Live births (total) by month,A,Annual,NR,Number,M11,November,FI,Finland,2005,,4438,,,,,
dataflow,ESTAT:DEMO_FMONTH(1.0),Live births (total) by month,A,Annual,NR,Number,M11,November,FI,Finland,2010,,4716,,,,,
dataflow,ESTAT:DEMO_FMONTH(1.0),Live births (total) by month,A,Annual,NR,Number,M11,November,FI,Finland,2015,,4500,,,,,
dataflow,ESTAT:DEMO_FMONTH(1.0),Live births (total) by month,A,Annual,NR,Number,M11,November,FI,Finland,2020,,3608,,,,,
dataflow,ESTAT:DEMO_FMONTH(1.0),Live births (total) by month,A,Annual,NR,Number,M11,November,FI,Finland,2023,,3520,,,,,
dataflow,ESTAT:DEMO_FMONTH(1.0),Live births (total) by month,A,Annual,NR,Number,M11,November,FR,France,1995,,62246,,,,,
dataflow,ESTAT:DEMO_FMONTH(1.0),Live births (total) by month,A,Annual,NR,Number,M11,November,FR,France,2000,,66188,,,,,
dataflow,ESTAT:DEMO_FMONTH(1.0),Live births (total) by month,A,Annual,NR,Number,M11,November,FR,France,2005,,66427,,,,,
dataflow,ESTAT:DEMO_FMONTH(1.0),Live births (total) by month,A,Annual,NR,Number,M11,November,FR,France,2010,,69399,,,,,
dataflow,ESTAT:DEMO_FMONTH(1.0),Live births (total) by month,A,Annual,NR,Number,M11,November,FR,France,2015,,65060,,,,,
dataflow,ESTAT:DEMO_FMONTH(1.0),Live births (total) by month,A,Annual,NR,Number,M11,November,FR,France,2020,,59245,,,,,
dataflow,ESTAT:DEMO_FMONTH(1.0),Live births (total) by month,A,Annual,NR,Number,M11,November,FR,France,2023,,56442,,,,,
dataflow,ESTAT:DEMO_FMONTH(1.0),Live births (total) by month,A,Annual,NR,Number,M11,November,FX,Metropolitan France,1980,,62887,,,,,
dataflow,ESTAT:DEMO_FMONTH(1.0),Live births (total) by month,A,Annual,NR,Number,M11,November,FX,Metropolitan France,1985,,60909,,,,,
dataflow,ESTAT:DEMO_FMONTH(1.0),Live births (total) by month,A,Annual,NR,Number,M11,November,FX,Metropolitan France,1990,,61404,,,,,
dataflow,ESTAT:DEMO_FMONTH(1.0),Live births (total) by month,A,Annual,NR,Number,M11,November,FX,Metropolitan France,1995,,59746,,,,,
dataflow,ESTAT:DEMO_FMONTH(1.0),Live births (total) by month,A,Annual,NR,Number,M11,November,FX,Metropolitan France,2000,,63262,,,,,
dataflow,ESTAT:DEMO_FMONTH(1.0),Live births (total) by month,A,Annual,NR,Number,M11,November,FX,Metropolitan France,2005,,63574,,,,,
dataflow,ESTAT:DEMO_FMONTH(1.0),Live births (total) by month,A,Annual,NR,Number,M11,November,FX,Metropolitan France,2010,,66874,,,,,
dataflow,ESTAT:DEMO_FMONTH(1.0),Live births (total) by month,A,Annual,NR,Number,M11,November,GE,Georgia,2005,,3927,,,,,
dataflow,ESTAT:DEMO_FMONTH(1.0),Live births (total) by month,A,Annual,NR,Number,M11,November,GE,Georgia,2010,,4985,,,,,
dataflow,ESTAT:DEMO_FMONTH(1.0),Live births (total) by month,A,Annual,NR,Number,M11,November,GE,Georgia,2015,,4689,,,,,
dataflow,ESTAT:DEMO_FMONTH(1.0),Live births (total) by month,A,Annual,NR,Number,M11,November,GE,Georgia,2020,,3856,,,,,
dataflow,ESTAT:DEMO_FMONTH(1.0),Live births (total) by month,A,Annual,NR,Number,M11,November,GE,Georgia,2023,,3232,,,,,
dataflow,ESTAT:DEMO_FMONTH(1.0),Live births (total) by month,A,Annual,NR,Number,M11,November,HR,Croatia,1995,,3839,,,,,
dataflow,ESTAT:DEMO_FMONTH(1.0),Live births (total) by month,A,Annual,NR,Number,M11,November,HR,Croatia,2000,,3548,,,,,
dataflow,ESTAT:DEMO_FMONTH(1.0),Live births (total) by month,A,Annual,NR,Number,M11,November,HR,Croatia,2005,,3346,,,,,
dataflow,ESTAT:DEMO_FMONTH(1.0),Live births (total) by month,A,Annual,NR,Number,M11,November,HR,Croatia,2010,,3614,,,,,
dataflow,ESTAT:DEMO_FMONTH(1.0),Live births (total) by month,A,Annual,NR,Number,M11,November,HR,Croatia,2015,,2927,,,,,
dataflow,ESTAT:DEMO_FMONTH(1.0),Live births (total) by month,A,Annual,NR,Number,M11,November,HR,Croatia,2020,,2884,,,,,
dataflow,ESTAT:DEMO_FMONTH(1.0),Live births (total) by month,A,Annual,NR,Number,M11,November,HR,Croatia,2023,,2631,,,,,
dataflow,ESTAT:DEMO_FMONTH(1.0),Live births (total) by month,A,Annual,NR,Number,M11,November,HU,Hungary,1995,,9380,,,,,
dataflow,ESTAT:DEMO_FMONTH(1.0),Live births (total) by month,A,Annual,NR,Number,M11,November,HU,Hungary,2000,,8183,,,,,
dataflow,ESTAT:DEMO_FMONTH(1.0),Live births (total) by month,A,Annual,NR,Number,M11,November,HU,Hungary,2005,,7716,,,,,
dataflow,ESTAT:DEMO_FMONTH(1.0),Live births (total) by month,A,Annual,NR,Number,M11,November,HU,Hungary,2010,,7347,,,,,
dataflow,ESTAT:DEMO_FMONTH(1.0),Live births (total) by month,A,Annual,NR,Number,M11,November,HU,Hungary,2015,,7243,,,,,
dataflow,ESTAT:DEMO_FMONTH(1.0),Live births (total) by month,A,Annual,NR,Number,M11,November,HU,Hungary,2020,,7496,,,,,
dataflow,ESTAT:DEMO_FMONTH(1.0),Live births (total) by month,A,Annual,NR,Number,M11,November,HU,Hungary,2023,,6928,,,,,
dataflow,ESTAT:DEMO_FMONTH(1.0),Live births (total) by month,A,Annual,NR,Number,M11,November,IE,Ireland,1980,,5598,,,,,
dataflow,ESTAT:DEMO_FMONTH(1.0),Live births (total) by month,A,Annual,NR,Number,M11,November,IE,Ireland,1985,,4655,,,,,
dataflow,ESTAT:DEMO_FMONTH(1.0),Live births (total) by month,A,Annual,NR,Number,M11,November,IE,Ireland,1990,,4196,,,,,
dataflow,ESTAT:DEMO_FMONTH(1.0),Live births (total) by month,A,Annual,NR,Number,M11,November,IE,Ireland,1995,,3727,,,,,
dataflow,ESTAT:DEMO_FMONTH(1.0),Live births (total) by month,A,Annual,NR,Number,M11,November,IE,Ireland,2000,,4566,,,,,
dataflow,ESTAT:DEMO_FMONTH(1.0),Live births (total) by month,A,Annual,NR,Number,M11,November,IE,Ireland,2005,,4913,,,,,
dataflow,ESTAT:DEMO_FMONTH(1.0),Live births (total) by month,A,Annual,NR,Number,M11,November,IE,Ireland,2010,,6255,,,,,
dataflow,ESTAT:DEMO_FMONTH(1.0),Live births (total) by month,A,Annual,NR,Number,M11,November,IE,Ireland,2015,,5276,,,,,
dataflow,ESTAT:DEMO_FMONTH(1.0),Live births (total) by month,A,Annual,NR,Number,M11,November,IE,Ireland,2020,,4348,,,,,
dataflow,ESTAT:DEMO_FMONTH(1.0),Live births (total) by month,A,Annual,NR,Number,M11,November,IE,Ireland,2023,,4606,,,,,
dataflow,ESTAT:DEMO_FMONTH(1.0),Live births (total) by month,A,Annual,NR,Number,M11,November,IS,Iceland,1980,,314,,,,,
dataflow,ESTAT:DEMO_FMONTH(1.0),Live births (total) by month,A,Annual,NR,Number,M11,November,IS,Iceland,1985,,307,,,,,
dataflow,ESTAT:DEMO_FMONTH(1.0),Live births (total) by month,A,Annual,NR,Number,M11,November,IS,Iceland,1990,,371,,,,,
dataflow,ESTAT:DEMO_FMONTH(1.0),Live births (total) by month,A,Annual,NR,Number,M11,November,IS,Iceland,1995,,344,,,,,
dataflow,ESTAT:DEMO_FMONTH(1.0),Live births (total) by month,A,Annual,NR,Number,M11,November,IS,Iceland,2000,,332,,,,,
dataflow,ESTAT:DEMO_FMONTH(1.0),Live births (total) by month,A,Annual,NR,Number,M11,November,IS,Iceland,2005,,351,,,,,
dataflow,ESTAT:DEMO_FMONTH(1.0),Live births (total) by month,A,Annual,NR,Number,M11,November,IS,Iceland,2010,,383,,,,,
dataflow,ESTAT:DEMO_FMONTH(1.0),Live births (total) by month,A,Annual,NR,Number,M11,November,IS,Iceland,2015,,306,,,,,
dataflow,ESTAT:DEMO_FMONTH(1.0),Live births (total) by month,A,Annual,NR,Number,M11,November,IS,Iceland,2020,,312,,,,,
dataflow,ESTAT:DEMO_FMONTH(1.0),Live births (total) by month,A,Annual,NR,Number,M11,November,IS,Iceland,2023,,332,,,,,
dataflow,ESTAT:DEMO_FMONTH(1.0),Live births (total) by month,A,Annual,NR,Number,M11,November,IT,Italy,1980,,48936,,,,,
dataflow,ESTAT:DEMO_FMONTH(1.0),Live births (total) by month,A,Annual,NR,Number,M11,November,IT,Italy,1985,,43694,,,,,
dataflow,ESTAT:DEMO_FMONTH(1.0),Live births (total) by month,A,Annual,NR,Number,M11,November,IT,Italy,1990,,44718,,,,,
dataflow,ESTAT:DEMO_FMONTH(1.0),Live births (total) by month,A,Annual,NR,Number,M11,November,IT,Italy,1995,,41321,,,,,
dataflow,ESTAT:DEMO_FMONTH(1.0),Live births (total) by month,A,Annual,NR,Number,M11,November,IT,Italy,2000,,45226,,,,,
dataflow,ESTAT:DEMO_FMONTH(1.0),Live births (total) by month,A,Annual,NR,Number,M11,November,IT,Italy,2005,,44699,,,,,
dataflow,ESTAT:DEMO_FMONTH(1.0),Live births (total) by month,A,Annual,NR,Number,M11,November,IT,Italy,2010,,49352,,,,,
dataflow,ESTAT:DEMO_FMONTH(1.0),Live births (total) by month,A,Annual,NR,Number,M11,November,IT,Italy,2015,,39869,,,,,
dataflow,ESTAT:DEMO_FMONTH(1.0),Live births (total) by month,A,Annual,NR,Number,M11,November,IT,Italy,2020,,31869,,,,,
dataflow,ESTAT:DEMO_FMONTH(1.0),Live births (total) by month,A,Annual,NR,Number,M11,November,IT,Italy,2023,,32114,,,,,
dataflow,ESTAT:DEMO_FMONTH(1.0),Live births (total) by month,A,Annual,NR,Number,M11,November,LI,Liechtenstein,1980,,26,,,,,
dataflow,ESTAT:DEMO_FMONTH(1.0),Live births (total) by month,A,Annual,NR,Number,M11,November,LI,Liechtenstein,1985,,29,,,,,
dataflow,ESTAT:DEMO_FMONTH(1.0),Live births (total) by month,A,Annual,NR,Number,M11,November,LI,Liechtenstein,1990,,21,,,,,
dataflow,ESTAT:DEMO_FMONTH(1.0),Live births (total) by month,A,Annual,NR,Number,M11,November,LI,Liechtenstein,1995,,41,,,,,
dataflow,ESTAT:DEMO_FMONTH(1.0),Live births (total) by month,A,Annual,NR,Number,M11,November,LI,Liechtenstein,2000,,34,,,,,
dataflow,ESTAT:DEMO_FMONTH(1.0),Live births (total) by month,A,Annual,NR,Number,M11,November,LI,Liechtenstein,2005,,28,,,,,
dataflow,ESTAT:DEMO_FMONTH(1.0),Live births (total) by month,A,Annual,NR,Number,M11,November,LI,Liechtenstein,2010,,33,,,,,
dataflow,ESTAT:DEMO_FMONTH(1.0),Live births (total) by month,A,Annual,NR,Number,M11,November,LI,Liechtenstein,2015,,24,,,,,
dataflow,ESTAT:DEMO_FMONTH(1.0),Live births (total) by month,A,Annual,NR,Number,M11,November,LI,Liechtenstein,2020,,30,,,,,
dataflow,ESTAT:DEMO_FMONTH(1.0),Live births (total) by month,A,Annual,NR,Number,M11,November,LI,Liechtenstein,2023,,29,,,,,
dataflow,ESTAT:DEMO_FMONTH(1.0),Live births (total) by month,A,Annual,NR,Number,M11,November,LT,Lithuania,1995,,3028,,,,,
dataflow,ESTAT:DEMO_FMONTH(1.0),Live births (total) by month,A,Annual,NR,Number,M11,November,LT,Lithuania,2000,,2519,,,,,
dataflow,ESTAT:DEMO_FMONTH(1.0),Live births (total) by month,A,Annual,NR,Number,M11,November,LT,Lithuania,2005,,2320,,,,,
dataflow,ESTAT:DEMO_FMONTH(1.0),Live births (total) by month,A,Annual,NR,Number,M11,November,LT,Lithuania,2010,,2364,,,,,
dataflow,ESTAT:DEMO_FMONTH(1.0),Live births (total) by month,A,Annual,NR,Number,M11,November,LT,Lithuania,2015,,2175,,,,,
dataflow,ESTAT:DEMO_FMONTH(1.0),Live births (total) by month,A,Annual,NR,Number,M11,November,LT,Lithuania,2020,,1721,,,,,
dataflow,ESTAT:DEMO_FMONTH(1.0),Live births (total) by month,A,Annual,NR,Number,M11,November,LT,Lithuania,2023,,1563,,,,,
dataflow,ESTAT:DEMO_FMONTH(1.0),Live births (total) by month,A,Annual,NR,Number,M11,November,LU,Luxembourg,1980,,369,,,,,
dataflow,ESTAT:DEMO_FMONTH(1.0),Live births (total) by month,A,Annual,NR,Number,M11,November,LU,Luxembourg,1985,,323,,,,,
dataflow,ESTAT:DEMO_FMONTH(1.0),Live births (total) by month,A,Annual,NR,Number,M11,November,LU,Luxembourg,1990,,344,,,,,
dataflow,ESTAT:DEMO_FMONTH(1.0),Live births (total) by month,A,Annual,NR,Number,M11,November,LU,Luxembourg,1995,,429,,,,,
dataflow,ESTAT:DEMO_FMONTH(1.0),Live births (total) by month,A,Annual,NR,Number,M11,November,LU,Luxembourg,2000,,416,,,,,
dataflow,ESTAT:DEMO_FMONTH(1.0),Live births (total) by month,A,Annual,NR,Number,M11,November,LU,Luxembourg,2005,,413,,,,,
dataflow,ESTAT:DEMO_FMONTH(1.0),Live births (total) by month,A,Annual,NR,Number,M11,November,LU,Luxembourg,2010,,445,,,,,
dataflow,ESTAT:DEMO_FMONTH(1.0),Live births (total) by month,A,Annual,NR,Number,M11,November,LU,Luxembourg,2015,,478,,,,,
dataflow,ESTAT:DEMO_FMONTH(1.0),Live births (total) by month,A,Annual,NR,Number,M11,November,LU,Luxembourg,2020,,493,,,,,
dataflow,ESTAT:DEMO_FMONTH(1.0),Live births (total) by month,A,Annual,NR,Number,M11,November,LU,Luxembourg,2023,,520,,,,,
dataflow,ESTAT:DEMO_FMONTH(1.0),Live births (total) by month,A,Annual,NR,Number,M11,November,LV,Latvia,2000,,1537,,,,,
dataflow,ESTAT:DEMO_FMONTH(1.0),Live births (total) by month,A,Annual,NR,Number,M11,November,LV,Latvia,2005,,1774,,,,,
dataflow,ESTAT:DEMO_FMONTH(1.0),Live births (total) by month,A,Annual,NR,Number,M11,November,LV,Latvia,2010,,1521,,,,,
dataflow,ESTAT:DEMO_FMONTH(1.0),Live births (total) by month,A,Annual,NR,Number,M11,November,LV,Latvia,2015,,1694,,,,,
dataflow,ESTAT:DEMO_FMONTH(1.0),Live births (total) by month,A,Annual,NR,Number,M11,November,LV,Latvia,2020,,1324,,,,,
dataflow,ESTAT:DEMO_FMONTH(1.0),Live births (total) by month,A,Annual,NR,Number,M11,November,LV,Latvia,2023,,1079,,,,,
dataflow,ESTAT:DEMO_FMONTH(1.0),Live births (total) by month,A,Annual,NR,Number,M11,November,MC,Monaco,2005,,72,,,,,
dataflow,ESTAT:DEMO_FMONTH(1.0),Live births (total) by month,A,Annual,NR,Number,M11,November,MC,Monaco,2023,,27,,,,,
dataflow,ESTAT:DEMO_FMONTH(1.0),Live births (total) by month,A,Annual,NR,Number,M11,November,MD,Moldova,2005,,3202,,,,,
dataflow,ESTAT:DEMO_FMONTH(1.0),Live births (total) by month,A,Annual,NR,Number,M11,November,MD,Moldova,2010,,3171,,,,,
dataflow,ESTAT:DEMO_FMONTH(1.0),Live births (total) by month,A,Annual,NR,Number,M11,November,MD,Moldova,2015,,2998,,,,,
dataflow,ESTAT:DEMO_FMONTH(1.0),Live births (total) by month,A,Annual,NR,Number,M11,November,MD,Moldova,2020,,2208,,,,,
dataflow,ESTAT:DEMO_FMONTH(1.0),Live births (total) by month,A,Annual,NR,Number,M11,November,MD,Moldova,2023,,1715,,,,,
dataflow,ESTAT:DEMO_FMONTH(1.0),Live births (total) by month,A,Annual,NR,Number,M11,November,ME,Montenegro,2005,,605,,,,,
dataflow,ESTAT:DEMO_FMONTH(1.0),Live births (total) by month,A,Annual,NR,Number,M11,November,ME,Montenegro,2010,,645,,,,,
dataflow,ESTAT:DEMO_FMONTH(1.0),Live births (total) by month,A,Annual,NR,Number,M11,November,ME,Montenegro,2015,,601,,,,,
dataflow,ESTAT:DEMO_FMONTH(1.0),Live births (total) by month,A,Annual,NR,Number,M11,November,ME,Montenegro,2020,,594,,,,,
dataflow,ESTAT:DEMO_FMONTH(1.0),Live births (total) by month,A,Annual,NR,Number,M11,November,ME,Montenegro,2023,,569,,,,,
dataflow,ESTAT:DEMO_FMONTH(1.0),Live births (total) by month,A,Annual,NR,Number,M11,November,MK,North Macedonia,1995,,2647,,,,,
dataflow,ESTAT:DEMO_FMONTH(1.0),Live births (total) by month,A,Annual,NR,Number,M11,November,MK,North Macedonia,2000,,2207,,,,,
dataflow,ESTAT:DEMO_FMONTH(1.0),Live births (total) by month,A,Annual,NR,Number,M11,November,MK,North Macedonia,2005,,1698,,,,,
dataflow,ESTAT:DEMO_FMONTH(1.0),Live births (total) by month,A,Annual,NR,Number,M11,November,MK,North Macedonia,2010,,1834,,,,,
dataflow,ESTAT:DEMO_FMONTH(1.0),Live births (total) by month,A,Annual,NR,Number,M11,November,MK,North Macedonia,2015,,1709,,,,,
dataflow,ESTAT:DEMO_FMONTH(1.0),Live births (total) by month,A,Annual,NR,Number,M11,November,MK,North Macedonia,2020,,1431,,,,,
dataflow,ESTAT:DEMO_FMONTH(1.0),Live births (total) by month,A,Annual,NR,Number,M11,November,MK,North Macedonia,2023,,1368,,,,,
dataflow,ESTAT:DEMO_FMONTH(1.0),Live births (total) by month,A,Annual,NR,Number,M11,November,MT,Malta,1995,,362,,,,,
dataflow,ESTAT:DEMO_FMONTH(1.0),Live births (total) by month,A,Annual,NR,Number,M11,November,MT,Malta,2000,,376,,,,,
dataflow,ESTAT:DEMO_FMONTH(1.0),Live births (total) by month,A,Annual,NR,Number,M11,November,MT,Malta,2005,,289,,,,,
dataflow,ESTAT:DEMO_FMONTH(1.0),Live births (total) by month,A,Annual,NR,Number,M11,November,MT,Malta,2010,,365,,,,,
dataflow,ESTAT:DEMO_FMONTH(1.0),Live births (total) by month,A,Annual,NR,Number,M11,November,MT,Malta,2015,,382,,,,,
dataflow,ESTAT:DEMO_FMONTH(1.0),Live births (total) by month,A,Annual,NR,Number,M11,November,MT,Malta,2020,,374,,,,,
dataflow,ESTAT:DEMO_FMONTH(1.0),Live births (total) by month,A,Annual,NR,Number,M11,November,MT,Malta,2023,,412,,,,,
dataflow,ESTAT:DEMO_FMONTH(1.0),Live births (total) by month,A,Annual,NR,Number,M11,November,NL,Netherlands,1980,,14342,,,,,
dataflow,ESTAT:DEMO_FMONTH(1.0),Live births (total) by month,A,Annual,NR,Number,M11,November,NL,Netherlands,1985,,14329,,,,,
dataflow,ESTAT:DEMO_FMONTH(1.0),Live births (total) by month,A,Annual,NR,Number,M11,November,NL,Netherlands,1990,,16028,,,,,
dataflow,ESTAT:DEMO_FMONTH(1.0),Live births (total) by month,A,Annual,NR,Number,M11,November,NL,Netherlands,1995,,15199,,,,,
dataflow,ESTAT:DEMO_FMONTH(1.0),Live births (total) by month,A,Annual,NR,Number,M11,November,NL,Netherlands,2000,,16996,,,,,
dataflow,ESTAT:DEMO_FMONTH(1.0),Live births (total) by month,A,Annual,NR,Number,M11,November,NL,Netherlands,2005,,14728,,,,,
dataflow,ESTAT:DEMO_FMONTH(1.0),Live births (total) by month,A,Annual,NR,Number,M11,November,NL,Netherlands,2010,,15436,,,,,
dataflow,ESTAT:DEMO_FMONTH(1.0),Live births (total) by month,A,Annual,NR,Number,M11,November,NL,Netherlands,2015,,13852,,,,,
dataflow,ESTAT:DEMO_FMONTH(1.0),Live births (total) by month,A,Annual,NR,Number,M11,November,NL,Netherlands,2020,,13555,,,,,
dataflow,ESTAT:DEMO_FMONTH(1.0),Live births (total) by month,A,Annual,NR,Number,M11,November,NL,Netherlands,2023,,13431,,,,,
dataflow,ESTAT:DEMO_FMONTH(1.0),Live births (total) by month,A,Annual,NR,Number,M11,November,NO,Norway,1980,,3762,,,,,
dataflow,ESTAT:DEMO_FMONTH(1.0),Live births (total) by month,A,Annual,NR,Number,M11,November,NO,Norway,1985,,3878,,,,,
dataflow,ESTAT:DEMO_FMONTH(1.0),Live births (total) by month,A,Annual,NR,Number,M11,November,NO,Norway,1990,,4668,,,,,
dataflow,ESTAT:DEMO_FMONTH(1.0),Live births (total) by month,A,Annual,NR,Number,M11,November,NO,Norway,1995,,4613,,,,,
dataflow,ESTAT:DEMO_FMONTH(1.0),Live births (total) by month,A,Annual,NR,Number,M11,November,NO,Norway,2000,,4280,,,,,
dataflow,ESTAT:DEMO_FMONTH(1.0),Live births (total) by month,A,Annual,NR,Number,M11,November,NO,Norway,2005,,4197,,,,,
dataflow,ESTAT:DEMO_FMONTH(1.0),Live births (total) by month,A,Annual,NR,Number,M11,November,NO,Norway,2010,,4697,,,,,
dataflow,ESTAT:DEMO_FMONTH(1.0),Live births (total) by month,A,Annual,NR,Number,M11,November,NO,Norway,2015,,4202,,,,,
dataflow,ESTAT:DEMO_FMONTH(1.0),Live births (total) by month,A,Annual,NR,Number,M11,November,NO,Norway,2020,,3814,,,,,
dataflow,ESTAT:DEMO_FMONTH(1.0),Live births (total) by month,A,Annual,NR,Number,M11,November,NO,Norway,2023,,3928,,,,,
dataflow,ESTAT:DEMO_FMONTH(1.0),Live births (total) by month,A,Annual,NR,Number,M11,November,PL,Poland,1995,,33193,,,,,
dataflow,ESTAT:DEMO_FMONTH(1.0),Live births (total) by month,A,Annual,NR,Number,M11,November,PL,Poland,2000,,27495,,,,,
dataflow,ESTAT:DEMO_FMONTH(1.0),Live births (total) by month,A,Annual,NR,Number,M11,November,PL,Poland,2005,,27131,,,,,
dataflow,ESTAT:DEMO_FMONTH(1.0),Live births (total) by month,A,Annual,NR,Number,M11,November,PL,Poland,2010,,31647,,,,,
dataflow,ESTAT:DEMO_FMONTH(1.0),Live births (total) by month,A,Annual,NR,Number,M11,November,PL,Poland,2015,,27767,,,,,
dataflow,ESTAT:DEMO_FMONTH(1.0),Live births (total) by month,A,Annual,NR,Number,M11,November,PL,Poland,2020,,26490,,,,,
dataflow,ESTAT:DEMO_FMONTH(1.0),Live births (total) by month,A,Annual,NR,Number,M11,November,PL,Poland,2023,,20495,,,,,
dataflow,ESTAT:DEMO_FMONTH(1.0),Live births (total) by month,A,Annual,NR,Number,M11,November,PT,Portugal,1980,,11839,,,,,
dataflow,ESTAT:DEMO_FMONTH(1.0),Live births (total) by month,A,Annual,NR,Number,M11,November,PT,Portugal,1985,,10007,,,,,
dataflow,ESTAT:DEMO_FMONTH(1.0),Live births (total) by month,A,Annual,NR,Number,M11,November,PT,Portugal,1990,,9447,,,,,
dataflow,ESTAT:DEMO_FMONTH(1.0),Live births (total) by month,A,Annual,NR,Number,M11,November,PT,Portugal,1995,,8577,,,,,
dataflow,ESTAT:DEMO_FMONTH(1.0),Live births (total) by month,A,Annual,NR,Number,M11,November,PT,Portugal,2000,,9934,,,,,
dataflow,ESTAT:DEMO_FMONTH(1.0),Live births (total) by month,A,Annual,NR,Number,M11,November,PT,Portugal,2005,,8990,,,,,
dataflow,ESTAT:DEMO_FMONTH(1.0),Live births (total) by month,A,Annual,NR,Number,M11,November,PT,Portugal,2010,,8748,,,,,
dataflow,ESTAT:DEMO_FMONTH(1.0),Live births (total) by month,A,Annual,NR,Number,M11,November,PT,Portugal,2015,,7180,,,,,
dataflow,ESTAT:DEMO_FMONTH(1.0),Live births (total) by month,A,Annual,NR,Number,M11,November,PT,Portugal,2020,,6846,,,,,
dataflow,ESTAT:DEMO_FMONTH(1.0),Live births (total) by month,A,Annual,NR,Number,M11,November,PT,Portugal,2023,,7429,,,,,
dataflow,ESTAT:DEMO_FMONTH(1.0),Live births (total) by month,A,Annual,NR,Number,M11,November,RO,Romania,1995,,18627,,,,,
dataflow,ESTAT:DEMO_FMONTH(1.0),Live births (total) by month,A,Annual,NR,Number,M11,November,RO,Romania,2000,,18028,,,,,
dataflow,ESTAT:DEMO_FMONTH(1.0),Live births (total) by month,A,Annual,NR,Number,M11,November,RO,Romania,2005,,17707,,,,,
dataflow,ESTAT:DEMO_FMONTH(1.0),Live births (total) by month,A,Annual,NR,Number,M11,November,RO,Romania,2010,,16736,,,,,
dataflow,ESTAT:DEMO_FMONTH(1.0),Live births (total) by month,A,Annual,NR,Number,M11,November,RO,Romania,2015,,15764,,,,,
dataflow,ESTAT:DEMO_FMONTH(1.0),Live births (total) by month,A,Annual,NR,Number,M11,November,RO,Romania,2020,,15516,,,,,
dataflow,ESTAT:DEMO_FMONTH(1.0),Live births (total) by month,A,Annual,NR,Number,M11,November,RO,Romania,2023,,11919,,,,,
dataflow,ESTAT:DEMO_FMONTH(1.0),Live births (total) by month,A,Annual,NR,Number,M11,November,RS,Serbia,2000,,6184,,,,,
dataflow,ESTAT:DEMO_FMONTH(1.0),Live births (total) by month,A,Annual,NR,Number,M11,November,RS,Serbia,2005,,5764,,,,,
dataflow,ESTAT:DEMO_FMONTH(1.0),Live births (total) by month,A,Annual,NR,Number,M11,November,RS,Serbia,2010,,5590,,,,,
dataflow,ESTAT:DEMO_FMONTH(1.0),Live births (total) by month,A,Annual,NR,Number,M11,November,RS,Serbia,2015,,5103,,,,,
dataflow,ESTAT:DEMO_FMONTH(1.0),Live births (total) by month,A,Annual,NR,Number,M11,November,RS,Serbia,2020,,4974,,,,,
dataflow,ESTAT:DEMO_FMONTH(1.0),Live births (total) by month,A,Annual,NR,Number,M11,November,RS,Serbia,2023,,5043,,,,,
dataflow,ESTAT:DEMO_FMONTH(1.0),Live births (total) by month,A,Annual,NR,Number,M11,November,RU,Russia,2005,,113056,,,,,
dataflow,ESTAT:DEMO_FMONTH(1.0),Live births (total) by month,A,Annual,NR,Number,M11,November,RU,Russia,2010,,142825,,,,,
dataflow,ESTAT:DEMO_FMONTH(1.0),Live births (total) by month,A,Annual,NR,Number,M11,November,SE,Sweden,1980,,6633,,,,,
dataflow,ESTAT:DEMO_FMONTH(1.0),Live births (total) by month,A,Annual,NR,Number,M11,November,SE,Sweden,1985,,6878,,,,,
dataflow,ESTAT:DEMO_FMONTH(1.0),Live births (total) by month,A,Annual,NR,Number,M11,November,SE,Sweden,1990,,8768,,,,,
dataflow,ESTAT:DEMO_FMONTH(1.0),Live births (total) by month,A,Annual,NR,Number,M11,November,SE,Sweden,1995,,7018,,,,,
dataflow,ESTAT:DEMO_FMONTH(1.0),Live births (total) by month,A,Annual,NR,Number,M11,November,SE,Sweden,2000,,6770,,,,,
dataflow,ESTAT:DEMO_FMONTH(1.0),Live births (total) by month,A,Annual,NR,Number,M11,November,SE,Sweden,2005,,7299,,,,,
dataflow,ESTAT:DEMO_FMONTH(1.0),Live births (total) by month,A,Annual,NR,Number,M11,November,SE,Sweden,2010,,8501,,,,,
dataflow,ESTAT:DEMO_FMONTH(1.0),Live births (total) by month,A,Annual,NR,Number,M11,November,SE,Sweden,2015,,8563,,,,,
dataflow,ESTAT:DEMO_FMONTH(1.0),Live births (total) by month,A,Annual,NR,Number,M11,November,SE,Sweden,2020,,8194,,,,,
dataflow,ESTAT:DEMO_FMONTH(1.0),Live births (total) by month,A,Annual,NR,Number,M11,November,SE,Sweden,2023,,7412,,,,,
dataflow,ESTAT:DEMO_FMONTH(1.0),Live births (total) by month,A,Annual,NR,Number,M11,November,SI,Slovenia,1995,,1477,,,,,
dataflow,ESTAT:DEMO_FMONTH(1.0),Live births (total) by month,A,Annual,NR,Number,M11,November,SI,Slovenia,2000,,1400,,,,,
dataflow,ESTAT:DEMO_FMONTH(1.0),Live births (total) by month,A,Annual,NR,Number,M11,November,SI,Slovenia,2005,,1436,,,,,
dataflow,ESTAT:DEMO_FMONTH(1.0),Live births (total) by month,A,Annual,NR,Number,M11,November,SI,Slovenia,2010,,1759,,,,,
dataflow,ESTAT:DEMO_FMONTH(1.0),Live births (total) by month,A,Annual,NR,Number,M11,November,SI,Slovenia,2015,,1608,,,,,
dataflow,ESTAT:DEMO_FMONTH(1.0),Live births (total) by month,A,Annual,NR,Number,M11,November,SI,Slovenia,2020,,1402,,,,,
dataflow,ESTAT:DEMO_FMONTH(1.0),Live births (total) by month,A,Annual,NR,Number,M11,November,SI,Slovenia,2023,,1426,,,,,
dataflow,ESTAT:DEMO_FMONTH(1.0),Live births (total) by month,A,Annual,NR,Number,M11,November,SK,Slovakia,2000,,3847,,,,,
dataflow,ESTAT:DEMO_FMONTH(1.0),Live births (total) by month,A,Annual,NR,Number,M11,November,SK,Slovakia,2005,,4080,,,,,
dataflow,ESTAT:DEMO_FMONTH(1.0),Live births (total) by month,A,Annual,NR,Number,M11,November,SK,Slovakia,2010,,4590,,,,,
dataflow,ESTAT:DEMO_FMONTH(1.0),Live births (total) by month,A,Annual,NR,Number,M11,November,SK,Slovakia,2015,,4372,,,,,
dataflow,ESTAT:DEMO_FMONTH(1.0),Live births (total) by month,A,Annual,NR,Number,M11,November,SK,Slovakia,2020,,4472,,,,,
dataflow,ESTAT:DEMO_FMONTH(1.0),Live births (total) by month,A,Annual,NR,Number,M11,November,SK,Slovakia,2023,,3836,,,,,
dataflow,ESTAT:DEMO_FMONTH(1.0),Live births (total) by month,A,Annual,NR,Number,M11,November,SM,San Marino,2005,,20,,,,,
dataflow,ESTAT:DEMO_FMONTH(1.0),Live births (total) by month,A,Annual,NR,Number,M11,November,TR,Türkiye,2010,,99718,,,,,
dataflow,ESTAT:DEMO_FMONTH(1.0),Live births (total) by month,A,Annual,NR,Number,M11,November,TR,Türkiye,2015,,105137,,,,,
dataflow,ESTAT:DEMO_FMONTH(1.0),Live births (total) by month,A,Annual,NR,Number,M11,November,TR,Türkiye,2020,,87205,,,,,
dataflow,ESTAT:DEMO_FMONTH(1.0),Live births (total) by month,A,Annual,NR,Number,M11,November,UA,Ukraine,2005,,36019,,,,,
dataflow,ESTAT:DEMO_FMONTH(1.0),Live births (total) by month,A,Annual,NR,Number,M11,November,UA,Ukraine,2010,,40981,,,,,
dataflow,ESTAT:DEMO_FMONTH(1.0),Live births (total) by month,A,Annual,NR,Number,M11,November,UA,Ukraine,2015,,30141,,,,,
dataflow,ESTAT:DEMO_FMONTH(1.0),Live births (total) by month,A,Annual,NR,Number,M11,November,UA,Ukraine,2020,,21621,,,,,
dataflow,ESTAT:DEMO_FMONTH(1.0),Live births (total) by month,A,Annual,NR,Number,M11,November,UK,United Kingdom,1980,,57964,,,,,
dataflow,ESTAT:DEMO_FMONTH(1.0),Live births (total) by month,A,Annual,NR,Number,M11,November,UK,United Kingdom,1985,,59364,,,,,
dataflow,ESTAT:DEMO_FMONTH(1.0),Live births (total) by month,A,Annual,NR,Number,M11,November,UK,United Kingdom,1990,,65144,,,,,
dataflow,ESTAT:DEMO_FMONTH(1.0),Live births (total) by month,A,Annual,NR,Number,M11,November,UK,United Kingdom,1995,,58321,,,,,
dataflow,ESTAT:DEMO_FMONTH(1.0),Live births (total) by month,A,Annual,NR,Number,M11,November,UK,United Kingdom,2000,,55755,,,,,
dataflow,ESTAT:DEMO_FMONTH(1.0),Live births (total) by month,A,Annual,NR,Number,M11,November,UK,United Kingdom,2005,,58653,,,,,
dataflow,ESTAT:DEMO_FMONTH(1.0),Live births (total) by month,A,Annual,NR,Number,M11,November,UK,United Kingdom,2010,,67882,,,,,
dataflow,ESTAT:DEMO_FMONTH(1.0),Live births (total) by month,A,Annual,NR,Number,M11,November,UK,United Kingdom,2015,,64239,,,,,
dataflow,ESTAT:DEMO_FMONTH(1.0),Live births (total) by month,A,Annual,NR,Number,M11,November,XK,Kosovo*,2005,,2584,,,,,
dataflow,ESTAT:DEMO_FMONTH(1.0),Live births (total) by month,A,Annual,NR,Number,M11,November,XK,Kosovo*,2015,,1816,,,,,
dataflow,ESTAT:DEMO_FMONTH(1.0),Live births (total) by month,A,Annual,NR,Number,M11,November,XK,Kosovo*,2020,,1636,,,,,
dataflow,ESTAT:DEMO_FMONTH(1.0),Live births (total) by month,A,Annual,NR,Number,M12,December,AD,Andorra,2005,,63,,,,,
dataflow,ESTAT:DEMO_FMONTH(1.0),Live births (total) by month,A,Annual,NR,Number,M12,December,AD,Andorra,2010,,62,,,,,
dataflow,ESTAT:DEMO_FMONTH(1.0),Live births (total) by month,A,Annual,NR,Number,M12,December,AL,Albania,2005,,3122,,,,,
dataflow,ESTAT:DEMO_FMONTH(1.0),Live births (total) by month,A,Annual,NR,Number,M12,December,AL,Albania,2015,,2844,,,,,
dataflow,ESTAT:DEMO_FMONTH(1.0),Live births (total) by month,A,Annual,NR,Number,M12,December,AL,Albania,2020,,2083,,,,,
dataflow,ESTAT:DEMO_FMONTH(1.0),Live births (total) by month,A,Annual,NR,Number,M12,December,AL,Albania,2023,,2056,,,,,
dataflow,ESTAT:DEMO_FMONTH(1.0),Live births (total) by month,A,Annual,NR,Number,M12,December,AM,Armenia,2005,,3030,,,,,
dataflow,ESTAT:DEMO_FMONTH(1.0),Live births (total) by month,A,Annual,NR,Number,M12,December,AM,Armenia,2015,,3378,,,,,
dataflow,ESTAT:DEMO_FMONTH(1.0),Live births (total) by month,A,Annual,NR,Number,M12,December,AM,Armenia,2020,,3007,,,,,
dataflow,ESTAT:DEMO_FMONTH(1.0),Live births (total) by month,A,Annual,NR,Number,M12,December,AM,Armenia,2023,,3076,,,,,
dataflow,ESTAT:DEMO_FMONTH(1.0),Live births (total) by month,A,Annual,NR,Number,M12,December,AT,Austria,1980,,7556,,,,,
dataflow,ESTAT:DEMO_FMONTH(1.0),Live births (total) by month,A,Annual,NR,Number,M12,December,AT,Austria,1985,,6934,,,,,
dataflow,ESTAT:DEMO_FMONTH(1.0),Live births (total) by month,A,Annual,NR,Number,M12,December,AT,Austria,1990,,7378,,,,,
dataflow,ESTAT:DEMO_FMONTH(1.0),Live births (total) by month,A,Annual,NR,Number,M12,December,AT,Austria,1995,,7025,,,,,
dataflow,ESTAT:DEMO_FMONTH(1.0),Live births (total) by month,A,Annual,NR,Number,M12,December,AT,Austria,2000,,6283,,,,,
dataflow,ESTAT:DEMO_FMONTH(1.0),Live births (total) by month,A,Annual,NR,Number,M12,December,AT,Austria,2005,,6186,,,,,
dataflow,ESTAT:DEMO_FMONTH(1.0),Live births (total) by month,A,Annual,NR,Number,M12,December,AT,Austria,2010,,6342,,,,,
dataflow,ESTAT:DEMO_FMONTH(1.0),Live births (total) by month,A,Annual,NR,Number,M12,December,AT,Austria,2015,,6798,,,,,
dataflow,ESTAT:DEMO_FMONTH(1.0),Live births (total) by month,A,Annual,NR,Number,M12,December,AT,Austria,2020,,6535,,,,,
dataflow,ESTAT:DEMO_FMONTH(1.0),Live births (total) by month,A,Annual,NR,Number,M12,December,AT,Austria,2023,,6179,,,,,
dataflow,ESTAT:DEMO_FMONTH(1.0),Live births (total) by month,A,Annual,NR,Number,M12,December,AZ,Azerbaijan,2005,,13348,,,,,
dataflow,ESTAT:DEMO_FMONTH(1.0),Live births (total) by month,A,Annual,NR,Number,M12,December,AZ,Azerbaijan,2010,,14781,,,,,
dataflow,ESTAT:DEMO_FMONTH(1.0),Live births (total) by month,A,Annual,NR,Number,M12,December,AZ,Azerbaijan,2015,,13824,,,,,
dataflow,ESTAT:DEMO_FMONTH(1.0),Live births (total) by month,A,Annual,NR,Number,M12,December,AZ,Azerbaijan,2020,,10117,,,,,
dataflow,ESTAT:DEMO_FMONTH(1.0),Live births (total) by month,A,Annual,NR,Number,M12,December,BA,Bosnia and Herzegovina,2005,,2937,,,,,
dataflow,ESTAT:DEMO_FMONTH(1.0),Live births (total) by month,A,Annual,NR,Number,M12,December,BA,Bosnia and Herzegovina,2010,,2498,,,,,
dataflow,ESTAT:DEMO_FMONTH(1.0),Live births (total) by month,A,Annual,NR,Number,M12,December,BE,Belgium,1980,,10122,,,,,
dataflow,ESTAT:DEMO_FMONTH(1.0),Live births (total) by month,A,Annual,NR,Number,M12,December,BE,Belgium,1985,,9215,,,,,
dataflow,ESTAT:DEMO_FMONTH(1.0),Live births (total) by month,A,Annual,NR,Number,M12,December,BE,Belgium,1990,,10021,,,,,
dataflow,ESTAT:DEMO_FMONTH(1.0),Live births (total) by month,A,Annual,NR,Number,M12,December,BE,Belgium,1995,,9232,,,,,
dataflow,ESTAT:DEMO_FMONTH(1.0),Live births (total) by month,A,Annual,NR,Number,M12,December,BE,Belgium,2000,,9391,,,,,
dataflow,ESTAT:DEMO_FMONTH(1.0),Live births (total) by month,A,Annual,NR,Number,M12,December,BE,Belgium,2005,,9963,,,,,
dataflow,ESTAT:DEMO_FMONTH(1.0),Live births (total) by month,A,Annual,NR,Number,M12,December,BE,Belgium,2010,,10950,,,,,
dataflow,ESTAT:DEMO_FMONTH(1.0),Live births (total) by month,A,Annual,NR,Number,M12,December,BE,Belgium,2015,,10182,,,,,
dataflow,ESTAT:DEMO_FMONTH(1.0),Live births (total) by month,A,Annual,NR,Number,M12,December,BE,Belgium,2020,,8681,,,,,
dataflow,ESTAT:DEMO_FMONTH(1.0),Live births (total) by month,A,Annual,NR,Number,M12,December,BE,Belgium,2023,,8716,,,,,
dataflow,ESTAT:DEMO_FMONTH(1.0),Live births (total) by month,A,Annual,NR,Number,M12,December,BG,Bulgaria,1995,,5502,,,,,
dataflow,ESTAT:DEMO_FMONTH(1.0),Live births (total) by month,A,Annual,NR,Number,M12,December,BG,Bulgaria,2000,,6087,,,,,
dataflow,ESTAT:DEMO_FMONTH(1.0),Live births (total) by month,A,Annual,NR,Number,M12,December,BG,Bulgaria,2005,,5806,,,,,
dataflow,ESTAT:DEMO_FMONTH(1.0),Live births (total) by month,A,Annual,NR,Number,M12,December,BG,Bulgaria,2010,,6248,,,,,
dataflow,ESTAT:DEMO_FMONTH(1.0),Live births (total) by month,A,Annual,NR,Number,M12,December,BG,Bulgaria,2015,,5009,,,,,
dataflow,ESTAT:DEMO_FMONTH(1.0),Live births (total) by month,A,Annual,NR,Number,M12,December,BG,Bulgaria,2020,,4255,,,,,
dataflow,ESTAT:DEMO_FMONTH(1.0),Live births (total) by month,A,Annual,NR,Number,M12,December,BG,Bulgaria,2023,,4362,,,,,
dataflow,ESTAT:DEMO_FMONTH(1.0),Live births (total) by month,A,Annual,NR,Number,M12,December,BY,Belarus,2005,,7620,,,,,
dataflow,ESTAT:DEMO_FMONTH(1.0),Live births (total) by month,A,Annual,NR,Number,M12,December,BY,Belarus,2015,,9647,,,,,
dataflow,ESTAT:DEMO_FMONTH(1.0),Live births (total) by month,A,Annual,NR,Number,M12,December,CH,Switzerland,1980,,5752,,,,,
dataflow,ESTAT:DEMO_FMONTH(1.0),Live births (total) by month,A,Annual,NR,Number,M12,December,CH,Switzerland,1985,,5670,,,,,
dataflow,ESTAT:DEMO_FMONTH(1.0),Live births (total) by month,A,Annual,NR,Number,M12,December,CH,Switzerland,1990,,6762,,,,,
dataflow,ESTAT:DEMO_FMONTH(1.0),Live births (total) by month,A,Annual,NR,Number,M12,December,CH,Switzerland,1995,,6583,,,,,
dataflow,ESTAT:DEMO_FMONTH(1.0),Live births (total) by month,A,Annual,NR,Number,M12,December,CH,Switzerland,2000,,6305,,,,,
dataflow,ESTAT:DEMO_FMONTH(1.0),Live births (total) by month,A,Annual,NR,Number,M12,December,CH,Switzerland,2005,,6057,,,,,
dataflow,ESTAT:DEMO_FMONTH(1.0),Live births (total) by month,A,Annual,NR,Number,M12,December,CH,Switzerland,2010,,6634,,,,,
dataflow,ESTAT:DEMO_FMONTH(1.0),Live births (total) by month,A,Annual,NR,Number,M12,December,CH,Switzerland,2015,,6971,,,,,
dataflow,ESTAT:DEMO_FMONTH(1.0),Live births (total) by month,A,Annual,NR,Number,M12,December,CH,Switzerland,2020,,6875,,,,,
dataflow,ESTAT:DEMO_FMONTH(1.0),Live births (total) by month,A,Annual,NR,Number,M12,December,CH,Switzerland,2023,,6319,,,,,
dataflow,ESTAT:DEMO_FMONTH(1.0),Live births (total) by month,A,Annual,NR,Number,M12,December,CY,Cyprus,1995,,756,,,,,
dataflow,ESTAT:DEMO_FMONTH(1.0),Live births (total) by month,A,Annual,NR,Number,M12,December,CY,Cyprus,2000,,663,,,,,
dataflow,ESTAT:DEMO_FMONTH(1.0),Live births (total) by month,A,Annual,NR,Number,M12,December,CY,Cyprus,2005,,672,,,,,
dataflow,ESTAT:DEMO_FMONTH(1.0),Live births (total) by month,A,Annual,NR,Number,M12,December,CY,Cyprus,2010,,872,,,,,
dataflow,ESTAT:DEMO_FMONTH(1.0),Live births (total) by month,A,Annual,NR,Number,M12,December,CY,Cyprus,2015,,780,,,,,
dataflow,ESTAT:DEMO_FMONTH(1.0),Live births (total) by month,A,Annual,NR,Number,M12,December,CY,Cyprus,2020,,781,,,,,
dataflow,ESTAT:DEMO_FMONTH(1.0),Live births (total) by month,A,Annual,NR,Number,M12,December,CY,Cyprus,2023,,802,,,,,
dataflow,ESTAT:DEMO_FMONTH(1.0),Live births (total) by month,A,Annual,NR,Number,M12,December,CZ,Czechia,1990,,10312,,,,,
dataflow,ESTAT:DEMO_FMONTH(1.0),Live births (total) by month,A,Annual,NR,Number,M12,December,CZ,Czechia,1995,,7187,,,,,
dataflow,ESTAT:DEMO_FMONTH(1.0),Live births (total) by month,A,Annual,NR,Number,M12,December,CZ,Czechia,2000,,6880,,,,,
dataflow,ESTAT:DEMO_FMONTH(1.0),Live births (total) by month,A,Annual,NR,Number,M12,December,CZ,Czechia,2005,,7635,,,,,
dataflow,ESTAT:DEMO_FMONTH(1.0),Live births (total) by month,A,Annual,NR,Number,M12,December,CZ,Czechia,2010,,9508,,,,,
dataflow,ESTAT:DEMO_FMONTH(1.0),Live births (total) by month,A,Annual,NR,Number,M12,December,CZ,Czechia,2015,,9045,,,,,
dataflow,ESTAT:DEMO_FMONTH(1.0),Live births (total) by month,A,Annual,NR,Number,M12,December,CZ,Czechia,2020,,8379,,,,,
dataflow,ESTAT:DEMO_FMONTH(1.0),Live births (total) by month,A,Annual,NR,Number,M12,December,CZ,Czechia,2023,,6730,,,,,
dataflow,ESTAT:DEMO_FMONTH(1.0),Live births (total) by month,A,Annual,NR,Number,M12,December,DE,Germany,1980,,51410,,,,,
dataflow,ESTAT:DEMO_FMONTH(1.0),Live births (total) by month,A,Annual,NR,Number,M12,December,DE,Germany,1985,,45318,,,,,
dataflow,ESTAT:DEMO_FMONTH(1.0),Live births (total) by month,A,Annual,NR,Number,M12,December,DE,Germany,1990,,55345,,,,,
dataflow,ESTAT:DEMO_FMONTH(1.0),Live births (total) by month,A,Annual,NR,Number,M12,December,DE,Germany,1995,,60991,,,,,
dataflow,ESTAT:DEMO_FMONTH(1.0),Live births (total) by month,A,Annual,NR,Number,M12,December,DE,Germany,2000,,60685,,,,,
dataflow,ESTAT:DEMO_FMONTH(1.0),Live births (total) by month,A,Annual,NR,Number,M12,December,DE,Germany,2005,,54724,,,,,
dataflow,ESTAT:DEMO_FMONTH(1.0),Live births (total) by month,A,Annual,NR,Number,M12,December,DE,Germany,2010,,54989,,,,,
dataflow,ESTAT:DEMO_FMONTH(1.0),Live births (total) by month,A,Annual,NR,Number,M12,December,DE,Germany,2015,,59510,,,,,
dataflow,ESTAT:DEMO_FMONTH(1.0),Live births (total) by month,A,Annual,NR,Number,M12,December,DE,Germany,2020,,60716,,,,,
dataflow,ESTAT:DEMO_FMONTH(1.0),Live births (total) by month,A,Annual,NR,Number,M12,December,DE,Germany,2023,,54017,,,,,
dataflow,ESTAT:DEMO_FMONTH(1.0),Live births (total) by month,A,Annual,NR,Number,M12,December,DE_TOT,Germany including former GDR,1980,,70712,,,,,
dataflow,ESTAT:DEMO_FMONTH(1.0),Live births (total) by month,A,Annual,NR,Number,M12,December,DE_TOT,Germany including former GDR,1985,,62988,,,,,
dataflow,ESTAT:DEMO_FMONTH(1.0),Live births (total) by month,A,Annual,NR,Number,M12,December,DE_TOT,Germany including former GDR,1990,,70253,,,,,
dataflow,ESTAT:DEMO_FMONTH(1.0),Live births (total) by month,A,Annual,NR,Number,M12,December,DE_TOT,Germany including former GDR,1995,,60991,,,,,
dataflow,ESTAT:DEMO_FMONTH(1.0),Live births (total) by month,A,Annual,NR,Number,M12,December,DE_TOT,Germany including former GDR,2000,,60685,,,,,
dataflow,ESTAT:DEMO_FMONTH(1.0),Live births (total) by month,A,Annual,NR,Number,M12,December,DE_TOT,Germany including former GDR,2005,,54724,,,,,
dataflow,ESTAT:DEMO_FMONTH(1.0),Live births (total) by month,A,Annual,NR,Number,M12,December,DE_TOT,Germany including former GDR,2010,,54989,,,,,
dataflow,ESTAT:DEMO_FMONTH(1.0),Live births (total) by month,A,Annual,NR,Number,M12,December,DE_TOT,Germany including former GDR,2015,,59510,,,,,
dataflow,ESTAT:DEMO_FMONTH(1.0),Live births (total) by month,A,Annual,NR,Number,M12,December,DE_TOT,Germany including former GDR,2020,,60716,,,,,
dataflow,ESTAT:DEMO_FMONTH(1.0),Live births (total) by month,A,Annual,NR,Number,M12,December,DE_TOT,Germany including former GDR,2023,,54017,,,,,
dataflow,ESTAT:DEMO_FMONTH(1.0),Live births (total) by month,A,Annual,NR,Number,M12,December,DK,Denmark,1980,,4127,,,,,
dataflow,ESTAT:DEMO_FMONTH(1.0),Live births (total) by month,A,Annual,NR,Number,M12,December,DK,Denmark,1985,,4038,,,,,
dataflow,ESTAT:DEMO_FMONTH(1.0),Live births (total) by month,A,Annual,NR,Number,M12,December,DK,Denmark,1990,,4800,,,,,
dataflow,ESTAT:DEMO_FMONTH(1.0),Live births (total) by month,A,Annual,NR,Number,M12,December,DK,Denmark,1995,,5188,,,,,
dataflow,ESTAT:DEMO_FMONTH(1.0),Live births (total) by month,A,Annual,NR,Number,M12,December,DK,Denmark,2000,,5153,,,,,
dataflow,ESTAT:DEMO_FMONTH(1.0),Live births (total) by month,A,Annual,NR,Number,M12,December,DK,Denmark,2005,,4907,,,,,
dataflow,ESTAT:DEMO_FMONTH(1.0),Live births (total) by month,A,Annual,NR,Number,M12,December,DK,Denmark,2010,,4920,,,,,
dataflow,ESTAT:DEMO_FMONTH(1.0),Live births (total) by month,A,Annual,NR,Number,M12,December,DK,Denmark,2015,,4634,,,,,
dataflow,ESTAT:DEMO_FMONTH(1.0),Live births (total) by month,A,Annual,NR,Number,M12,December,DK,Denmark,2020,,4627,,,,,
dataflow,ESTAT:DEMO_FMONTH(1.0),Live births (total) by month,A,Annual,NR,Number,M12,December,DK,Denmark,2023,,4412,,,,,
dataflow,ESTAT:DEMO_FMONTH(1.0),Live births (total) by month,A,Annual,NR,Number,M12,December,EE,Estonia,1980,,1939,,,,,
dataflow,ESTAT:DEMO_FMONTH(1.0),Live births (total) by month,A,Annual,NR,Number,M12,December,EE,Estonia,1985,,1834,,,,,
dataflow,ESTAT:DEMO_FMONTH(1.0),Live births (total) by month,A,Annual,NR,Number,M12,December,EE,Estonia,1990,,1676,,,,,
dataflow,ESTAT:DEMO_FMONTH(1.0),Live births (total) by month,A,Annual,NR,Number,M12,December,EE,Estonia,1995,,989,,,,,
dataflow,ESTAT:DEMO_FMONTH(1.0),Live births (total) by month,A,Annual,NR,Number,M12,December,EE,Estonia,2000,,1022,,,,,
dataflow,ESTAT:DEMO_FMONTH(1.0),Live births (total) by month,A,Annual,NR,Number,M12,December,EE,Estonia,2005,,1143,,,,,
dataflow,ESTAT:DEMO_FMONTH(1.0),Live births (total) by month,A,Annual,NR,Number,M12,December,EE,Estonia,2010,,1213,,,,,
dataflow,ESTAT:DEMO_FMONTH(1.0),Live births (total) by month,A,Annual,NR,Number,M12,December,EE,Estonia,2015,,1087,,,,,
dataflow,ESTAT:DEMO_FMONTH(1.0),Live births (total) by month,A,Annual,NR,Number,M12,December,EE,Estonia,2020,,974,,,,,
dataflow,ESTAT:DEMO_FMONTH(1.0),Live births (total) by month,A,Annual,NR,Number,M12,December,EE,Estonia,2023,,854,,,,,
dataflow,ESTAT:DEMO_FMONTH(1.0),Live births (total) by month,A,Annual,NR,Number,M12,December,EL,Greece,1980,,10483,,,,,
dataflow,ESTAT:DEMO_FMONTH(1.0),Live births (total) by month,A,Annual,NR,Number,M12,December,EL,Greece,1985,,8993,,,,,
dataflow,ESTAT:DEMO_FMONTH(1.0),Live births (total) by month,A,Annual,NR,Number,M12,December,EL,Greece,1990,,7790,,,,,
dataflow,ESTAT:DEMO_FMONTH(1.0),Live births (total) by month,A,Annual,NR,Number,M12,December,EL,Greece,1995,,8016,,,,,
dataflow,ESTAT:DEMO_FMONTH(1.0),Live births (total) by month,A,Annual,NR,Number,M12,December,EL,Greece,2000,,8098,,,,,
dataflow,ESTAT:DEMO_FMONTH(1.0),Live births (total) by month,A,Annual,NR,Number,M12,December,EL,Greece,2005,,8340,,,,,
dataflow,ESTAT:DEMO_FMONTH(1.0),Live births (total) by month,A,Annual,NR,Number,M12,December,EL,Greece,2010,,9176,,,,,
dataflow,ESTAT:DEMO_FMONTH(1.0),Live births (total) by month,A,Annual,NR,Number,M12,December,EL,Greece,2015,,7403,,,,,
dataflow,ESTAT:DEMO_FMONTH(1.0),Live births (total) by month,A,Annual,NR,Number,M12,December,EL,Greece,2020,,6223,,,,,
dataflow,ESTAT:DEMO_FMONTH(1.0),Live births (total) by month,A,Annual,NR,Number,M12,December,EL,Greece,2023,,5855,,,,,
dataflow,ESTAT:DEMO_FMONTH(1.0),Live births (total) by month,A,Annual,NR,Number,M12,December,ES,Spain,1980,,46146,,,,,
dataflow,ESTAT:DEMO_FMONTH(1.0),Live births (total) by month,A,Annual,NR,Number,M12,December,ES,Spain,1985,,36166,,,,,
dataflow,ESTAT:DEMO_FMONTH(1.0),Live births (total) by month,A,Annual,NR,Number,M12,December,ES,Spain,1990,,32976,,,,,
dataflow,ESTAT:DEMO_FMONTH(1.0),Live births (total) by month,A,Annual,NR,Number,M12,December,ES,Spain,1995,,29876,,,,,
dataflow,ESTAT:DEMO_FMONTH(1.0),Live births (total) by month,A,Annual,NR,Number,M12,December,ES,Spain,2000,,33780,,,,,
dataflow,ESTAT:DEMO_FMONTH(1.0),Live births (total) by month,A,Annual,NR,Number,M12,December,ES,Spain,2005,,39771,,,,,
dataflow,ESTAT:DEMO_FMONTH(1.0),Live births (total) by month,A,Annual,NR,Number,M12,December,ES,Spain,2010,,43495,,,,,
dataflow,ESTAT:DEMO_FMONTH(1.0),Live births (total) by month,A,Annual,NR,Number,M12,December,ES,Spain,2015,,34970,,,,,
dataflow,ESTAT:DEMO_FMONTH(1.0),Live births (total) by month,A,Annual,NR,Number,M12,December,ES,Spain,2020,,23454,,,,,
dataflow,ESTAT:DEMO_FMONTH(1.0),Live births (total) by month,A,Annual,NR,Number,M12,December,ES,Spain,2023,,26854,,,,,
dataflow,ESTAT:DEMO_FMONTH(1.0),Live births (total) by month,A,Annual,NR,Number,M12,December,FI,Finland,1980,,4942,,,,,
dataflow,ESTAT:DEMO_FMONTH(1.0),Live births (total) by month,A,Annual,NR,Number,M12,December,FI,Finland,1985,,5084,,,,,
dataflow,ESTAT:DEMO_FMONTH(1.0),Live births (total) by month,A,Annual,NR,Number,M12,December,FI,Finland,1990,,4943,,,,,
dataflow,ESTAT:DEMO_FMONTH(1.0),Live births (total) by month,A,Annual,NR,Number,M12,December,FI,Finland,1995,,4707,,,,,
dataflow,ESTAT:DEMO_FMONTH(1.0),Live births (total) by month,A,Annual,NR,Number,M12,December,FI,Finland,2000,,4428,,,,,
dataflow,ESTAT:DEMO_FMONTH(1.0),Live births (total) by month,A,Annual,NR,Number,M12,December,FI,Finland,2005,,4617,,,,,
dataflow,ESTAT:DEMO_FMONTH(1.0),Live births (total) by month,A,Annual,NR,Number,M12,December,FI,Finland,2010,,4821,,,,,
dataflow,ESTAT:DEMO_FMONTH(1.0),Live births (total) by month,A,Annual,NR,Number,M12,December,FI,Finland,2015,,4280,,,,,
dataflow,ESTAT:DEMO_FMONTH(1.0),Live births (total) by month,A,Annual,NR,Number,M12,December,FI,Finland,2020,,3666,,,,,
dataflow,ESTAT:DEMO_FMONTH(1.0),Live births (total) by month,A,Annual,NR,Number,M12,December,FI,Finland,2023,,3370,,,,,
dataflow,ESTAT:DEMO_FMONTH(1.0),Live births (total) by month,A,Annual,NR,Number,M12,December,FR,France,1995,,63886,,,,,
dataflow,ESTAT:DEMO_FMONTH(1.0),Live births (total) by month,A,Annual,NR,Number,M12,December,FR,France,2000,,68133,,,,,
dataflow,ESTAT:DEMO_FMONTH(1.0),Live births (total) by month,A,Annual,NR,Number,M12,December,FR,France,2005,,68591,,,,,
dataflow,ESTAT:DEMO_FMONTH(1.0),Live births (total) by month,A,Annual,NR,Number,M12,December,FR,France,2010,,70719,,,,,
dataflow,ESTAT:DEMO_FMONTH(1.0),Live births (total) by month,A,Annual,NR,Number,M12,December,FR,France,2015,,67046,,,,,
dataflow,ESTAT:DEMO_FMONTH(1.0),Live births (total) by month,A,Annual,NR,Number,M12,December,FR,France,2020,,58454,,,,,
dataflow,ESTAT:DEMO_FMONTH(1.0),Live births (total) by month,A,Annual,NR,Number,M12,December,FR,France,2023,,55489,,,,,
dataflow,ESTAT:DEMO_FMONTH(1.0),Live births (total) by month,A,Annual,NR,Number,M12,December,FX,Metropolitan France,1980,,64906,,,,,
dataflow,ESTAT:DEMO_FMONTH(1.0),Live births (total) by month,A,Annual,NR,Number,M12,December,FX,Metropolitan France,1985,,63358,,,,,
dataflow,ESTAT:DEMO_FMONTH(1.0),Live births (total) by month,A,Annual,NR,Number,M12,December,FX,Metropolitan France,1990,,63359,,,,,
dataflow,ESTAT:DEMO_FMONTH(1.0),Live births (total) by month,A,Annual,NR,Number,M12,December,FX,Metropolitan France,1995,,61361,,,,,
dataflow,ESTAT:DEMO_FMONTH(1.0),Live births (total) by month,A,Annual,NR,Number,M12,December,FX,Metropolitan France,2000,,65053,,,,,
dataflow,ESTAT:DEMO_FMONTH(1.0),Live births (total) by month,A,Annual,NR,Number,M12,December,FX,Metropolitan France,2005,,65648,,,,,
dataflow,ESTAT:DEMO_FMONTH(1.0),Live births (total) by month,A,Annual,NR,Number,M12,December,FX,Metropolitan France,2010,,68258,,,,,
dataflow,ESTAT:DEMO_FMONTH(1.0),Live births (total) by month,A,Annual,NR,Number,M12,December,GE,Georgia,2005,,3786,,,,,
dataflow,ESTAT:DEMO_FMONTH(1.0),Live births (total) by month,A,Annual,NR,Number,M12,December,GE,Georgia,2010,,4885,,,,,
dataflow,ESTAT:DEMO_FMONTH(1.0),Live births (total) by month,A,Annual,NR,Number,M12,December,GE,Georgia,2015,,4469,,,,,
dataflow,ESTAT:DEMO_FMONTH(1.0),Live births (total) by month,A,Annual,NR,Number,M12,December,GE,Georgia,2020,,3609,,,,,
dataflow,ESTAT:DEMO_FMONTH(1.0),Live births (total) by month,A,Annual,NR,Number,M12,December,GE,Georgia,2023,,3222,,,,,
dataflow,ESTAT:DEMO_FMONTH(1.0),Live births (total) by month,A,Annual,NR,Number,M12,December,HR,Croatia,1995,,4129,,,,,
dataflow,ESTAT:DEMO_FMONTH(1.0),Live births (total) by month,A,Annual,NR,Number,M12,December,HR,Croatia,2000,,3550,,,,,
dataflow,ESTAT:DEMO_FMONTH(1.0),Live births (total) by month,A,Annual,NR,Number,M12,December,HR,Croatia,2005,,3323,,,,,
dataflow,ESTAT:DEMO_FMONTH(1.0),Live births (total) by month,A,Annual,NR,Number,M12,December,HR,Croatia,2010,,3610,,,,,
dataflow,ESTAT:DEMO_FMONTH(1.0),Live births (total) by month,A,Annual,NR,Number,M12,December,HR,Croatia,2015,,3169,,,,,
dataflow,ESTAT:DEMO_FMONTH(1.0),Live births (total) by month,A,Annual,NR,Number,M12,December,HR,Croatia,2020,,2920,,,,,
dataflow,ESTAT:DEMO_FMONTH(1.0),Live births (total) by month,A,Annual,NR,Number,M12,December,HR,Croatia,2023,,2640,,,,,
dataflow,ESTAT:DEMO_FMONTH(1.0),Live births (total) by month,A,Annual,NR,Number,M12,December,HU,Hungary,1995,,8947,,,,,
dataflow,ESTAT:DEMO_FMONTH(1.0),Live births (total) by month,A,Annual,NR,Number,M12,December,HU,Hungary,2000,,8338,,,,,
dataflow,ESTAT:DEMO_FMONTH(1.0),Live births (total) by month,A,Annual,NR,Number,M12,December,HU,Hungary,2005,,7715,,,,,
dataflow,ESTAT:DEMO_FMONTH(1.0),Live births (total) by month,A,Annual,NR,Number,M12,December,HU,Hungary,2010,,7478,,,,,
dataflow,ESTAT:DEMO_FMONTH(1.0),Live births (total) by month,A,Annual,NR,Number,M12,December,HU,Hungary,2015,,7768,,,,,
dataflow,ESTAT:DEMO_FMONTH(1.0),Live births (total) by month,A,Annual,NR,Number,M12,December,HU,Hungary,2020,,7243,,,,,
dataflow,ESTAT:DEMO_FMONTH(1.0),Live births (total) by month,A,Annual,NR,Number,M12,December,HU,Hungary,2023,,6710,,,,,
dataflow,ESTAT:DEMO_FMONTH(1.0),Live births (total) by month,A,Annual,NR,Number,M12,December,IE,Ireland,1980,,6061,,,,,
dataflow,ESTAT:DEMO_FMONTH(1.0),Live births (total) by month,A,Annual,NR,Number,M12,December,IE,Ireland,1985,,4818,,,,,
dataflow,ESTAT:DEMO_FMONTH(1.0),Live births (total) by month,A,Annual,NR,Number,M12,December,IE,Ireland,1990,,4182,,,,,
dataflow,ESTAT:DEMO_FMONTH(1.0),Live births (total) by month,A,Annual,NR,Number,M12,December,IE,Ireland,1995,,3854,,,,,
dataflow,ESTAT:DEMO_FMONTH(1.0),Live births (total) by month,A,Annual,NR,Number,M12,December,IE,Ireland,2000,,4446,,,,,
dataflow,ESTAT:DEMO_FMONTH(1.0),Live births (total) by month,A,Annual,NR,Number,M12,December,IE,Ireland,2005,,4923,,,,,
dataflow,ESTAT:DEMO_FMONTH(1.0),Live births (total) by month,A,Annual,NR,Number,M12,December,IE,Ireland,2010,,6399,,,,,
dataflow,ESTAT:DEMO_FMONTH(1.0),Live births (total) by month,A,Annual,NR,Number,M12,December,IE,Ireland,2015,,5427,,,,,
dataflow,ESTAT:DEMO_FMONTH(1.0),Live births (total) by month,A,Annual,NR,Number,M12,December,IE,Ireland,2020,,4370,,,,,
dataflow,ESTAT:DEMO_FMONTH(1.0),Live births (total) by month,A,Annual,NR,Number,M12,December,IE,Ireland,2023,,4655,,,,,
dataflow,ESTAT:DEMO_FMONTH(1.0),Live births (total) by month,A,Annual,NR,Number,M12,December,IS,Iceland,1980,,349,,,,,
dataflow,ESTAT:DEMO_FMONTH(1.0),Live births (total) by month,A,Annual,NR,Number,M12,December,IS,Iceland,1985,,304,,,,,
dataflow,ESTAT:DEMO_FMONTH(1.0),Live births (total) by month,A,Annual,NR,Number,M12,December,IS,Iceland,1990,,336,,,,,
dataflow,ESTAT:DEMO_FMONTH(1.0),Live births (total) by month,A,Annual,NR,Number,M12,December,IS,Iceland,1995,,321,,,,,
dataflow,ESTAT:DEMO_FMONTH(1.0),Live births (total) by month,A,Annual,NR,Number,M12,December,IS,Iceland,2000,,341,,,,,
dataflow,ESTAT:DEMO_FMONTH(1.0),Live births (total) by month,A,Annual,NR,Number,M12,December,IS,Iceland,2005,,340,,,,,
dataflow,ESTAT:DEMO_FMONTH(1.0),Live births (total) by month,A,Annual,NR,Number,M12,December,IS,Iceland,2010,,420,,,,,
dataflow,ESTAT:DEMO_FMONTH(1.0),Live births (total) by month,A,Annual,NR,Number,M12,December,IS,Iceland,2015,,297,,,,,
dataflow,ESTAT:DEMO_FMONTH(1.0),Live births (total) by month,A,Annual,NR,Number,M12,December,IS,Iceland,2020,,352,,,,,
dataflow,ESTAT:DEMO_FMONTH(1.0),Live births (total) by month,A,Annual,NR,Number,M12,December,IS,Iceland,2023,,330,,,,,
dataflow,ESTAT:DEMO_FMONTH(1.0),Live births (total) by month,A,Annual,NR,Number,M12,December,IT,Italy,1980,,48133,,,,,
dataflow,ESTAT:DEMO_FMONTH(1.0),Live births (total) by month,A,Annual,NR,Number,M12,December,IT,Italy,1985,,43039,,,,,
dataflow,ESTAT:DEMO_FMONTH(1.0),Live births (total) by month,A,Annual,NR,Number,M12,December,IT,Italy,1990,,45621,,,,,
dataflow,ESTAT:DEMO_FMONTH(1.0),Live births (total) by month,A,Annual,NR,Number,M12,December,IT,Italy,1995,,42327,,,,,
dataflow,ESTAT:DEMO_FMONTH(1.0),Live births (total) by month,A,Annual,NR,Number,M12,December,IT,Italy,2000,,43125,,,,,
dataflow,ESTAT:DEMO_FMONTH(1.0),Live births (total) by month,A,Annual,NR,Number,M12,December,IT,Italy,2005,,45916,,,,,
dataflow,ESTAT:DEMO_FMONTH(1.0),Live births (total) by month,A,Annual,NR,Number,M12,December,IT,Italy,2010,,48566,,,,,
dataflow,ESTAT:DEMO_FMONTH(1.0),Live births (total) by month,A,Annual,NR,Number,M12,December,IT,Italy,2015,,40487,,,,,
dataflow,ESTAT:DEMO_FMONTH(1.0),Live births (total) by month,A,Annual,NR,Number,M12,December,IT,Italy,2020,,30431,,,,,
dataflow,ESTAT:DEMO_FMONTH(1.0),Live births (total) by month,A,Annual,NR,Number,M12,December,IT,Italy,2023,,31883,,,,,
dataflow,ESTAT:DEMO_FMONTH(1.0),Live births (total) by month,A,Annual,NR,Number,M12,December,LI,Liechtenstein,1980,,38,,,,,
dataflow,ESTAT:DEMO_FMONTH(1.0),Live births (total) by month,A,Annual,NR,Number,M12,December,LI,Liechtenstein,1985,,38,,,,,
dataflow,ESTAT:DEMO_FMONTH(1.0),Live births (total) by month,A,Annual,NR,Number,M12,December,LI,Liechtenstein,1990,,32,,,,,
dataflow,ESTAT:DEMO_FMONTH(1.0),Live births (total) by month,A,Annual,NR,Number,M12,December,LI,Liechtenstein,1995,,27,,,,,
dataflow,ESTAT:DEMO_FMONTH(1.0),Live births (total) by month,A,Annual,NR,Number,M12,December,LI,Liechtenstein,2000,,39,,,,,
dataflow,ESTAT:DEMO_FMONTH(1.0),Live births (total) by month,A,Annual,NR,Number,M12,December,LI,Liechtenstein,2005,,32,,,,,
dataflow,ESTAT:DEMO_FMONTH(1.0),Live births (total) by month,A,Annual,NR,Number,M12,December,LI,Liechtenstein,2010,,30,,,,,
dataflow,ESTAT:DEMO_FMONTH(1.0),Live births (total) by month,A,Annual,NR,Number,M12,December,LI,Liechtenstein,2015,,32,,,,,
dataflow,ESTAT:DEMO_FMONTH(1.0),Live births (total) by month,A,Annual,NR,Number,M12,December,LI,Liechtenstein,2020,,35,,,,,
dataflow,ESTAT:DEMO_FMONTH(1.0),Live births (total) by month,A,Annual,NR,Number,M12,December,LI,Liechtenstein,2023,,29,,,,,
dataflow,ESTAT:DEMO_FMONTH(1.0),Live births (total) by month,A,Annual,NR,Number,M12,December,LT,Lithuania,1995,,3246,,,,,
dataflow,ESTAT:DEMO_FMONTH(1.0),Live births (total) by month,A,Annual,NR,Number,M12,December,LT,Lithuania,2000,,2620,,,,,
dataflow,ESTAT:DEMO_FMONTH(1.0),Live births (total) by month,A,Annual,NR,Number,M12,December,LT,Lithuania,2005,,2259,,,,,
dataflow,ESTAT:DEMO_FMONTH(1.0),Live births (total) by month,A,Annual,NR,Number,M12,December,LT,Lithuania,2010,,2326,,,,,
dataflow,ESTAT:DEMO_FMONTH(1.0),Live births (total) by month,A,Annual,NR,Number,M12,December,LT,Lithuania,2015,,2307,,,,,
dataflow,ESTAT:DEMO_FMONTH(1.0),Live births (total) by month,A,Annual,NR,Number,M12,December,LT,Lithuania,2020,,1610,,,,,
dataflow,ESTAT:DEMO_FMONTH(1.0),Live births (total) by month,A,Annual,NR,Number,M12,December,LT,Lithuania,2023,,1571,,,,,
dataflow,ESTAT:DEMO_FMONTH(1.0),Live births (total) by month,A,Annual,NR,Number,M12,December,LU,Luxembourg,1980,,363,,,,,
dataflow,ESTAT:DEMO_FMONTH(1.0),Live births (total) by month,A,Annual,NR,Number,M12,December,LU,Luxembourg,1985,,336,,,,,
dataflow,ESTAT:DEMO_FMONTH(1.0),Live births (total) by month,A,Annual,NR,Number,M12,December,LU,Luxembourg,1990,,435,,,,,
dataflow,ESTAT:DEMO_FMONTH(1.0),Live births (total) by month,A,Annual,NR,Number,M12,December,LU,Luxembourg,1995,,474,,,,,
dataflow,ESTAT:DEMO_FMONTH(1.0),Live births (total) by month,A,Annual,NR,Number,M12,December,LU,Luxembourg,2000,,481,,,,,
dataflow,ESTAT:DEMO_FMONTH(1.0),Live births (total) by month,A,Annual,NR,Number,M12,December,LU,Luxembourg,2005,,426,,,,,
dataflow,ESTAT:DEMO_FMONTH(1.0),Live births (total) by month,A,Annual,NR,Number,M12,December,LU,Luxembourg,2010,,455,,,,,
dataflow,ESTAT:DEMO_FMONTH(1.0),Live births (total) by month,A,Annual,NR,Number,M12,December,LU,Luxembourg,2015,,529,,,,,
dataflow,ESTAT:DEMO_FMONTH(1.0),Live births (total) by month,A,Annual,NR,Number,M12,December,LU,Luxembourg,2020,,546,,,,,
dataflow,ESTAT:DEMO_FMONTH(1.0),Live births (total) by month,A,Annual,NR,Number,M12,December,LU,Luxembourg,2023,,494,,,,,
dataflow,ESTAT:DEMO_FMONTH(1.0),Live births (total) by month,A,Annual,NR,Number,M12,December,LV,Latvia,2000,,1675,,,,,
dataflow,ESTAT:DEMO_FMONTH(1.0),Live births (total) by month,A,Annual,NR,Number,M12,December,LV,Latvia,2005,,1696,,,,,
dataflow,ESTAT:DEMO_FMONTH(1.0),Live births (total) by month,A,Annual,NR,Number,M12,December,LV,Latvia,2010,,1603,,,,,
dataflow,ESTAT:DEMO_FMONTH(1.0),Live births (total) by month,A,Annual,NR,Number,M12,December,LV,Latvia,2015,,1769,,,,,
dataflow,ESTAT:DEMO_FMONTH(1.0),Live births (total) by month,A,Annual,NR,Number,M12,December,LV,Latvia,2020,,1306,,,,,
dataflow,ESTAT:DEMO_FMONTH(1.0),Live births (total) by month,A,Annual,NR,Number,M12,December,LV,Latvia,2023,,1096,,,,,
dataflow,ESTAT:DEMO_FMONTH(1.0),Live births (total) by month,A,Annual,NR,Number,M12,December,MC,Monaco,2005,,81,,,,,
dataflow,ESTAT:DEMO_FMONTH(1.0),Live births (total) by month,A,Annual,NR,Number,M12,December,MC,Monaco,2023,,24,,,,,
dataflow,ESTAT:DEMO_FMONTH(1.0),Live births (total) by month,A,Annual,NR,Number,M12,December,MD,Moldova,2005,,3044,,,,,
dataflow,ESTAT:DEMO_FMONTH(1.0),Live births (total) by month,A,Annual,NR,Number,M12,December,MD,Moldova,2010,,3231,,,,,
dataflow,ESTAT:DEMO_FMONTH(1.0),Live births (total) by month,A,Annual,NR,Number,M12,December,MD,Moldova,2015,,3010,,,,,
dataflow,ESTAT:DEMO_FMONTH(1.0),Live births (total) by month,A,Annual,NR,Number,M12,December,MD,Moldova,2020,,2180,,,,,
dataflow,ESTAT:DEMO_FMONTH(1.0),Live births (total) by month,A,Annual,NR,Number,M12,December,MD,Moldova,2023,,1798,,,,,
dataflow,ESTAT:DEMO_FMONTH(1.0),Live births (total) by month,A,Annual,NR,Number,M12,December,ME,Montenegro,2005,,596,,,,,
dataflow,ESTAT:DEMO_FMONTH(1.0),Live births (total) by month,A,Annual,NR,Number,M12,December,ME,Montenegro,2010,,648,,,,,
dataflow,ESTAT:DEMO_FMONTH(1.0),Live births (total) by month,A,Annual,NR,Number,M12,December,ME,Montenegro,2015,,566,,,,,
dataflow,ESTAT:DEMO_FMONTH(1.0),Live births (total) by month,A,Annual,NR,Number,M12,December,ME,Montenegro,2020,,524,,,,,
dataflow,ESTAT:DEMO_FMONTH(1.0),Live births (total) by month,A,Annual,NR,Number,M12,December,ME,Montenegro,2023,,559,,,,,
dataflow,ESTAT:DEMO_FMONTH(1.0),Live births (total) by month,A,Annual,NR,Number,M12,December,MK,North Macedonia,1995,,2416,,,,,
dataflow,ESTAT:DEMO_FMONTH(1.0),Live births (total) by month,A,Annual,NR,Number,M12,December,MK,North Macedonia,2000,,2393,,,,,
dataflow,ESTAT:DEMO_FMONTH(1.0),Live births (total) by month,A,Annual,NR,Number,M12,December,MK,North Macedonia,2005,,1722,,,,,
dataflow,ESTAT:DEMO_FMONTH(1.0),Live births (total) by month,A,Annual,NR,Number,M12,December,MK,North Macedonia,2010,,1943,,,,,
dataflow,ESTAT:DEMO_FMONTH(1.0),Live births (total) by month,A,Annual,NR,Number,M12,December,MK,North Macedonia,2015,,1769,,,,,
dataflow,ESTAT:DEMO_FMONTH(1.0),Live births (total) by month,A,Annual,NR,Number,M12,December,MK,North Macedonia,2020,,1400,,,,,
dataflow,ESTAT:DEMO_FMONTH(1.0),Live births (total) by month,A,Annual,NR,Number,M12,December,MK,North Macedonia,2023,,1299,,,,,
dataflow,ESTAT:DEMO_FMONTH(1.0),Live births (total) by month,A,Annual,NR,Number,M12,December,MT,Malta,1995,,393,,,,,
dataflow,ESTAT:DEMO_FMONTH(1.0),Live births (total) by month,A,Annual,NR,Number,M12,December,MT,Malta,2000,,398,,,,,
dataflow,ESTAT:DEMO_FMONTH(1.0),Live births (total) by month,A,Annual,NR,Number,M12,December,MT,Malta,2005,,344,,,,,
dataflow,ESTAT:DEMO_FMONTH(1.0),Live births (total) by month,A,Annual,NR,Number,M12,December,MT,Malta,2010,,360,,,,,
dataflow,ESTAT:DEMO_FMONTH(1.0),Live births (total) by month,A,Annual,NR,Number,M12,December,MT,Malta,2015,,401,,,,,
dataflow,ESTAT:DEMO_FMONTH(1.0),Live births (total) by month,A,Annual,NR,Number,M12,December,MT,Malta,2020,,330,,,,,
dataflow,ESTAT:DEMO_FMONTH(1.0),Live births (total) by month,A,Annual,NR,Number,M12,December,MT,Malta,2023,,422,,,,,
dataflow,ESTAT:DEMO_FMONTH(1.0),Live births (total) by month,A,Annual,NR,Number,M12,December,NL,Netherlands,1980,,14749,,,,,
dataflow,ESTAT:DEMO_FMONTH(1.0),Live births (total) by month,A,Annual,NR,Number,M12,December,NL,Netherlands,1985,,14149,,,,,
dataflow,ESTAT:DEMO_FMONTH(1.0),Live births (total) by month,A,Annual,NR,Number,M12,December,NL,Netherlands,1990,,15980,,,,,
dataflow,ESTAT:DEMO_FMONTH(1.0),Live births (total) by month,A,Annual,NR,Number,M12,December,NL,Netherlands,1995,,14733,,,,,
dataflow,ESTAT:DEMO_FMONTH(1.0),Live births (total) by month,A,Annual,NR,Number,M12,December,NL,Netherlands,2000,,16693,,,,,
dataflow,ESTAT:DEMO_FMONTH(1.0),Live births (total) by month,A,Annual,NR,Number,M12,December,NL,Netherlands,2005,,14776,,,,,
dataflow,ESTAT:DEMO_FMONTH(1.0),Live births (total) by month,A,Annual,NR,Number,M12,December,NL,Netherlands,2010,,15404,,,,,
dataflow,ESTAT:DEMO_FMONTH(1.0),Live births (total) by month,A,Annual,NR,Number,M12,December,NL,Netherlands,2015,,13902,,,,,
dataflow,ESTAT:DEMO_FMONTH(1.0),Live births (total) by month,A,Annual,NR,Number,M12,December,NL,Netherlands,2020,,13277,,,,,
dataflow,ESTAT:DEMO_FMONTH(1.0),Live births (total) by month,A,Annual,NR,Number,M12,December,NL,Netherlands,2023,,13005,,,,,
dataflow,ESTAT:DEMO_FMONTH(1.0),Live births (total) by month,A,Annual,NR,Number,M12,December,NO,Norway,1980,,3914,,,,,
dataflow,ESTAT:DEMO_FMONTH(1.0),Live births (total) by month,A,Annual,NR,Number,M12,December,NO,Norway,1985,,4055,,,,,
dataflow,ESTAT:DEMO_FMONTH(1.0),Live births (total) by month,A,Annual,NR,Number,M12,December,NO,Norway,1990,,4716,,,,,
dataflow,ESTAT:DEMO_FMONTH(1.0),Live births (total) by month,A,Annual,NR,Number,M12,December,NO,Norway,1995,,4301,,,,,
dataflow,ESTAT:DEMO_FMONTH(1.0),Live births (total) by month,A,Annual,NR,Number,M12,December,NO,Norway,2000,,4480,,,,,
dataflow,ESTAT:DEMO_FMONTH(1.0),Live births (total) by month,A,Annual,NR,Number,M12,December,NO,Norway,2005,,4115,,,,,
dataflow,ESTAT:DEMO_FMONTH(1.0),Live births (total) by month,A,Annual,NR,Number,M12,December,NO,Norway,2010,,4606,,,,,
dataflow,ESTAT:DEMO_FMONTH(1.0),Live births (total) by month,A,Annual,NR,Number,M12,December,NO,Norway,2015,,4152,,,,,
dataflow,ESTAT:DEMO_FMONTH(1.0),Live births (total) by month,A,Annual,NR,Number,M12,December,NO,Norway,2020,,3650,,,,,
dataflow,ESTAT:DEMO_FMONTH(1.0),Live births (total) by month,A,Annual,NR,Number,M12,December,NO,Norway,2023,,3579,,,,,
dataflow,ESTAT:DEMO_FMONTH(1.0),Live births (total) by month,A,Annual,NR,Number,M12,December,PL,Poland,1995,,23779,,,,,
dataflow,ESTAT:DEMO_FMONTH(1.0),Live births (total) by month,A,Annual,NR,Number,M12,December,PL,Poland,2000,,27460,,,,,
dataflow,ESTAT:DEMO_FMONTH(1.0),Live births (total) by month,A,Annual,NR,Number,M12,December,PL,Poland,2005,,26127,,,,,
dataflow,ESTAT:DEMO_FMONTH(1.0),Live births (total) by month,A,Annual,NR,Number,M12,December,PL,Poland,2010,,32495,,,,,
dataflow,ESTAT:DEMO_FMONTH(1.0),Live births (total) by month,A,Annual,NR,Number,M12,December,PL,Poland,2015,,28657,,,,,
dataflow,ESTAT:DEMO_FMONTH(1.0),Live births (total) by month,A,Annual,NR,Number,M12,December,PL,Poland,2020,,24989,,,,,
dataflow,ESTAT:DEMO_FMONTH(1.0),Live births (total) by month,A,Annual,NR,Number,M12,December,PL,Poland,2023,,20066,,,,,
dataflow,ESTAT:DEMO_FMONTH(1.0),Live births (total) by month,A,Annual,NR,Number,M12,December,PT,Portugal,1980,,12547,,,,,
dataflow,ESTAT:DEMO_FMONTH(1.0),Live births (total) by month,A,Annual,NR,Number,M12,December,PT,Portugal,1985,,10283,,,,,
dataflow,ESTAT:DEMO_FMONTH(1.0),Live births (total) by month,A,Annual,NR,Number,M12,December,PT,Portugal,1990,,9474,,,,,
dataflow,ESTAT:DEMO_FMONTH(1.0),Live births (total) by month,A,Annual,NR,Number,M12,December,PT,Portugal,1995,,8836,,,,,
dataflow,ESTAT:DEMO_FMONTH(1.0),Live births (total) by month,A,Annual,NR,Number,M12,December,PT,Portugal,2000,,9646,,,,,
dataflow,ESTAT:DEMO_FMONTH(1.0),Live births (total) by month,A,Annual,NR,Number,M12,December,PT,Portugal,2005,,9068,,,,,
dataflow,ESTAT:DEMO_FMONTH(1.0),Live births (total) by month,A,Annual,NR,Number,M12,December,PT,Portugal,2010,,8893,,,,,
dataflow,ESTAT:DEMO_FMONTH(1.0),Live births (total) by month,A,Annual,NR,Number,M12,December,PT,Portugal,2015,,7379,,,,,
dataflow,ESTAT:DEMO_FMONTH(1.0),Live births (total) by month,A,Annual,NR,Number,M12,December,PT,Portugal,2020,,6296,,,,,
dataflow,ESTAT:DEMO_FMONTH(1.0),Live births (total) by month,A,Annual,NR,Number,M12,December,PT,Portugal,2023,,7145,,,,,
dataflow,ESTAT:DEMO_FMONTH(1.0),Live births (total) by month,A,Annual,NR,Number,M12,December,RO,Romania,1995,,18216,,,,,
dataflow,ESTAT:DEMO_FMONTH(1.0),Live births (total) by month,A,Annual,NR,Number,M12,December,RO,Romania,2000,,18133,,,,,
dataflow,ESTAT:DEMO_FMONTH(1.0),Live births (total) by month,A,Annual,NR,Number,M12,December,RO,Romania,2005,,17464,,,,,
dataflow,ESTAT:DEMO_FMONTH(1.0),Live births (total) by month,A,Annual,NR,Number,M12,December,RO,Romania,2010,,16792,,,,,
dataflow,ESTAT:DEMO_FMONTH(1.0),Live births (total) by month,A,Annual,NR,Number,M12,December,RO,Romania,2015,,16228,,,,,
dataflow,ESTAT:DEMO_FMONTH(1.0),Live births (total) by month,A,Annual,NR,Number,M12,December,RO,Romania,2020,,15047,,,,,
dataflow,ESTAT:DEMO_FMONTH(1.0),Live births (total) by month,A,Annual,NR,Number,M12,December,RO,Romania,2023,,11829,,,,,
dataflow,ESTAT:DEMO_FMONTH(1.0),Live births (total) by month,A,Annual,NR,Number,M12,December,RS,Serbia,2000,,6294,,,,,
dataflow,ESTAT:DEMO_FMONTH(1.0),Live births (total) by month,A,Annual,NR,Number,M12,December,RS,Serbia,2005,,5634,,,,,
dataflow,ESTAT:DEMO_FMONTH(1.0),Live births (total) by month,A,Annual,NR,Number,M12,December,RS,Serbia,2010,,5743,,,,,
dataflow,ESTAT:DEMO_FMONTH(1.0),Live births (total) by month,A,Annual,NR,Number,M12,December,RS,Serbia,2015,,5205,,,,,
dataflow,ESTAT:DEMO_FMONTH(1.0),Live births (total) by month,A,Annual,NR,Number,M12,December,RS,Serbia,2020,,4668,,,,,
dataflow,ESTAT:DEMO_FMONTH(1.0),Live births (total) by month,A,Annual,NR,Number,M12,December,RS,Serbia,2023,,4991,,,,,
dataflow,ESTAT:DEMO_FMONTH(1.0),Live births (total) by month,A,Annual,NR,Number,M12,December,RU,Russia,2005,,112631,,,,,
dataflow,ESTAT:DEMO_FMONTH(1.0),Live births (total) by month,A,Annual,NR,Number,M12,December,RU,Russia,2010,,146569,,,,,
dataflow,ESTAT:DEMO_FMONTH(1.0),Live births (total) by month,A,Annual,NR,Number,M12,December,SE,Sweden,1980,,6877,,,,,
dataflow,ESTAT:DEMO_FMONTH(1.0),Live births (total) by month,A,Annual,NR,Number,M12,December,SE,Sweden,1985,,7067,,,,,
dataflow,ESTAT:DEMO_FMONTH(1.0),Live births (total) by month,A,Annual,NR,Number,M12,December,SE,Sweden,1990,,8963,,,,,
dataflow,ESTAT:DEMO_FMONTH(1.0),Live births (total) by month,A,Annual,NR,Number,M12,December,SE,Sweden,1995,,6948,,,,,
dataflow,ESTAT:DEMO_FMONTH(1.0),Live births (total) by month,A,Annual,NR,Number,M12,December,SE,Sweden,2000,,6466,,,,,
dataflow,ESTAT:DEMO_FMONTH(1.0),Live births (total) by month,A,Annual,NR,Number,M12,December,SE,Sweden,2005,,7444,,,,,
dataflow,ESTAT:DEMO_FMONTH(1.0),Live births (total) by month,A,Annual,NR,Number,M12,December,SE,Sweden,2010,,8373,,,,,
dataflow,ESTAT:DEMO_FMONTH(1.0),Live births (total) by month,A,Annual,NR,Number,M12,December,SE,Sweden,2015,,8412,,,,,
dataflow,ESTAT:DEMO_FMONTH(1.0),Live births (total) by month,A,Annual,NR,Number,M12,December,SE,Sweden,2020,,8033,,,,,
dataflow,ESTAT:DEMO_FMONTH(1.0),Live births (total) by month,A,Annual,NR,Number,M12,December,SE,Sweden,2023,,7152,,,,,
dataflow,ESTAT:DEMO_FMONTH(1.0),Live births (total) by month,A,Annual,NR,Number,M12,December,SI,Slovenia,1995,,1562,,,,,
dataflow,ESTAT:DEMO_FMONTH(1.0),Live births (total) by month,A,Annual,NR,Number,M12,December,SI,Slovenia,2000,,1495,,,,,
dataflow,ESTAT:DEMO_FMONTH(1.0),Live births (total) by month,A,Annual,NR,Number,M12,December,SI,Slovenia,2005,,1465,,,,,
dataflow,ESTAT:DEMO_FMONTH(1.0),Live births (total) by month,A,Annual,NR,Number,M12,December,SI,Slovenia,2010,,1781,,,,,
dataflow,ESTAT:DEMO_FMONTH(1.0),Live births (total) by month,A,Annual,NR,Number,M12,December,SI,Slovenia,2015,,1559,,,,,
dataflow,ESTAT:DEMO_FMONTH(1.0),Live births (total) by month,A,Annual,NR,Number,M12,December,SI,Slovenia,2020,,1431,,,,,
dataflow,ESTAT:DEMO_FMONTH(1.0),Live births (total) by month,A,Annual,NR,Number,M12,December,SI,Slovenia,2023,,1284,,,,,
dataflow,ESTAT:DEMO_FMONTH(1.0),Live births (total) by month,A,Annual,NR,Number,M12,December,SK,Slovakia,2000,,4079,,,,,
dataflow,ESTAT:DEMO_FMONTH(1.0),Live births (total) by month,A,Annual,NR,Number,M12,December,SK,Slovakia,2005,,3998,,,,,
dataflow,ESTAT:DEMO_FMONTH(1.0),Live births (total) by month,A,Annual,NR,Number,M12,December,SK,Slovakia,2010,,4604,,,,,
dataflow,ESTAT:DEMO_FMONTH(1.0),Live births (total) by month,A,Annual,NR,Number,M12,December,SK,Slovakia,2015,,4605,,,,,
dataflow,ESTAT:DEMO_FMONTH(1.0),Live births (total) by month,A,Annual,NR,Number,M12,December,SK,Slovakia,2020,,4379,,,,,
dataflow,ESTAT:DEMO_FMONTH(1.0),Live births (total) by month,A,Annual,NR,Number,M12,December,SK,Slovakia,2023,,3868,,,,,
dataflow,ESTAT:DEMO_FMONTH(1.0),Live births (total) by month,A,Annual,NR,Number,M12,December,SM,San Marino,2005,,28,,,,,
dataflow,ESTAT:DEMO_FMONTH(1.0),Live births (total) by month,A,Annual,NR,Number,M12,December,TR,Türkiye,2010,,85809,,,,,
dataflow,ESTAT:DEMO_FMONTH(1.0),Live births (total) by month,A,Annual,NR,Number,M12,December,TR,Türkiye,2015,,96173,,,,,
dataflow,ESTAT:DEMO_FMONTH(1.0),Live births (total) by month,A,Annual,NR,Number,M12,December,TR,Türkiye,2020,,83268,,,,,
dataflow,ESTAT:DEMO_FMONTH(1.0),Live births (total) by month,A,Annual,NR,Number,M12,December,UA,Ukraine,2005,,36254,,,,,
dataflow,ESTAT:DEMO_FMONTH(1.0),Live births (total) by month,A,Annual,NR,Number,M12,December,UA,Ukraine,2010,,40805,,,,,
dataflow,ESTAT:DEMO_FMONTH(1.0),Live births (total) by month,A,Annual,NR,Number,M12,December,UA,Ukraine,2015,,33557,,,,,
dataflow,ESTAT:DEMO_FMONTH(1.0),Live births (total) by month,A,Annual,NR,Number,M12,December,UA,Ukraine,2020,,24558,,,,,
dataflow,ESTAT:DEMO_FMONTH(1.0),Live births (total) by month,A,Annual,NR,Number,M12,December,UK,United Kingdom,1980,,59284,,,,,
dataflow,ESTAT:DEMO_FMONTH(1.0),Live births (total) by month,A,Annual,NR,Number,M12,December,UK,United Kingdom,1985,,58036,,,,,
dataflow,ESTAT:DEMO_FMONTH(1.0),Live births (total) by month,A,Annual,NR,Number,M12,December,UK,United Kingdom,1990,,63579,,,,,
dataflow,ESTAT:DEMO_FMONTH(1.0),Live births (total) by month,A,Annual,NR,Number,M12,December,UK,United Kingdom,1995,,57326,,,,,
dataflow,ESTAT:DEMO_FMONTH(1.0),Live births (total) by month,A,Annual,NR,Number,M12,December,UK,United Kingdom,2000,,55082,,,,,
dataflow,ESTAT:DEMO_FMONTH(1.0),Live births (total) by month,A,Annual,NR,Number,M12,December,UK,United Kingdom,2005,,59333,,,,,
dataflow,ESTAT:DEMO_FMONTH(1.0),Live births (total) by month,A,Annual,NR,Number,M12,December,UK,United Kingdom,2010,,67709,,,,,
dataflow,ESTAT:DEMO_FMONTH(1.0),Live births (total) by month,A,Annual,NR,Number,M12,December,UK,United Kingdom,2015,,64041,,,,,
dataflow,ESTAT:DEMO_FMONTH(1.0),Live births (total) by month,A,Annual,NR,Number,M12,December,XK,Kosovo*,2005,,2567,,,,,
dataflow,ESTAT:DEMO_FMONTH(1.0),Live births (total) by month,A,Annual,NR,Number,M12,December,XK,Kosovo*,2015,,2011,,,,,
dataflow,ESTAT:DEMO_FMONTH(1.0),Live births (total) by month,A,Annual,NR,Number,M12,December,XK,Kosovo*,2020,,1564,,,,,
