Year,Countries,Values
1951,Afghanistan,0.0119999999999995
1952,Afghanistan,0.0
1953,Afghanistan,0.0060000000000002
1954,Afghanistan,-0.0120000000000004
1955,Afghanistan,0.008
1956,Afghanistan,0.0070000000000005
1957,Afghanistan,-0.0049999999999998
1958,Afghanistan,0.0049999999999998
1959,Afghanistan,0.0069999999999996
1960,Afghanistan,0.0060000000000002
1961,Afghanistan,0.0019999999999997
1962,Afghanistan,0.008
1963,Afghanistan,0.0099999999999997
1964,Afghanistan,0.0020000000000006
1965,Afghanistan,0.0009999999999994
1966,Afghanistan,0.0150000000000005
1967,Afghanistan,0.0190000000000001
1968,Afghanistan,0.024
1969,Afghanistan,0.0259999999999998
1970,Afghanistan,0.0110000000000001
1971,Afghanistan,0.032
1972,Afghanistan,0.0209999999999999
1973,Afghanistan,0.0339999999999998
1974,Afghanistan,0.0389999999999997
1975,Afghanistan,0.016
1976,Afghanistan,0.0190000000000001
1977,Afghanistan,0.0300000000000002
1978,Afghanistan,0.008
1979,Afghanistan,0.0129999999999999
1980,Afghanistan,0.0309999999999996
1981,Afghanistan,-0.0259999999999998
1982,Afghanistan,-0.0170000000000003
1983,Afghanistan,-0.0299999999999993
1984,Afghanistan,-0.016
1985,Afghanistan,-0.0040000000000004
1986,Afghanistan,0.0030000000000001
1987,Afghanistan,-0.0049999999999998
1988,Afghanistan,0.0030000000000001
1989,Afghanistan,0.008
1990,Afghanistan,0.0169999999999994
1991,Afghanistan,0.0550000000000006
1992,Afghanistan,0.072
1993,Afghanistan,0.0579999999999998
1994,Afghanistan,0.0060000000000002
1995,Afghanistan,0.0
1996,Afghanistan,-0.0100000000000006
1997,Afghanistan,-0.0249999999999994
1998,Afghanistan,-0.0390000000000005
1999,Afghanistan,-0.0519999999999996
2000,Afghanistan,-0.0750000000000001
2001,Afghanistan,-0.1129999999999995
2002,Afghanistan,-0.133
2003,Afghanistan,-0.1459999999999999
2004,Afghanistan,-0.1560000000000005
2005,Afghanistan,-0.1600000000000001
2006,Afghanistan,-0.1719999999999997
2007,Afghanistan,-0.1779999999999999
2008,Afghanistan,-0.1159999999999996
2009,Afghanistan,-0.0970000000000004
2010,Afghanistan,-0.0999999999999996
2011,Afghanistan,-0.1009999999999999
2012,Afghanistan,-0.1089999999999999
2013,Afghanistan,-0.1060000000000007
2014,Afghanistan,-0.1089999999999999
2015,Afghanistan,-0.1179999999999994
2016,Afghanistan,-0.1100000000000003
2017,Afghanistan,-0.1089999999999999
2018,Afghanistan,-0.1059999999999998
2019,Afghanistan,-0.0889999999999995
2020,Afghanistan,-0.0930000000000008
2021,Afghanistan,-0.1059999999999998
2022,Afghanistan,-0.1069999999999993
2023,Afghanistan,-0.0920000000000005
1951,Albania,0.0290000000000008
1952,Albania,0.0409999999999994
1953,Albania,0.1020000000000003
1954,Albania,0.0910000000000001
1955,Albania,0.1089999999999999
1956,Albania,-0.104
1957,Albania,-0.1030000000000006
1958,Albania,0.0570000000000003
1959,Albania,0.0060000000000002
1960,Albania,-0.0140000000000002
1961,Albania,-0.1100000000000003
1962,Albania,-0.1669999999999998
1963,Albania,-0.1790000000000002
1964,Albania,-0.2129999999999992
1965,Albania,-0.2400000000000002
1966,Albania,-0.149
1967,Albania,-0.0150000000000005
1968,Albania,0.0070000000000005
1969,Albania,-0.0300000000000002
1970,Albania,-0.1289999999999995
1971,Albania,-0.0750000000000001
1972,Albania,-0.104
1973,Albania,-0.1500000000000003
1974,Albania,-0.1289999999999995
1975,Albania,-0.1340000000000003
1976,Albania,-0.1920000000000001
1977,Albania,-0.1699999999999999
1978,Albania,-0.2079999999999997
1979,Albania,-0.2139999999999999
1980,Albania,-0.1920000000000001
1981,Albania,-0.1219999999999998
1982,Albania,-0.052
1983,Albania,-0.0969999999999999
1984,Albania,-0.0369999999999999
1985,Albania,-0.068
1986,Albania,-0.0729999999999999
1987,Albania,-0.0350000000000001
1988,Albania,-0.0369999999999999
1989,Albania,-0.0390000000000001
1990,Albania,-0.016
1991,Albania,-0.0579999999999998
1992,Albania,-0.0710000000000001
1993,Albania,-0.0739999999999998
1994,Albania,-0.0129999999999999
1995,Albania,-0.036
1996,Albania,-0.096
1997,Albania,-0.1309999999999997
1998,Albania,-0.1100000000000003
1999,Albania,-0.1119999999999996
2000,Albania,-0.096
2001,Albania,-0.076
2002,Albania,-0.1390000000000002
2003,Albania,0.004
2004,Albania,-0.1169999999999997
2005,Albania,-0.102
2006,Albania,-0.1009999999999999
2007,Albania,-0.0529999999999999
2008,Albania,-0.0169999999999999
2009,Albania,0.0219999999999997
2010,Albania,0.0150000000000001
2011,Albania,0.024
2012,Albania,0.042
2013,Albania,0.022
2014,Albania,-0.02
2015,Albania,-0.09
2016,Albania,-0.076
2017,Albania,-0.0689999999999999
2018,Albania,-0.0709999999999999
2019,Albania,-0.02
2020,Albania,-0.024
2021,Albania,-0.006
2022,Albania,-0.01
2023,Albania,-0.0069999999999998
1951,Algeria,-0.0169999999999994
1952,Algeria,-0.0180000000000006
1953,Algeria,0.0020000000000006
1954,Algeria,0.0199999999999995
1955,Algeria,0.0250000000000003
1956,Algeria,0.0219999999999993
1957,Algeria,0.0280000000000004
1958,Algeria,0.0519999999999996
1959,Algeria,0.016
1960,Algeria,0.0490000000000003
1961,Algeria,0.0609999999999999
1962,Algeria,0.0430000000000001
1963,Algeria,0.0419999999999998
1964,Algeria,0.0229999999999996
1965,Algeria,0.0390000000000005
1966,Algeria,-0.0010000000000003
1967,Algeria,0.0019999999999997
1968,Algeria,-0.0009999999999994
1969,Algeria,-0.0020000000000006
1970,Algeria,-0.0049999999999998
1971,Algeria,-0.0329999999999994
1972,Algeria,-0.0369999999999999
1973,Algeria,-0.0420000000000007
1974,Algeria,-0.0469999999999997
1975,Algeria,-0.0599999999999996
1976,Algeria,-0.08
1977,Algeria,-0.0929999999999999
1978,Algeria,-0.1009999999999999
1979,Algeria,-0.0920000000000005
1980,Algeria,-0.125
1981,Algeria,-0.149
1982,Algeria,-0.1699999999999999
1983,Algeria,-0.1789999999999993
1984,Algeria,-0.213
1985,Algeria,-0.2480000000000002
1986,Algeria,-0.3900000000000005
1987,Algeria,-0.3469999999999995
1988,Algeria,-0.2750000000000003
1989,Algeria,-0.2619999999999995
1990,Algeria,-0.2519999999999998
1991,Algeria,-0.1430000000000006
1992,Algeria,-0.0919999999999996
1993,Algeria,-0.1980000000000004
1994,Algeria,-0.1619999999999994
1995,Algeria,-0.427
1996,Algeria,-0.3480000000000003
1997,Algeria,-0.2529999999999996
1998,Algeria,-0.1950000000000002
1999,Algeria,-0.0709999999999997
2000,Algeria,-0.0300000000000002
2001,Algeria,-0.0709999999999997
2002,Algeria,-0.0900000000000003
2003,Algeria,0.0220000000000002
2004,Algeria,0.0489999999999999
2005,Algeria,0.0619999999999998
2006,Algeria,0.0660000000000002
2007,Algeria,0.076
2008,Algeria,0.0809999999999999
2009,Algeria,0.04
2010,Algeria,0.0499999999999998
2011,Algeria,0.024
2012,Algeria,0.0969999999999999
2013,Algeria,0.0009999999999998
2014,Algeria,0.0870000000000001
2015,Algeria,0.0070000000000001
2016,Algeria,0.0
2017,Algeria,-0.0010000000000003
2018,Algeria,-0.0709999999999997
2019,Algeria,-0.0220000000000002
2020,Algeria,-0.0569999999999999
2021,Algeria,-0.0699999999999998
2022,Algeria,-0.0529999999999999
2023,Algeria,-0.0510000000000001
1951,American Samoa,-0.0529999999999999
1952,American Samoa,-0.0540000000000002
1953,American Samoa,-0.0250000000000003
1954,American Samoa,0.0070000000000005
1955,American Samoa,0.0489999999999994
1956,American Samoa,0.0540000000000002
1957,American Samoa,0.104
1958,American Samoa,0.1239999999999996
1959,American Samoa,0.1120000000000001
1960,American Samoa,0.0410000000000003
1961,American Samoa,-0.0030000000000001
1962,American Samoa,0.0279999999999995
1963,American Samoa,0.0840000000000005
1964,American Samoa,0.0929999999999999
1965,American Samoa,-0.0499999999999998
1966,American Samoa,-0.1120000000000001
1967,American Samoa,-0.157
1968,American Samoa,-0.1800000000000006
1969,American Samoa,-0.1589999999999998
1970,American Samoa,-0.1689999999999996
1971,American Samoa,-0.1880000000000006
1972,American Samoa,-0.2459999999999995
1973,American Samoa,-0.2220000000000004
1974,American Samoa,-0.1579999999999994
1975,American Samoa,-0.1260000000000003
1976,American Samoa,-0.0809999999999995
1977,American Samoa,0.0209999999999999
1978,American Samoa,-0.08
1979,American Samoa,-0.1169999999999999
1980,American Samoa,-0.1290000000000004
1981,American Samoa,-0.1289999999999995
1982,American Samoa,-0.1280000000000001
1983,American Samoa,-0.1029999999999997
1984,American Samoa,-0.0170000000000003
1985,American Samoa,0.0049999999999998
1986,American Samoa,0.0209999999999999
1987,American Samoa,0.0220000000000002
1988,American Samoa,0.016
1989,American Samoa,0.096
1990,American Samoa,0.0620000000000002
1991,American Samoa,0.0559999999999991
1992,American Samoa,0.0290000000000008
1993,American Samoa,0.048
1994,American Samoa,-0.221
1995,American Samoa,-0.2629999999999999
1996,American Samoa,-0.1770000000000005
1997,American Samoa,-0.0569999999999999
1998,American Samoa,-0.0089999999999998
1999,American Samoa,0.0129999999999999
2000,American Samoa,-0.0009999999999998
2001,American Samoa,-0.02
2002,American Samoa,-0.004
2003,American Samoa,0.044
2004,American Samoa,0.0349999999999997
2005,American Samoa,-0.0819999999999998
2006,American Samoa,-0.1779999999999999
2007,American Samoa,-0.1760000000000001
2008,American Samoa,-0.0889999999999999
2009,American Samoa,-0.0609999999999999
2010,American Samoa,-0.0670000000000001
2011,American Samoa,-0.1229999999999997
2012,American Samoa,-0.1259999999999999
2013,American Samoa,-0.1110000000000002
2014,American Samoa,-0.08
2015,American Samoa,-0.072
2016,American Samoa,-0.0809999999999999
2017,American Samoa,-0.1009999999999999
2018,American Samoa,-0.1039999999999996
2019,American Samoa,-0.0900000000000003
2020,American Samoa,-0.044
2021,American Samoa,-0.0329999999999999
2022,American Samoa,-0.0219999999999997
2023,American Samoa,-0.0190000000000001
1951,Andorra,0.0829999999999997
1952,Andorra,0.0630000000000001
1953,Andorra,0.0569999999999999
1954,Andorra,0.0049999999999998
1955,Andorra,-0.0489999999999999
1956,Andorra,0.0249999999999999
1957,Andorra,0.0780000000000002
1958,Andorra,0.0849999999999999
1959,Andorra,0.0929999999999999
1960,Andorra,-0.0070000000000001
1961,Andorra,-0.0019999999999997
1962,Andorra,0.0049999999999998
1963,Andorra,0.0539999999999998
1964,Andorra,0.0870000000000001
1965,Andorra,0.0259999999999998
1966,Andorra,0.044
1967,Andorra,0.0209999999999999
1968,Andorra,-0.0099999999999997
1969,Andorra,-0.0009999999999998
1970,Andorra,0.0179999999999997
1971,Andorra,0.0449999999999999
1972,Andorra,0.0729999999999999
1973,Andorra,-0.0789999999999997
1974,Andorra,-0.0910000000000001
1975,Andorra,-0.2769999999999997
1976,Andorra,-0.2510000000000003
1977,Andorra,-0.1779999999999999
1978,Andorra,-0.145
1979,Andorra,-0.0889999999999999
1980,Andorra,0.0350000000000001
1981,Andorra,-0.0330000000000001
1982,Andorra,-0.0709999999999999
1983,Andorra,-0.1519999999999999
1984,Andorra,-0.0989999999999999
1985,Andorra,-0.0410000000000001
1986,Andorra,-0.0369999999999999
1987,Andorra,-0.03
1988,Andorra,-0.002
1989,Andorra,0.03
1990,Andorra,0.006
1991,Andorra,-0.004
1992,Andorra,-0.024
1993,Andorra,-0.0389999999999999
1994,Andorra,-0.0170000000000001
1995,Andorra,0.002
1996,Andorra,0.01
1997,Andorra,0.0250000000000001
1998,Andorra,0.0289999999999999
1999,Andorra,0.038
2000,Andorra,-0.1480000000000001
2001,Andorra,0.032
2002,Andorra,-0.04
2003,Andorra,-0.0849999999999999
2004,Andorra,0.0490000000000001
2005,Andorra,-0.0050000000000001
2006,Andorra,0.01
2007,Andorra,-0.0449999999999999
2008,Andorra,0.0609999999999999
2009,Andorra,-0.042
2010,Andorra,0.0669999999999999
2011,Andorra,0.046
2012,Andorra,-0.0609999999999999
2013,Andorra,-0.1180000000000001
2014,Andorra,0.026
2015,Andorra,0.0550000000000001
2016,Andorra,-0.0390000000000001
2017,Andorra,-0.0549999999999999
2018,Andorra,-0.076
2019,Andorra,-0.008
2020,Andorra,-0.0169999999999999
2021,Andorra,0.03
2022,Andorra,0.0129999999999999
2023,Andorra,0.0110000000000001
1951,Angola,0.0600000000000005
1952,Angola,0.1169999999999999
1953,Angola,0.1119999999999992
1954,Angola,0.1060000000000007
1955,Angola,0.1009999999999999
1956,Angola,0.096
1957,Angola,0.0919999999999996
1958,Angola,0.0869999999999997
1959,Angola,0.0840000000000005
1960,Angola,0.0819999999999998
1961,Angola,0.0819999999999998
1962,Angola,0.0819999999999998
1963,Angola,0.0819999999999998
1964,Angola,0.0819999999999998
1965,Angola,0.08
1966,Angola,0.0780000000000002
1967,Angola,0.0730000000000004
1968,Angola,0.0649999999999995
1969,Angola,0.056
1970,Angola,0.0460000000000002
1971,Angola,0.0329999999999994
1972,Angola,0.0210000000000007
1973,Angola,0.0099999999999997
1974,Angola,0.0019999999999997
1975,Angola,-0.0060000000000002
1976,Angola,-0.0089999999999994
1977,Angola,-0.0100000000000006
1978,Angola,-0.008
1979,Angola,-0.0059999999999993
1980,Angola,-0.0020000000000006
1981,Angola,0.0
1982,Angola,0.0020000000000006
1983,Angola,0.0009999999999994
1984,Angola,-0.0030000000000001
1985,Angola,-0.008
1986,Angola,-0.016
1987,Angola,-0.0259999999999998
1988,Angola,-0.0359999999999995
1989,Angola,-0.0449999999999999
1990,Angola,-0.056
1991,Angola,-0.064
1992,Angola,-0.0700000000000002
1993,Angola,-0.0729999999999995
1994,Angola,-0.0750000000000001
1995,Angola,-0.072
1996,Angola,-0.0670000000000001
1997,Angola,-0.0620000000000002
1998,Angola,-0.0569999999999994
1999,Angola,-0.0490000000000003
2000,Angola,-0.0439999999999995
2001,Angola,-0.0380000000000002
2002,Angola,-0.0339999999999998
2003,Angola,-0.0339999999999998
2004,Angola,-0.0340000000000006
2005,Angola,-0.0379999999999993
2006,Angola,-0.0420000000000007
2007,Angola,-0.0469999999999997
2008,Angola,-0.0519999999999996
2009,Angola,-0.0600000000000005
2010,Angola,-0.0659999999999998
2011,Angola,-0.0739999999999998
2012,Angola,-0.0810000000000004
2013,Angola,-0.0859999999999994
2014,Angola,-0.0890000000000004
2015,Angola,-0.0899999999999998
2016,Angola,-0.088
2017,Angola,-0.0860000000000003
2018,Angola,-0.0809999999999995
2019,Angola,-0.0769999999999999
2020,Angola,-0.0709999999999997
2021,Angola,-0.0670000000000001
2022,Angola,-0.0950000000000006
2023,Angola,-0.0849999999999999
1951,Anguilla,0.1520000000000001
1952,Anguilla,0.1290000000000004
1953,Anguilla,0.1139999999999998
1954,Anguilla,0.0949999999999997
1955,Anguilla,0.0689999999999999
1956,Anguilla,0.0350000000000001
1957,Anguilla,0.0030000000000001
1958,Anguilla,-0.0419999999999998
1959,Anguilla,-0.0609999999999999
1960,Anguilla,-0.0600000000000005
1961,Anguilla,-0.0529999999999999
1962,Anguilla,-0.0519999999999996
1963,Anguilla,-0.0760000000000005
1964,Anguilla,-0.1029999999999997
1965,Anguilla,-0.1319999999999996
1966,Anguilla,-0.1630000000000002
1967,Anguilla,-0.1939999999999999
1968,Anguilla,-0.2679999999999998
1969,Anguilla,-0.3040000000000002
1970,Anguilla,-0.2809999999999997
1971,Anguilla,-0.2470000000000007
1972,Anguilla,-0.2229999999999998
1973,Anguilla,-0.2279999999999997
1974,Anguilla,-0.2080000000000001
1975,Anguilla,-0.1959999999999997
1976,Anguilla,-0.2200000000000002
1977,Anguilla,-0.2279999999999997
1978,Anguilla,-0.2040000000000001
1979,Anguilla,-0.1739999999999999
1980,Anguilla,-0.133
1981,Anguilla,-0.0910000000000001
1982,Anguilla,-0.0629999999999997
1983,Anguilla,-0.0670000000000001
1984,Anguilla,-0.092
1985,Anguilla,-0.1919999999999997
1986,Anguilla,-0.2219999999999999
1987,Anguilla,-0.2030000000000003
1988,Anguilla,-0.1029999999999997
1989,Anguilla,0.1979999999999999
1990,Anguilla,-0.2179999999999999
1991,Anguilla,-0.048
1992,Anguilla,-0.1120000000000001
1993,Anguilla,-0.0289999999999999
1994,Anguilla,-0.064
1995,Anguilla,0.0110000000000001
1996,Anguilla,-0.062
1997,Anguilla,-0.008
1998,Anguilla,0.0249999999999999
1999,Anguilla,0.008
2000,Anguilla,-0.0289999999999999
2001,Anguilla,0.123
2002,Anguilla,-0.26
2003,Anguilla,-0.1029999999999999
2004,Anguilla,-0.032
2005,Anguilla,-0.0769999999999999
2006,Anguilla,-0.0549999999999999
2007,Anguilla,0.0369999999999999
2008,Anguilla,0.052
2009,Anguilla,0.0449999999999999
2010,Anguilla,0.02
2011,Anguilla,0.0049999999999998
2012,Anguilla,-0.0209999999999999
2013,Anguilla,-0.058
2014,Anguilla,-0.0839999999999998
2015,Anguilla,-0.0790000000000001
2016,Anguilla,-0.0159999999999997
2017,Anguilla,0.0
2018,Anguilla,0.0
2019,Anguilla,0.0029999999999998
2020,Anguilla,0.0049999999999998
2021,Anguilla,-0.004
2022,Anguilla,-0.0039999999999997
2023,Anguilla,-0.01
1951,Antigua and Barbuda,-0.0609999999999999
1952,Antigua and Barbuda,-0.0519999999999996
1953,Antigua and Barbuda,-0.056
1954,Antigua and Barbuda,-0.0380000000000002
1955,Antigua and Barbuda,-0.0510000000000001
1956,Antigua and Barbuda,-0.0469999999999997
1957,Antigua and Barbuda,-0.0499999999999998
1958,Antigua and Barbuda,-0.0499999999999998
1959,Antigua and Barbuda,-0.0590000000000001
1960,Antigua and Barbuda,-0.0579999999999998
1961,Antigua and Barbuda,-0.0430000000000001
1962,Antigua and Barbuda,-0.0120000000000004
1963,Antigua and Barbuda,-0.0110000000000001
1964,Antigua and Barbuda,-0.0519999999999996
1965,Antigua and Barbuda,-0.0679999999999996
1966,Antigua and Barbuda,-0.0940000000000003
1967,Antigua and Barbuda,-0.1440000000000001
1968,Antigua and Barbuda,-0.1639999999999997
1969,Antigua and Barbuda,-0.185
1970,Antigua and Barbuda,-0.201
1971,Antigua and Barbuda,-0.173
1972,Antigua and Barbuda,-0.1680000000000001
1973,Antigua and Barbuda,-0.161
1974,Antigua and Barbuda,-0.1939999999999999
1975,Antigua and Barbuda,-0.1619999999999999
1976,Antigua and Barbuda,0.0099999999999997
1977,Antigua and Barbuda,0.004
1978,Antigua and Barbuda,-0.2109999999999998
1979,Antigua and Barbuda,0.0590000000000001
1980,Antigua and Barbuda,-0.3210000000000002
1981,Antigua and Barbuda,-0.145
1982,Antigua and Barbuda,-0.0789999999999997
1983,Antigua and Barbuda,0.0289999999999999
1984,Antigua and Barbuda,-0.0780000000000002
1985,Antigua and Barbuda,0.1129999999999999
1986,Antigua and Barbuda,-0.1189999999999997
1987,Antigua and Barbuda,0.0350000000000001
1988,Antigua and Barbuda,0.0649999999999999
1989,Antigua and Barbuda,0.0669999999999997
1990,Antigua and Barbuda,0.0500000000000002
1991,Antigua and Barbuda,-0.213
1992,Antigua and Barbuda,0.0899999999999998
1993,Antigua and Barbuda,-0.0899999999999998
1994,Antigua and Barbuda,0.0329999999999999
1995,Antigua and Barbuda,0.0899999999999998
1996,Antigua and Barbuda,0.1070000000000002
1997,Antigua and Barbuda,-0.076
1998,Antigua and Barbuda,-0.173
1999,Antigua and Barbuda,-0.0609999999999999
2000,Antigua and Barbuda,0.2400000000000002
2001,Antigua and Barbuda,-0.1780000000000003
2002,Antigua and Barbuda,-0.0779999999999998
2003,Antigua and Barbuda,-0.0529999999999999
2004,Antigua and Barbuda,-0.0349999999999999
2005,Antigua and Barbuda,-0.02
2006,Antigua and Barbuda,-0.0010000000000001
2007,Antigua and Barbuda,0.0290000000000001
2008,Antigua and Barbuda,0.1819999999999997
2009,Antigua and Barbuda,-0.036
2010,Antigua and Barbuda,-0.2209999999999998
2011,Antigua and Barbuda,-0.0389999999999999
2012,Antigua and Barbuda,-0.0909999999999999
2013,Antigua and Barbuda,-0.1180000000000001
2014,Antigua and Barbuda,-0.0109999999999998
2015,Antigua and Barbuda,0.0409999999999999
2016,Antigua and Barbuda,-0.1089999999999999
2017,Antigua and Barbuda,0.0270000000000001
2018,Antigua and Barbuda,-0.1140000000000001
2019,Antigua and Barbuda,0.0969999999999999
2020,Antigua and Barbuda,0.1009999999999999
2021,Antigua and Barbuda,0.0110000000000001
2022,Antigua and Barbuda,0.0
2023,Antigua and Barbuda,-0.002
1951,Argentina,-0.0030000000000001
1952,Argentina,-0.004
1953,Argentina,-0.0049999999999998
1954,Argentina,-0.0110000000000001
1955,Argentina,-0.0020000000000002
1956,Argentina,0.008
1957,Argentina,-0.0099999999999997
1958,Argentina,-0.0369999999999999
1959,Argentina,0.0409999999999999
1960,Argentina,-0.0049999999999998
1961,Argentina,-0.016
1962,Argentina,0.0059999999999997
1963,Argentina,-0.0169999999999999
1964,Argentina,-0.0339999999999998
1965,Argentina,-0.0700000000000002
1966,Argentina,-0.0389999999999997
1967,Argentina,0.016
1968,Argentina,0.0289999999999999
1969,Argentina,0.0379999999999998
1970,Argentina,0.036
1971,Argentina,0.0230000000000001
1972,Argentina,0.0269999999999996
1973,Argentina,0.0350000000000001
1974,Argentina,0.0460000000000002
1975,Argentina,0.0549999999999997
1976,Argentina,0.0460000000000002
1977,Argentina,0.0419999999999998
1978,Argentina,0.0
1979,Argentina,-0.02
1980,Argentina,-0.0379999999999998
1981,Argentina,-0.048
1982,Argentina,-0.0489999999999999
1983,Argentina,-0.056
1984,Argentina,-0.032
1985,Argentina,-0.0500000000000002
1986,Argentina,-0.012
1987,Argentina,-0.0169999999999999
1988,Argentina,0.0089999999999998
1989,Argentina,-0.024
1990,Argentina,0.012
1991,Argentina,-0.0219999999999997
1992,Argentina,-0.0249999999999999
1993,Argentina,-0.0209999999999999
1994,Argentina,-0.0310000000000001
1995,Argentina,-0.0710000000000001
1996,Argentina,-0.0829999999999997
1997,Argentina,-0.0750000000000001
1998,Argentina,-0.044
1999,Argentina,-0.0190000000000001
2000,Argentina,-0.0519999999999996
2001,Argentina,-0.06
2002,Argentina,-0.0380000000000002
2003,Argentina,-0.0419999999999998
2004,Argentina,-0.0209999999999999
2005,Argentina,-0.004
2006,Argentina,-0.0260000000000002
2007,Argentina,-0.0299999999999998
2008,Argentina,0.0619999999999998
2009,Argentina,-0.032
2010,Argentina,0.0110000000000001
2011,Argentina,-0.0180000000000002
2012,Argentina,-0.0889999999999999
2013,Argentina,0.0310000000000001
2014,Argentina,0.0510000000000001
2015,Argentina,-0.036
2016,Argentina,-0.1089999999999999
2017,Argentina,-0.0729999999999999
2018,Argentina,-0.1009999999999999
2019,Argentina,-0.1850000000000002
2020,Argentina,-0.2809999999999999
2021,Argentina,-0.016
2022,Argentina,-0.1029999999999999
2023,Argentina,0.018
1951,Armenia,-0.0519999999999996
1952,Armenia,-0.0440000000000004
1953,Armenia,-0.016
1954,Armenia,0.0040000000000004
1955,Armenia,0.0019999999999997
1956,Armenia,0.0919999999999996
1957,Armenia,0.0280000000000004
1958,Armenia,-0.008
1959,Armenia,-0.0430000000000001
1960,Armenia,-0.0810000000000004
1961,Armenia,-0.1159999999999996
1962,Armenia,-0.149
1963,Armenia,-0.1760000000000001
1964,Armenia,-0.1949999999999994
1965,Armenia,-0.1620000000000003
1966,Armenia,-0.1589999999999998
1967,Armenia,-0.0980000000000003
1968,Armenia,-0.1089999999999999
1969,Armenia,-0.1339999999999999
1970,Armenia,-0.1600000000000001
1971,Armenia,-0.0419999999999998
1972,Armenia,-0.088
1973,Armenia,-0.1169999999999999
1974,Armenia,-0.0969999999999999
1975,Armenia,-0.0630000000000001
1976,Armenia,-0.0769999999999999
1977,Armenia,-0.1049999999999999
1978,Armenia,-0.1219999999999998
1979,Armenia,-0.0870000000000001
1980,Armenia,-0.0499999999999998
1981,Armenia,0.0
1982,Armenia,0.0230000000000001
1983,Armenia,0.0549999999999997
1984,Armenia,0.0450000000000003
1985,Armenia,0.0409999999999999
1986,Armenia,0.0179999999999997
1987,Armenia,0.0020000000000002
1988,Armenia,0.0109999999999996
1989,Armenia,0.0300000000000002
1990,Armenia,0.0030000000000001
1991,Armenia,-0.0650000000000003
1992,Armenia,-0.1439999999999996
1993,Armenia,-0.213
1994,Armenia,-0.2019999999999999
1995,Armenia,-0.0169999999999999
1996,Armenia,-0.0070000000000001
1997,Armenia,-0.1600000000000001
1998,Armenia,-0.0899999999999998
1999,Armenia,-0.276
2000,Armenia,-0.064
2001,Armenia,-0.068
2002,Armenia,0.0030000000000001
2003,Armenia,0.068
2004,Armenia,0.018
2005,Armenia,0.0009999999999998
2006,Armenia,0.002
2007,Armenia,0.0249999999999999
2008,Armenia,0.022
2009,Armenia,0.0330000000000001
2010,Armenia,0.014
2011,Armenia,0.0269999999999999
2012,Armenia,0.032
2013,Armenia,0.022
2014,Armenia,-0.006
2015,Armenia,-0.042
2016,Armenia,0.004
2017,Armenia,-0.064
2018,Armenia,0.006
2019,Armenia,0.034
2020,Armenia,0.018
2021,Armenia,0.0909999999999999
2022,Armenia,0.0090000000000001
2023,Armenia,-0.0050000000000001
1951,Aruba,-0.0659999999999998
1952,Aruba,-0.0830000000000001
1953,Aruba,-0.1189999999999997
1954,Aruba,-0.1379999999999999
1955,Aruba,-0.1470000000000002
1956,Aruba,-0.1660000000000003
1957,Aruba,-0.1819999999999995
1958,Aruba,-0.1669999999999998
1959,Aruba,-0.1100000000000003
1960,Aruba,-0.0819999999999998
1961,Aruba,-0.1450000000000004
1962,Aruba,-0.1600000000000001
1963,Aruba,-0.1549999999999993
1964,Aruba,-0.1670000000000002
1965,Aruba,-0.1429999999999998
1966,Aruba,-0.1760000000000001
1967,Aruba,-0.169
1968,Aruba,-0.1749999999999998
1969,Aruba,-0.1659999999999999
1970,Aruba,-0.1380000000000003
1971,Aruba,-0.1109999999999997
1972,Aruba,-0.1070000000000002
1973,Aruba,-0.1
1974,Aruba,-0.0819999999999998
1975,Aruba,-0.0739999999999998
1976,Aruba,-0.0670000000000001
1977,Aruba,-0.06
1978,Aruba,-0.06
1979,Aruba,-0.0549999999999997
1980,Aruba,-0.0540000000000002
1981,Aruba,-0.0419999999999998
1982,Aruba,-0.0190000000000001
1983,Aruba,0.0060000000000002
1984,Aruba,0.0219999999999997
1985,Aruba,0.0180000000000002
1986,Aruba,0.024
1987,Aruba,0.0309999999999996
1988,Aruba,0.0300000000000002
1989,Aruba,0.0329999999999999
1990,Aruba,0.0390000000000001
1991,Aruba,0.0169999999999999
1992,Aruba,-0.0089999999999998
1993,Aruba,-0.0220000000000002
1994,Aruba,-0.0329999999999999
1995,Aruba,-0.0100000000000002
1996,Aruba,-0.0549999999999997
1997,Aruba,-0.0950000000000002
1998,Aruba,-0.137
1999,Aruba,-0.1039999999999998
2000,Aruba,-0.052
2001,Aruba,-0.032
2002,Aruba,-0.0129999999999999
2003,Aruba,0.008
2004,Aruba,0.0109999999999998
2005,Aruba,0.0250000000000001
2006,Aruba,0.018
2007,Aruba,0.0189999999999999
2008,Aruba,0.008
2009,Aruba,-0.014
2010,Aruba,-0.02
2011,Aruba,0.0030000000000001
2012,Aruba,0.0489999999999999
2013,Aruba,0.0369999999999999
2014,Aruba,0.0
2015,Aruba,-0.0449999999999999
2016,Aruba,-0.0509999999999999
2017,Aruba,-0.0630000000000001
2018,Aruba,-0.0529999999999999
2019,Aruba,-0.0309999999999999
2020,Aruba,-0.0390000000000001
2021,Aruba,-0.0309999999999999
2022,Aruba,-0.016
2023,Aruba,-0.0129999999999999
1951,Australia,0.0
1952,Australia,0.1169999999999999
1953,Australia,0.012
1954,Australia,0.0
1955,Australia,0.0809999999999999
1956,Australia,0.0579999999999998
1957,Australia,0.0899999999999998
1958,Australia,0.0020000000000002
1959,Australia,0.0179999999999997
1960,Australia,0.012
1961,Australia,0.0889999999999999
1962,Australia,-0.1169999999999999
1963,Australia,-0.0909999999999997
1964,Australia,-0.1880000000000001
1965,Australia,-0.1669999999999998
1966,Australia,-0.096
1967,Australia,-0.032
1968,Australia,0.0379999999999998
1969,Australia,0.0
1970,Australia,-0.0289999999999999
1971,Australia,0.088
1972,Australia,-0.2059999999999999
1973,Australia,-0.2490000000000001
1974,Australia,-0.1169999999999999
1975,Australia,-0.169
1976,Australia,-0.1439999999999996
1977,Australia,-0.044
1978,Australia,-0.058
1979,Australia,-0.048
1980,Australia,-0.012
1981,Australia,0.0389999999999999
1982,Australia,0.0
1983,Australia,-0.0089999999999998
1984,Australia,-0.0589999999999999
1985,Australia,0.0269999999999999
1986,Australia,-0.0269999999999999
1987,Australia,-0.0210000000000001
1988,Australia,-0.0109999999999998
1989,Australia,0.0029999999999998
1990,Australia,0.0649999999999999
1991,Australia,-0.0449999999999999
1992,Australia,0.0289999999999999
1993,Australia,-0.0279999999999998
1994,Australia,-0.012
1995,Australia,-0.0270000000000001
1996,Australia,-0.0209999999999999
1997,Australia,-0.0210000000000001
1998,Australia,-0.018
1999,Australia,-0.0009999999999998
2000,Australia,0.0
2001,Australia,-0.026
2002,Australia,0.0269999999999999
2003,Australia,-0.0009999999999998
2004,Australia,0.02
2005,Australia,0.0649999999999999
2006,Australia,0.0329999999999999
2007,Australia,0.1090000000000002
2008,Australia,0.0289999999999999
2009,Australia,-0.048
2010,Australia,-0.024
2011,Australia,-0.026
2012,Australia,0.0090000000000001
2013,Australia,-0.048
2014,Australia,-0.078
2015,Australia,-0.002
2016,Australia,-0.0109999999999998
2017,Australia,-0.0469999999999999
2018,Australia,-0.002
2019,Australia,-0.0770000000000001
2020,Australia,-0.0729999999999999
2021,Australia,0.054
2022,Australia,-0.0090000000000001
2023,Australia,0.0
1951,Austria,-0.0539999999999998
1952,Austria,0.0329999999999999
1953,Austria,0.0219999999999997
1954,Austria,0.0489999999999999
1955,Austria,0.129
1956,Austria,0.1880000000000001
1957,Austria,0.0929999999999999
1958,Austria,0.0430000000000001
1959,Austria,0.0859999999999998
1960,Austria,0.0110000000000001
1961,Austria,0.0979999999999998
1962,Austria,0.0140000000000002
1963,Austria,0.016
1964,Austria,-0.0380000000000002
1965,Austria,-0.0819999999999998
1966,Austria,-0.0249999999999999
1967,Austria,-0.0430000000000001
1968,Austria,-0.044
1969,Austria,-0.1009999999999999
1970,Austria,-0.1899999999999999
1971,Austria,-0.1
1972,Austria,-0.1169999999999999
1973,Austria,-0.1459999999999999
1974,Austria,-0.0290000000000001
1975,Austria,-0.0789999999999999
1976,Austria,-0.1419999999999999
1977,Austria,-0.058
1978,Austria,-0.026
1979,Austria,0.0
1980,Austria,0.054
1981,Austria,0.0209999999999999
1982,Austria,-0.0109999999999998
1983,Austria,-0.098
1984,Austria,-0.0369999999999999
1985,Austria,-0.0469999999999999
1986,Austria,-0.024
1987,Austria,-0.0150000000000001
1988,Austria,0.0170000000000001
1989,Austria,-0.002
1990,Austria,0.012
1991,Austria,0.0489999999999999
1992,Austria,0.0
1993,Austria,-0.004
1994,Austria,-0.038
1995,Austria,-0.0429999999999999
1996,Austria,0.0169999999999999
1997,Austria,-0.0529999999999999
1998,Austria,-0.024
1999,Austria,-0.0269999999999999
2000,Austria,0.02
2001,Austria,-0.0330000000000001
2002,Austria,0.058
2003,Austria,-0.016
2004,Austria,0.042
2005,Austria,-0.0090000000000001
2006,Austria,-0.002
2007,Austria,-0.0229999999999999
2008,Austria,0.03
2009,Austria,-0.018
2010,Austria,0.0469999999999999
2011,Austria,-0.01
2012,Austria,0.01
2013,Austria,-0.004
2014,Austria,0.028
2015,Austria,0.028
2016,Austria,0.0389999999999999
2017,Austria,-0.01
2018,Austria,-0.0419999999999998
2019,Austria,-0.0150000000000001
2020,Austria,-0.0249999999999999
2021,Austria,0.03
2022,Austria,-0.0590000000000001
2023,Austria,-0.0929999999999999
1951,Azerbaijan,0.0259999999999998
1952,Azerbaijan,0.0570000000000003
1953,Azerbaijan,0.0679999999999996
1954,Azerbaijan,0.0780000000000002
1955,Azerbaijan,0.0889999999999995
1956,Azerbaijan,0.0970000000000004
1957,Azerbaijan,0.1029999999999997
1958,Azerbaijan,0.104
1959,Azerbaijan,0.0979999999999998
1960,Azerbaijan,0.0830000000000001
1961,Azerbaijan,0.0590000000000001
1962,Azerbaijan,0.024
1963,Azerbaijan,-0.016
1964,Azerbaijan,-0.0570000000000003
1965,Azerbaijan,-0.096
1966,Azerbaijan,-0.1289999999999995
1967,Azerbaijan,-0.2919999999999998
1968,Azerbaijan,-0.1580000000000003
1969,Azerbaijan,-0.1600000000000001
1970,Azerbaijan,-0.1539999999999999
1971,Azerbaijan,-0.1420000000000003
1972,Azerbaijan,-0.1639999999999997
1973,Azerbaijan,-0.1589999999999998
1974,Azerbaijan,-0.1200000000000001
1975,Azerbaijan,-0.0990000000000002
1976,Azerbaijan,-0.0990000000000002
1977,Azerbaijan,-0.1339999999999994
1978,Azerbaijan,-0.1660000000000003
1979,Azerbaijan,-0.1139999999999998
1980,Azerbaijan,-0.1160000000000001
1981,Azerbaijan,-0.1029999999999997
1982,Azerbaijan,-0.0910000000000001
1983,Azerbaijan,-0.072
1984,Azerbaijan,-0.0619999999999998
1985,Azerbaijan,-0.0569999999999999
1986,Azerbaijan,-0.0630000000000001
1987,Azerbaijan,-0.0699999999999998
1988,Azerbaijan,-0.032
1989,Azerbaijan,-0.032
1990,Azerbaijan,-0.0209999999999999
1991,Azerbaijan,-0.0310000000000001
1992,Azerbaijan,-0.0889999999999999
1993,Azerbaijan,-0.1160000000000001
1994,Azerbaijan,-0.302
1995,Azerbaijan,-0.2519999999999998
1996,Azerbaijan,-0.2159999999999999
1997,Azerbaijan,0.0409999999999997
1998,Azerbaijan,-0.1699999999999997
1999,Azerbaijan,-0.1320000000000001
2000,Azerbaijan,-0.018
2001,Azerbaijan,-0.1089999999999999
2002,Azerbaijan,-0.012
2003,Azerbaijan,0.014
2004,Azerbaijan,0.3740000000000001
2005,Azerbaijan,0.0169999999999999
2006,Azerbaijan,0.0370000000000001
2007,Azerbaijan,-0.0510000000000001
2008,Azerbaijan,-0.064
2009,Azerbaijan,-0.0829999999999999
2010,Azerbaijan,0.1029999999999999
2011,Azerbaijan,0.056
2012,Azerbaijan,0.1619999999999999
2013,Azerbaijan,0.0060000000000002
2014,Azerbaijan,-0.0170000000000003
2015,Azerbaijan,-0.0389999999999997
2016,Azerbaijan,-0.06
2017,Azerbaijan,-0.0709999999999999
2018,Azerbaijan,-0.056
2019,Azerbaijan,-0.06
2020,Azerbaijan,-0.0809999999999999
2021,Azerbaijan,-0.054
2022,Azerbaijan,-0.0229999999999999
2023,Azerbaijan,-0.0170000000000001
1951,Bahamas,0.0169999999999994
1952,Bahamas,0.0760000000000005
1953,Bahamas,0.0759999999999996
1954,Bahamas,0.0730000000000004
1955,Bahamas,0.0659999999999998
1956,Bahamas,0.0529999999999999
1957,Bahamas,0.0460000000000002
1958,Bahamas,0.0359999999999995
1959,Bahamas,0.0739999999999998
1960,Bahamas,0.0590000000000001
1961,Bahamas,0.0629999999999997
1962,Bahamas,-0.0309999999999996
1963,Bahamas,-0.0629999999999997
1964,Bahamas,-0.0929999999999999
1965,Bahamas,-0.0849999999999999
1966,Bahamas,-0.096
1967,Bahamas,-0.0990000000000002
1968,Bahamas,-0.133
1969,Bahamas,-0.1760000000000001
1970,Bahamas,-0.1680000000000001
1971,Bahamas,-0.1539999999999999
1972,Bahamas,-0.1719999999999997
1973,Bahamas,-0.1600000000000001
1974,Bahamas,-0.1539999999999999
1975,Bahamas,-0.1480000000000001
1976,Bahamas,-0.1269999999999997
1977,Bahamas,-0.1300000000000003
1978,Bahamas,-0.1149999999999997
1979,Bahamas,-0.1150000000000002
1980,Bahamas,-0.0949999999999997
1981,Bahamas,-0.0710000000000001
1982,Bahamas,-0.0629999999999997
1983,Bahamas,-0.056
1984,Bahamas,-0.0609999999999999
1985,Bahamas,-0.0450000000000003
1986,Bahamas,-0.0169999999999999
1987,Bahamas,-0.0089999999999998
1988,Bahamas,-0.0009999999999998
1989,Bahamas,0.004
1990,Bahamas,-0.0030000000000001
1991,Bahamas,-0.0100000000000002
1992,Bahamas,0.2000000000000001
1993,Bahamas,-0.1
1994,Bahamas,-0.1379999999999999
1995,Bahamas,-0.0529999999999999
1996,Bahamas,-0.0659999999999998
1997,Bahamas,-0.06
1998,Bahamas,-0.0609999999999999
1999,Bahamas,-0.0980000000000003
2000,Bahamas,-0.0739999999999998
2001,Bahamas,-0.04
2002,Bahamas,-0.036
2003,Bahamas,-0.0129999999999999
2004,Bahamas,0.0089999999999998
2005,Bahamas,0.028
2006,Bahamas,0.0110000000000001
2007,Bahamas,0.016
2008,Bahamas,-0.036
2009,Bahamas,0.012
2010,Bahamas,-0.1740000000000001
2011,Bahamas,-0.046
2012,Bahamas,-0.03
2013,Bahamas,-0.0229999999999999
2014,Bahamas,-0.0509999999999999
2015,Bahamas,-0.1129999999999999
2016,Bahamas,-0.0789999999999999
2017,Bahamas,-0.0710000000000001
2018,Bahamas,-0.02
2019,Bahamas,-0.0069999999999998
2020,Bahamas,-0.0110000000000001
2021,Bahamas,-0.004
2022,Bahamas,-0.0029999999999998
2023,Bahamas,-0.006
1951,Bahrain,-0.0030000000000001
1952,Bahrain,0.0069999999999996
1953,Bahrain,-0.0009999999999994
1954,Bahrain,-0.0070000000000005
1955,Bahrain,-0.0109999999999992
1956,Bahrain,-0.0090000000000003
1957,Bahrain,-0.0030000000000001
1958,Bahrain,0.032
1959,Bahrain,-0.008
1960,Bahrain,-0.0250000000000003
1961,Bahrain,-0.0309999999999996
1962,Bahrain,-0.0460000000000002
1963,Bahrain,-0.048
1964,Bahrain,-0.0459999999999993
1965,Bahrain,-0.064
1966,Bahrain,-0.0830000000000001
1967,Bahrain,-0.1009999999999999
1968,Bahrain,-0.1349999999999998
1969,Bahrain,-0.1379999999999999
1970,Bahrain,-0.1420000000000003
1971,Bahrain,-0.1440000000000001
1972,Bahrain,-0.1449999999999995
1973,Bahrain,-0.1740000000000003
1974,Bahrain,-0.1779999999999999
1975,Bahrain,-0.1689999999999996
1976,Bahrain,-0.1640000000000006
1977,Bahrain,-0.1669999999999998
1978,Bahrain,-0.1669999999999998
1979,Bahrain,-0.1829999999999998
1980,Bahrain,-0.1750000000000007
1981,Bahrain,-0.1599999999999992
1982,Bahrain,-0.0970000000000004
1983,Bahrain,-0.0990000000000002
1984,Bahrain,-0.1029999999999997
1985,Bahrain,-0.0220000000000002
1986,Bahrain,-0.0270000000000001
1987,Bahrain,-0.1209999999999995
1988,Bahrain,-0.0929999999999999
1989,Bahrain,-0.084
1990,Bahrain,-0.1389999999999998
1991,Bahrain,-0.1920000000000001
1992,Bahrain,-0.0769999999999999
1993,Bahrain,-0.0870000000000001
1994,Bahrain,-0.1699999999999999
1995,Bahrain,-0.1629999999999998
1996,Bahrain,-0.1419999999999999
1997,Bahrain,-0.0620000000000002
1998,Bahrain,-0.0350000000000001
1999,Bahrain,0.0100000000000002
2000,Bahrain,-0.1009999999999999
2001,Bahrain,-0.145
2002,Bahrain,0.0459999999999998
2003,Bahrain,0.0790000000000001
2004,Bahrain,-0.004
2005,Bahrain,-0.104
2006,Bahrain,-0.2059999999999999
2007,Bahrain,-0.1819999999999999
2008,Bahrain,-0.1299999999999999
2009,Bahrain,-0.1049999999999999
2010,Bahrain,-0.06
2011,Bahrain,0.0379999999999998
2012,Bahrain,0.0849999999999999
2013,Bahrain,0.056
2014,Bahrain,-0.0169999999999999
2015,Bahrain,-0.036
2016,Bahrain,-0.0710000000000001
2017,Bahrain,-0.0579999999999998
2018,Bahrain,-0.0729999999999999
2019,Bahrain,-0.068
2020,Bahrain,0.0170000000000001
2021,Bahrain,-0.008
2022,Bahrain,-0.0130000000000001
2023,Bahrain,-0.0149999999999999
1951,Bangladesh,0.0200000000000004
1952,Bangladesh,0.0119999999999995
1953,Bangladesh,0.0150000000000005
1954,Bangladesh,0.0510000000000001
1955,Bangladesh,0.0329999999999994
1956,Bangladesh,0.032
1957,Bangladesh,0.0389999999999997
1958,Bangladesh,0.032
1959,Bangladesh,0.0700000000000002
1960,Bangladesh,0.064
1961,Bangladesh,0.0380000000000002
1962,Bangladesh,0.0259999999999998
1963,Bangladesh,-0.008
1964,Bangladesh,-0.0129999999999999
1965,Bangladesh,-0.0140000000000002
1966,Bangladesh,-0.0049999999999998
1967,Bangladesh,0.024
1968,Bangladesh,0.0010000000000003
1969,Bangladesh,0.0149999999999996
1970,Bangladesh,0.0330000000000003
1971,Bangladesh,-0.008
1972,Bangladesh,-0.0150000000000005
1973,Bangladesh,-0.016
1974,Bangladesh,-0.0220000000000002
1975,Bangladesh,-0.0499999999999998
1976,Bangladesh,-0.0679999999999996
1977,Bangladesh,-0.0769999999999999
1978,Bangladesh,-0.0739999999999998
1979,Bangladesh,-0.088
1980,Bangladesh,-0.0950000000000006
1981,Bangladesh,-0.0889999999999995
1982,Bangladesh,-0.1189999999999997
1983,Bangladesh,-0.2120000000000006
1984,Bangladesh,-0.1739999999999995
1985,Bangladesh,-0.1930000000000005
1986,Bangladesh,-0.2370000000000001
1987,Bangladesh,-0.2269999999999994
1988,Bangladesh,-0.2259999999999999
1989,Bangladesh,-0.1539999999999999
1990,Bangladesh,-0.189
1991,Bangladesh,-0.2450000000000001
1992,Bangladesh,-0.2339999999999999
1993,Bangladesh,-0.1950000000000002
1994,Bangladesh,-0.0949999999999997
1995,Bangladesh,-0.149
1996,Bangladesh,-0.0830000000000001
1997,Bangladesh,-0.0030000000000001
1998,Bangladesh,-0.0749999999999997
1999,Bangladesh,-0.0699999999999998
2000,Bangladesh,-0.0780000000000002
2001,Bangladesh,-0.076
2002,Bangladesh,-0.0769999999999999
2003,Bangladesh,-0.0969999999999999
2004,Bangladesh,-0.0889999999999999
2005,Bangladesh,-0.0939999999999998
2006,Bangladesh,-0.0910000000000001
2007,Bangladesh,-0.0889999999999999
2008,Bangladesh,-0.0889999999999999
2009,Bangladesh,-0.0929999999999999
2010,Bangladesh,-0.104
2011,Bangladesh,-0.0709999999999997
2012,Bangladesh,-0.0460000000000002
2013,Bangladesh,-0.016
2014,Bangladesh,-0.0189999999999996
2015,Bangladesh,-0.0010000000000003
2016,Bangladesh,0.0
2017,Bangladesh,-0.0219999999999997
2018,Bangladesh,-0.012
2019,Bangladesh,-0.0129999999999999
2020,Bangladesh,-0.0050000000000003
2021,Bangladesh,-0.0019999999999997
2022,Bangladesh,0.0059999999999997
2023,Bangladesh,-0.016
1951,Barbados,0.048
1952,Barbados,0.0259999999999998
1953,Barbados,-0.0179999999999997
1954,Barbados,-0.0729999999999995
1955,Barbados,-0.016
1956,Barbados,-0.2600000000000007
1957,Barbados,0.1530000000000004
1958,Barbados,-0.0830000000000001
1959,Barbados,0.0259999999999998
1960,Barbados,0.4300000000000006
1961,Barbados,-0.5530000000000008
1962,Barbados,0.1470000000000002
1963,Barbados,0.0040000000000004
1964,Barbados,-0.0899999999999998
1965,Barbados,-0.0380000000000002
1966,Barbados,-0.032
1967,Barbados,-0.5449999999999999
1968,Barbados,-0.0250000000000003
1969,Barbados,-0.2319999999999997
1970,Barbados,-0.2629999999999999
1971,Barbados,0.1199999999999996
1972,Barbados,-0.0459999999999998
1973,Barbados,-0.2879999999999998
1974,Barbados,-0.213
1975,Barbados,-0.205
1976,Barbados,-0.2059999999999999
1977,Barbados,-0.04
1978,Barbados,-0.3620000000000001
1979,Barbados,0.0230000000000001
1980,Barbados,-0.0850000000000001
1981,Barbados,0.0690000000000001
1982,Barbados,0.0129999999999999
1983,Barbados,-0.0029999999999998
1984,Barbados,-0.104
1985,Barbados,0.0169999999999999
1986,Barbados,-0.0749999999999999
1987,Barbados,-0.0829999999999999
1988,Barbados,-0.0309999999999999
1989,Barbados,0.0579999999999998
1990,Barbados,0.2040000000000001
1991,Barbados,-0.004
1992,Barbados,-0.034
1993,Barbados,-0.0350000000000001
1994,Barbados,-0.0359999999999998
1995,Barbados,-0.0290000000000001
1996,Barbados,-0.0309999999999999
1997,Barbados,-0.028
1998,Barbados,-0.0249999999999999
1999,Barbados,0.1589999999999998
2000,Barbados,0.1540000000000001
2001,Barbados,0.022
2002,Barbados,-0.0929999999999999
2003,Barbados,-0.006
2004,Barbados,-0.0590000000000001
2005,Barbados,-0.0589999999999999
2006,Barbados,-0.036
2007,Barbados,0.0529999999999999
2008,Barbados,0.0010000000000001
2009,Barbados,0.014
2010,Barbados,0.0149999999999999
2011,Barbados,-0.0269999999999999
2012,Barbados,-0.0269999999999999
2013,Barbados,-0.002
2014,Barbados,-0.002
2015,Barbados,-0.0010000000000001
2016,Barbados,-0.002
2017,Barbados,0.0
2018,Barbados,-0.004
2019,Barbados,-0.0049999999999998
2020,Barbados,-0.0070000000000001
2021,Barbados,0.0010000000000001
2022,Barbados,0.0029999999999998
2023,Barbados,-0.004
1951,Belarus,0.02
1952,Belarus,-0.0350000000000001
1953,Belarus,-0.0249999999999999
1954,Belarus,0.0070000000000001
1955,Belarus,0.0259999999999998
1956,Belarus,0.0270000000000001
1957,Belarus,0.0299999999999998
1958,Belarus,0.0380000000000002
1959,Belarus,0.0349999999999997
1960,Belarus,-0.0059999999999997
1961,Belarus,-0.084
1962,Belarus,-0.0659999999999998
1963,Belarus,-0.1280000000000001
1964,Belarus,-0.1990000000000003
1965,Belarus,-0.0509999999999997
1966,Belarus,0.044
1967,Belarus,-0.028
1968,Belarus,0.0129999999999999
1969,Belarus,-0.0259999999999998
1970,Belarus,0.0609999999999999
1971,Belarus,0.02
1972,Belarus,-0.0330000000000003
1973,Belarus,-0.0739999999999998
1974,Belarus,-0.0150000000000001
1975,Belarus,-0.0579999999999998
1976,Belarus,-0.0430000000000001
1977,Belarus,-0.0289999999999999
1978,Belarus,-0.028
1979,Belarus,-0.0369999999999999
1980,Belarus,-0.0129999999999999
1981,Belarus,0.006
1982,Belarus,0.0009999999999998
1983,Belarus,0.1439999999999999
1984,Belarus,-0.056
1985,Belarus,-0.0369999999999999
1986,Belarus,0.0849999999999999
1987,Belarus,-0.0709999999999997
1988,Belarus,0.0149999999999996
1989,Belarus,-0.0919999999999998
1990,Belarus,-0.1179999999999998
1991,Belarus,-0.1080000000000001
1992,Belarus,-0.048
1993,Belarus,-0.127
1994,Belarus,-0.0909999999999999
1995,Belarus,-0.1169999999999999
1996,Belarus,-0.062
1997,Belarus,-0.0839999999999998
1998,Belarus,0.0449999999999999
1999,Belarus,-0.0050000000000001
2000,Belarus,0.0090000000000001
2001,Belarus,-0.0309999999999999
2002,Belarus,-0.0390000000000001
2003,Belarus,-0.01
2004,Belarus,0.004
2005,Belarus,0.0250000000000001
2006,Belarus,0.0839999999999998
2007,Belarus,0.0889999999999999
2008,Belarus,0.0550000000000001
2009,Belarus,0.032
2010,Belarus,-0.0030000000000001
2011,Belarus,0.046
2012,Belarus,0.0989999999999999
2013,Belarus,0.05
2014,Belarus,0.0289999999999999
2015,Belarus,0.026
2016,Belarus,-0.0009999999999998
2017,Belarus,-0.177
2018,Belarus,-0.0929999999999999
2019,Belarus,-0.068
2020,Belarus,-0.02
2021,Belarus,0.002
2022,Belarus,-0.0449999999999999
2023,Belarus,-0.1180000000000001
1951,Belgium,-0.0569999999999999
1952,Belgium,0.0429999999999997
1953,Belgium,-0.0049999999999998
1954,Belgium,0.0340000000000002
1955,Belgium,0.0209999999999999
1956,Belgium,0.0269999999999996
1957,Belgium,0.0430000000000001
1958,Belgium,0.0460000000000002
1959,Belgium,0.0609999999999999
1960,Belgium,-0.0260000000000002
1961,Belgium,0.0889999999999999
1962,Belgium,-0.0269999999999996
1963,Belgium,0.0809999999999999
1964,Belgium,0.0259999999999998
1965,Belgium,-0.0899999999999998
1966,Belgium,-0.0929999999999999
1967,Belgium,-0.1100000000000003
1968,Belgium,-0.0979999999999998
1969,Belgium,-0.0329999999999999
1970,Belgium,-0.024
1971,Belgium,-0.0459999999999998
1972,Belgium,-0.1169999999999999
1973,Belgium,-0.1380000000000001
1974,Belgium,-0.1149999999999999
1975,Belgium,-0.0889999999999999
1976,Belgium,-0.0110000000000001
1977,Belgium,-0.0129999999999999
1978,Belgium,-0.0150000000000001
1979,Belgium,-0.0029999999999998
1980,Belgium,-0.014
1981,Belgium,-0.0250000000000001
1982,Belgium,-0.0559999999999998
1983,Belgium,-0.05
1984,Belgium,-0.0310000000000001
1985,Belgium,-0.0269999999999999
1986,Belgium,0.0329999999999999
1987,Belgium,0.0010000000000001
1988,Belgium,0.03
1989,Belgium,0.0169999999999999
1990,Belgium,0.04
1991,Belgium,0.0309999999999999
1992,Belgium,-0.008
1993,Belgium,-0.0419999999999998
1994,Belgium,-0.0430000000000001
1995,Belgium,0.0010000000000001
1996,Belgium,0.0269999999999999
1997,Belgium,0.012
1998,Belgium,-0.0089999999999998
1999,Belgium,0.02
2000,Belgium,0.0489999999999999
2001,Belgium,0.0029999999999998
2002,Belgium,-0.0209999999999999
2003,Belgium,0.02
2004,Belgium,0.054
2005,Belgium,0.0349999999999999
2006,Belgium,0.04
2007,Belgium,0.0189999999999999
2008,Belgium,0.0330000000000001
2009,Belgium,-0.0110000000000001
2010,Belgium,0.014
2011,Belgium,-0.044
2012,Belgium,-0.0209999999999999
2013,Belgium,-0.036
2014,Belgium,-0.0149999999999999
2015,Belgium,-0.0430000000000001
2016,Belgium,-0.0149999999999999
2017,Belgium,-0.034
2018,Belgium,-0.0249999999999999
2019,Belgium,-0.0070000000000001
2020,Belgium,-0.034
2021,Belgium,0.024
2022,Belgium,-0.052
2023,Belgium,-0.1679999999999999
1951,Belize,-0.0100000000000006
1952,Belize,-0.0199999999999995
1953,Belize,-0.0200000000000004
1954,Belize,-0.0199999999999995
1955,Belize,-0.0200000000000004
1956,Belize,-0.0199999999999995
1957,Belize,-0.0200000000000004
1958,Belize,-0.0199999999999995
1959,Belize,-0.0200000000000004
1960,Belize,-0.0199999999999995
1961,Belize,-0.0199999999999995
1962,Belize,-0.0200000000000004
1963,Belize,-0.0199999999999995
1964,Belize,-0.0200000000000004
1965,Belize,-0.0199999999999995
1966,Belize,-0.0210000000000007
1967,Belize,-0.0209999999999999
1968,Belize,-0.0209999999999999
1969,Belize,-0.0209999999999999
1970,Belize,-0.0169999999999994
1971,Belize,-0.0110000000000001
1972,Belize,-0.0040000000000004
1973,Belize,0.0010000000000003
1974,Belize,0.0019999999999997
1975,Belize,-0.0090000000000003
1976,Belize,-0.0279999999999995
1977,Belize,-0.0549999999999997
1978,Belize,-0.0860000000000003
1979,Belize,-0.1169999999999999
1980,Belize,-0.1429999999999998
1981,Belize,-0.165
1982,Belize,-0.1870000000000002
1983,Belize,-0.1879999999999997
1984,Belize,-0.1939999999999999
1985,Belize,-0.1180000000000003
1986,Belize,-0.0599999999999996
1987,Belize,-0.0540000000000002
1988,Belize,-0.0149999999999996
1989,Belize,-0.0040000000000004
1990,Belize,-0.0620000000000002
1991,Belize,-0.2069999999999998
1992,Belize,-0.1659999999999994
1993,Belize,-0.2229999999999998
1994,Belize,-0.2330000000000005
1995,Belize,-0.0969999999999999
1996,Belize,-0.121
1997,Belize,-0.0179999999999997
1998,Belize,0.0149999999999996
1999,Belize,-0.0259999999999998
2000,Belize,-0.0929999999999999
2001,Belize,-0.1070000000000002
2002,Belize,-0.0959999999999996
2003,Belize,-0.0950000000000002
2004,Belize,-0.0830000000000001
2005,Belize,-0.0789999999999997
2006,Belize,-0.1520000000000001
2007,Belize,-0.1360000000000001
2008,Belize,-0.1049999999999999
2009,Belize,-0.121
2010,Belize,-0.1069999999999997
2011,Belize,-0.0209999999999999
2012,Belize,-0.0210000000000003
2013,Belize,-0.0119999999999995
2014,Belize,-0.024
2015,Belize,-0.0410000000000003
2016,Belize,-0.0369999999999999
2017,Belize,-0.028
2018,Belize,-0.0249999999999999
2019,Belize,-0.201
2020,Belize,-0.1019999999999998
2021,Belize,-0.203
2022,Belize,0.1120000000000001
2023,Belize,0.058
1951,Benin,0.0259999999999998
1952,Benin,0.0519999999999996
1953,Benin,0.0540000000000002
1954,Benin,0.0549999999999997
1955,Benin,0.0550000000000006
1956,Benin,0.0569999999999994
1957,Benin,0.0579999999999998
1958,Benin,0.0580000000000007
1959,Benin,0.0589999999999992
1960,Benin,0.0570000000000003
1961,Benin,0.1200000000000001
1962,Benin,0.0549999999999997
1963,Benin,0.0529999999999999
1964,Benin,0.0550000000000006
1965,Benin,0.04
1966,Benin,0.0199999999999995
1967,Benin,0.0179999999999997
1968,Benin,0.0259999999999998
1969,Benin,0.0360000000000004
1970,Benin,0.0300000000000002
1971,Benin,0.0309999999999996
1972,Benin,0.0330000000000003
1973,Benin,0.0099999999999997
1974,Benin,0.0129999999999999
1975,Benin,0.008
1976,Benin,0.0
1977,Benin,0.0019999999999997
1978,Benin,-0.008
1979,Benin,0.0810000000000004
1980,Benin,0.0839999999999996
1981,Benin,0.0670000000000001
1982,Benin,-0.0010000000000003
1983,Benin,-0.0099999999999997
1984,Benin,-0.0140000000000002
1985,Benin,-0.0279999999999995
1986,Benin,-0.0410000000000003
1987,Benin,-0.0439999999999995
1988,Benin,-0.0469999999999997
1989,Benin,-0.056
1990,Benin,-0.0740000000000007
1991,Benin,-0.0749999999999992
1992,Benin,-0.0730000000000004
1993,Benin,-0.0830000000000001
1994,Benin,-0.0910000000000001
1995,Benin,-0.0889999999999995
1996,Benin,-0.0510000000000001
1997,Benin,-0.0489999999999994
1998,Benin,-0.0940000000000003
1999,Benin,-0.104
2000,Benin,-0.0949999999999997
2001,Benin,-0.0890000000000004
2002,Benin,-0.0549999999999997
2003,Benin,-0.0300000000000002
2004,Benin,-0.0449999999999999
2005,Benin,-0.0259999999999998
2006,Benin,-0.0190000000000001
2007,Benin,-0.0460000000000002
2008,Benin,-0.0789999999999997
2009,Benin,-0.0570000000000003
2010,Benin,-0.0389999999999997
2011,Benin,-0.016
2012,Benin,-0.0069999999999996
2013,Benin,-0.0190000000000001
2014,Benin,-0.0360000000000004
2015,Benin,-0.0539999999999993
2016,Benin,-0.0660000000000007
2017,Benin,-0.0989999999999993
2018,Benin,-0.1240000000000005
2019,Benin,-0.1309999999999993
2020,Benin,-0.1050000000000004
2021,Benin,-0.088
2022,Benin,-0.0729999999999995
2023,Benin,-0.0780000000000002
1951,Bermuda,-0.052
1952,Bermuda,-0.0270000000000001
1953,Bermuda,-0.024
1954,Bermuda,-0.0059999999999997
1955,Bermuda,-0.0209999999999999
1956,Bermuda,-0.0089999999999998
1957,Bermuda,0.0649999999999999
1958,Bermuda,0.0379999999999998
1959,Bermuda,0.048
1960,Bermuda,0.0009999999999998
1961,Bermuda,-0.036
1962,Bermuda,-0.153
1963,Bermuda,0.0350000000000001
1964,Bermuda,-0.2450000000000001
1965,Bermuda,-0.1539999999999999
1966,Bermuda,-0.2829999999999999
1967,Bermuda,-0.2269999999999998
1968,Bermuda,-0.1160000000000001
1969,Bermuda,-0.0899999999999998
1970,Bermuda,-0.0530000000000003
1971,Bermuda,-0.0309999999999996
1972,Bermuda,-0.052
1973,Bermuda,-0.0820000000000003
1974,Bermuda,-0.1199999999999996
1975,Bermuda,-0.1350000000000002
1976,Bermuda,-0.0239999999999998
1977,Bermuda,-0.175
1978,Bermuda,0.1089999999999999
1979,Bermuda,-0.137
1980,Bermuda,0.0029999999999998
1981,Bermuda,-0.0679999999999998
1982,Bermuda,0.0469999999999999
1983,Bermuda,0.169
1984,Bermuda,-0.129
1985,Bermuda,0.0909999999999999
1986,Bermuda,-0.042
1987,Bermuda,0.014
1988,Bermuda,0.0509999999999999
1989,Bermuda,-0.0369999999999999
1990,Bermuda,-0.0609999999999999
1991,Bermuda,0.0449999999999999
1992,Bermuda,-0.0189999999999999
1993,Bermuda,-0.0250000000000001
1994,Bermuda,-0.016
1995,Bermuda,-0.0069999999999998
1996,Bermuda,0.022
1997,Bermuda,-0.0070000000000001
1998,Bermuda,0.102
1999,Bermuda,0.0
2000,Bermuda,-0.056
2001,Bermuda,0.123
2002,Bermuda,-0.046
2003,Bermuda,-0.0249999999999999
2004,Bermuda,-0.03
2005,Bermuda,0.022
2006,Bermuda,0.008
2007,Bermuda,0.1439999999999999
2008,Bermuda,-0.0739999999999998
2009,Bermuda,-0.0070000000000001
2010,Bermuda,-0.086
2011,Bermuda,-0.1979999999999999
2012,Bermuda,-0.0409999999999999
2013,Bermuda,-0.006
2014,Bermuda,-0.102
2015,Bermuda,0.02
2016,Bermuda,0.01
2017,Bermuda,-0.0309999999999999
2018,Bermuda,-0.0449999999999999
2019,Bermuda,0.0089999999999998
2020,Bermuda,0.068
2021,Bermuda,-0.062
2022,Bermuda,0.008
2023,Bermuda,0.004
1951,Bhutan,-0.0249999999999994
1952,Bhutan,-0.0210000000000007
1953,Bhutan,-0.0139999999999993
1954,Bhutan,-0.0129999999999999
1955,Bhutan,-0.0130000000000007
1956,Bhutan,-0.0099999999999997
1957,Bhutan,-0.0139999999999993
1958,Bhutan,-0.0170000000000003
1959,Bhutan,-0.0129999999999999
1960,Bhutan,-0.0040000000000004
1961,Bhutan,-0.0059999999999993
1962,Bhutan,-0.0060000000000002
1963,Bhutan,-0.0049999999999998
1964,Bhutan,-0.0049999999999998
1965,Bhutan,-0.0030000000000001
1966,Bhutan,-0.0049999999999998
1967,Bhutan,-0.0050000000000007
1968,Bhutan,-0.0049999999999998
1969,Bhutan,-0.0059999999999993
1970,Bhutan,-0.008
1971,Bhutan,-0.0070000000000005
1972,Bhutan,-0.0039999999999995
1973,Bhutan,-0.0060000000000002
1974,Bhutan,-0.0149999999999996
1975,Bhutan,0.0019999999999997
1976,Bhutan,-0.0040000000000004
1977,Bhutan,-0.0109999999999992
1978,Bhutan,-0.0210000000000007
1979,Bhutan,-0.0309999999999996
1980,Bhutan,-0.0419999999999998
1981,Bhutan,-0.0510000000000001
1982,Bhutan,-0.0579999999999998
1983,Bhutan,-0.0659999999999998
1984,Bhutan,-0.0740000000000007
1985,Bhutan,-0.0859999999999994
1986,Bhutan,-0.0730000000000004
1987,Bhutan,-0.104
1988,Bhutan,-0.1189999999999997
1989,Bhutan,-0.1230000000000002
1990,Bhutan,-0.1529999999999995
1991,Bhutan,-0.1530000000000004
1992,Bhutan,-0.1839999999999992
1993,Bhutan,-0.1950000000000002
1994,Bhutan,-0.2060000000000004
1995,Bhutan,-0.242
1996,Bhutan,-0.2549999999999999
1997,Bhutan,-0.2809999999999997
1998,Bhutan,-0.2349999999999998
1999,Bhutan,-0.246
2000,Bhutan,-0.2290000000000001
2001,Bhutan,-0.1899999999999999
2002,Bhutan,-0.1760000000000001
2003,Bhutan,-0.1469999999999998
2004,Bhutan,-0.084
2005,Bhutan,-0.0550000000000001
2006,Bhutan,-0.0659999999999998
2007,Bhutan,-0.0710000000000001
2008,Bhutan,-0.1080000000000001
2009,Bhutan,-0.1169999999999999
2010,Bhutan,-0.1120000000000001
2011,Bhutan,-0.0969999999999999
2012,Bhutan,-0.0869999999999997
2013,Bhutan,-0.068
2014,Bhutan,-0.0769999999999999
2015,Bhutan,-0.088
2016,Bhutan,-0.0969999999999999
2017,Bhutan,-0.1169999999999999
2018,Bhutan,-0.104
2019,Bhutan,-0.0689999999999999
2020,Bhutan,0.054
2021,Bhutan,-0.014
2022,Bhutan,-0.01
2023,Bhutan,-0.016
1951,Bolivia,0.0
1952,Bolivia,-0.008
1953,Bolivia,0.0190000000000001
1954,Bolivia,0.0120000000000004
1955,Bolivia,0.0269999999999992
1956,Bolivia,0.0050000000000007
1957,Bolivia,0.0179999999999997
1958,Bolivia,0.0069999999999996
1959,Bolivia,0.0049999999999998
1960,Bolivia,-0.0030000000000001
1961,Bolivia,-0.016
1962,Bolivia,-0.0109999999999992
1963,Bolivia,-0.0140000000000002
1964,Bolivia,-0.0220000000000002
1965,Bolivia,-0.0279999999999995
1966,Bolivia,-0.024
1967,Bolivia,-0.0250000000000003
1968,Bolivia,-0.032
1969,Bolivia,-0.0430000000000001
1970,Bolivia,-0.0540000000000002
1971,Bolivia,-0.0569999999999994
1972,Bolivia,-0.0620000000000002
1973,Bolivia,-0.0379999999999993
1974,Bolivia,-0.0510000000000001
1975,Bolivia,-0.048
1976,Bolivia,-0.0090000000000003
1977,Bolivia,-0.0659999999999998
1978,Bolivia,-0.0629999999999997
1979,Bolivia,-0.0680000000000005
1980,Bolivia,-0.0679999999999996
1981,Bolivia,-0.0659999999999998
1982,Bolivia,-0.0620000000000002
1983,Bolivia,-0.0570000000000003
1984,Bolivia,-0.0469999999999997
1985,Bolivia,-0.0890000000000004
1986,Bolivia,-0.0379999999999993
1987,Bolivia,-0.0520000000000004
1988,Bolivia,-0.0379999999999993
1989,Bolivia,-0.0600000000000005
1990,Bolivia,-0.0649999999999995
1991,Bolivia,-0.0540000000000002
1992,Bolivia,-0.133
1993,Bolivia,-0.1210000000000004
1994,Bolivia,-0.0979999999999998
1995,Bolivia,-0.0849999999999999
1996,Bolivia,-0.0729999999999995
1997,Bolivia,-0.1169999999999999
1998,Bolivia,-0.0700000000000002
1999,Bolivia,-0.0590000000000001
2000,Bolivia,-0.0989999999999997
2001,Bolivia,-0.1009999999999999
2002,Bolivia,-0.088
2003,Bolivia,-0.0809999999999999
2004,Bolivia,-0.088
2005,Bolivia,-0.0750000000000001
2006,Bolivia,-0.0249999999999999
2007,Bolivia,-0.0859999999999998
2008,Bolivia,-0.0830000000000001
2009,Bolivia,-0.0769999999999999
2010,Bolivia,-0.0739999999999998
2011,Bolivia,-0.0700000000000002
2012,Bolivia,-0.0669999999999997
2013,Bolivia,-0.0660000000000002
2014,Bolivia,-0.0629999999999997
2015,Bolivia,-0.0609999999999999
2016,Bolivia,-0.0569999999999999
2017,Bolivia,-0.052
2018,Bolivia,-0.0470000000000001
2019,Bolivia,-0.0419999999999998
2020,Bolivia,-0.0370000000000003
2021,Bolivia,-0.0329999999999999
2022,Bolivia,-0.0339999999999998
2023,Bolivia,-0.0369999999999999
1951,Bonaire Sint Eustatius and Saba,-0.008
1952,Bonaire Sint Eustatius and Saba,-0.0090000000000003
1953,Bonaire Sint Eustatius and Saba,-0.0229999999999996
1954,Bonaire Sint Eustatius and Saba,-0.0659999999999998
1955,Bonaire Sint Eustatius and Saba,-0.1420000000000003
1956,Bonaire Sint Eustatius and Saba,-0.1879999999999997
1957,Bonaire Sint Eustatius and Saba,-0.2080000000000001
1958,Bonaire Sint Eustatius and Saba,-0.1760000000000001
1959,Bonaire Sint Eustatius and Saba,-0.1049999999999995
1960,Bonaire Sint Eustatius and Saba,-0.0210000000000007
1961,Bonaire Sint Eustatius and Saba,-0.0099999999999997
1962,Bonaire Sint Eustatius and Saba,-0.016
1963,Bonaire Sint Eustatius and Saba,-0.0449999999999999
1964,Bonaire Sint Eustatius and Saba,-0.0819999999999998
1965,Bonaire Sint Eustatius and Saba,-0.1619999999999999
1966,Bonaire Sint Eustatius and Saba,-0.2919999999999998
1967,Bonaire Sint Eustatius and Saba,-0.3780000000000001
1968,Bonaire Sint Eustatius and Saba,-0.286
1969,Bonaire Sint Eustatius and Saba,-0.193
1970,Bonaire Sint Eustatius and Saba,-0.1419999999999999
1971,Bonaire Sint Eustatius and Saba,-0.121
1972,Bonaire Sint Eustatius and Saba,-0.0729999999999999
1973,Bonaire Sint Eustatius and Saba,-0.0130000000000003
1974,Bonaire Sint Eustatius and Saba,0.0050000000000003
1975,Bonaire Sint Eustatius and Saba,-0.008
1976,Bonaire Sint Eustatius and Saba,-0.0300000000000002
1977,Bonaire Sint Eustatius and Saba,-0.0539999999999998
1978,Bonaire Sint Eustatius and Saba,-0.0689999999999999
1979,Bonaire Sint Eustatius and Saba,-0.056
1980,Bonaire Sint Eustatius and Saba,-0.0249999999999999
1981,Bonaire Sint Eustatius and Saba,-0.0050000000000003
1982,Bonaire Sint Eustatius and Saba,0.0110000000000001
1983,Bonaire Sint Eustatius and Saba,-0.0110000000000001
1984,Bonaire Sint Eustatius and Saba,-0.036
1985,Bonaire Sint Eustatius and Saba,-0.0559999999999996
1986,Bonaire Sint Eustatius and Saba,-0.0610000000000003
1987,Bonaire Sint Eustatius and Saba,-0.0679999999999996
1988,Bonaire Sint Eustatius and Saba,-0.044
1989,Bonaire Sint Eustatius and Saba,-0.0300000000000002
1990,Bonaire Sint Eustatius and Saba,-0.008
1991,Bonaire Sint Eustatius and Saba,0.008
1992,Bonaire Sint Eustatius and Saba,0.0060000000000002
1993,Bonaire Sint Eustatius and Saba,0.0019999999999997
1994,Bonaire Sint Eustatius and Saba,-0.0230000000000001
1995,Bonaire Sint Eustatius and Saba,-0.0409999999999999
1996,Bonaire Sint Eustatius and Saba,-0.0699999999999998
1997,Bonaire Sint Eustatius and Saba,-0.0889999999999999
1998,Bonaire Sint Eustatius and Saba,-0.1080000000000001
1999,Bonaire Sint Eustatius and Saba,-0.121
2000,Bonaire Sint Eustatius and Saba,-0.1079999999999998
2001,Bonaire Sint Eustatius and Saba,-0.0930000000000002
2002,Bonaire Sint Eustatius and Saba,-0.0719999999999998
2003,Bonaire Sint Eustatius and Saba,-0.0510000000000001
2004,Bonaire Sint Eustatius and Saba,-0.0339999999999998
2005,Bonaire Sint Eustatius and Saba,-0.0050000000000001
2006,Bonaire Sint Eustatius and Saba,0.0209999999999999
2007,Bonaire Sint Eustatius and Saba,0.042
2008,Bonaire Sint Eustatius and Saba,0.03
2009,Bonaire Sint Eustatius and Saba,0.006
2010,Bonaire Sint Eustatius and Saba,-0.0269999999999999
2011,Bonaire Sint Eustatius and Saba,-0.0470000000000001
2012,Bonaire Sint Eustatius and Saba,-0.0999999999999998
2013,Bonaire Sint Eustatius and Saba,0.1099999999999998
2014,Bonaire Sint Eustatius and Saba,-0.1299999999999999
2015,Bonaire Sint Eustatius and Saba,-0.1899999999999999
2016,Bonaire Sint Eustatius and Saba,0.2099999999999999
2017,Bonaire Sint Eustatius and Saba,-0.03
2018,Bonaire Sint Eustatius and Saba,0.08
2019,Bonaire Sint Eustatius and Saba,-0.06
2020,Bonaire Sint Eustatius and Saba,0.1799999999999999
2021,Bonaire Sint Eustatius and Saba,-0.1199999999999998
2022,Bonaire Sint Eustatius and Saba,-0.08
2023,Bonaire Sint Eustatius and Saba,-0.0269999999999999
1951,Bosnia and Herzegovina,-0.2219999999999995
1952,Bosnia and Herzegovina,0.1719999999999997
1953,Bosnia and Herzegovina,-0.0780000000000002
1954,Bosnia and Herzegovina,-0.1219999999999998
1955,Bosnia and Herzegovina,-0.2359999999999997
1956,Bosnia and Herzegovina,-0.2220000000000004
1957,Bosnia and Herzegovina,-0.2699999999999996
1958,Bosnia and Herzegovina,-0.0310000000000005
1959,Bosnia and Herzegovina,-0.0679999999999996
1960,Bosnia and Herzegovina,-0.0289999999999999
1961,Bosnia and Herzegovina,-0.0750000000000001
1962,Bosnia and Herzegovina,-0.0829999999999997
1963,Bosnia and Herzegovina,-0.1049999999999999
1964,Bosnia and Herzegovina,-0.1
1965,Bosnia and Herzegovina,-0.0700000000000002
1966,Bosnia and Herzegovina,-0.1359999999999996
1967,Bosnia and Herzegovina,-0.1750000000000002
1968,Bosnia and Herzegovina,-0.1429999999999998
1969,Bosnia and Herzegovina,-0.1219999999999998
1970,Bosnia and Herzegovina,-0.1630000000000002
1971,Bosnia and Herzegovina,-0.0419999999999998
1972,Bosnia and Herzegovina,-0.0769999999999999
1973,Bosnia and Herzegovina,-0.133
1974,Bosnia and Herzegovina,-0.0849999999999999
1975,Bosnia and Herzegovina,-0.0650000000000003
1976,Bosnia and Herzegovina,-0.0749999999999997
1977,Bosnia and Herzegovina,-0.1169999999999999
1978,Bosnia and Herzegovina,-0.1160000000000001
1979,Bosnia and Herzegovina,-0.0879999999999998
1980,Bosnia and Herzegovina,-0.0130000000000001
1981,Bosnia and Herzegovina,0.044
1982,Bosnia and Herzegovina,0.028
1983,Bosnia and Herzegovina,-0.0030000000000001
1984,Bosnia and Herzegovina,-0.0339999999999998
1985,Bosnia and Herzegovina,-0.0550000000000001
1986,Bosnia and Herzegovina,-0.0509999999999999
1987,Bosnia and Herzegovina,-0.03
1988,Bosnia and Herzegovina,-0.03
1989,Bosnia and Herzegovina,-0.0569999999999999
1990,Bosnia and Herzegovina,-0.006
1991,Bosnia and Herzegovina,-0.004
1992,Bosnia and Herzegovina,-0.024
1993,Bosnia and Herzegovina,-0.0289999999999999
1994,Bosnia and Herzegovina,-0.0310000000000001
1995,Bosnia and Herzegovina,-0.0289999999999999
1996,Bosnia and Herzegovina,-0.0170000000000001
1997,Bosnia and Herzegovina,0.034
1998,Bosnia and Herzegovina,-0.125
1999,Bosnia and Herzegovina,-0.1949999999999998
2000,Bosnia and Herzegovina,-0.084
2001,Bosnia and Herzegovina,-0.052
2002,Bosnia and Herzegovina,0.0010000000000001
2003,Bosnia and Herzegovina,-0.012
2004,Bosnia and Herzegovina,0.002
2005,Bosnia and Herzegovina,-0.018
2006,Bosnia and Herzegovina,-0.0230000000000001
2007,Bosnia and Herzegovina,0.01
2008,Bosnia and Herzegovina,0.02
2009,Bosnia and Herzegovina,0.0569999999999999
2010,Bosnia and Herzegovina,-0.0069999999999998
2011,Bosnia and Herzegovina,-0.0509999999999999
2012,Bosnia and Herzegovina,0.0429999999999999
2013,Bosnia and Herzegovina,0.026
2014,Bosnia and Herzegovina,-0.016
2015,Bosnia and Herzegovina,0.06
2016,Bosnia and Herzegovina,0.038
2017,Bosnia and Herzegovina,0.0589999999999999
2018,Bosnia and Herzegovina,0.0849999999999999
2019,Bosnia and Herzegovina,0.0049999999999998
2020,Bosnia and Herzegovina,0.006
2021,Bosnia and Herzegovina,-0.0249999999999999
2022,Bosnia and Herzegovina,-0.0089999999999998
2023,Bosnia and Herzegovina,0.0049999999999998
1951,Botswana,0.0069999999999996
1952,Botswana,0.0030000000000001
1953,Botswana,0.0339999999999998
1954,Botswana,0.0339999999999998
1955,Botswana,0.0390000000000005
1956,Botswana,0.0389999999999997
1957,Botswana,0.0350000000000001
1958,Botswana,0.0039999999999995
1959,Botswana,-0.0029999999999992
1960,Botswana,-0.0260000000000006
1961,Botswana,-0.0309999999999996
1962,Botswana,-0.0280000000000004
1963,Botswana,0.0420000000000007
1964,Botswana,0.0350000000000001
1965,Botswana,-0.0090000000000003
1966,Botswana,0.0019999999999997
1967,Botswana,-0.008
1968,Botswana,-0.016
1969,Botswana,-0.0229999999999996
1970,Botswana,-0.0090000000000003
1971,Botswana,-0.0060000000000002
1972,Botswana,0.0190000000000001
1973,Botswana,0.024
1974,Botswana,0.0270000000000001
1975,Botswana,-0.0009999999999994
1976,Botswana,-0.0140000000000002
1977,Botswana,-0.056
1978,Botswana,-0.064
1979,Botswana,-0.0840000000000005
1980,Botswana,-0.1029999999999997
1981,Botswana,-0.1289999999999995
1982,Botswana,-0.1930000000000005
1983,Botswana,-0.1849999999999996
1984,Botswana,-0.1600000000000001
1985,Botswana,-0.1429999999999998
1986,Botswana,-0.1500000000000003
1987,Botswana,-0.2279999999999997
1988,Botswana,-0.2259999999999999
1989,Botswana,-0.2119999999999997
1990,Botswana,-0.157
1991,Botswana,-0.1440000000000001
1992,Botswana,-0.1100000000000003
1993,Botswana,-0.1029999999999997
1994,Botswana,-0.1310000000000002
1995,Botswana,-0.2290000000000001
1996,Botswana,-0.2189999999999998
1997,Botswana,-0.1419999999999999
1998,Botswana,-0.0689999999999999
1999,Botswana,-0.0489999999999999
2000,Botswana,-0.0190000000000001
2001,Botswana,-0.0459999999999998
2002,Botswana,-0.0730000000000004
2003,Botswana,-0.0689999999999999
2004,Botswana,-0.0429999999999997
2005,Botswana,0.0189999999999996
2006,Botswana,0.032
2007,Botswana,0.0129999999999999
2008,Botswana,0.004
2009,Botswana,0.0020000000000002
2010,Botswana,0.0019999999999997
2011,Botswana,-0.0319999999999995
2012,Botswana,-0.0330000000000003
2013,Botswana,-0.0249999999999999
2014,Botswana,-0.0179999999999997
2015,Botswana,-0.0190000000000001
2016,Botswana,-0.0179999999999997
2017,Botswana,-0.0210000000000003
2018,Botswana,-0.028
2019,Botswana,-0.0349999999999997
2020,Botswana,-0.0449999999999999
2021,Botswana,-0.0340000000000002
2022,Botswana,-0.0419999999999998
2023,Botswana,-0.0529999999999999
1951,Brazil,-0.0069999999999996
1952,Brazil,-0.0129999999999999
1953,Brazil,-0.0090000000000003
1954,Brazil,-0.0060000000000002
1955,Brazil,-0.0030000000000001
1956,Brazil,-0.0009999999999994
1957,Brazil,0.0009999999999994
1958,Brazil,-0.0009999999999994
1959,Brazil,-0.0060000000000002
1960,Brazil,-0.0259999999999998
1961,Brazil,-0.0289999999999999
1962,Brazil,-0.0380000000000002
1963,Brazil,-0.0540000000000002
1964,Brazil,-0.1120000000000001
1965,Brazil,-0.141
1966,Brazil,-0.1609999999999996
1967,Brazil,-0.1799999999999997
1968,Brazil,-0.1710000000000002
1969,Brazil,-0.1239999999999996
1970,Brazil,-0.1070000000000002
1971,Brazil,-0.096
1972,Brazil,-0.1029999999999997
1973,Brazil,-0.0970000000000004
1974,Brazil,-0.1360000000000001
1975,Brazil,-0.0869999999999997
1976,Brazil,-0.0759999999999996
1977,Brazil,-0.072
1978,Brazil,-0.072
1979,Brazil,-0.0750000000000001
1980,Brazil,-0.0830000000000001
1981,Brazil,-0.0939999999999998
1982,Brazil,-0.1049999999999999
1983,Brazil,-0.1150000000000002
1984,Brazil,-0.1229999999999997
1985,Brazil,-0.1200000000000001
1986,Brazil,-0.1189999999999997
1987,Brazil,-0.129
1988,Brazil,-0.1200000000000001
1989,Brazil,-0.1049999999999999
1990,Brazil,-0.1110000000000002
1991,Brazil,-0.0909999999999997
1992,Brazil,-0.0950000000000002
1993,Brazil,-0.0499999999999998
1994,Brazil,-0.0569999999999999
1995,Brazil,-0.036
1996,Brazil,-0.056
1997,Brazil,-0.0430000000000001
1998,Brazil,-0.0499999999999998
1999,Brazil,-0.0830000000000001
2000,Brazil,-0.088
2001,Brazil,-0.0849999999999999
2002,Brazil,-0.0809999999999999
2003,Brazil,-0.0750000000000001
2004,Brazil,-0.0329999999999996
2005,Brazil,-0.0310000000000001
2006,Brazil,-0.046
2007,Brazil,-0.0419999999999998
2008,Brazil,-0.0390000000000001
2009,Brazil,-0.016
2010,Brazil,-0.0129999999999999
2011,Brazil,-0.0090000000000001
2012,Brazil,-0.0109999999999998
2013,Brazil,-0.0050000000000001
2014,Brazil,0.014
2015,Brazil,0.002
2016,Brazil,-0.0499999999999998
2017,Brazil,0.0129999999999999
2018,Brazil,0.004
2019,Brazil,-0.0389999999999999
2020,Brazil,-0.052
2021,Brazil,-0.0150000000000001
2022,Brazil,-0.0089999999999998
2023,Brazil,-0.01
1951,British Virgin Islands,0.0809999999999995
1952,British Virgin Islands,0.072
1953,British Virgin Islands,0.0490000000000003
1954,British Virgin Islands,0.0229999999999996
1955,British Virgin Islands,0.0289999999999999
1956,British Virgin Islands,-0.0769999999999999
1957,British Virgin Islands,-0.0679999999999996
1958,British Virgin Islands,-0.0950000000000006
1959,British Virgin Islands,-0.1179999999999994
1960,British Virgin Islands,-0.133
1961,British Virgin Islands,-0.1450000000000004
1962,British Virgin Islands,-0.1529999999999995
1963,British Virgin Islands,-0.1509999999999998
1964,British Virgin Islands,-0.1690000000000004
1965,British Virgin Islands,-0.141
1966,British Virgin Islands,-0.088
1967,British Virgin Islands,-0.0529999999999999
1968,British Virgin Islands,-0.0369999999999999
1969,British Virgin Islands,-0.068
1970,British Virgin Islands,-0.068
1971,British Virgin Islands,-0.0969999999999999
1972,British Virgin Islands,-0.1
1973,British Virgin Islands,-0.1139999999999998
1974,British Virgin Islands,-0.0949999999999997
1975,British Virgin Islands,-0.0790000000000001
1976,British Virgin Islands,-0.0539999999999998
1977,British Virgin Islands,-0.052
1978,British Virgin Islands,-0.0350000000000001
1979,British Virgin Islands,-0.0470000000000001
1980,British Virgin Islands,-0.1419999999999999
1981,British Virgin Islands,-0.5899999999999999
1982,British Virgin Islands,-0.0649999999999999
1983,British Virgin Islands,-0.1480000000000001
1984,British Virgin Islands,-0.1339999999999999
1985,British Virgin Islands,-0.068
1986,British Virgin Islands,-0.139
1987,British Virgin Islands,-0.0629999999999999
1988,British Virgin Islands,-0.006
1989,British Virgin Islands,0.0579999999999998
1990,British Virgin Islands,0.01
1991,British Virgin Islands,0.064
1992,British Virgin Islands,0.0349999999999999
1993,British Virgin Islands,-0.0679999999999998
1994,British Virgin Islands,-0.151
1995,British Virgin Islands,0.1179999999999998
1996,British Virgin Islands,0.1169999999999999
1997,British Virgin Islands,0.1149999999999999
1998,British Virgin Islands,-0.486
1999,British Virgin Islands,0.2630000000000001
2000,British Virgin Islands,0.0529999999999999
2001,British Virgin Islands,-0.322
2002,British Virgin Islands,-0.2699999999999998
2003,British Virgin Islands,0.0619999999999998
2004,British Virgin Islands,0.191
2005,British Virgin Islands,-0.1599999999999999
2006,British Virgin Islands,-0.1060000000000001
2007,British Virgin Islands,0.078
2008,British Virgin Islands,-0.04
2009,British Virgin Islands,-0.042
2010,British Virgin Islands,-0.0469999999999999
2011,British Virgin Islands,0.0849999999999999
2012,British Virgin Islands,-0.165
2013,British Virgin Islands,-0.0169999999999999
2014,British Virgin Islands,0.149
2015,British Virgin Islands,-0.0490000000000001
2016,British Virgin Islands,-0.1989999999999999
2017,British Virgin Islands,-0.1139999999999999
2018,British Virgin Islands,0.032
2019,British Virgin Islands,0.0359999999999999
2020,British Virgin Islands,0.034
2021,British Virgin Islands,0.024
2022,British Virgin Islands,0.0259999999999999
2023,British Virgin Islands,0.02
1951,Brunei,0.0509999999999992
1952,Brunei,0.072
1953,Brunei,0.1000000000000005
1954,Brunei,0.1079999999999996
1955,Brunei,0.0890000000000004
1956,Brunei,0.0510000000000001
1957,Brunei,0.0279999999999995
1958,Brunei,-0.0010000000000003
1959,Brunei,-0.0539999999999993
1960,Brunei,-0.0990000000000002
1961,Brunei,-0.1370000000000004
1962,Brunei,-0.1549999999999993
1963,Brunei,-0.1370000000000004
1964,Brunei,-0.1200000000000001
1965,Brunei,-0.1259999999999994
1966,Brunei,-0.133
1967,Brunei,-0.1420000000000003
1968,Brunei,-0.1680000000000001
1969,Brunei,-0.1959999999999997
1970,Brunei,-0.2069999999999998
1971,Brunei,-0.1820000000000003
1972,Brunei,-0.1189999999999997
1973,Brunei,-0.1449999999999995
1974,Brunei,-0.1720000000000006
1975,Brunei,-0.1929999999999996
1976,Brunei,-0.2060000000000004
1977,Brunei,-0.2039999999999997
1978,Brunei,-0.1909999999999998
1979,Brunei,-0.173
1980,Brunei,-0.149
1981,Brunei,-0.1240000000000001
1982,Brunei,-0.1019999999999998
1983,Brunei,-0.0900000000000003
1984,Brunei,-0.0709999999999997
1985,Brunei,-0.068
1986,Brunei,-0.0630000000000001
1987,Brunei,-0.0579999999999998
1988,Brunei,-0.056
1989,Brunei,-0.0710000000000001
1990,Brunei,-0.0739999999999998
1991,Brunei,-0.084
1992,Brunei,-0.0949999999999997
1993,Brunei,-0.104
1994,Brunei,-0.1060000000000003
1995,Brunei,-0.1139999999999998
1996,Brunei,-0.1059999999999998
1997,Brunei,-0.0809999999999999
1998,Brunei,-0.0670000000000001
1999,Brunei,-0.072
2000,Brunei,-0.0629999999999997
2001,Brunei,-0.0609999999999999
2002,Brunei,-0.0730000000000004
2003,Brunei,-0.0789999999999997
2004,Brunei,-0.0809999999999999
2005,Brunei,-0.08
2006,Brunei,-0.0549999999999999
2007,Brunei,-0.036
2008,Brunei,-0.0150000000000001
2009,Brunei,0.0030000000000001
2010,Brunei,0.016
2011,Brunei,0.02
2012,Brunei,0.016
2013,Brunei,0.0049999999999998
2014,Brunei,-0.0089999999999998
2015,Brunei,-0.022
2016,Brunei,-0.032
2017,Brunei,-0.034
2018,Brunei,-0.0329999999999999
2019,Brunei,-0.0290000000000001
2020,Brunei,-0.0229999999999999
2021,Brunei,-0.018
2022,Brunei,-0.014
2023,Brunei,-0.0169999999999999
1951,Bulgaria,-0.032
1952,Bulgaria,-0.008
1953,Bulgaria,-0.0330000000000003
1954,Bulgaria,-0.0559999999999996
1955,Bulgaria,0.0169999999999999
1956,Bulgaria,-0.0380000000000002
1957,Bulgaria,-0.0949999999999997
1958,Bulgaria,-0.0300000000000002
1959,Bulgaria,0.004
1960,Bulgaria,0.0980000000000003
1961,Bulgaria,-0.0260000000000002
1962,Bulgaria,-0.0509999999999997
1963,Bulgaria,-0.0310000000000001
1964,Bulgaria,-0.0260000000000002
1965,Bulgaria,-0.0899999999999998
1966,Bulgaria,-0.0609999999999999
1967,Bulgaria,0.008
1968,Bulgaria,0.2389999999999998
1969,Bulgaria,0.0030000000000001
1970,Bulgaria,-0.0950000000000002
1971,Bulgaria,-0.0739999999999998
1972,Bulgaria,-0.068
1973,Bulgaria,0.1160000000000001
1974,Bulgaria,0.137
1975,Bulgaria,-0.0550000000000001
1976,Bulgaria,0.0110000000000001
1977,Bulgaria,-0.0409999999999999
1978,Bulgaria,-0.056
1979,Bulgaria,0.0009999999999998
1980,Bulgaria,-0.0939999999999998
1981,Bulgaria,-0.0470000000000001
1982,Bulgaria,0.0049999999999998
1983,Bulgaria,-0.008
1984,Bulgaria,-0.0069999999999996
1985,Bulgaria,-0.032
1986,Bulgaria,0.0369999999999999
1987,Bulgaria,-0.0429999999999999
1988,Bulgaria,0.008
1989,Bulgaria,-0.0750000000000001
1990,Bulgaria,-0.0989999999999999
1991,Bulgaria,-0.1479999999999999
1992,Bulgaria,-0.1089999999999999
1993,Bulgaria,-0.078
1994,Bulgaria,-0.0889999999999999
1995,Bulgaria,-0.1239999999999998
1996,Bulgaria,-0.01
1997,Bulgaria,-0.1240000000000001
1998,Bulgaria,0.0229999999999999
1999,Bulgaria,0.121
2000,Bulgaria,0.0330000000000001
2001,Bulgaria,-0.062
2002,Bulgaria,-0.004
2003,Bulgaria,0.03
2004,Bulgaria,0.0629999999999999
2005,Bulgaria,0.0410000000000001
2006,Bulgaria,0.0729999999999999
2007,Bulgaria,0.05
2008,Bulgaria,0.0709999999999999
2009,Bulgaria,0.0899999999999998
2010,Bulgaria,-0.0749999999999999
2011,Bulgaria,-0.062
2012,Bulgaria,-0.0049999999999998
2013,Bulgaria,-0.018
2014,Bulgaria,0.048
2015,Bulgaria,-0.002
2016,Bulgaria,0.0129999999999999
2017,Bulgaria,0.016
2018,Bulgaria,0.0010000000000001
2019,Bulgaria,0.022
2020,Bulgaria,-0.0230000000000001
2021,Bulgaria,0.0290000000000001
2022,Bulgaria,0.1809999999999998
2023,Bulgaria,-0.0179999999999997
1951,Burkina Faso,0.0519999999999996
1952,Burkina Faso,0.0520000000000004
1953,Burkina Faso,0.0489999999999994
1954,Burkina Faso,0.0369999999999999
1955,Burkina Faso,0.0430000000000001
1956,Burkina Faso,0.0380000000000002
1957,Burkina Faso,0.0330000000000003
1958,Burkina Faso,0.0449999999999999
1959,Burkina Faso,0.0489999999999994
1960,Burkina Faso,0.0280000000000004
1961,Burkina Faso,0.0379999999999993
1962,Burkina Faso,0.0360000000000004
1963,Burkina Faso,0.0339999999999998
1964,Burkina Faso,0.0629999999999997
1965,Burkina Faso,0.0520000000000004
1966,Burkina Faso,0.056
1967,Burkina Faso,0.0579999999999998
1968,Burkina Faso,0.0599999999999996
1969,Burkina Faso,0.0190000000000001
1970,Burkina Faso,0.0209999999999999
1971,Burkina Faso,0.0130000000000007
1972,Burkina Faso,0.0209999999999999
1973,Burkina Faso,0.0509999999999992
1974,Burkina Faso,0.072
1975,Burkina Faso,0.0710000000000006
1976,Burkina Faso,0.0389999999999997
1977,Burkina Faso,0.0940000000000003
1978,Burkina Faso,0.1019999999999994
1979,Burkina Faso,0.0460000000000002
1980,Burkina Faso,0.0280000000000004
1981,Burkina Faso,0.0339999999999998
1982,Burkina Faso,-0.0030000000000001
1983,Burkina Faso,-0.0019999999999997
1984,Burkina Faso,-0.0060000000000002
1985,Burkina Faso,-0.0030000000000001
1986,Burkina Faso,-0.024
1987,Burkina Faso,-0.0499999999999998
1988,Burkina Faso,-0.0590000000000001
1989,Burkina Faso,-0.0620000000000002
1990,Burkina Faso,-0.0379999999999993
1991,Burkina Faso,-0.0360000000000004
1992,Burkina Faso,-0.0369999999999999
1993,Burkina Faso,-0.0469999999999997
1994,Burkina Faso,-0.0460000000000002
1995,Burkina Faso,-0.0289999999999999
1996,Burkina Faso,-0.0350000000000001
1997,Burkina Faso,-0.0549999999999997
1998,Burkina Faso,-0.0630000000000006
1999,Burkina Faso,-0.0749999999999992
2000,Burkina Faso,-0.0670000000000001
2001,Burkina Faso,-0.088
2002,Burkina Faso,-0.0919999999999996
2003,Burkina Faso,-0.0590000000000001
2004,Burkina Faso,-0.064
2005,Burkina Faso,-0.0339999999999998
2006,Burkina Faso,-0.0120000000000004
2007,Burkina Faso,-0.0599999999999996
2008,Burkina Faso,-0.0600000000000005
2009,Burkina Faso,-0.0579999999999998
2010,Burkina Faso,-0.056
2011,Burkina Faso,-0.0670000000000001
2012,Burkina Faso,-0.0759999999999996
2013,Burkina Faso,-0.096
2014,Burkina Faso,-0.1020000000000003
2015,Burkina Faso,-0.1169999999999999
2016,Burkina Faso,-0.1469999999999993
2017,Burkina Faso,-0.1610000000000004
2018,Burkina Faso,-0.2489999999999996
2019,Burkina Faso,-0.2400000000000002
2020,Burkina Faso,-0.2409999999999996
2021,Burkina Faso,-0.0790000000000006
2022,Burkina Faso,-0.0859999999999994
2023,Burkina Faso,-0.0890000000000004
1951,Burundi,-0.0090000000000003
1952,Burundi,-0.0139999999999993
1953,Burundi,0.0149999999999996
1954,Burundi,0.0019999999999997
1955,Burundi,0.0129999999999999
1956,Burundi,0.0010000000000003
1957,Burundi,0.0010000000000003
1958,Burundi,0.0169999999999994
1959,Burundi,0.0300000000000002
1960,Burundi,0.024
1961,Burundi,0.0199999999999995
1962,Burundi,0.0150000000000005
1963,Burundi,0.0289999999999999
1964,Burundi,0.0229999999999996
1965,Burundi,0.0230000000000005
1966,Burundi,0.0219999999999993
1967,Burundi,0.0209999999999999
1968,Burundi,0.024
1969,Burundi,0.0350000000000001
1970,Burundi,-0.0009999999999994
1971,Burundi,-0.0010000000000003
1972,Burundi,-0.0030000000000001
1973,Burundi,0.0049999999999998
1974,Burundi,0.0070000000000005
1975,Burundi,0.0219999999999993
1976,Burundi,0.0040000000000004
1977,Burundi,-0.0030000000000001
1978,Burundi,0.0140000000000002
1979,Burundi,0.048
1980,Burundi,0.0459999999999993
1981,Burundi,-0.024
1982,Burundi,-0.0149999999999996
1983,Burundi,-0.016
1984,Burundi,-0.0030000000000001
1985,Burundi,-0.0010000000000003
1986,Burundi,0.0260000000000006
1987,Burundi,0.0599999999999996
1988,Burundi,0.0030000000000001
1989,Burundi,0.0039999999999995
1990,Burundi,-0.0219999999999993
1991,Burundi,-0.0289999999999999
1992,Burundi,-0.0350000000000001
1993,Burundi,-0.0289999999999999
1994,Burundi,-0.0419999999999998
1995,Burundi,-0.0460000000000002
1996,Burundi,-0.0609999999999999
1997,Burundi,-0.0830000000000001
1998,Burundi,-0.0819999999999998
1999,Burundi,-0.0609999999999999
2000,Burundi,-0.0250000000000003
2001,Burundi,-0.0229999999999996
2002,Burundi,-0.0300000000000002
2003,Burundi,-0.0339999999999998
2004,Burundi,-0.0389999999999997
2005,Burundi,-0.0380000000000002
2006,Burundi,-0.0490000000000003
2007,Burundi,-0.0709999999999997
2008,Burundi,-0.0730000000000004
2009,Burundi,-0.1059999999999998
2010,Burundi,-0.149
2011,Burundi,-0.1520000000000001
2012,Burundi,-0.1169999999999999
2013,Burundi,-0.1019999999999994
2014,Burundi,-0.0950000000000006
2015,Burundi,-0.0989999999999993
2016,Burundi,-0.1080000000000005
2017,Burundi,-0.1059999999999998
2018,Burundi,-0.1009999999999999
2019,Burundi,-0.1089999999999999
2020,Burundi,-0.0940000000000003
2021,Burundi,-0.0989999999999993
2022,Burundi,-0.0979999999999998
2023,Burundi,-0.1020000000000003
1951,Cambodia,-0.016
1952,Cambodia,-0.0049999999999998
1953,Cambodia,0.0099999999999997
1954,Cambodia,-0.0030000000000001
1955,Cambodia,0.0099999999999997
1956,Cambodia,-0.0169999999999994
1957,Cambodia,-0.0280000000000004
1958,Cambodia,-0.056
1959,Cambodia,-0.064
1960,Cambodia,-0.048
1961,Cambodia,-0.0110000000000001
1962,Cambodia,-0.0009999999999994
1963,Cambodia,-0.0090000000000003
1964,Cambodia,-0.0039999999999995
1965,Cambodia,-0.0209999999999999
1966,Cambodia,-0.0300000000000002
1967,Cambodia,-0.0360000000000004
1968,Cambodia,-0.0359999999999995
1969,Cambodia,-0.0410000000000003
1970,Cambodia,-0.0529999999999999
1971,Cambodia,-0.064
1972,Cambodia,-0.064
1973,Cambodia,-0.3839999999999994
1974,Cambodia,-0.7620000000000005
1975,Cambodia,-0.694
1976,Cambodia,-0.694
1977,Cambodia,-0.6929999999999996
1978,Cambodia,0.6219999999999999
1979,Cambodia,1.218
1980,Cambodia,1.218
1981,Cambodia,0.2679999999999998
1982,Cambodia,0.1509999999999998
1983,Cambodia,0.1030000000000006
1984,Cambodia,0.0419999999999998
1985,Cambodia,-0.0250000000000003
1986,Cambodia,-0.0869999999999997
1987,Cambodia,-0.1289999999999995
1988,Cambodia,-0.1530000000000004
1989,Cambodia,-0.2629999999999999
1990,Cambodia,-0.0389999999999997
1991,Cambodia,-0.0540000000000002
1992,Cambodia,-0.1020000000000003
1993,Cambodia,-0.0529999999999999
1994,Cambodia,-0.1520000000000001
1995,Cambodia,-0.205
1996,Cambodia,-0.2089999999999996
1997,Cambodia,-0.4720000000000004
1998,Cambodia,-0.2649999999999997
1999,Cambodia,-0.197
2000,Cambodia,-0.1389999999999998
2001,Cambodia,-0.1070000000000002
2002,Cambodia,-0.1169999999999999
2003,Cambodia,-0.141
2004,Cambodia,-0.1219999999999998
2005,Cambodia,-0.0689999999999999
2006,Cambodia,-0.0630000000000001
2007,Cambodia,-0.0449999999999999
2008,Cambodia,-0.0819999999999998
2009,Cambodia,-0.0769999999999999
2010,Cambodia,-0.1120000000000001
2011,Cambodia,-0.0769999999999999
2012,Cambodia,-0.0310000000000001
2013,Cambodia,-0.0089999999999998
2014,Cambodia,-0.008
2015,Cambodia,-0.0049999999999998
2016,Cambodia,-0.004
2017,Cambodia,-0.0060000000000002
2018,Cambodia,0.0050000000000003
2019,Cambodia,0.0009999999999998
2020,Cambodia,-0.0260000000000002
2021,Cambodia,-0.0349999999999997
2022,Cambodia,-0.048
2023,Cambodia,-0.0369999999999999
1951,Cameroon,-0.0060000000000002
1952,Cameroon,0.0110000000000001
1953,Cameroon,0.0
1954,Cameroon,-0.0009999999999994
1955,Cameroon,0.0019999999999997
1956,Cameroon,-0.0069999999999996
1957,Cameroon,-0.0070000000000005
1958,Cameroon,0.0060000000000002
1959,Cameroon,0.0010000000000003
1960,Cameroon,-0.0050000000000007
1961,Cameroon,0.0070000000000005
1962,Cameroon,-0.0030000000000001
1963,Cameroon,0.0019999999999997
1964,Cameroon,0.008
1965,Cameroon,0.0570000000000003
1966,Cameroon,0.0579999999999998
1967,Cameroon,0.0969999999999995
1968,Cameroon,0.0920000000000005
1969,Cameroon,0.1009999999999999
1970,Cameroon,0.0529999999999999
1971,Cameroon,0.0620000000000002
1972,Cameroon,0.0339999999999998
1973,Cameroon,0.0329999999999994
1974,Cameroon,0.0350000000000001
1975,Cameroon,0.04
1976,Cameroon,0.0460000000000002
1977,Cameroon,0.0609999999999999
1978,Cameroon,0.0369999999999999
1979,Cameroon,0.0360000000000004
1980,Cameroon,0.032
1981,Cameroon,-0.0030000000000001
1982,Cameroon,-0.016
1983,Cameroon,-0.0190000000000001
1984,Cameroon,-0.0120000000000004
1985,Cameroon,0.0010000000000003
1986,Cameroon,0.008
1987,Cameroon,-0.0339999999999998
1988,Cameroon,-0.0570000000000003
1989,Cameroon,-0.0670000000000001
1990,Cameroon,-0.0519999999999996
1991,Cameroon,-0.0380000000000002
1992,Cameroon,-0.0679999999999996
1993,Cameroon,-0.1009999999999999
1994,Cameroon,-0.1120000000000001
1995,Cameroon,-0.1240000000000005
1996,Cameroon,-0.1239999999999996
1997,Cameroon,-0.0889999999999995
1998,Cameroon,-0.0500000000000007
1999,Cameroon,-0.0519999999999996
2000,Cameroon,-0.0899999999999998
2001,Cameroon,-0.0730000000000004
2002,Cameroon,-0.0060000000000002
2003,Cameroon,-0.0029999999999992
2004,Cameroon,0.0039999999999995
2005,Cameroon,-0.0149999999999996
2006,Cameroon,-0.0520000000000004
2007,Cameroon,-0.0259999999999998
2008,Cameroon,-0.0490000000000003
2009,Cameroon,-0.0579999999999998
2010,Cameroon,-0.0819999999999998
2011,Cameroon,-0.1020000000000003
2012,Cameroon,-0.0699999999999994
2013,Cameroon,-0.0769999999999999
2014,Cameroon,-0.0609999999999999
2015,Cameroon,-0.0030000000000001
2016,Cameroon,0.0009999999999994
2017,Cameroon,-0.0379999999999993
2018,Cameroon,-0.064
2019,Cameroon,-0.0890000000000004
2020,Cameroon,-0.0939999999999994
2021,Cameroon,-0.0890000000000004
2022,Cameroon,-0.0709999999999997
2023,Cameroon,-0.0750000000000001
1951,Canada,0.0469999999999997
1952,Canada,0.1380000000000003
1953,Canada,0.0779999999999998
1954,Canada,0.1059999999999998
1955,Canada,0.0030000000000001
1956,Canada,0.0249999999999999
1957,Canada,0.0769999999999999
1958,Canada,-0.0339999999999998
1959,Canada,0.0409999999999999
1960,Canada,-0.0350000000000001
1961,Canada,-0.0589999999999997
1962,Canada,-0.0830000000000001
1963,Canada,-0.0899999999999998
1964,Canada,-0.1640000000000001
1965,Canada,-0.3489999999999997
1966,Canada,-0.3230000000000004
1967,Canada,-0.2109999999999998
1968,Canada,-0.133
1969,Canada,-0.052
1970,Canada,-0.0889999999999999
1971,Canada,-0.1659999999999999
1972,Canada,-0.1639999999999999
1973,Canada,-0.088
1974,Canada,-0.0429999999999999
1975,Canada,-0.0070000000000001
1976,Canada,-0.0449999999999999
1977,Canada,-0.0289999999999999
1978,Canada,-0.0450000000000001
1979,Canada,-0.0069999999999998
1980,Canada,-0.0150000000000001
1981,Canada,-0.026
1982,Canada,-0.0129999999999999
1983,Canada,-0.012
1984,Canada,0.002
1985,Canada,-0.0149999999999999
1986,Canada,-0.018
1987,Canada,-0.0130000000000001
1988,Canada,0.024
1989,Canada,0.056
1990,Canada,0.0529999999999999
1991,Canada,0.0270000000000001
1992,Canada,-0.004
1993,Canada,-0.026
1994,Canada,0.0
1995,Canada,-0.0190000000000001
1996,Canada,-0.044
1997,Canada,-0.0609999999999999
1998,Canada,-0.016
1999,Canada,-0.012
2000,Canada,-0.0309999999999999
2001,Canada,0.0209999999999999
2002,Canada,-0.018
2003,Canada,0.022
2004,Canada,0.01
2005,Canada,0.0210000000000001
2006,Canada,0.046
2007,Canada,0.0439999999999998
2008,Canada,0.028
2009,Canada,-0.0089999999999998
2010,Canada,-0.0330000000000001
2011,Canada,-0.0149999999999999
2012,Canada,0.0
2013,Canada,-0.0149999999999999
2014,Canada,0.002
2015,Canada,-0.0130000000000001
2016,Canada,-0.0109999999999998
2017,Canada,-0.042
2018,Canada,-0.038
2019,Canada,-0.034
2020,Canada,-0.0629999999999999
2021,Canada,0.0169999999999999
2022,Canada,-0.0639999999999998
2023,Canada,-0.0170000000000001
1951,Cape Verde,0.016
1952,Cape Verde,0.0330000000000003
1953,Cape Verde,0.0359999999999995
1954,Cape Verde,0.0390000000000005
1955,Cape Verde,0.0409999999999994
1956,Cape Verde,0.0440000000000004
1957,Cape Verde,0.0449999999999999
1958,Cape Verde,0.0459999999999993
1959,Cape Verde,0.0449999999999999
1960,Cape Verde,0.0430000000000001
1961,Cape Verde,0.0369999999999999
1962,Cape Verde,0.0310000000000005
1963,Cape Verde,0.0229999999999996
1964,Cape Verde,0.0129999999999999
1965,Cape Verde,0.0040000000000004
1966,Cape Verde,-0.0030000000000001
1967,Cape Verde,-0.008
1968,Cape Verde,-0.0120000000000004
1969,Cape Verde,-0.016
1970,Cape Verde,-0.0190000000000001
1971,Cape Verde,-0.0219999999999993
1972,Cape Verde,-0.0260000000000006
1973,Cape Verde,-0.0319999999999991
1974,Cape Verde,-0.0370000000000008
1975,Cape Verde,-0.0469999999999997
1976,Cape Verde,-0.0569999999999994
1977,Cape Verde,-0.0690000000000008
1978,Cape Verde,-0.0809999999999995
1979,Cape Verde,-0.0910000000000001
1980,Cape Verde,-0.0979999999999998
1981,Cape Verde,-0.1020000000000003
1982,Cape Verde,-0.1029999999999997
1983,Cape Verde,-0.1020000000000003
1984,Cape Verde,-0.0979999999999998
1985,Cape Verde,-0.0489999999999994
1986,Cape Verde,-0.1110000000000006
1987,Cape Verde,-0.1289999999999995
1988,Cape Verde,-0.1290000000000004
1989,Cape Verde,-0.0999999999999996
1990,Cape Verde,-0.0919999999999996
1991,Cape Verde,-0.0980000000000007
1992,Cape Verde,-0.1389999999999993
1993,Cape Verde,-0.1699999999999999
1994,Cape Verde,-0.2300000000000004
1995,Cape Verde,-0.2290000000000001
1996,Cape Verde,-0.2370000000000001
1997,Cape Verde,-0.205
1998,Cape Verde,-0.1539999999999994
1999,Cape Verde,-0.1710000000000002
2000,Cape Verde,-0.1819999999999999
2001,Cape Verde,-0.1789999999999998
2002,Cape Verde,-0.1739999999999999
2003,Cape Verde,-0.1590000000000002
2004,Cape Verde,-0.133
2005,Cape Verde,-0.1739999999999999
2006,Cape Verde,-0.1709999999999998
2007,Cape Verde,-0.1460000000000003
2008,Cape Verde,-0.1109999999999997
2009,Cape Verde,-0.052
2010,Cape Verde,0.0830000000000001
2011,Cape Verde,0.0
2012,Cape Verde,-0.1760000000000001
2013,Cape Verde,-0.0859999999999998
2014,Cape Verde,-0.036
2015,Cape Verde,-0.0630000000000001
2016,Cape Verde,-0.002
2017,Cape Verde,-0.036
2018,Cape Verde,-0.1259999999999999
2019,Cape Verde,-0.1060000000000001
2020,Cape Verde,-0.1069999999999999
2021,Cape Verde,-0.0369999999999999
2022,Cape Verde,-0.0210000000000001
2023,Cape Verde,-0.0109999999999998
1951,Cayman Islands,0.0789999999999997
1952,Cayman Islands,0.0819999999999998
1953,Cayman Islands,0.1009999999999999
1954,Cayman Islands,-0.0369999999999999
1955,Cayman Islands,-0.0769999999999999
1956,Cayman Islands,-0.0430000000000001
1957,Cayman Islands,-0.0249999999999994
1958,Cayman Islands,-0.0260000000000006
1959,Cayman Islands,0.1840000000000001
1960,Cayman Islands,0.0940000000000003
1961,Cayman Islands,0.0679999999999996
1962,Cayman Islands,0.0120000000000004
1963,Cayman Islands,-0.1070000000000002
1964,Cayman Islands,-0.2750000000000003
1965,Cayman Islands,-0.2519999999999998
1966,Cayman Islands,-0.0809999999999995
1967,Cayman Islands,-0.0330000000000003
1968,Cayman Islands,-0.0529999999999999
1969,Cayman Islands,-0.4700000000000002
1970,Cayman Islands,1.14
1971,Cayman Islands,-1.197
1972,Cayman Islands,1.4219999999999997
1973,Cayman Islands,-1.3249999999999995
1974,Cayman Islands,-0.6039999999999996
1975,Cayman Islands,-0.2430000000000003
1976,Cayman Islands,-0.1859999999999999
1977,Cayman Islands,-0.1160000000000001
1978,Cayman Islands,-0.0469999999999997
1979,Cayman Islands,0.0019999999999997
1980,Cayman Islands,0.0369999999999999
1981,Cayman Islands,-0.0209999999999999
1982,Cayman Islands,-0.3759999999999999
1983,Cayman Islands,-0.1759999999999999
1984,Cayman Islands,-0.042
1985,Cayman Islands,-0.038
1986,Cayman Islands,-0.0609999999999999
1987,Cayman Islands,-0.1089999999999999
1988,Cayman Islands,0.0479999999999998
1989,Cayman Islands,0.125
1990,Cayman Islands,0.028
1991,Cayman Islands,0.0630000000000001
1992,Cayman Islands,-0.1200000000000001
1993,Cayman Islands,-0.0569999999999999
1994,Cayman Islands,-0.0090000000000001
1995,Cayman Islands,0.014
1996,Cayman Islands,0.0170000000000001
1997,Cayman Islands,0.01
1998,Cayman Islands,0.0009999999999998
1999,Cayman Islands,0.006
2000,Cayman Islands,-0.0009999999999998
2001,Cayman Islands,-0.01
2002,Cayman Islands,-0.016
2003,Cayman Islands,-0.0090000000000001
2004,Cayman Islands,-0.0009999999999998
2005,Cayman Islands,-0.006
2006,Cayman Islands,0.0
2007,Cayman Islands,0.016
2008,Cayman Islands,0.022
2009,Cayman Islands,0.02
2010,Cayman Islands,-0.0290000000000001
2011,Cayman Islands,-0.0569999999999999
2012,Cayman Islands,-0.1060000000000001
2013,Cayman Islands,-0.0859999999999998
2014,Cayman Islands,-0.1109999999999999
2015,Cayman Islands,-0.0650000000000001
2016,Cayman Islands,-0.0379999999999998
2017,Cayman Islands,-0.0090000000000001
2018,Cayman Islands,0.0549999999999999
2019,Cayman Islands,0.2310000000000001
2020,Cayman Islands,0.046
2021,Cayman Islands,-0.0030000000000001
2022,Cayman Islands,-0.01
2023,Cayman Islands,-0.01
1951,Central African Republic,-0.0019999999999997
1952,Central African Republic,0.0
1953,Central African Republic,-0.0090000000000003
1954,Central African Republic,0.0010000000000003
1955,Central African Republic,-0.0049999999999998
1956,Central African Republic,0.0110000000000001
1957,Central African Republic,0.0009999999999994
1958,Central African Republic,0.0020000000000006
1959,Central African Republic,0.0099999999999997
1960,Central African Republic,0.0090000000000003
1961,Central African Republic,0.0099999999999997
1962,Central African Republic,0.0119999999999995
1963,Central African Republic,0.0150000000000005
1964,Central African Republic,0.0199999999999995
1965,Central African Republic,0.0229999999999996
1966,Central African Republic,0.0290000000000008
1967,Central African Republic,0.0189999999999992
1968,Central African Republic,0.0250000000000003
1969,Central African Republic,-0.0380000000000002
1970,Central African Republic,-0.0359999999999995
1971,Central African Republic,-0.0339999999999998
1972,Central African Republic,-0.0340000000000006
1973,Central African Republic,-0.0339999999999998
1974,Central African Republic,-0.0259999999999998
1975,Central African Republic,-0.0220000000000002
1976,Central African Republic,0.0590000000000001
1977,Central African Republic,0.0499999999999998
1978,Central African Republic,0.0529999999999999
1979,Central African Republic,0.0510000000000001
1980,Central African Republic,0.04
1981,Central African Republic,0.0369999999999999
1982,Central African Republic,-0.0069999999999996
1983,Central African Republic,-0.0090000000000003
1984,Central African Republic,-0.0129999999999999
1985,Central African Republic,-0.0190000000000001
1986,Central African Republic,-0.0129999999999999
1987,Central African Republic,0.0140000000000002
1988,Central African Republic,-0.0220000000000002
1989,Central African Republic,-0.0249999999999994
1990,Central African Republic,-0.024
1991,Central African Republic,-0.0190000000000001
1992,Central African Republic,-0.0659999999999998
1993,Central African Republic,-0.0380000000000002
1994,Central African Republic,-0.0070000000000005
1995,Central African Republic,0.024
1996,Central African Republic,0.0200000000000004
1997,Central African Republic,-0.0389999999999997
1998,Central African Republic,-0.0350000000000001
1999,Central African Republic,-0.0140000000000002
2000,Central African Republic,-0.024
2001,Central African Republic,-0.0439999999999995
2002,Central African Republic,-0.0220000000000002
2003,Central African Republic,0.0140000000000002
2004,Central African Republic,-0.0150000000000005
2005,Central African Republic,0.0280000000000004
2006,Central African Republic,0.0279999999999995
2007,Central African Republic,0.0270000000000001
2008,Central African Republic,0.0350000000000001
2009,Central African Republic,0.0339999999999998
2010,Central African Republic,0.0270000000000001
2011,Central African Republic,0.0460000000000002
2012,Central African Republic,0.0379999999999993
2013,Central African Republic,0.0280000000000004
2014,Central African Republic,0.024
2015,Central African Republic,0.0270000000000001
2016,Central African Republic,0.0
2017,Central African Republic,0.0009999999999994
2018,Central African Republic,-0.0190000000000001
2019,Central African Republic,-0.0179999999999997
2020,Central African Republic,-0.0309999999999996
2021,Central African Republic,-0.0070000000000005
2022,Central African Republic,-0.0289999999999999
2023,Central African Republic,-0.0110000000000001
1951,Chad,0.0089999999999994
1952,Chad,0.0190000000000001
1953,Chad,0.0190000000000001
1954,Chad,0.0199999999999995
1955,Chad,0.0200000000000004
1956,Chad,0.0199999999999995
1957,Chad,0.0210000000000007
1958,Chad,0.0199999999999995
1959,Chad,0.0200000000000004
1960,Chad,0.0199999999999995
1961,Chad,0.0179999999999997
1962,Chad,0.0170000000000003
1963,Chad,0.016
1964,Chad,0.0169999999999994
1965,Chad,0.0190000000000001
1966,Chad,0.0250000000000003
1967,Chad,0.0309999999999996
1968,Chad,0.0390000000000005
1969,Chad,0.0449999999999999
1970,Chad,0.0509999999999992
1971,Chad,0.0540000000000002
1972,Chad,0.2679999999999998
1973,Chad,0.0190000000000001
1974,Chad,-0.0049999999999998
1975,Chad,0.0120000000000004
1976,Chad,0.0169999999999994
1977,Chad,0.0030000000000001
1978,Chad,-0.0049999999999998
1979,Chad,0.0140000000000002
1980,Chad,0.0030000000000001
1981,Chad,0.0339999999999998
1982,Chad,0.0190000000000001
1983,Chad,0.0179999999999997
1984,Chad,0.0359999999999995
1985,Chad,0.0220000000000002
1986,Chad,0.0300000000000002
1987,Chad,0.0380000000000002
1988,Chad,0.0489999999999994
1989,Chad,0.032
1990,Chad,0.0330000000000003
1991,Chad,0.0419999999999998
1992,Chad,0.0350000000000001
1993,Chad,0.0409999999999994
1994,Chad,-0.0270000000000001
1995,Chad,-0.0199999999999995
1996,Chad,0.0019999999999997
1997,Chad,-0.0179999999999997
1998,Chad,-0.008
1999,Chad,-0.0040000000000004
2000,Chad,-0.0129999999999999
2001,Chad,-0.0179999999999997
2002,Chad,-0.0300000000000002
2003,Chad,-0.0219999999999993
2004,Chad,-0.0190000000000001
2005,Chad,-0.0259999999999998
2006,Chad,-0.016
2007,Chad,-0.0260000000000006
2008,Chad,-0.0289999999999999
2009,Chad,-0.0419999999999998
2010,Chad,-0.0309999999999996
2011,Chad,-0.0419999999999998
2012,Chad,-0.0430000000000001
2013,Chad,-0.0659999999999998
2014,Chad,-0.0580000000000007
2015,Chad,-0.0749999999999992
2016,Chad,-0.0830000000000001
2017,Chad,-0.0860000000000003
2018,Chad,-0.0729999999999995
2019,Chad,-0.0520000000000004
2020,Chad,-0.0659999999999998
2021,Chad,-0.0910000000000001
2022,Chad,-0.04
2023,Chad,-0.0949999999999997
1951,Chile,-0.0330000000000003
1952,Chile,-0.0229999999999996
1953,Chile,0.0059999999999993
1954,Chile,-0.016
1955,Chile,0.0070000000000005
1956,Chile,0.0179999999999997
1957,Chile,-0.0209999999999999
1958,Chile,-0.0209999999999999
1959,Chile,-0.0250000000000003
1960,Chile,-0.0309999999999996
1961,Chile,-0.0419999999999998
1962,Chile,-0.0529999999999999
1963,Chile,-0.0660000000000007
1964,Chile,-0.0789999999999997
1965,Chile,-0.0929999999999999
1966,Chile,-0.1049999999999995
1967,Chile,-0.1150000000000002
1968,Chile,-0.1189999999999997
1969,Chile,-0.1230000000000002
1970,Chile,-0.1240000000000001
1971,Chile,-0.1240000000000001
1972,Chile,-0.1240000000000001
1973,Chile,-0.121
1974,Chile,-0.1159999999999996
1975,Chile,-0.1110000000000002
1976,Chile,-0.104
1977,Chile,-0.0969999999999999
1978,Chile,-0.0889999999999999
1979,Chile,-0.08
1980,Chile,-0.0679999999999996
1981,Chile,-0.0550000000000001
1982,Chile,-0.0409999999999999
1983,Chile,-0.0289999999999999
1984,Chile,-0.0180000000000002
1985,Chile,-0.0089999999999998
1986,Chile,-0.0030000000000001
1987,Chile,0.0009999999999998
1988,Chile,0.0010000000000003
1989,Chile,-0.0020000000000002
1990,Chile,-0.0099999999999997
1991,Chile,-0.0210000000000003
1992,Chile,-0.0799999999999996
1993,Chile,-0.048
1994,Chile,-0.0530000000000003
1995,Chile,-0.0239999999999995
1996,Chile,-0.0690000000000004
1997,Chile,-0.0819999999999998
1998,Chile,-0.0529999999999999
1999,Chile,-0.0750000000000001
2000,Chile,-0.028
2001,Chile,-0.0389999999999997
2002,Chile,-0.0730000000000001
2003,Chile,-0.0489999999999999
2004,Chile,-0.0409999999999999
2005,Chile,-0.0190000000000001
2006,Chile,-0.0269999999999999
2007,Chile,0.028
2008,Chile,0.024
2009,Chile,0.0049999999999998
2010,Chile,-0.0109999999999998
2011,Chile,-0.0210000000000001
2012,Chile,-0.0249999999999999
2013,Chile,-0.012
2014,Chile,-0.012
2015,Chile,-0.0369999999999999
2016,Chile,-0.0510000000000001
2017,Chile,-0.123
2018,Chile,-0.02
2019,Chile,-0.1129999999999999
2020,Chile,-0.123
2021,Chile,-0.131
2022,Chile,0.0789999999999999
2023,Chile,-0.0879999999999998
1951,China,-0.1139999999999998
1952,China,0.7730000000000006
1953,China,-0.4300000000000006
1954,China,0.2359999999999997
1955,China,-0.0149999999999996
1956,China,-0.4089999999999998
1957,China,0.5709999999999997
1958,China,-0.7269999999999994
1959,China,-0.9800000000000004
1960,China,-0.2670000000000003
1961,China,-0.5879999999999996
1962,China,2.222
1963,China,1.428
1964,China,-0.8410000000000002
1965,China,-0.0669999999999992
1966,China,-0.298
1967,China,-0.5010000000000003
1968,China,0.702
1969,China,-0.3330000000000002
1970,China,-0.0899999999999998
1971,China,-0.5620000000000003
1972,China,-0.4109999999999996
1973,China,-0.3860000000000001
1974,China,-0.556
1975,China,-0.5989999999999998
1976,China,-0.3360000000000003
1977,China,-0.391
1978,China,-0.1279999999999996
1979,China,0.0289999999999999
1980,China,-0.0060000000000002
1981,China,0.0529999999999999
1982,China,0.1800000000000001
1983,China,-0.4129999999999998
1984,China,0.048
1985,China,0.0259999999999998
1986,China,0.088
1987,China,0.0389999999999997
1988,China,-0.2209999999999996
1989,China,-0.0190000000000001
1990,China,-0.0060000000000002
1991,China,-0.5799999999999998
1992,China,-0.1579999999999999
1993,China,-0.0849999999999999
1994,China,-0.0630000000000001
1995,China,-0.0399999999999998
1996,China,-0.034
1997,China,-0.0270000000000001
1998,China,-0.0049999999999998
1999,China,0.008
2000,China,0.0979999999999998
2001,China,-0.0649999999999999
2002,China,0.0030000000000001
2003,China,0.004
2004,China,0.0349999999999999
2005,China,0.0190000000000001
2006,China,0.0199999999999997
2007,China,0.022
2008,China,0.0350000000000001
2009,China,0.0129999999999999
2010,China,-0.0269999999999999
2011,China,-0.0190000000000001
2012,China,0.1300000000000001
2013,China,-0.084
2014,China,0.0549999999999999
2015,China,-0.0989999999999999
2016,China,0.102
2017,China,0.0229999999999999
2018,China,-0.256
2019,China,-0.0429999999999999
2020,China,-0.26
2021,China,-0.119
2022,China,-0.0829999999999999
2023,China,-0.035
1951,Colombia,0.0259999999999998
1952,Colombia,0.0520000000000004
1953,Colombia,0.0489999999999994
1954,Colombia,0.0449999999999999
1955,Colombia,0.0430000000000001
1956,Colombia,0.0389999999999997
1957,Colombia,0.0330000000000003
1958,Colombia,0.0259999999999998
1959,Colombia,0.0140000000000002
1960,Colombia,-0.0019999999999997
1961,Colombia,-0.0230000000000005
1962,Colombia,-0.0489999999999994
1963,Colombia,-0.0790000000000006
1964,Colombia,-0.1089999999999999
1965,Colombia,-0.1419999999999994
1966,Colombia,-0.1740000000000003
1967,Colombia,-0.2019999999999999
1968,Colombia,-0.2199999999999997
1969,Colombia,-0.2309999999999998
1970,Colombia,-0.2300000000000004
1971,Colombia,-0.2189999999999994
1972,Colombia,-0.2000000000000001
1973,Colombia,-0.1770000000000005
1974,Colombia,-0.1529999999999995
1975,Colombia,-0.1290000000000004
1976,Colombia,-0.1129999999999995
1977,Colombia,-0.1219999999999998
1978,Colombia,-0.165
1979,Colombia,-0.1100000000000003
1980,Colombia,-0.0899999999999998
1981,Colombia,-0.092
1982,Colombia,-0.088
1983,Colombia,-0.1169999999999999
1984,Colombia,-0.1509999999999998
1985,Colombia,-0.125
1986,Colombia,-0.0780000000000002
1987,Colombia,-0.0599999999999996
1988,Colombia,-0.048
1989,Colombia,-0.0270000000000001
1990,Colombia,-0.0169999999999999
1991,Colombia,-0.0129999999999999
1992,Colombia,0.0009999999999998
1993,Colombia,-0.0049999999999998
1994,Colombia,-0.0410000000000003
1995,Colombia,-0.0869999999999997
1996,Colombia,-0.0820000000000003
1997,Colombia,-0.0249999999999999
1998,Colombia,-0.0259999999999998
1999,Colombia,-0.08
2000,Colombia,-0.0630000000000001
2001,Colombia,-0.052
2002,Colombia,-0.0329999999999999
2003,Colombia,-0.0389999999999997
2004,Colombia,-0.0660000000000002
2005,Colombia,-0.0749999999999997
2006,Colombia,-0.068
2007,Colombia,-0.0460000000000002
2008,Colombia,-0.04
2009,Colombia,-0.0589999999999997
2010,Colombia,-0.0860000000000003
2011,Colombia,-0.0719999999999998
2012,Colombia,-0.0389999999999999
2013,Colombia,-0.0389999999999999
2014,Colombia,-0.038
2015,Colombia,-0.0510000000000001
2016,Colombia,-0.0519999999999998
2017,Colombia,-0.002
2018,Colombia,-0.002
2019,Colombia,-0.0050000000000001
2020,Colombia,-0.016
2021,Colombia,-0.014
2022,Colombia,-0.0169999999999999
2023,Colombia,-0.018
1951,Comoros,0.0849999999999999
1952,Comoros,0.1630000000000002
1953,Comoros,0.1509999999999998
1954,Comoros,0.1379999999999999
1955,Comoros,0.125
1956,Comoros,0.1120000000000001
1957,Comoros,0.0999999999999996
1958,Comoros,0.088
1959,Comoros,0.0769999999999999
1960,Comoros,0.0670000000000001
1961,Comoros,0.0570000000000003
1962,Comoros,0.048
1963,Comoros,0.0190000000000001
1964,Comoros,0.0219999999999993
1965,Comoros,0.0289999999999999
1966,Comoros,0.0340000000000006
1967,Comoros,0.0189999999999992
1968,Comoros,0.0310000000000005
1969,Comoros,0.0220000000000002
1970,Comoros,0.0259999999999998
1971,Comoros,0.0169999999999994
1972,Comoros,0.0260000000000006
1973,Comoros,0.0229999999999996
1974,Comoros,-0.0019999999999997
1975,Comoros,-0.0010000000000003
1976,Comoros,-0.0030000000000001
1977,Comoros,-0.0089999999999994
1978,Comoros,0.0049999999999998
1979,Comoros,0.0069999999999996
1980,Comoros,-0.008
1981,Comoros,-0.0110000000000001
1982,Comoros,-0.0089999999999994
1983,Comoros,-0.024
1984,Comoros,-0.0380000000000002
1985,Comoros,-0.0510000000000001
1986,Comoros,-0.0679999999999996
1987,Comoros,-0.0830000000000001
1988,Comoros,-0.1059999999999998
1989,Comoros,-0.1180000000000003
1990,Comoros,-0.141
1991,Comoros,-0.1509999999999998
1992,Comoros,-0.1680000000000001
1993,Comoros,-0.1639999999999997
1994,Comoros,-0.1580000000000003
1995,Comoros,-0.1339999999999994
1996,Comoros,-0.1030000000000006
1997,Comoros,-0.1139999999999998
1998,Comoros,-0.1209999999999995
1999,Comoros,-0.1120000000000001
2000,Comoros,-0.0529999999999999
2001,Comoros,-0.032
2002,Comoros,-0.04
2003,Comoros,-0.04
2004,Comoros,-0.0499999999999998
2005,Comoros,-0.0530000000000008
2006,Comoros,-0.0779999999999994
2007,Comoros,-0.0750000000000001
2008,Comoros,-0.0540000000000002
2009,Comoros,-0.0270000000000001
2010,Comoros,-0.0229999999999996
2011,Comoros,-0.0329999999999994
2012,Comoros,-0.0700000000000002
2013,Comoros,-0.08
2014,Comoros,-0.0830000000000001
2015,Comoros,-0.0689999999999999
2016,Comoros,-0.072
2017,Comoros,-0.0700000000000002
2018,Comoros,-0.0699999999999994
2019,Comoros,-0.0700000000000002
2020,Comoros,-0.0670000000000001
2021,Comoros,-0.0719999999999996
2022,Comoros,-0.064
2023,Comoros,-0.0569999999999999
1951,Congo,0.0019999999999997
1952,Congo,-0.0040000000000004
1953,Congo,0.0
1954,Congo,-0.0089999999999994
1955,Congo,0.0110000000000001
1956,Congo,0.0039999999999995
1957,Congo,0.0
1958,Congo,0.0179999999999997
1959,Congo,0.0040000000000004
1960,Congo,-0.0060000000000002
1961,Congo,0.008
1962,Congo,0.0060000000000002
1963,Congo,0.048
1964,Congo,0.0359999999999995
1965,Congo,0.0460000000000002
1966,Congo,0.0380000000000002
1967,Congo,0.0229999999999996
1968,Congo,0.0369999999999999
1969,Congo,0.0229999999999996
1970,Congo,0.0260000000000006
1971,Congo,0.04
1972,Congo,0.0279999999999995
1973,Congo,-0.024
1974,Congo,-0.0300000000000002
1975,Congo,-0.0339999999999998
1976,Congo,-0.0389999999999997
1977,Congo,-0.0460000000000002
1978,Congo,-0.0609999999999999
1979,Congo,-0.0670000000000001
1980,Congo,-0.0779999999999994
1981,Congo,-0.0810000000000004
1982,Congo,-0.1340000000000003
1983,Congo,-0.0919999999999996
1984,Congo,-0.0999999999999996
1985,Congo,-0.0710000000000006
1986,Congo,-0.0729999999999995
1987,Congo,-0.056
1988,Congo,-0.0659999999999998
1989,Congo,-0.0650000000000003
1990,Congo,-0.0609999999999999
1991,Congo,-0.0449999999999999
1992,Congo,-0.0440000000000004
1993,Congo,-0.0429999999999992
1994,Congo,-0.0310000000000005
1995,Congo,-0.0350000000000001
1996,Congo,-0.0349999999999992
1997,Congo,-0.0360000000000004
1998,Congo,-0.088
1999,Congo,-0.104
2000,Congo,-0.0809999999999995
2001,Congo,-0.0540000000000002
2002,Congo,0.0270000000000001
2003,Congo,-0.0010000000000003
2004,Congo,-0.0059999999999993
2005,Congo,-0.0210000000000007
2006,Congo,-0.0179999999999997
2007,Congo,-0.0019999999999997
2008,Congo,0.0769999999999999
2009,Congo,0.0819999999999998
2010,Congo,0.0430000000000001
2011,Congo,-0.0250000000000003
2012,Congo,-0.0409999999999994
2013,Congo,-0.0540000000000002
2014,Congo,-0.0659999999999998
2015,Congo,-0.0579999999999998
2016,Congo,-0.0609999999999999
2017,Congo,-0.0499999999999998
2018,Congo,-0.0540000000000002
2019,Congo,-0.0620000000000002
2020,Congo,-0.0510000000000001
2021,Congo,-0.0489999999999994
2022,Congo,-0.0650000000000003
2023,Congo,-0.0579999999999998
1951,Cook Islands,0.0030000000000001
1952,Cook Islands,0.0330000000000003
1953,Cook Islands,0.0449999999999999
1954,Cook Islands,0.0430000000000001
1955,Cook Islands,0.0529999999999999
1956,Cook Islands,0.08
1957,Cook Islands,0.0729999999999995
1958,Cook Islands,0.0490000000000003
1959,Cook Islands,0.0540000000000002
1960,Cook Islands,0.0459999999999993
1961,Cook Islands,0.0070000000000005
1962,Cook Islands,-0.0300000000000002
1963,Cook Islands,-0.0540000000000002
1964,Cook Islands,-0.072
1965,Cook Islands,-0.0769999999999999
1966,Cook Islands,-0.0929999999999999
1967,Cook Islands,-0.1189999999999997
1968,Cook Islands,-0.1340000000000003
1969,Cook Islands,-0.1779999999999999
1970,Cook Islands,-0.2189999999999994
1971,Cook Islands,-0.2280000000000006
1972,Cook Islands,-0.3439999999999994
1973,Cook Islands,-0.2570000000000005
1974,Cook Islands,-0.2679999999999998
1975,Cook Islands,-0.2379999999999995
1976,Cook Islands,-0.1910000000000007
1977,Cook Islands,-0.1149999999999993
1978,Cook Islands,-0.1000000000000005
1979,Cook Islands,-0.0889999999999995
1980,Cook Islands,-0.1150000000000002
1981,Cook Islands,-0.1699999999999999
1982,Cook Islands,-0.1280000000000001
1983,Cook Islands,-0.1069999999999997
1984,Cook Islands,-0.072
1985,Cook Islands,-0.0329999999999999
1986,Cook Islands,-0.008
1987,Cook Islands,0.008
1988,Cook Islands,0.0099999999999997
1989,Cook Islands,0.0510000000000001
1990,Cook Islands,0.0689999999999999
1991,Cook Islands,0.02
1992,Cook Islands,-0.0420000000000002
1993,Cook Islands,-0.0879999999999996
1994,Cook Islands,-0.1
1995,Cook Islands,-0.0729999999999999
1996,Cook Islands,-0.0910000000000001
1997,Cook Islands,-0.1389999999999998
1998,Cook Islands,-0.1500000000000003
1999,Cook Islands,-0.1219999999999998
2000,Cook Islands,-0.0739999999999998
2001,Cook Islands,-0.0529999999999999
2002,Cook Islands,-0.0900000000000003
2003,Cook Islands,-0.0829999999999997
2004,Cook Islands,-0.0529999999999999
2005,Cook Islands,-0.0190000000000001
2006,Cook Islands,-0.012
2007,Cook Islands,-0.0969999999999999
2008,Cook Islands,-0.1059999999999998
2009,Cook Islands,-0.0780000000000002
2010,Cook Islands,-0.0669999999999997
2011,Cook Islands,-0.0570000000000003
2012,Cook Islands,-0.0549999999999997
2013,Cook Islands,-0.0500000000000002
2014,Cook Islands,-0.0479999999999996
2015,Cook Islands,-0.036
2016,Cook Islands,-0.024
2017,Cook Islands,-0.0170000000000003
2018,Cook Islands,-0.0109999999999996
2019,Cook Islands,-0.0290000000000003
2020,Cook Islands,-0.0209999999999999
2021,Cook Islands,-0.0189999999999996
2022,Cook Islands,-0.0190000000000001
2023,Cook Islands,-0.0230000000000001
1951,Costa Rica,0.0759999999999996
1952,Costa Rica,0.0620000000000002
1953,Costa Rica,0.0529999999999999
1954,Costa Rica,0.032
1955,Costa Rica,0.0309999999999996
1956,Costa Rica,0.0300000000000002
1957,Costa Rica,0.0609999999999999
1958,Costa Rica,0.0499999999999998
1959,Costa Rica,0.0190000000000001
1960,Costa Rica,-0.0190000000000001
1961,Costa Rica,-0.0609999999999999
1962,Costa Rica,-0.1079999999999996
1963,Costa Rica,-0.1539999999999999
1964,Costa Rica,-0.1960000000000006
1965,Costa Rica,-0.2329999999999996
1966,Costa Rica,-0.2629999999999999
1967,Costa Rica,-0.2809999999999997
1968,Costa Rica,-0.3880000000000008
1969,Costa Rica,-0.1929999999999996
1970,Costa Rica,-0.25
1971,Costa Rica,-0.2229999999999998
1972,Costa Rica,-0.2039999999999997
1973,Costa Rica,-0.1670000000000002
1974,Costa Rica,-0.0980000000000003
1975,Costa Rica,-0.0889999999999999
1976,Costa Rica,-0.0569999999999999
1977,Costa Rica,-0.0459999999999998
1978,Costa Rica,-0.0390000000000001
1979,Costa Rica,-0.0110000000000001
1980,Costa Rica,-0.0679999999999996
1981,Costa Rica,-0.0270000000000001
1982,Costa Rica,-0.016
1983,Costa Rica,-0.0150000000000001
1984,Costa Rica,-0.0059999999999997
1985,Costa Rica,-0.008
1986,Costa Rica,-0.0569999999999999
1987,Costa Rica,-0.0700000000000002
1988,Costa Rica,-0.0699999999999998
1989,Costa Rica,-0.076
1990,Costa Rica,-0.0710000000000001
1991,Costa Rica,-0.0919999999999996
1992,Costa Rica,-0.0740000000000002
1993,Costa Rica,-0.0729999999999999
1994,Costa Rica,-0.0709999999999997
1995,Costa Rica,-0.0780000000000002
1996,Costa Rica,-0.0979999999999998
1997,Costa Rica,-0.092
1998,Costa Rica,-0.0619999999999998
1999,Costa Rica,-0.0460000000000002
2000,Costa Rica,-0.068
2001,Costa Rica,-0.1009999999999999
2002,Costa Rica,-0.1499999999999999
2003,Costa Rica,-0.0779999999999998
2004,Costa Rica,-0.056
2005,Costa Rica,0.0099999999999997
2006,Costa Rica,-0.1009999999999997
2007,Costa Rica,0.0169999999999999
2008,Costa Rica,0.026
2009,Costa Rica,-0.0269999999999999
2010,Costa Rica,-0.1260000000000001
2011,Costa Rica,0.05
2012,Costa Rica,-0.026
2013,Costa Rica,-0.072
2014,Costa Rica,0.0210000000000001
2015,Costa Rica,-0.0030000000000001
2016,Costa Rica,-0.0509999999999999
2017,Costa Rica,-0.032
2018,Costa Rica,-0.008
2019,Costa Rica,-0.1059999999999998
2020,Costa Rica,-0.1520000000000001
2021,Costa Rica,-0.0949999999999999
2022,Costa Rica,-0.018
2023,Costa Rica,-0.0049999999999998
1951,Cote d'Ivoire,-0.0010000000000003
1952,Cote d'Ivoire,-0.0030000000000001
1953,Cote d'Ivoire,-0.0019999999999997
1954,Cote d'Ivoire,-0.0019999999999997
1955,Cote d'Ivoire,-0.0049999999999998
1956,Cote d'Ivoire,0.0
1957,Cote d'Ivoire,0.0009999999999994
1958,Cote d'Ivoire,0.0120000000000004
1959,Cote d'Ivoire,-0.0040000000000004
1960,Cote d'Ivoire,0.0849999999999999
1961,Cote d'Ivoire,0.0289999999999999
1962,Cote d'Ivoire,0.0300000000000002
1963,Cote d'Ivoire,0.0309999999999996
1964,Cote d'Ivoire,0.0300000000000002
1965,Cote d'Ivoire,0.0300000000000002
1966,Cote d'Ivoire,0.0270000000000001
1967,Cote d'Ivoire,0.0249999999999994
1968,Cote d'Ivoire,0.0190000000000001
1969,Cote d'Ivoire,0.0149999999999996
1970,Cote d'Ivoire,0.0090000000000003
1971,Cote d'Ivoire,0.0049999999999998
1972,Cote d'Ivoire,0.0010000000000003
1973,Cote d'Ivoire,-0.0030000000000001
1974,Cote d'Ivoire,-0.0099999999999997
1975,Cote d'Ivoire,-0.0190000000000001
1976,Cote d'Ivoire,-0.0330000000000003
1977,Cote d'Ivoire,-0.0489999999999994
1978,Cote d'Ivoire,-0.1590000000000007
1979,Cote d'Ivoire,-0.0439999999999995
1980,Cote d'Ivoire,-0.0389999999999997
1981,Cote d'Ivoire,-0.0470000000000006
1982,Cote d'Ivoire,-0.0509999999999992
1983,Cote d'Ivoire,-0.0710000000000006
1984,Cote d'Ivoire,-0.0649999999999995
1985,Cote d'Ivoire,-0.0790000000000006
1986,Cote d'Ivoire,-0.0859999999999994
1987,Cote d'Ivoire,-0.0970000000000004
1988,Cote d'Ivoire,-0.1209999999999995
1989,Cote d'Ivoire,-0.1190000000000006
1990,Cote d'Ivoire,-0.1309999999999993
1991,Cote d'Ivoire,-0.1340000000000003
1992,Cote d'Ivoire,-0.1589999999999998
1993,Cote d'Ivoire,-0.1560000000000005
1994,Cote d'Ivoire,-0.1419999999999994
1995,Cote d'Ivoire,-0.0899999999999998
1996,Cote d'Ivoire,-0.0840000000000005
1997,Cote d'Ivoire,-0.0519999999999996
1998,Cote d'Ivoire,-0.048
1999,Cote d'Ivoire,-0.0490000000000003
2000,Cote d'Ivoire,-0.032
2001,Cote d'Ivoire,-0.0689999999999999
2002,Cote d'Ivoire,-0.0629999999999997
2003,Cote d'Ivoire,-0.0689999999999999
2004,Cote d'Ivoire,-0.0449999999999999
2005,Cote d'Ivoire,-0.0280000000000004
2006,Cote d'Ivoire,-0.0509999999999992
2007,Cote d'Ivoire,-0.0450000000000008
2008,Cote d'Ivoire,-0.0459999999999993
2009,Cote d'Ivoire,-0.0250000000000003
2010,Cote d'Ivoire,-0.04
2011,Cote d'Ivoire,-0.048
2012,Cote d'Ivoire,-0.0539999999999993
2013,Cote d'Ivoire,-0.0550000000000006
2014,Cote d'Ivoire,-0.064
2015,Cote d'Ivoire,-0.1009999999999999
2016,Cote d'Ivoire,-0.0969999999999995
2017,Cote d'Ivoire,-0.1160000000000005
2018,Cote d'Ivoire,-0.1609999999999996
2019,Cote d'Ivoire,-0.0730000000000004
2020,Cote d'Ivoire,-0.0619999999999993
2021,Cote d'Ivoire,-0.0500000000000007
2022,Cote d'Ivoire,-0.0619999999999993
2023,Cote d'Ivoire,-0.0659999999999998
1951,Croatia,-0.2709999999999999
1952,Croatia,0.0630000000000001
1953,Croatia,-0.044
1954,Croatia,-0.052
1955,Croatia,-0.0409999999999999
1956,Croatia,-0.084
1957,Croatia,-0.1429999999999998
1958,Croatia,-0.1010000000000004
1959,Croatia,0.0100000000000002
1960,Croatia,-0.0310000000000001
1961,Croatia,-0.02
1962,Croatia,-0.0269999999999996
1963,Croatia,-0.0470000000000001
1964,Croatia,-0.0030000000000001
1965,Croatia,0.0820000000000003
1966,Croatia,0.0029999999999996
1967,Croatia,-0.125
1968,Croatia,-0.0749999999999997
1969,Croatia,-0.076
1970,Croatia,-0.0690000000000001
1971,Croatia,0.092
1972,Croatia,0.0330000000000001
1973,Croatia,0.0059999999999997
1974,Croatia,-0.0299999999999998
1975,Croatia,-0.032
1976,Croatia,-0.0150000000000001
1977,Croatia,0.0110000000000001
1978,Croatia,0.008
1979,Croatia,-0.008
1980,Croatia,-0.016
1981,Croatia,-0.0050000000000001
1982,Croatia,-0.016
1983,Croatia,-0.0189999999999999
1984,Croatia,-0.016
1985,Croatia,-0.0469999999999999
1986,Croatia,-0.0550000000000001
1987,Croatia,-0.0279999999999998
1988,Croatia,-0.0390000000000001
1989,Croatia,-0.058
1990,Croatia,-0.02
1991,Croatia,-0.0849999999999999
1992,Croatia,-0.0809999999999999
1993,Croatia,0.046
1994,Croatia,0.012
1995,Croatia,0.0589999999999999
1996,Croatia,0.096
1997,Croatia,0.01
1998,Croatia,-0.1859999999999999
1999,Croatia,-0.0610000000000001
2000,Croatia,-0.0149999999999999
2001,Croatia,0.0349999999999999
2002,Croatia,-0.03
2003,Croatia,-0.016
2004,Croatia,0.0070000000000001
2005,Croatia,0.0869999999999999
2006,Croatia,-0.0369999999999999
2007,Croatia,0.018
2008,Croatia,0.0679999999999998
2009,Croatia,0.0330000000000001
2010,Croatia,-0.0370000000000001
2011,Croatia,-0.0659999999999998
2012,Croatia,0.0309999999999999
2013,Croatia,-0.0549999999999999
2014,Croatia,0.0
2015,Croatia,-0.058
2016,Croatia,0.024
2017,Croatia,-0.004
2018,Croatia,0.0489999999999999
2019,Croatia,-0.002
2020,Croatia,0.014
2021,Croatia,0.1400000000000001
2022,Croatia,-0.094
2023,Croatia,-0.062
1951,Cuba,-0.0849999999999999
1952,Cuba,-0.016
1953,Cuba,-0.0070000000000001
1954,Cuba,-0.0070000000000001
1955,Cuba,-0.0149999999999996
1956,Cuba,-0.0090000000000003
1957,Cuba,-0.0069999999999996
1958,Cuba,0.0139999999999997
1959,Cuba,0.1
1960,Cuba,0.1289999999999995
1961,Cuba,0.1360000000000001
1962,Cuba,0.1560000000000005
1963,Cuba,0.1379999999999999
1964,Cuba,-0.0310000000000005
1965,Cuba,-0.024
1966,Cuba,-0.1059999999999998
1967,Cuba,-0.104
1968,Cuba,-0.0999999999999996
1969,Cuba,-0.0700000000000002
1970,Cuba,-0.1429999999999998
1971,Cuba,-0.1819999999999999
1972,Cuba,-0.1869999999999998
1973,Cuba,-0.2099999999999999
1974,Cuba,-0.238
1975,Cuba,-0.3400000000000003
1976,Cuba,-0.318
1977,Cuba,-0.2969999999999997
1978,Cuba,-0.3250000000000002
1979,Cuba,-0.1129999999999999
1980,Cuba,-0.1339999999999999
1981,Cuba,-0.046
1982,Cuba,0.185
1983,Cuba,0.0249999999999999
1984,Cuba,-0.0269999999999999
1985,Cuba,-0.002
1986,Cuba,0.0069999999999998
1987,Cuba,0.0210000000000001
1988,Cuba,0.0529999999999999
1989,Cuba,-0.0209999999999999
1990,Cuba,-0.026
1991,Cuba,-0.143
1992,Cuba,-0.1009999999999999
1993,Cuba,-0.0729999999999999
1994,Cuba,-0.022
1995,Cuba,0.014
1996,Cuba,-0.024
1997,Cuba,0.133
1998,Cuba,0.0269999999999999
1999,Cuba,0.0229999999999999
2000,Cuba,-0.0319999999999998
2001,Cuba,-0.0130000000000001
2002,Cuba,0.05
2003,Cuba,-0.018
2004,Cuba,-0.0809999999999999
2005,Cuba,-0.06
2006,Cuba,-0.084
2007,Cuba,0.034
2008,Cuba,0.1400000000000001
2009,Cuba,0.1019999999999998
2010,Cuba,-0.0049999999999998
2011,Cuba,0.0609999999999999
2012,Cuba,-0.066
2013,Cuba,0.01
2014,Cuba,-0.0229999999999999
2015,Cuba,0.03
2016,Cuba,-0.0849999999999999
2017,Cuba,-0.0150000000000001
2018,Cuba,0.022
2019,Cuba,-0.0669999999999999
2020,Cuba,-0.0509999999999999
2021,Cuba,-0.062
2022,Cuba,-0.0150000000000001
2023,Cuba,0.0270000000000001
1951,Curacao,0.0280000000000004
1952,Curacao,0.0339999999999998
1953,Curacao,0.0270000000000001
1954,Curacao,0.04
1955,Curacao,0.0449999999999999
1956,Curacao,0.0110000000000001
1957,Curacao,0.0179999999999997
1958,Curacao,0.0099999999999997
1959,Curacao,-0.0179999999999997
1960,Curacao,-0.0460000000000002
1961,Curacao,-0.088
1962,Curacao,-0.1150000000000002
1963,Curacao,-0.1289999999999995
1964,Curacao,-0.157
1965,Curacao,-0.1660000000000003
1966,Curacao,-0.2099999999999999
1967,Curacao,-0.2059999999999995
1968,Curacao,-0.2320000000000002
1969,Curacao,-0.2189999999999998
1970,Curacao,-0.2110000000000003
1971,Curacao,-0.2169999999999996
1972,Curacao,-0.1880000000000001
1973,Curacao,-0.1200000000000001
1974,Curacao,-0.0989999999999997
1975,Curacao,-0.1110000000000002
1976,Curacao,-0.1080000000000001
1977,Curacao,-0.0909999999999997
1978,Curacao,-0.0830000000000001
1979,Curacao,-0.068
1980,Curacao,-0.04
1981,Curacao,-0.0229999999999996
1982,Curacao,-0.0129999999999999
1983,Curacao,0.0019999999999997
1984,Curacao,-0.0009999999999998
1985,Curacao,0.0049999999999998
1986,Curacao,-0.0009999999999998
1987,Curacao,0.0009999999999998
1988,Curacao,0.0110000000000001
1989,Curacao,0.016
1990,Curacao,0.0339999999999998
1991,Curacao,0.0689999999999999
1992,Curacao,0.0609999999999999
1993,Curacao,0.0050000000000003
1994,Curacao,-0.008
1995,Curacao,-0.0110000000000001
1996,Curacao,-0.016
1997,Curacao,-0.036
1998,Curacao,-0.052
1999,Curacao,-0.0299999999999998
2000,Curacao,0.0569999999999999
2001,Curacao,0.0629999999999997
2002,Curacao,-0.1049999999999999
2003,Curacao,-0.1089999999999999
2004,Curacao,-0.0919999999999996
2005,Curacao,-0.0620000000000002
2006,Curacao,-0.0599999999999998
2007,Curacao,-0.062
2008,Curacao,-0.0489999999999999
2009,Curacao,0.0129999999999999
2010,Curacao,0.306
2011,Curacao,-0.0790000000000001
2012,Curacao,0.0870000000000001
2013,Curacao,-0.0950000000000002
2014,Curacao,-0.0999999999999998
2015,Curacao,-0.102
2016,Curacao,-0.2009999999999998
2017,Curacao,-0.24
2018,Curacao,0.0369999999999999
2019,Curacao,-0.3109999999999999
2020,Curacao,-0.082
2021,Curacao,-0.022
2022,Curacao,-0.0029999999999998
2023,Curacao,-0.0010000000000001
1951,Cyprus,-0.0699999999999998
1952,Cyprus,-0.3340000000000001
1953,Cyprus,-0.0020000000000002
1954,Cyprus,0.0409999999999999
1955,Cyprus,-0.0649999999999999
1956,Cyprus,-0.0539999999999998
1957,Cyprus,-0.0009999999999998
1958,Cyprus,-0.008
1959,Cyprus,0.024
1960,Cyprus,-0.0090000000000003
1961,Cyprus,0.2260000000000004
1962,Cyprus,-0.1090000000000004
1963,Cyprus,-0.0159999999999995
1964,Cyprus,-0.0850000000000004
1965,Cyprus,0.0610000000000003
1966,Cyprus,-0.0750000000000001
1967,Cyprus,-0.0710000000000001
1968,Cyprus,-0.0569999999999999
1969,Cyprus,-0.0789999999999997
1970,Cyprus,-0.1230000000000002
1971,Cyprus,-0.0289999999999999
1972,Cyprus,-0.048
1973,Cyprus,-0.585
1974,Cyprus,-0.1230000000000002
1975,Cyprus,-0.1729999999999996
1976,Cyprus,0.2199999999999997
1977,Cyprus,-0.238
1978,Cyprus,-0.0099999999999997
1979,Cyprus,0.0569999999999999
1980,Cyprus,0.1619999999999999
1981,Cyprus,-0.1440000000000001
1982,Cyprus,0.3330000000000002
1983,Cyprus,0.0059999999999997
1984,Cyprus,0.0190000000000001
1985,Cyprus,-0.08
1986,Cyprus,0.02
1987,Cyprus,-0.064
1988,Cyprus,0.0820000000000003
1989,Cyprus,-0.1009999999999999
1990,Cyprus,0.0329999999999999
1991,Cyprus,-0.0620000000000002
1992,Cyprus,0.1190000000000002
1993,Cyprus,-0.2120000000000002
1994,Cyprus,-0.084
1995,Cyprus,-0.1309999999999997
1996,Cyprus,-0.0789999999999999
1997,Cyprus,-0.0929999999999999
1998,Cyprus,-0.0990000000000002
1999,Cyprus,-0.0889999999999999
2000,Cyprus,-0.034
2001,Cyprus,-0.0719999999999998
2002,Cyprus,-0.0689999999999999
2003,Cyprus,0.0079999999999997
2004,Cyprus,0.0070000000000001
2005,Cyprus,-0.0329999999999999
2006,Cyprus,0.0299999999999998
2007,Cyprus,-0.0599999999999998
2008,Cyprus,0.03
2009,Cyprus,-0.004
2010,Cyprus,-0.0410000000000001
2011,Cyprus,-0.0739999999999998
2012,Cyprus,0.0219999999999997
2013,Cyprus,-0.0779999999999998
2014,Cyprus,0.008
2015,Cyprus,0.0109999999999998
2016,Cyprus,0.034
2017,Cyprus,-0.034
2018,Cyprus,-0.004
2019,Cyprus,0.0110000000000001
2020,Cyprus,0.0309999999999999
2021,Cyprus,0.0309999999999999
2022,Cyprus,0.0010000000000001
2023,Cyprus,-0.004
1951,Czechia,-0.0270000000000001
1952,Czechia,-0.0669999999999997
1953,Czechia,-0.1
1954,Czechia,-0.04
1955,Czechia,-0.0009999999999998
1956,Czechia,-0.0150000000000001
1957,Czechia,-0.0859999999999998
1958,Czechia,-0.1980000000000004
1959,Czechia,-0.1879999999999997
1960,Czechia,-0.008
1961,Czechia,0.0190000000000001
1962,Czechia,0.016
1963,Czechia,0.1849999999999996
1964,Czechia,0.0340000000000002
1965,Czechia,-0.1550000000000002
1966,Czechia,-0.1559999999999997
1967,Czechia,-0.1150000000000002
1968,Czechia,-0.0679999999999998
1969,Czechia,0.0339999999999998
1970,Czechia,0.038
1971,Czechia,0.0690000000000001
1972,Czechia,0.1029999999999999
1973,Czechia,0.213
1974,Czechia,0.1519999999999997
1975,Czechia,-0.0269999999999996
1976,Czechia,-0.0420000000000002
1977,Czechia,-0.048
1978,Czechia,-0.0139999999999997
1979,Czechia,-0.0569999999999999
1980,Czechia,-0.193
1981,Czechia,-0.082
1982,Czechia,0.0010000000000001
1983,Czechia,-0.028
1984,Czechia,-0.002
1985,Czechia,-0.016
1986,Czechia,-0.03
1987,Czechia,-0.016
1988,Czechia,0.0249999999999999
1989,Czechia,-0.0599999999999998
1990,Czechia,0.0169999999999999
1991,Czechia,-0.044
1992,Czechia,-0.133
1993,Czechia,-0.056
1994,Czechia,-0.2159999999999999
1995,Czechia,-0.161
1996,Czechia,-0.0899999999999998
1997,Czechia,-0.014
1998,Czechia,-0.0150000000000001
1999,Czechia,-0.02
2000,Czechia,0.01
2001,Czechia,0.0
2002,Czechia,0.0210000000000001
2003,Czechia,0.0089999999999998
2004,Czechia,0.0490000000000001
2005,Czechia,0.0559999999999998
2006,Czechia,0.052
2007,Czechia,0.1080000000000001
2008,Czechia,0.0669999999999999
2009,Czechia,0.002
2010,Czechia,-0.0010000000000001
2011,Czechia,-0.0819999999999998
2012,Czechia,0.02
2013,Czechia,0.008
2014,Czechia,0.0709999999999999
2015,Czechia,0.0629999999999999
2016,Czechia,0.0629999999999999
2017,Czechia,0.0630000000000001
2018,Czechia,0.0289999999999999
2019,Czechia,0.0089999999999998
2020,Czechia,0.01
2021,Czechia,0.06
2022,Czechia,-0.2049999999999998
2023,Czechia,-0.1700000000000001
1951,Democratic Republic of Congo,0.0049999999999998
1952,Democratic Republic of Congo,-0.0049999999999998
1953,Democratic Republic of Congo,0.0169999999999994
1954,Democratic Republic of Congo,0.0010000000000003
1955,Democratic Republic of Congo,-0.0019999999999997
1956,Democratic Republic of Congo,0.0039999999999995
1957,Democratic Republic of Congo,0.0230000000000005
1958,Democratic Republic of Congo,0.0269999999999992
1959,Democratic Republic of Congo,0.0290000000000008
1960,Democratic Republic of Congo,0.04
1961,Democratic Republic of Congo,0.0189999999999992
1962,Democratic Republic of Congo,0.0170000000000003
1963,Democratic Republic of Congo,0.0170000000000003
1964,Democratic Republic of Congo,0.0299999999999993
1965,Democratic Republic of Congo,0.0220000000000002
1966,Democratic Republic of Congo,0.032
1967,Democratic Republic of Congo,0.0250000000000003
1968,Democratic Republic of Congo,0.0189999999999992
1969,Democratic Republic of Congo,0.0180000000000006
1970,Democratic Republic of Congo,0.0249999999999994
1971,Democratic Republic of Congo,0.0150000000000005
1972,Democratic Republic of Congo,0.0249999999999994
1973,Democratic Republic of Congo,0.016
1974,Democratic Republic of Congo,0.0190000000000001
1975,Democratic Republic of Congo,0.0149999999999996
1976,Democratic Republic of Congo,0.0180000000000006
1977,Democratic Republic of Congo,0.0129999999999999
1978,Democratic Republic of Congo,0.0129999999999999
1979,Democratic Republic of Congo,0.016
1980,Democratic Republic of Congo,0.016
1981,Democratic Republic of Congo,0.024
1982,Democratic Republic of Congo,0.0209999999999999
1983,Democratic Republic of Congo,0.024
1984,Democratic Republic of Congo,0.0220000000000002
1985,Democratic Republic of Congo,0.0259999999999998
1986,Democratic Republic of Congo,0.0220000000000002
1987,Democratic Republic of Congo,0.0169999999999994
1988,Democratic Republic of Congo,0.0049999999999998
1989,Democratic Republic of Congo,-0.0059999999999993
1990,Democratic Republic of Congo,-0.0010000000000003
1991,Democratic Republic of Congo,-0.0040000000000004
1992,Democratic Republic of Congo,-0.0059999999999993
1993,Democratic Republic of Congo,0.0019999999999997
1994,Democratic Republic of Congo,0.0019999999999997
1995,Democratic Republic of Congo,0.0330000000000003
1996,Democratic Republic of Congo,-0.0040000000000004
1997,Democratic Republic of Congo,0.0180000000000006
1998,Democratic Republic of Congo,0.0099999999999997
1999,Democratic Republic of Congo,-0.008
2000,Democratic Republic of Congo,0.0099999999999997
2001,Democratic Republic of Congo,-0.0389999999999997
2002,Democratic Republic of Congo,-0.0570000000000003
2003,Democratic Republic of Congo,-0.0569999999999994
2004,Democratic Republic of Congo,-0.0190000000000001
2005,Democratic Republic of Congo,-0.0040000000000004
2006,Democratic Republic of Congo,0.0209999999999999
2007,Democratic Republic of Congo,0.0120000000000004
2008,Democratic Republic of Congo,0.0209999999999999
2009,Democratic Republic of Congo,0.0110000000000001
2010,Democratic Republic of Congo,-0.0040000000000004
2011,Democratic Republic of Congo,-0.0049999999999998
2012,Democratic Republic of Congo,-0.0229999999999996
2013,Democratic Republic of Congo,-0.032
2014,Democratic Republic of Congo,-0.0440000000000004
2015,Democratic Republic of Congo,-0.0459999999999993
2016,Democratic Republic of Congo,-0.0449999999999999
2017,Democratic Republic of Congo,-0.0430000000000001
2018,Democratic Republic of Congo,-0.0470000000000006
2019,Democratic Republic of Congo,-0.0489999999999994
2020,Democratic Republic of Congo,-0.0469999999999997
2021,Democratic Republic of Congo,-0.0500000000000007
2022,Democratic Republic of Congo,-0.0499999999999998
2023,Democratic Republic of Congo,-0.0549999999999997
1951,Denmark,-0.064
1952,Denmark,0.0310000000000001
1953,Denmark,0.0589999999999997
1954,Denmark,-0.0369999999999999
1955,Denmark,0.028
1956,Denmark,0.0110000000000001
1957,Denmark,-0.044
1958,Denmark,-0.028
1959,Denmark,-0.0350000000000001
1960,Denmark,0.068
1961,Denmark,-0.0139999999999997
1962,Denmark,0.0019999999999997
1963,Denmark,0.1059999999999998
1964,Denmark,-0.0539999999999998
1965,Denmark,0.0070000000000001
1966,Denmark,-0.0009999999999998
1967,Denmark,-0.2560000000000002
1968,Denmark,-0.2319999999999997
1969,Denmark,-0.1210000000000002
1970,Denmark,-0.042
1971,Denmark,0.0819999999999998
1972,Denmark,-0.012
1973,Denmark,-0.1049999999999997
1974,Denmark,-0.0230000000000001
1975,Denmark,0.01
1976,Denmark,-0.1579999999999999
1977,Denmark,-0.0869999999999999
1978,Denmark,-0.002
1979,Denmark,-0.06
1980,Denmark,-0.0609999999999999
1981,Denmark,-0.1
1982,Denmark,-0.02
1983,Denmark,-0.042
1984,Denmark,0.02
1985,Denmark,0.0450000000000001
1986,Denmark,0.0329999999999999
1987,Denmark,0.0210000000000001
1988,Denmark,0.0609999999999999
1989,Denmark,0.0589999999999999
1990,Denmark,0.0469999999999999
1991,Denmark,0.0210000000000001
1992,Denmark,0.0699999999999998
1993,Denmark,-0.0049999999999998
1994,Denmark,0.0509999999999999
1995,Denmark,0.0
1996,Denmark,-0.05
1997,Denmark,-0.0019999999999997
1998,Denmark,-0.026
1999,Denmark,0.0109999999999998
2000,Denmark,0.0309999999999999
2001,Denmark,-0.0229999999999999
2002,Denmark,-0.016
2003,Denmark,0.03
2004,Denmark,0.0229999999999999
2005,Denmark,0.0190000000000001
2006,Denmark,0.0429999999999999
2007,Denmark,0.0010000000000001
2008,Denmark,0.0379999999999998
2009,Denmark,-0.0399999999999998
2010,Denmark,0.018
2011,Denmark,-0.104
2012,Denmark,-0.0309999999999999
2013,Denmark,-0.0530000000000001
2014,Denmark,0.018
2015,Denmark,0.024
2016,Denmark,0.0629999999999999
2017,Denmark,-0.0259999999999998
2018,Denmark,-0.0230000000000001
2019,Denmark,-0.028
2020,Denmark,-0.02
2021,Denmark,0.052
2022,Denmark,-0.171
2023,Denmark,-0.048
1951,Djibouti,-0.008
1952,Djibouti,-0.0019999999999997
1953,Djibouti,0.008
1954,Djibouti,0.0040000000000004
1955,Djibouti,0.0009999999999994
1956,Djibouti,0.0010000000000003
1957,Djibouti,-0.0049999999999998
1958,Djibouti,0.0110000000000001
1959,Djibouti,-0.0010000000000003
1960,Djibouti,0.0170000000000003
1961,Djibouti,0.0009999999999994
1962,Djibouti,0.0060000000000002
1963,Djibouti,0.0060000000000002
1964,Djibouti,0.0119999999999995
1965,Djibouti,-0.008
1966,Djibouti,0.0110000000000001
1967,Djibouti,-0.0049999999999998
1968,Djibouti,0.0060000000000002
1969,Djibouti,0.0019999999999997
1970,Djibouti,0.0009999999999994
1971,Djibouti,0.0030000000000001
1972,Djibouti,-0.0309999999999996
1973,Djibouti,-0.0339999999999998
1974,Djibouti,-0.0369999999999999
1975,Djibouti,-0.0430000000000001
1976,Djibouti,-0.0460000000000002
1977,Djibouti,-0.0510000000000001
1978,Djibouti,-0.0539999999999993
1979,Djibouti,-0.0630000000000006
1980,Djibouti,-0.0629999999999997
1981,Djibouti,-0.0629999999999997
1982,Djibouti,-0.0550000000000006
1983,Djibouti,-0.0439999999999995
1984,Djibouti,-0.0510000000000001
1985,Djibouti,-0.0549999999999997
1986,Djibouti,-0.0529999999999999
1987,Djibouti,-0.0529999999999999
1988,Djibouti,-0.056
1989,Djibouti,-0.0570000000000003
1990,Djibouti,-0.0419999999999998
1991,Djibouti,-0.0750000000000001
1992,Djibouti,-0.1049999999999995
1993,Djibouti,-0.1130000000000004
1994,Djibouti,-0.1310000000000002
1995,Djibouti,-0.1759999999999992
1996,Djibouti,-0.1820000000000003
1997,Djibouti,-0.1829999999999998
1998,Djibouti,-0.1710000000000002
1999,Djibouti,-0.1079999999999996
2000,Djibouti,-0.0860000000000003
2001,Djibouti,-0.0830000000000001
2002,Djibouti,-0.1079999999999996
2003,Djibouti,-0.1139999999999998
2004,Djibouti,-0.1340000000000003
2005,Djibouti,-0.1269999999999997
2006,Djibouti,-0.1360000000000001
2007,Djibouti,-0.1430000000000002
2008,Djibouti,-0.1349999999999998
2009,Djibouti,-0.1
2010,Djibouti,-0.0899999999999998
2011,Djibouti,-0.0899999999999998
2012,Djibouti,-0.0860000000000003
2013,Djibouti,-0.068
2014,Djibouti,-0.0709999999999997
2015,Djibouti,-0.0750000000000001
2016,Djibouti,-0.072
2017,Djibouti,-0.0529999999999999
2018,Djibouti,-0.0579999999999998
2019,Djibouti,-0.06
2020,Djibouti,-0.0529999999999999
2021,Djibouti,-0.0460000000000002
2022,Djibouti,-0.0459999999999998
2023,Djibouti,-0.044
1951,Dominica,0.1340000000000003
1952,Dominica,0.1339999999999994
1953,Dominica,0.1360000000000001
1954,Dominica,0.1340000000000003
1955,Dominica,0.133
1956,Dominica,0.1180000000000003
1957,Dominica,0.0929999999999999
1958,Dominica,0.0499999999999998
1959,Dominica,0.0149999999999996
1960,Dominica,-0.0049999999999998
1961,Dominica,-0.0220000000000002
1962,Dominica,-0.0339999999999998
1963,Dominica,-0.0380000000000002
1964,Dominica,-0.0569999999999994
1965,Dominica,-0.0750000000000001
1966,Dominica,-0.096
1967,Dominica,-0.1189999999999997
1968,Dominica,-0.1500000000000003
1969,Dominica,-0.1749999999999998
1970,Dominica,-0.197
1971,Dominica,-0.2299999999999995
1972,Dominica,-0.314
1973,Dominica,-0.3959999999999999
1974,Dominica,-0.4330000000000003
1975,Dominica,-0.3810000000000002
1976,Dominica,-0.27
1977,Dominica,-0.1709999999999998
1978,Dominica,-0.0649999999999999
1979,Dominica,0.0049999999999998
1980,Dominica,0.0750000000000001
1981,Dominica,0.0789999999999997
1982,Dominica,0.052
1983,Dominica,0.012
1984,Dominica,-0.0270000000000001
1985,Dominica,-0.0349999999999997
1986,Dominica,-0.032
1987,Dominica,-0.0209999999999999
1988,Dominica,-0.0070000000000001
1989,Dominica,0.0030000000000001
1990,Dominica,0.0329999999999999
1991,Dominica,0.0529999999999999
1992,Dominica,0.032
1993,Dominica,0.024
1994,Dominica,-0.2370000000000001
1995,Dominica,-0.2559999999999998
1996,Dominica,-0.1620000000000003
1997,Dominica,-0.1399999999999996
1998,Dominica,-0.0910000000000001
1999,Dominica,0.1430000000000002
2000,Dominica,-0.1120000000000001
2001,Dominica,0.0529999999999999
2002,Dominica,-0.2389999999999998
2003,Dominica,-0.0849999999999999
2004,Dominica,-0.052
2005,Dominica,-0.0250000000000001
2006,Dominica,0.0759999999999998
2007,Dominica,-0.052
2008,Dominica,-0.0539999999999998
2009,Dominica,-0.05
2010,Dominica,-0.0309999999999999
2011,Dominica,-0.026
2012,Dominica,-0.034
2013,Dominica,-0.0489999999999999
2014,Dominica,-0.0649999999999999
2015,Dominica,-0.0650000000000001
2016,Dominica,-0.0669999999999999
2017,Dominica,-0.0409999999999999
2018,Dominica,-0.0230000000000001
2019,Dominica,-0.0129999999999999
2020,Dominica,-0.0089999999999998
2021,Dominica,-0.0110000000000001
2022,Dominica,-0.002
2023,Dominica,0.002
1951,Dominican Republic,0.0289999999999999
1952,Dominican Republic,0.0530000000000008
1953,Dominican Republic,0.0399999999999991
1954,Dominican Republic,0.0270000000000001
1955,Dominican Republic,0.016
1956,Dominican Republic,0.0030000000000001
1957,Dominican Republic,-0.0099999999999997
1958,Dominican Republic,-0.0220000000000002
1959,Dominican Republic,-0.0369999999999999
1960,Dominican Republic,-0.0510000000000001
1961,Dominican Republic,-0.0679999999999996
1962,Dominican Republic,-0.0830000000000001
1963,Dominican Republic,-0.1009999999999999
1964,Dominican Republic,-0.1169999999999999
1965,Dominican Republic,-0.133
1966,Dominican Republic,-0.104
1967,Dominican Republic,-0.1939999999999999
1968,Dominican Republic,-0.2069999999999998
1969,Dominican Republic,-0.1820000000000003
1970,Dominican Republic,-0.1819999999999995
1971,Dominican Republic,-0.1749999999999998
1972,Dominican Republic,-0.1680000000000001
1973,Dominican Republic,-0.1740000000000003
1974,Dominican Republic,-0.2269999999999994
1975,Dominican Republic,-0.205
1976,Dominican Republic,-0.189
1977,Dominican Republic,-0.2040000000000006
1978,Dominican Republic,-0.1979999999999995
1979,Dominican Republic,-0.1710000000000002
1980,Dominican Republic,-0.1710000000000002
1981,Dominican Republic,-0.1529999999999995
1982,Dominican Republic,-0.1349999999999998
1983,Dominican Republic,-0.0670000000000001
1984,Dominican Republic,-0.125
1985,Dominican Republic,-0.1360000000000001
1986,Dominican Republic,-0.0829999999999997
1987,Dominican Republic,-0.0750000000000001
1988,Dominican Republic,-0.028
1989,Dominican Republic,-0.0249999999999999
1990,Dominican Republic,-0.064
1991,Dominican Republic,-0.0619999999999998
1992,Dominican Republic,-0.0620000000000002
1993,Dominican Republic,-0.0609999999999999
1994,Dominican Republic,-0.0630000000000001
1995,Dominican Republic,-0.0619999999999998
1996,Dominican Republic,-0.0609999999999999
1997,Dominican Republic,-0.1179999999999998
1998,Dominican Republic,-0.0870000000000001
1999,Dominican Republic,0.0110000000000001
2000,Dominican Republic,0.0230000000000001
2001,Dominican Republic,-0.0420000000000002
2002,Dominican Republic,-0.0630000000000001
2003,Dominican Republic,-0.0609999999999999
2004,Dominican Republic,-0.0619999999999998
2005,Dominican Republic,-0.0670000000000001
2006,Dominican Republic,-0.0659999999999998
2007,Dominican Republic,0.0019999999999997
2008,Dominican Republic,0.036
2009,Dominican Republic,0.028
2010,Dominican Republic,-0.0179999999999997
2011,Dominican Republic,-0.0289999999999999
2012,Dominican Republic,-0.0300000000000002
2013,Dominican Republic,-0.0229999999999996
2014,Dominican Republic,-0.0230000000000001
2015,Dominican Republic,-0.0209999999999999
2016,Dominican Republic,-0.02
2017,Dominican Republic,-0.012
2018,Dominican Republic,-0.0010000000000003
2019,Dominican Republic,-0.0309999999999996
2020,Dominican Republic,-0.0369999999999999
2021,Dominican Republic,-0.0350000000000001
2022,Dominican Republic,-0.0270000000000001
2023,Dominican Republic,-0.024
1951,East Timor,-0.0140000000000002
1952,East Timor,-0.0270000000000001
1953,East Timor,-0.0280000000000004
1954,East Timor,-0.0269999999999992
1955,East Timor,-0.0280000000000004
1956,East Timor,-0.0279999999999995
1957,East Timor,-0.0289999999999999
1958,East Timor,-0.0310000000000005
1959,East Timor,-0.0339999999999998
1960,East Timor,-0.04
1961,East Timor,-0.0460000000000002
1962,East Timor,-0.0549999999999997
1963,East Timor,-0.0629999999999997
1964,East Timor,-0.0710000000000006
1965,East Timor,-0.0759999999999996
1966,East Timor,-0.0759999999999996
1967,East Timor,-0.0740000000000007
1968,East Timor,-0.0699999999999994
1969,East Timor,-0.0659999999999998
1970,East Timor,-0.0670000000000001
1971,East Timor,-0.0750000000000001
1972,East Timor,-0.088
1973,East Timor,-0.0999999999999996
1974,East Timor,-0.1050000000000004
1975,East Timor,-0.0969999999999995
1976,East Timor,-0.0710000000000006
1977,East Timor,-0.0339999999999998
1978,East Timor,0.0090000000000003
1979,East Timor,0.048
1980,East Timor,0.0769999999999999
1981,East Timor,0.306
1982,East Timor,0.0299999999999993
1983,East Timor,0.0310000000000005
1984,East Timor,0.0279999999999995
1985,East Timor,0.0360000000000004
1986,East Timor,0.0219999999999993
1987,East Timor,0.0100000000000006
1988,East Timor,0.0339999999999998
1989,East Timor,0.0459999999999993
1990,East Timor,0.0490000000000003
1991,East Timor,0.024
1992,East Timor,0.032
1993,East Timor,0.0119999999999995
1994,East Timor,0.0330000000000003
1995,East Timor,0.024
1996,East Timor,0.0049999999999998
1997,East Timor,0.0140000000000002
1998,East Timor,0.008
1999,East Timor,0.0069999999999996
2000,East Timor,-0.0359999999999995
2001,East Timor,-0.016
2002,East Timor,-0.0190000000000001
2003,East Timor,-0.0529999999999999
2004,East Timor,-0.1050000000000004
2005,East Timor,-0.1299999999999999
2006,East Timor,-0.1369999999999995
2007,East Timor,-0.141
2008,East Timor,-0.1619999999999999
2009,East Timor,-0.1770000000000005
2010,East Timor,-0.1779999999999999
2011,East Timor,-0.2019999999999999
2012,East Timor,-0.2099999999999999
2013,East Timor,-0.1959999999999997
2014,East Timor,-0.209
2015,East Timor,-0.2200000000000002
2016,East Timor,-0.197
2017,East Timor,-0.1829999999999998
2018,East Timor,-0.1549999999999998
2019,East Timor,-0.1280000000000001
2020,East Timor,-0.1049999999999999
2021,East Timor,-0.1190000000000002
2022,East Timor,-0.0909999999999997
2023,East Timor,-0.0940000000000003
1951,Ecuador,0.008
1952,Ecuador,0.0150000000000005
1953,Ecuador,0.0099999999999997
1954,Ecuador,0.0069999999999996
1955,Ecuador,0.0020000000000006
1956,Ecuador,-0.0020000000000006
1957,Ecuador,-0.0049999999999998
1958,Ecuador,-0.0099999999999997
1959,Ecuador,-0.0129999999999999
1960,Ecuador,-0.016
1961,Ecuador,-0.0209999999999999
1962,Ecuador,-0.024
1963,Ecuador,-0.0300000000000002
1964,Ecuador,-0.0359999999999995
1965,Ecuador,-0.0460000000000002
1966,Ecuador,-0.0570000000000003
1967,Ecuador,-0.0709999999999997
1968,Ecuador,-0.0849999999999999
1969,Ecuador,-0.0990000000000002
1970,Ecuador,-0.1139999999999998
1971,Ecuador,-0.1269999999999997
1972,Ecuador,-0.1379999999999999
1973,Ecuador,-0.1459999999999999
1974,Ecuador,-0.1500000000000003
1975,Ecuador,-0.1509999999999998
1976,Ecuador,-0.1500000000000003
1977,Ecuador,-0.1459999999999999
1978,Ecuador,-0.141
1979,Ecuador,-0.1339999999999994
1980,Ecuador,-0.125
1981,Ecuador,-0.1180000000000003
1982,Ecuador,-0.1109999999999997
1983,Ecuador,-0.1060000000000007
1984,Ecuador,-0.0899999999999998
1985,Ecuador,-0.1600000000000001
1986,Ecuador,-0.1449999999999995
1987,Ecuador,-0.1299999999999999
1988,Ecuador,-0.0830000000000001
1989,Ecuador,-0.0509999999999997
1990,Ecuador,-0.056
1991,Ecuador,-0.0470000000000001
1992,Ecuador,-0.0579999999999998
1993,Ecuador,-0.084
1994,Ecuador,-0.0710000000000001
1995,Ecuador,-0.0390000000000001
1996,Ecuador,-0.0299999999999998
1997,Ecuador,-0.0630000000000001
1998,Ecuador,-0.0599999999999996
1999,Ecuador,-0.0620000000000002
2000,Ecuador,-0.064
2001,Ecuador,-0.0649999999999999
2002,Ecuador,-0.0649999999999999
2003,Ecuador,-0.0609999999999999
2004,Ecuador,-0.0579999999999998
2005,Ecuador,-0.0530000000000003
2006,Ecuador,-0.0469999999999997
2007,Ecuador,-0.0489999999999999
2008,Ecuador,-0.016
2009,Ecuador,-0.0100000000000002
2010,Ecuador,-0.0629999999999997
2011,Ecuador,-0.0100000000000002
2012,Ecuador,-0.096
2013,Ecuador,-0.1469999999999998
2014,Ecuador,-0.088
2015,Ecuador,-0.0649999999999999
2016,Ecuador,-0.0870000000000001
2017,Ecuador,0.0060000000000002
2018,Ecuador,-0.0169999999999999
2019,Ecuador,-0.076
2020,Ecuador,-0.068
2021,Ecuador,-0.058
2022,Ecuador,-0.048
2023,Ecuador,-0.038
1951,Egypt,0.0150000000000005
1952,Egypt,0.0059999999999993
1953,Egypt,0.0070000000000005
1954,Egypt,-0.0289999999999999
1955,Egypt,-0.0420000000000007
1956,Egypt,-0.0469999999999997
1957,Egypt,-0.0460000000000002
1958,Egypt,-0.0589999999999992
1959,Egypt,-0.0350000000000001
1960,Egypt,-0.0350000000000001
1961,Egypt,-0.0350000000000001
1962,Egypt,-0.0490000000000003
1963,Egypt,-0.0609999999999999
1964,Egypt,-0.1069999999999993
1965,Egypt,-0.1540000000000008
1966,Egypt,-0.0789999999999997
1967,Egypt,-0.056
1968,Egypt,-0.0590000000000001
1969,Egypt,-0.0729999999999995
1970,Egypt,-0.0609999999999999
1971,Egypt,-0.0689999999999999
1972,Egypt,-0.0609999999999999
1973,Egypt,-0.0860000000000003
1974,Egypt,-0.0590000000000001
1975,Egypt,-0.0350000000000001
1976,Egypt,-0.0219999999999993
1977,Egypt,-0.0490000000000003
1978,Egypt,-0.0490000000000003
1979,Egypt,-0.0599999999999996
1980,Egypt,-0.0750000000000001
1981,Egypt,-0.1259999999999994
1982,Egypt,-0.0390000000000005
1983,Egypt,-0.0209999999999999
1984,Egypt,-0.1009999999999999
1985,Egypt,-0.0910000000000001
1986,Egypt,-0.1179999999999994
1987,Egypt,-0.0870000000000006
1988,Egypt,-0.0779999999999994
1989,Egypt,-0.157
1990,Egypt,-0.1640000000000006
1991,Egypt,-0.1969999999999991
1992,Egypt,-0.1660000000000003
1993,Egypt,-0.1560000000000001
1994,Egypt,-0.1279999999999996
1995,Egypt,-0.1010000000000004
1996,Egypt,-0.0639999999999996
1997,Egypt,-0.0180000000000002
1998,Egypt,-0.0009999999999998
1999,Egypt,-0.0819999999999998
2000,Egypt,-0.0940000000000003
2001,Egypt,-0.0449999999999999
2002,Egypt,-0.048
2003,Egypt,-0.06
2004,Egypt,-0.0689999999999999
2005,Egypt,-0.0289999999999999
2006,Egypt,-0.0310000000000001
2007,Egypt,0.0140000000000002
2008,Egypt,0.0009999999999998
2009,Egypt,0.0209999999999999
2010,Egypt,0.0369999999999999
2011,Egypt,0.0150000000000001
2012,Egypt,0.0889999999999999
2013,Egypt,0.0900000000000003
2014,Egypt,0.0
2015,Egypt,0.0099999999999997
2016,Egypt,-0.1499999999999999
2017,Egypt,-0.04
2018,Egypt,-0.29
2019,Egypt,-0.1499999999999999
2020,Egypt,-0.02
2021,Egypt,-0.1
2022,Egypt,0.0
2023,Egypt,0.0
1951,El Salvador,0.0229999999999996
1952,El Salvador,0.0440000000000004
1953,El Salvador,0.0309999999999996
1954,El Salvador,0.0359999999999995
1955,El Salvador,0.0449999999999999
1956,El Salvador,0.024
1957,El Salvador,0.0369999999999999
1958,El Salvador,0.0280000000000004
1959,El Salvador,0.0270000000000001
1960,El Salvador,0.0270000000000001
1961,El Salvador,0.0259999999999998
1962,El Salvador,0.0309999999999996
1963,El Salvador,0.0150000000000005
1964,El Salvador,-0.0060000000000002
1965,El Salvador,-0.048
1966,El Salvador,-0.0709999999999997
1967,El Salvador,-0.0780000000000002
1968,El Salvador,-0.1009999999999999
1969,El Salvador,-0.1080000000000005
1970,El Salvador,-0.0999999999999996
1971,El Salvador,-0.048
1972,El Salvador,-0.0979999999999998
1973,El Salvador,-0.1029999999999997
1974,El Salvador,-0.1070000000000002
1975,El Salvador,-0.1169999999999999
1976,El Salvador,-0.1150000000000002
1977,El Salvador,-0.1169999999999999
1978,El Salvador,-0.1159999999999996
1979,El Salvador,-0.1230000000000002
1980,El Salvador,-0.1269999999999997
1981,El Salvador,-0.1210000000000004
1982,El Salvador,-0.1600000000000001
1983,El Salvador,-0.1759999999999992
1984,El Salvador,-0.1720000000000006
1985,El Salvador,-0.1619999999999999
1986,El Salvador,-0.1219999999999998
1987,El Salvador,-0.0190000000000001
1988,El Salvador,-0.072
1989,El Salvador,-0.0699999999999994
1990,El Salvador,-0.0690000000000004
1991,El Salvador,-0.0750000000000001
1992,El Salvador,-0.0869999999999997
1993,El Salvador,-0.1110000000000002
1994,El Salvador,-0.0779999999999998
1995,El Salvador,-0.0449999999999999
1996,El Salvador,-0.0859999999999998
1997,El Salvador,-0.1050000000000004
1998,El Salvador,-0.0349999999999997
1999,El Salvador,-0.125
2000,El Salvador,-0.141
2001,El Salvador,-0.1459999999999999
2002,El Salvador,-0.1550000000000002
2003,El Salvador,-0.1389999999999998
2004,El Salvador,-0.1200000000000001
2005,El Salvador,-0.076
2006,El Salvador,-0.0449999999999999
2007,El Salvador,-0.0409999999999999
2008,El Salvador,-0.0630000000000001
2009,El Salvador,-0.0299999999999998
2010,El Salvador,-0.0220000000000002
2011,El Salvador,-0.0149999999999996
2012,El Salvador,-0.0370000000000003
2013,El Salvador,-0.0329999999999999
2014,El Salvador,-0.028
2015,El Salvador,-0.0589999999999997
2016,El Salvador,-0.102
2017,El Salvador,-0.0690000000000001
2018,El Salvador,-0.0469999999999999
2019,El Salvador,-0.0109999999999998
2020,El Salvador,-0.0190000000000001
2021,El Salvador,-0.016
2022,El Salvador,-0.018
2023,El Salvador,-0.01
1951,England and Wales,
1952,England and Wales,
1953,England and Wales,
1954,England and Wales,
1955,England and Wales,
1956,England and Wales,
1957,England and Wales,
1958,England and Wales,
1959,England and Wales,
1960,England and Wales,
1961,England and Wales,
1962,England and Wales,
1963,England and Wales,
1964,England and Wales,
1965,England and Wales,
1966,England and Wales,
1967,England and Wales,
1968,England and Wales,
1969,England and Wales,
1970,England and Wales,
1971,England and Wales,
1972,England and Wales,
1973,England and Wales,
1974,England and Wales,
1975,England and Wales,
1976,England and Wales,
1977,England and Wales,
1978,England and Wales,
1979,England and Wales,
1980,England and Wales,
1981,England and Wales,
1982,England and Wales,
1983,England and Wales,
1984,England and Wales,
1985,England and Wales,
1986,England and Wales,
1987,England and Wales,
1988,England and Wales,
1989,England and Wales,
1990,England and Wales,
1991,England and Wales,
1992,England and Wales,
1993,England and Wales,
1994,England and Wales,
1995,England and Wales,
1996,England and Wales,
1997,England and Wales,
1998,England and Wales,
1999,England and Wales,
2000,England and Wales,
2001,England and Wales,
2002,England and Wales,
2003,England and Wales,
2004,England and Wales,
2005,England and Wales,
2006,England and Wales,
2007,England and Wales,
2008,England and Wales,
2009,England and Wales,
2010,England and Wales,
2011,England and Wales,
2012,England and Wales,
2013,England and Wales,
2014,England and Wales,
2015,England and Wales,
2016,England and Wales,
2017,England and Wales,
2018,England and Wales,
2019,England and Wales,
2020,England and Wales,
2021,England and Wales,
2022,England and Wales,
2023,England and Wales,
1951,Equatorial Guinea,-0.0030000000000001
1952,Equatorial Guinea,-0.0049999999999998
1953,Equatorial Guinea,-0.0049999999999998
1954,Equatorial Guinea,-0.0040000000000004
1955,Equatorial Guinea,-0.0039999999999995
1956,Equatorial Guinea,-0.0030000000000001
1957,Equatorial Guinea,-0.0030000000000001
1958,Equatorial Guinea,-0.0010000000000003
1959,Equatorial Guinea,0.0010000000000003
1960,Equatorial Guinea,0.0039999999999995
1961,Equatorial Guinea,0.008
1962,Equatorial Guinea,0.0120000000000004
1963,Equatorial Guinea,0.0170000000000003
1964,Equatorial Guinea,0.0209999999999999
1965,Equatorial Guinea,0.0229999999999996
1966,Equatorial Guinea,0.0220000000000002
1967,Equatorial Guinea,0.0199999999999995
1968,Equatorial Guinea,0.0150000000000005
1969,Equatorial Guinea,0.0109999999999992
1970,Equatorial Guinea,0.0060000000000002
1971,Equatorial Guinea,0.0
1972,Equatorial Guinea,-0.0030000000000001
1973,Equatorial Guinea,-0.0049999999999998
1974,Equatorial Guinea,-0.0049999999999998
1975,Equatorial Guinea,-0.0039999999999995
1976,Equatorial Guinea,0.0
1977,Equatorial Guinea,0.0039999999999995
1978,Equatorial Guinea,0.0090000000000003
1979,Equatorial Guinea,0.0129999999999999
1980,Equatorial Guinea,0.0179999999999997
1981,Equatorial Guinea,0.0209999999999999
1982,Equatorial Guinea,0.024
1983,Equatorial Guinea,0.0229999999999996
1984,Equatorial Guinea,0.0230000000000005
1985,Equatorial Guinea,0.0199999999999995
1986,Equatorial Guinea,0.016
1987,Equatorial Guinea,0.0120000000000004
1988,Equatorial Guinea,0.008
1989,Equatorial Guinea,0.0039999999999995
1990,Equatorial Guinea,0.0010000000000003
1991,Equatorial Guinea,-0.0019999999999997
1992,Equatorial Guinea,-0.0010000000000003
1993,Equatorial Guinea,-0.0030000000000001
1994,Equatorial Guinea,-0.0030000000000001
1995,Equatorial Guinea,-0.0069999999999996
1996,Equatorial Guinea,-0.0110000000000001
1997,Equatorial Guinea,-0.0190000000000001
1998,Equatorial Guinea,-0.0270000000000001
1999,Equatorial Guinea,-0.0359999999999995
2000,Equatorial Guinea,-0.0440000000000004
2001,Equatorial Guinea,-0.0489999999999994
2002,Equatorial Guinea,-0.0540000000000002
2003,Equatorial Guinea,-0.056
2004,Equatorial Guinea,-0.0569999999999994
2005,Equatorial Guinea,-0.0590000000000001
2006,Equatorial Guinea,-0.0609999999999999
2007,Equatorial Guinea,-0.0650000000000003
2008,Equatorial Guinea,-0.0699999999999994
2009,Equatorial Guinea,-0.0750000000000001
2010,Equatorial Guinea,-0.0790000000000006
2011,Equatorial Guinea,-0.0829999999999993
2012,Equatorial Guinea,-0.0860000000000003
2013,Equatorial Guinea,-0.088
2014,Equatorial Guinea,-0.0889999999999995
2015,Equatorial Guinea,-0.0890000000000004
2016,Equatorial Guinea,-0.088
2017,Equatorial Guinea,-0.0869999999999997
2018,Equatorial Guinea,-0.0860000000000003
2019,Equatorial Guinea,-0.0839999999999996
2020,Equatorial Guinea,-0.0830000000000001
2021,Equatorial Guinea,-0.08
2022,Equatorial Guinea,-0.096
2023,Equatorial Guinea,-0.0889999999999995
1951,Eritrea,-0.0070000000000005
1952,Eritrea,0.0070000000000005
1953,Eritrea,0.0039999999999995
1954,Eritrea,-0.0209999999999999
1955,Eritrea,-0.0169999999999994
1956,Eritrea,-0.0100000000000006
1957,Eritrea,0.0170000000000003
1958,Eritrea,-0.0049999999999998
1959,Eritrea,0.0169999999999994
1960,Eritrea,-0.024
1961,Eritrea,-0.0089999999999994
1962,Eritrea,0.0220000000000002
1963,Eritrea,-0.0150000000000005
1964,Eritrea,0.0060000000000002
1965,Eritrea,0.0069999999999996
1966,Eritrea,0.0030000000000001
1967,Eritrea,0.0069999999999996
1968,Eritrea,-0.0009999999999994
1969,Eritrea,0.0
1970,Eritrea,0.0380000000000002
1971,Eritrea,0.0
1972,Eritrea,-0.0030000000000001
1973,Eritrea,0.0099999999999997
1974,Eritrea,0.0190000000000001
1975,Eritrea,0.0190000000000001
1976,Eritrea,0.0169999999999994
1977,Eritrea,0.0049999999999998
1978,Eritrea,-0.0009999999999994
1979,Eritrea,0.0140000000000002
1980,Eritrea,-0.0070000000000005
1981,Eritrea,0.008
1982,Eritrea,0.0120000000000004
1983,Eritrea,0.0119999999999995
1984,Eritrea,-0.0229999999999996
1985,Eritrea,-0.0360000000000004
1986,Eritrea,-0.032
1987,Eritrea,-0.0350000000000001
1988,Eritrea,-0.0529999999999999
1989,Eritrea,-0.0539999999999993
1990,Eritrea,-0.0750000000000001
1991,Eritrea,-0.096
1992,Eritrea,-0.0860000000000003
1993,Eritrea,-0.0869999999999997
1994,Eritrea,-0.064
1995,Eritrea,-0.0659999999999998
1996,Eritrea,-0.0979999999999998
1997,Eritrea,-0.0979999999999998
1998,Eritrea,-0.1100000000000003
1999,Eritrea,-0.1169999999999999
2000,Eritrea,-0.1189999999999997
2001,Eritrea,-0.0910000000000001
2002,Eritrea,-0.0730000000000004
2003,Eritrea,-0.0899999999999998
2004,Eritrea,-0.1070000000000002
2005,Eritrea,-0.1019999999999994
2006,Eritrea,-0.0529999999999999
2007,Eritrea,-0.0689999999999999
2008,Eritrea,-0.0750000000000001
2009,Eritrea,-0.0810000000000004
2010,Eritrea,-0.0849999999999999
2011,Eritrea,-0.0849999999999999
2012,Eritrea,-0.0789999999999997
2013,Eritrea,-0.072
2014,Eritrea,-0.0620000000000002
2015,Eritrea,-0.056
2016,Eritrea,-0.0529999999999999
2017,Eritrea,-0.0519999999999996
2018,Eritrea,-0.056
2019,Eritrea,-0.0590000000000001
2020,Eritrea,-0.064
2021,Eritrea,-0.0659999999999998
2022,Eritrea,-0.0809999999999999
2023,Eritrea,-0.0729999999999999
1951,Estonia,0.0
1952,Estonia,-0.0150000000000001
1953,Estonia,-0.1310000000000002
1954,Estonia,0.0340000000000002
1955,Estonia,-0.052
1956,Estonia,-0.1359999999999999
1957,Estonia,-0.0490000000000001
1958,Estonia,-0.0069999999999998
1959,Estonia,0.0369999999999999
1960,Estonia,0.03
1961,Estonia,0.002
1962,Estonia,-0.0289999999999999
1963,Estonia,-0.0530000000000001
1964,Estonia,0.046
1965,Estonia,-0.0509999999999999
1966,Estonia,-0.0150000000000001
1967,Estonia,0.0190000000000001
1968,Estonia,0.1169999999999999
1969,Estonia,0.096
1970,Estonia,0.0549999999999997
1971,Estonia,0.0330000000000003
1972,Estonia,-0.0500000000000002
1973,Estonia,-0.0689999999999999
1974,Estonia,-0.0049999999999998
1975,Estonia,-0.036
1976,Estonia,0.012
1977,Estonia,-0.0009999999999998
1978,Estonia,-0.036
1979,Estonia,-0.0110000000000001
1980,Estonia,0.0169999999999999
1981,Estonia,0.0529999999999999
1982,Estonia,0.012
1983,Estonia,0.0780000000000002
1984,Estonia,0.0089999999999998
1985,Estonia,-0.0500000000000002
1986,Estonia,0.0450000000000003
1987,Estonia,0.0889999999999999
1988,Estonia,0.0049999999999998
1989,Estonia,-0.0569999999999999
1990,Estonia,-0.1670000000000002
1991,Estonia,-0.2399999999999997
1992,Estonia,-0.1049999999999999
1993,Estonia,-0.211
1994,Estonia,-0.076
1995,Estonia,-0.0379999999999998
1996,Estonia,-0.0110000000000001
1997,Estonia,-0.0549999999999999
1998,Estonia,-0.034
1999,Estonia,0.0209999999999999
2000,Estonia,0.054
2001,Estonia,-0.032
2002,Estonia,0.038
2003,Estonia,0.012
2004,Estonia,0.1
2005,Estonia,0.0499999999999998
2006,Estonia,0.068
2007,Estonia,0.102
2008,Estonia,0.034
2009,Estonia,-0.018
2010,Estonia,0.0149999999999999
2011,Estonia,-0.0999999999999998
2012,Estonia,-0.0550000000000001
2013,Estonia,-0.0369999999999999
2014,Estonia,0.0189999999999999
2015,Estonia,0.0370000000000001
2016,Estonia,0.0229999999999999
2017,Estonia,-0.0069999999999998
2018,Estonia,0.0739999999999998
2019,Estonia,-0.0089999999999998
2020,Estonia,-0.0729999999999999
2021,Estonia,0.006
2022,Estonia,-0.1840000000000001
2023,Estonia,-0.0599999999999998
1951,Eswatini,-0.0110000000000001
1952,Eswatini,-0.0190000000000001
1953,Eswatini,-0.0129999999999999
1954,Eswatini,-0.0069999999999996
1955,Eswatini,0.0
1956,Eswatini,0.0049999999999998
1957,Eswatini,0.0099999999999997
1958,Eswatini,0.0149999999999996
1959,Eswatini,0.0190000000000001
1960,Eswatini,0.0209999999999999
1961,Eswatini,0.0220000000000002
1962,Eswatini,0.0199999999999995
1963,Eswatini,0.0100000000000006
1964,Eswatini,-0.0150000000000005
1965,Eswatini,0.0049999999999998
1966,Eswatini,0.008
1967,Eswatini,-0.0359999999999995
1968,Eswatini,-0.0049999999999998
1969,Eswatini,0.0
1970,Eswatini,-0.0120000000000004
1971,Eswatini,-0.0099999999999997
1972,Eswatini,-0.0169999999999994
1973,Eswatini,-0.0070000000000005
1974,Eswatini,-0.0049999999999998
1975,Eswatini,-0.0030000000000001
1976,Eswatini,-0.0060000000000002
1977,Eswatini,-0.0249999999999994
1978,Eswatini,-0.0289999999999999
1979,Eswatini,-0.04
1980,Eswatini,-0.0330000000000003
1981,Eswatini,-0.0350000000000001
1982,Eswatini,-0.048
1983,Eswatini,-0.0589999999999992
1984,Eswatini,-0.072
1985,Eswatini,-0.0780000000000002
1986,Eswatini,-0.1760000000000001
1987,Eswatini,-0.2039999999999997
1988,Eswatini,-0.2090000000000005
1989,Eswatini,-0.2139999999999995
1990,Eswatini,-0.1840000000000001
1991,Eswatini,-0.1630000000000002
1992,Eswatini,-0.1509999999999998
1993,Eswatini,-0.1659999999999994
1994,Eswatini,-0.1530000000000004
1995,Eswatini,-0.1390000000000002
1996,Eswatini,-0.1449999999999995
1997,Eswatini,-0.1429999999999998
1998,Eswatini,-0.1100000000000003
1999,Eswatini,-0.0359999999999995
2000,Eswatini,-0.0590000000000001
2001,Eswatini,-0.0860000000000003
2002,Eswatini,-0.0899999999999998
2003,Eswatini,-0.0580000000000002
2004,Eswatini,-0.036
2005,Eswatini,-0.0559999999999996
2006,Eswatini,-0.072
2007,Eswatini,-0.052
2008,Eswatini,-0.0129999999999999
2009,Eswatini,-0.0630000000000001
2010,Eswatini,-0.129
2011,Eswatini,-0.0579999999999998
2012,Eswatini,-0.0510000000000001
2013,Eswatini,-0.0289999999999999
2014,Eswatini,-0.056
2015,Eswatini,-0.0590000000000001
2016,Eswatini,-0.0539999999999998
2017,Eswatini,-0.0500000000000002
2018,Eswatini,-0.0469999999999997
2019,Eswatini,-0.0460000000000002
2020,Eswatini,-0.0369999999999999
2021,Eswatini,-0.0469999999999997
2022,Eswatini,-0.04
2023,Eswatini,-0.048
1951,Ethiopia,-0.0039999999999995
1952,Ethiopia,0.0059999999999993
1953,Ethiopia,0.0140000000000002
1954,Ethiopia,0.0099999999999997
1955,Ethiopia,-0.0019999999999997
1956,Ethiopia,0.0010000000000003
1957,Ethiopia,0.0060000000000002
1958,Ethiopia,0.0089999999999994
1959,Ethiopia,0.0209999999999999
1960,Ethiopia,0.0200000000000004
1961,Ethiopia,0.0190000000000001
1962,Ethiopia,0.0279999999999995
1963,Ethiopia,0.0250000000000003
1964,Ethiopia,0.0259999999999998
1965,Ethiopia,0.0179999999999997
1966,Ethiopia,0.0309999999999996
1967,Ethiopia,0.0230000000000005
1968,Ethiopia,0.016
1969,Ethiopia,0.0190000000000001
1970,Ethiopia,0.0629999999999997
1971,Ethiopia,0.056
1972,Ethiopia,0.0569999999999994
1973,Ethiopia,0.0670000000000001
1974,Ethiopia,0.056
1975,Ethiopia,0.0609999999999999
1976,Ethiopia,0.0499999999999998
1977,Ethiopia,0.0600000000000005
1978,Ethiopia,0.04
1979,Ethiopia,0.0190000000000001
1980,Ethiopia,0.0389999999999997
1981,Ethiopia,0.0259999999999998
1982,Ethiopia,0.024
1983,Ethiopia,0.0140000000000002
1984,Ethiopia,0.0049999999999998
1985,Ethiopia,-0.0179999999999997
1986,Ethiopia,-0.0200000000000004
1987,Ethiopia,-0.0249999999999994
1988,Ethiopia,-0.0310000000000005
1989,Ethiopia,-0.0329999999999994
1990,Ethiopia,-0.0330000000000003
1991,Ethiopia,-0.0350000000000001
1992,Ethiopia,-0.0359999999999995
1993,Ethiopia,-0.0369999999999999
1994,Ethiopia,-0.0369999999999999
1995,Ethiopia,-0.0529999999999999
1996,Ethiopia,-0.0700000000000002
1997,Ethiopia,-0.0590000000000001
1998,Ethiopia,-0.0769999999999999
1999,Ethiopia,-0.0709999999999997
2000,Ethiopia,-0.0670000000000001
2001,Ethiopia,-0.0750000000000001
2002,Ethiopia,-0.08
2003,Ethiopia,-0.0989999999999993
2004,Ethiopia,-0.0990000000000002
2005,Ethiopia,-0.1070000000000002
2006,Ethiopia,-0.1470000000000002
2007,Ethiopia,-0.1600000000000001
2008,Ethiopia,-0.1919999999999992
2009,Ethiopia,-0.2069999999999998
2010,Ethiopia,-0.2060000000000004
2011,Ethiopia,-0.2019999999999999
2012,Ethiopia,-0.1930000000000005
2013,Ethiopia,-0.1789999999999993
2014,Ethiopia,-0.1029999999999997
2015,Ethiopia,-0.0760000000000005
2016,Ethiopia,-0.056
2017,Ethiopia,-0.072
2018,Ethiopia,-0.0299999999999993
2019,Ethiopia,-0.024
2020,Ethiopia,-0.0730000000000004
2021,Ethiopia,-0.0970000000000004
2022,Ethiopia,-0.0949999999999997
2023,Ethiopia,-0.0929999999999999
1951,Falkland Islands,0.1019999999999998
1952,Falkland Islands,0.0870000000000001
1953,Falkland Islands,0.08
1954,Falkland Islands,0.0829999999999997
1955,Falkland Islands,0.0750000000000001
1956,Falkland Islands,0.008
1957,Falkland Islands,0.004
1958,Falkland Islands,0.036
1959,Falkland Islands,0.0859999999999998
1960,Falkland Islands,0.1089999999999999
1961,Falkland Islands,-0.0649999999999999
1962,Falkland Islands,-0.096
1963,Falkland Islands,-0.0669999999999997
1964,Falkland Islands,-0.0220000000000002
1965,Falkland Islands,0.012
1966,Falkland Islands,-0.016
1967,Falkland Islands,0.012
1968,Falkland Islands,0.0510000000000001
1969,Falkland Islands,0.004
1970,Falkland Islands,-0.04
1971,Falkland Islands,-0.0459999999999998
1972,Falkland Islands,-0.0380000000000002
1973,Falkland Islands,-0.0429999999999997
1974,Falkland Islands,-0.1210000000000004
1975,Falkland Islands,-0.1149999999999997
1976,Falkland Islands,-0.0899999999999998
1977,Falkland Islands,-0.0790000000000001
1978,Falkland Islands,-0.0809999999999999
1979,Falkland Islands,-0.0790000000000001
1980,Falkland Islands,-0.0689999999999999
1981,Falkland Islands,-0.088
1982,Falkland Islands,-0.0959999999999996
1983,Falkland Islands,-0.1
1984,Falkland Islands,-0.086
1985,Falkland Islands,-0.034
1986,Falkland Islands,-0.0369999999999999
1987,Falkland Islands,-0.0549999999999999
1988,Falkland Islands,-0.0670000000000001
1989,Falkland Islands,-0.0629999999999999
1990,Falkland Islands,-0.01
1991,Falkland Islands,-0.0109999999999998
1992,Falkland Islands,-0.028
1993,Falkland Islands,-0.048
1994,Falkland Islands,-0.0549999999999999
1995,Falkland Islands,0.0
1996,Falkland Islands,0.01
1997,Falkland Islands,0.002
1998,Falkland Islands,-0.0050000000000001
1999,Falkland Islands,0.0010000000000001
2000,Falkland Islands,0.0339999999999998
2001,Falkland Islands,0.022
2002,Falkland Islands,0.02
2003,Falkland Islands,0.0090000000000001
2004,Falkland Islands,0.0029999999999998
2005,Falkland Islands,0.0130000000000001
2006,Falkland Islands,0.0169999999999999
2007,Falkland Islands,0.0170000000000001
2008,Falkland Islands,0.0109999999999998
2009,Falkland Islands,0.0070000000000001
2010,Falkland Islands,0.0059999999999997
2011,Falkland Islands,0.0210000000000001
2012,Falkland Islands,0.02
2013,Falkland Islands,0.0169999999999999
2014,Falkland Islands,0.0170000000000001
2015,Falkland Islands,0.0069999999999998
2016,Falkland Islands,0.0010000000000001
2017,Falkland Islands,-0.0030000000000001
2018,Falkland Islands,-0.0029999999999998
2019,Falkland Islands,-0.004
2020,Falkland Islands,0.0009999999999998
2021,Falkland Islands,-0.0009999999999998
2022,Falkland Islands,-0.0110000000000001
2023,Falkland Islands,-0.0049999999999998
1951,Faroe Islands,0.008
1952,Faroe Islands,-0.2219999999999999
1953,Faroe Islands,-0.0940000000000003
1954,Faroe Islands,-0.0229999999999996
1955,Faroe Islands,0.1
1956,Faroe Islands,0.0439999999999995
1957,Faroe Islands,0.1720000000000001
1958,Faroe Islands,0.1350000000000002
1959,Faroe Islands,0.0179999999999997
1960,Faroe Islands,-0.1299999999999999
1961,Faroe Islands,-0.0969999999999999
1962,Faroe Islands,0.0779999999999998
1963,Faroe Islands,0.0609999999999999
1964,Faroe Islands,0.0790000000000001
1965,Faroe Islands,0.1110000000000002
1966,Faroe Islands,-0.0420000000000007
1967,Faroe Islands,-0.0659999999999993
1968,Faroe Islands,-0.1220000000000003
1969,Faroe Islands,-0.2919999999999998
1970,Faroe Islands,-0.149
1971,Faroe Islands,-0.193
1972,Faroe Islands,0.0299999999999998
1973,Faroe Islands,-0.0339999999999998
1974,Faroe Islands,-0.1520000000000001
1975,Faroe Islands,-0.1639999999999997
1976,Faroe Islands,-0.1600000000000001
1977,Faroe Islands,-0.0590000000000001
1978,Faroe Islands,-0.0779999999999998
1979,Faroe Islands,0.0790000000000001
1980,Faroe Islands,-0.2110000000000003
1981,Faroe Islands,-0.0109999999999996
1982,Faroe Islands,-0.121
1983,Faroe Islands,-0.173
1984,Faroe Islands,0.0019999999999997
1985,Faroe Islands,0.1120000000000001
1986,Faroe Islands,0.1179999999999998
1987,Faroe Islands,-0.0249999999999999
1988,Faroe Islands,0.1939999999999999
1989,Faroe Islands,0.1419999999999999
1990,Faroe Islands,0.0710000000000001
1991,Faroe Islands,-0.1520000000000001
1992,Faroe Islands,-0.1019999999999998
1993,Faroe Islands,-0.0249999999999999
1994,Faroe Islands,-0.104
1995,Faroe Islands,0.0579999999999998
1996,Faroe Islands,0.1200000000000001
1997,Faroe Islands,-0.0739999999999998
1998,Faroe Islands,-0.165
1999,Faroe Islands,0.0
2000,Faroe Islands,0.2219999999999999
2001,Faroe Islands,-0.2059999999999999
2002,Faroe Islands,0.1899999999999999
2003,Faroe Islands,-0.0020000000000002
2004,Faroe Islands,0.0490000000000003
2005,Faroe Islands,0.0399999999999995
2006,Faroe Islands,-0.1199999999999996
2007,Faroe Islands,0.052
2008,Faroe Islands,0.0049999999999998
2009,Faroe Islands,-0.177
2010,Faroe Islands,0.1080000000000001
2011,Faroe Islands,-0.1670000000000002
2012,Faroe Islands,0.2250000000000001
2013,Faroe Islands,-0.0190000000000001
2014,Faroe Islands,0.0170000000000003
2015,Faroe Islands,-0.1350000000000002
2016,Faroe Islands,0.0700000000000002
2017,Faroe Islands,0.0049999999999998
2018,Faroe Islands,-0.0609999999999999
2019,Faroe Islands,-0.0350000000000001
2020,Faroe Islands,-0.04
2021,Faroe Islands,-0.0670000000000001
2022,Faroe Islands,-0.0309999999999996
2023,Faroe Islands,-0.0209999999999999
1951,Fiji,0.0209999999999999
1952,Fiji,-0.0019999999999997
1953,Fiji,0.0060000000000002
1954,Fiji,0.0099999999999997
1955,Fiji,0.0149999999999996
1956,Fiji,0.0340000000000006
1957,Fiji,-0.0310000000000005
1958,Fiji,-0.0419999999999998
1959,Fiji,-0.0590000000000001
1960,Fiji,-0.1059999999999998
1961,Fiji,-0.08
1962,Fiji,-0.0859999999999994
1963,Fiji,-0.1100000000000003
1964,Fiji,-0.1280000000000001
1965,Fiji,-0.197
1966,Fiji,-0.2169999999999996
1967,Fiji,-0.213
1968,Fiji,-0.2199999999999997
1969,Fiji,-0.2080000000000001
1970,Fiji,-0.197
1971,Fiji,-0.1980000000000004
1972,Fiji,-0.1939999999999999
1973,Fiji,-0.1579999999999994
1974,Fiji,-0.0900000000000007
1975,Fiji,0.0360000000000004
1976,Fiji,0.0190000000000001
1977,Fiji,-0.0150000000000005
1978,Fiji,-0.0099999999999997
1979,Fiji,-0.0199999999999995
1980,Fiji,-0.04
1981,Fiji,-0.0470000000000001
1982,Fiji,-0.0500000000000002
1983,Fiji,-0.064
1984,Fiji,-0.0809999999999999
1985,Fiji,-0.133
1986,Fiji,-0.1279999999999996
1987,Fiji,-0.0569999999999999
1988,Fiji,-0.0460000000000002
1989,Fiji,-0.0339999999999998
1990,Fiji,-0.012
1991,Fiji,-0.0209999999999999
1992,Fiji,-0.0340000000000002
1993,Fiji,-0.0379999999999998
1994,Fiji,-0.0350000000000001
1995,Fiji,-0.0070000000000001
1996,Fiji,-0.0029999999999996
1997,Fiji,-0.06
1998,Fiji,-0.0700000000000002
1999,Fiji,-0.0669999999999997
2000,Fiji,-0.0590000000000001
2001,Fiji,-0.0190000000000001
2002,Fiji,-0.0049999999999998
2003,Fiji,-0.0110000000000001
2004,Fiji,-0.016
2005,Fiji,-0.024
2006,Fiji,-0.012
2007,Fiji,-0.0329999999999999
2008,Fiji,-0.0529999999999999
2009,Fiji,-0.0590000000000001
2010,Fiji,-0.0639999999999996
2011,Fiji,-0.0650000000000003
2012,Fiji,-0.0189999999999996
2013,Fiji,-0.008
2014,Fiji,-0.0129999999999999
2015,Fiji,-0.024
2016,Fiji,-0.0490000000000003
2017,Fiji,-0.0569999999999999
2018,Fiji,-0.0419999999999998
2019,Fiji,-0.0340000000000002
2020,Fiji,-0.0279999999999995
2021,Fiji,-0.0250000000000003
2022,Fiji,-0.0269999999999996
2023,Fiji,-0.024
1951,Finland,-0.141
1952,Finland,0.0390000000000001
1953,Finland,-0.0950000000000002
1954,Finland,-0.0289999999999999
1955,Finland,0.0030000000000001
1956,Finland,-0.02
1957,Finland,-0.0590000000000001
1958,Finland,-0.169
1959,Finland,0.0550000000000001
1960,Finland,-0.0180000000000002
1961,Finland,-0.008
1962,Finland,-0.0309999999999996
1963,Finland,-0.0050000000000003
1964,Finland,-0.0859999999999998
1965,Finland,-0.1139999999999998
1966,Finland,-0.0710000000000001
1967,Finland,-0.088
1968,Finland,-0.181
1969,Finland,-0.2049999999999998
1970,Finland,-0.1079999999999998
1971,Finland,-0.137
1972,Finland,-0.1100000000000001
1973,Finland,-0.074
1974,Finland,0.1080000000000001
1975,Finland,0.0689999999999999
1976,Finland,0.0230000000000001
1977,Finland,-0.0230000000000001
1978,Finland,-0.036
1979,Finland,-0.008
1980,Finland,-0.004
1981,Finland,0.0150000000000001
1982,Finland,0.0649999999999999
1983,Finland,0.02
1984,Finland,-0.038
1985,Finland,-0.052
1986,Finland,-0.0429999999999999
1987,Finland,-0.0049999999999998
1988,Finland,0.0929999999999999
1989,Finland,0.0229999999999999
1990,Finland,0.068
1991,Finland,0.018
1992,Finland,0.046
1993,Finland,-0.0250000000000001
1994,Finland,0.024
1995,Finland,-0.034
1996,Finland,-0.0329999999999999
1997,Finland,-0.03
1998,Finland,-0.04
1999,Finland,0.0270000000000001
2000,Finland,-0.0030000000000001
2001,Finland,-0.004
2002,Finland,-0.004
2003,Finland,0.038
2004,Finland,0.0389999999999999
2005,Finland,0.006
2006,Finland,0.0310000000000001
2007,Finland,-0.004
2008,Finland,0.0149999999999999
2009,Finland,0.0170000000000001
2010,Finland,0.0029999999999998
2011,Finland,-0.0369999999999999
2012,Finland,-0.0290000000000001
2013,Finland,-0.0519999999999998
2014,Finland,-0.0390000000000001
2015,Finland,-0.0609999999999999
2016,Finland,-0.08
2017,Finland,-0.0779999999999998
2018,Finland,-0.08
2019,Finland,-0.056
2020,Finland,0.0230000000000001
2021,Finland,0.0869999999999999
2022,Finland,-0.143
2023,Finland,-0.038
1951,France,-0.1469999999999998
1952,France,-0.0390000000000001
1953,France,-0.0769999999999999
1954,France,0.0110000000000001
1955,France,-0.0140000000000002
1956,France,-0.0059999999999997
1957,France,0.0169999999999999
1958,France,-0.0209999999999999
1959,France,0.0569999999999999
1960,France,-0.0110000000000001
1961,France,0.0940000000000003
1962,France,-0.0410000000000003
1963,France,0.0850000000000004
1964,France,0.0069999999999996
1965,France,-0.0539999999999998
1966,France,-0.0449999999999999
1967,France,-0.1320000000000001
1968,France,-0.0779999999999998
1969,France,-0.0450000000000003
1970,France,-0.0449999999999999
1971,France,0.0180000000000002
1972,France,-0.072
1973,France,-0.1070000000000002
1974,France,-0.1949999999999998
1975,France,-0.1899999999999999
1976,France,-0.1029999999999999
1977,France,0.036
1978,France,-0.038
1979,France,0.0329999999999999
1980,France,0.088
1981,France,-0.004
1982,France,-0.03
1983,France,-0.127
1984,France,0.016
1985,France,0.01
1986,France,0.016
1987,France,-0.028
1988,France,0.004
1989,France,-0.0170000000000001
1990,France,-0.0089999999999998
1991,France,-0.0090000000000001
1992,France,-0.0379999999999998
1993,France,-0.074
1994,France,0.004
1995,France,0.0529999999999999
1996,France,0.022
1997,France,-0.01
1998,France,0.034
1999,France,0.0289999999999999
2000,France,0.0829999999999999
2001,France,0.0030000000000001
2002,France,-0.014
2003,France,0.008
2004,France,0.0249999999999999
2005,France,0.018
2006,France,0.058
2007,France,-0.022
2008,France,0.0350000000000001
2009,France,0.0029999999999998
2010,France,0.0269999999999999
2011,France,-0.0219999999999997
2012,France,-0.0050000000000001
2013,France,-0.0169999999999999
2014,France,0.0009999999999998
2015,France,-0.0469999999999999
2016,France,-0.0350000000000001
2017,France,-0.0329999999999999
2018,France,-0.022
2019,France,-0.0109999999999998
2020,France,-0.0410000000000001
2021,France,0.014
2022,France,-0.0389999999999999
2023,France,-0.121
1951,French Guiana,0.0019999999999997
1952,French Guiana,-0.0010000000000003
1953,French Guiana,0.0950000000000006
1954,French Guiana,0.1319999999999996
1955,French Guiana,0.1009999999999999
1956,French Guiana,0.0209999999999999
1957,French Guiana,-0.0039999999999995
1958,French Guiana,-0.0540000000000002
1959,French Guiana,0.0209999999999999
1960,French Guiana,-0.0019999999999997
1961,French Guiana,-0.0920000000000005
1962,French Guiana,-0.0199999999999995
1963,French Guiana,0.0620000000000002
1964,French Guiana,0.1199999999999992
1965,French Guiana,-0.1029999999999997
1966,French Guiana,-0.1399999999999996
1967,French Guiana,-0.1089999999999999
1968,French Guiana,-0.0780000000000002
1969,French Guiana,-0.0739999999999998
1970,French Guiana,-0.0659999999999998
1971,French Guiana,-0.1160000000000005
1972,French Guiana,-0.1799999999999997
1973,French Guiana,-0.3469999999999995
1974,French Guiana,-0.2930000000000006
1975,French Guiana,-0.2119999999999997
1976,French Guiana,-0.1480000000000001
1977,French Guiana,-0.0369999999999999
1978,French Guiana,-0.0129999999999999
1979,French Guiana,-0.012
1980,French Guiana,-0.0070000000000001
1981,French Guiana,0.0369999999999999
1982,French Guiana,0.0430000000000001
1983,French Guiana,0.028
1984,French Guiana,-0.0529999999999999
1985,French Guiana,-0.0310000000000001
1986,French Guiana,0.0089999999999998
1987,French Guiana,0.024
1988,French Guiana,0.0470000000000001
1989,French Guiana,0.1269999999999997
1990,French Guiana,0.1540000000000003
1991,French Guiana,0.1319999999999996
1992,French Guiana,0.0230000000000001
1993,French Guiana,-0.036
1994,French Guiana,-0.0329999999999999
1995,French Guiana,-0.0620000000000002
1996,French Guiana,-0.0459999999999998
1997,French Guiana,-0.0510000000000001
1998,French Guiana,0.0790000000000001
1999,French Guiana,0.0590000000000001
2000,French Guiana,0.157
2001,French Guiana,-0.181
2002,French Guiana,-0.06
2003,French Guiana,0.0489999999999999
2004,French Guiana,-0.2959999999999998
2005,French Guiana,0.3099999999999996
2006,French Guiana,0.044
2007,French Guiana,-0.0419999999999998
2008,French Guiana,-0.2120000000000002
2009,French Guiana,-0.0799999999999996
2010,French Guiana,-0.0610000000000003
2011,French Guiana,0.052
2012,French Guiana,0.1360000000000001
2013,French Guiana,-0.1459999999999999
2014,French Guiana,0.0019999999999997
2015,French Guiana,0.0740000000000002
2016,French Guiana,0.0939999999999998
2017,French Guiana,0.2429999999999998
2018,French Guiana,-0.0989999999999997
2019,French Guiana,-0.0529999999999999
2020,French Guiana,-0.0700000000000002
2021,French Guiana,0.0460000000000002
2022,French Guiana,-0.2720000000000002
2023,French Guiana,-0.048
1951,French Polynesia,0.1200000000000001
1952,French Polynesia,0.1180000000000003
1953,French Polynesia,0.1139999999999998
1954,French Polynesia,0.1159999999999996
1955,French Polynesia,0.0600000000000005
1956,French Polynesia,-0.0140000000000002
1957,French Polynesia,-0.0019999999999997
1958,French Polynesia,-0.0099999999999997
1959,French Polynesia,-0.0110000000000001
1960,French Polynesia,-0.0350000000000001
1961,French Polynesia,0.0149999999999996
1962,French Polynesia,0.0220000000000002
1963,French Polynesia,0.0069999999999996
1964,French Polynesia,0.0050000000000007
1965,French Polynesia,0.0199999999999995
1966,French Polynesia,-0.0190000000000001
1967,French Polynesia,-0.0300000000000002
1968,French Polynesia,-0.0509999999999992
1969,French Polynesia,-0.0820000000000007
1970,French Polynesia,-0.1899999999999995
1971,French Polynesia,-0.1820000000000003
1972,French Polynesia,-0.1739999999999995
1973,French Polynesia,-0.181
1974,French Polynesia,-0.1850000000000005
1975,French Polynesia,-0.1929999999999996
1976,French Polynesia,-0.2010000000000005
1977,French Polynesia,-0.1459999999999999
1978,French Polynesia,-0.3209999999999997
1979,French Polynesia,-0.104
1980,French Polynesia,-0.0059999999999997
1981,French Polynesia,-0.0009999999999998
1982,French Polynesia,-0.137
1983,French Polynesia,-0.0540000000000002
1984,French Polynesia,0.0910000000000001
1985,French Polynesia,0.028
1986,French Polynesia,-0.1480000000000001
1987,French Polynesia,-0.092
1988,French Polynesia,0.1260000000000003
1989,French Polynesia,-0.258
1990,French Polynesia,-0.056
1991,French Polynesia,-0.1750000000000002
1992,French Polynesia,-0.1089999999999999
1993,French Polynesia,-0.0659999999999998
1994,French Polynesia,-0.1419999999999999
1995,French Polynesia,-0.161
1996,French Polynesia,-0.0649999999999999
1997,French Polynesia,-0.1260000000000003
1998,French Polynesia,-0.0999999999999996
1999,French Polynesia,0.0909999999999997
2000,French Polynesia,0.0150000000000001
2001,French Polynesia,-0.0729999999999999
2002,French Polynesia,-0.0980000000000003
2003,French Polynesia,-0.165
2004,French Polynesia,-0.0619999999999998
2005,French Polynesia,-0.0169999999999999
2006,French Polynesia,0.036
2007,French Polynesia,-0.0950000000000002
2008,French Polynesia,0.0729999999999999
2009,French Polynesia,-0.0469999999999997
2010,French Polynesia,0.0169999999999999
2011,French Polynesia,-0.104
2012,French Polynesia,-0.0350000000000001
2013,French Polynesia,-0.0889999999999997
2014,French Polynesia,0.02
2015,French Polynesia,-0.0849999999999999
2016,French Polynesia,-0.1090000000000002
2017,French Polynesia,-0.0939999999999998
2018,French Polynesia,-0.024
2019,French Polynesia,-0.078
2020,French Polynesia,0.0030000000000001
2021,French Polynesia,-0.038
2022,French Polynesia,-0.0170000000000001
2023,French Polynesia,-0.014
1951,Gabon,0.0049999999999998
1952,Gabon,0.016
1953,Gabon,0.0230000000000001
1954,Gabon,0.0330000000000003
1955,Gabon,0.0409999999999994
1956,Gabon,0.0490000000000003
1957,Gabon,0.0569999999999994
1958,Gabon,0.0780000000000002
1959,Gabon,0.0860000000000003
1960,Gabon,0.0859999999999994
1961,Gabon,0.0819999999999998
1962,Gabon,0.0830000000000001
1963,Gabon,0.0620000000000002
1964,Gabon,0.064
1965,Gabon,0.072
1966,Gabon,0.0759999999999996
1967,Gabon,0.0579999999999998
1968,Gabon,0.0650000000000003
1969,Gabon,0.0650000000000003
1970,Gabon,0.048
1971,Gabon,0.0659999999999998
1972,Gabon,0.0739999999999998
1973,Gabon,0.0499999999999998
1974,Gabon,0.04
1975,Gabon,0.064
1976,Gabon,0.0659999999999998
1977,Gabon,0.0590000000000001
1978,Gabon,0.0519999999999996
1979,Gabon,0.04
1980,Gabon,0.056
1981,Gabon,0.0620000000000002
1982,Gabon,0.0140000000000002
1983,Gabon,0.0190000000000001
1984,Gabon,-0.0260000000000006
1985,Gabon,-0.0199999999999995
1986,Gabon,-0.0250000000000003
1987,Gabon,-0.0209999999999999
1988,Gabon,-0.0439999999999995
1989,Gabon,-0.0730000000000004
1990,Gabon,-0.0910000000000001
1991,Gabon,-0.0859999999999994
1992,Gabon,-0.0840000000000005
1993,Gabon,-0.1029999999999997
1994,Gabon,-0.1420000000000003
1995,Gabon,-0.1599999999999992
1996,Gabon,-0.1420000000000003
1997,Gabon,-0.0849999999999999
1998,Gabon,-0.0810000000000004
1999,Gabon,-0.0739999999999998
2000,Gabon,-0.0329999999999994
2001,Gabon,-0.0520000000000004
2002,Gabon,-0.0569999999999994
2003,Gabon,-0.0609999999999999
2004,Gabon,-0.0470000000000006
2005,Gabon,-0.0419999999999998
2006,Gabon,-0.04
2007,Gabon,-0.0279999999999995
2008,Gabon,-0.024
2009,Gabon,0.0199999999999995
2010,Gabon,0.0149999999999996
2011,Gabon,-0.0019999999999997
2012,Gabon,-0.0649999999999995
2013,Gabon,-0.0670000000000001
2014,Gabon,-0.0660000000000002
2015,Gabon,-0.032
2016,Gabon,0.0
2017,Gabon,-0.008
2018,Gabon,-0.0049999999999998
2019,Gabon,-0.024
2020,Gabon,-0.0529999999999999
2021,Gabon,-0.0550000000000001
2022,Gabon,-0.0639999999999996
2023,Gabon,-0.0650000000000003
1951,Gambia,0.0010000000000003
1952,Gambia,0.0
1953,Gambia,-0.0030000000000001
1954,Gambia,-0.0069999999999996
1955,Gambia,-0.0100000000000006
1956,Gambia,-0.0139999999999993
1957,Gambia,-0.016
1958,Gambia,-0.0190000000000001
1959,Gambia,-0.0190000000000001
1960,Gambia,-0.0199999999999995
1961,Gambia,-0.0180000000000006
1962,Gambia,-0.0149999999999996
1963,Gambia,-0.0110000000000001
1964,Gambia,-0.0069999999999996
1965,Gambia,-0.0030000000000001
1966,Gambia,-0.0090000000000003
1967,Gambia,0.0230000000000005
1968,Gambia,0.0149999999999996
1969,Gambia,0.0250000000000003
1970,Gambia,0.0109999999999992
1971,Gambia,0.0730000000000004
1972,Gambia,0.0359999999999995
1973,Gambia,0.0390000000000005
1974,Gambia,0.0099999999999997
1975,Gambia,0.0129999999999999
1976,Gambia,0.0060000000000002
1977,Gambia,-0.0010000000000003
1978,Gambia,-0.0119999999999995
1979,Gambia,-0.0100000000000006
1980,Gambia,0.0030000000000001
1981,Gambia,-0.0149999999999996
1982,Gambia,-0.0030000000000001
1983,Gambia,-0.0030000000000001
1984,Gambia,-0.008
1985,Gambia,-0.0279999999999995
1986,Gambia,-0.0129999999999999
1987,Gambia,-0.0440000000000004
1988,Gambia,-0.0419999999999998
1989,Gambia,-0.0040000000000004
1990,Gambia,-0.0079999999999991
1991,Gambia,-0.0550000000000006
1992,Gambia,-0.08
1993,Gambia,-0.0769999999999999
1994,Gambia,0.0010000000000003
1995,Gambia,-0.0410000000000003
1996,Gambia,-0.0689999999999999
1997,Gambia,-0.0739999999999998
1998,Gambia,-0.0330000000000003
1999,Gambia,-0.0459999999999993
2000,Gambia,-0.056
2001,Gambia,-0.0460000000000002
2002,Gambia,-0.0140000000000002
2003,Gambia,0.0
2004,Gambia,0.0270000000000001
2005,Gambia,0.0250000000000003
2006,Gambia,0.0279999999999995
2007,Gambia,-0.0510000000000001
2008,Gambia,-0.0599999999999996
2009,Gambia,-0.0510000000000001
2010,Gambia,-0.016
2011,Gambia,-0.016
2012,Gambia,-0.0229999999999996
2013,Gambia,-0.1269999999999997
2014,Gambia,-0.1950000000000002
2015,Gambia,-0.1939999999999999
2016,Gambia,-0.1939999999999999
2017,Gambia,-0.1950000000000002
2018,Gambia,-0.1939999999999999
2019,Gambia,-0.0899999999999998
2020,Gambia,-0.0819999999999998
2021,Gambia,-0.0830000000000001
2022,Gambia,-0.0869999999999997
2023,Gambia,-0.072
1951,Georgia,-0.0590000000000001
1952,Georgia,-0.0539999999999998
1953,Georgia,-0.0249999999999999
1954,Georgia,-0.012
1955,Georgia,0.0179999999999997
1956,Georgia,0.0299999999999998
1957,Georgia,0.024
1958,Georgia,0.0180000000000002
1959,Georgia,0.0129999999999999
1960,Georgia,0.0060000000000002
1961,Georgia,0.0009999999999998
1962,Georgia,-0.0060000000000002
1963,Georgia,0.012
1964,Georgia,-0.0579999999999998
1965,Georgia,-0.1169999999999999
1966,Georgia,-0.0459999999999998
1967,Georgia,0.0149999999999996
1968,Georgia,-0.0539999999999998
1969,Georgia,-0.0020000000000002
1970,Georgia,0.008
1971,Georgia,0.012
1972,Georgia,-0.0329999999999999
1973,Georgia,-0.0569999999999999
1974,Georgia,-0.052
1975,Georgia,-0.0129999999999999
1976,Georgia,-0.0420000000000002
1977,Georgia,-0.0689999999999999
1978,Georgia,-0.024
1979,Georgia,-0.0349999999999997
1980,Georgia,-0.0350000000000001
1981,Georgia,-0.0169999999999999
1982,Georgia,-0.0180000000000002
1983,Georgia,0.0270000000000001
1984,Georgia,0.0390000000000001
1985,Georgia,0.0209999999999999
1986,Georgia,-0.0190000000000001
1987,Georgia,-0.0609999999999999
1988,Georgia,-0.0009999999999998
1989,Georgia,0.004
1990,Georgia,-0.016
1991,Georgia,-0.0979999999999998
1992,Georgia,-0.1630000000000002
1993,Georgia,-0.133
1994,Georgia,-0.0769999999999999
1995,Georgia,-0.028
1996,Georgia,-0.048
1997,Georgia,-0.0309999999999999
1998,Georgia,-0.0249999999999999
1999,Georgia,-0.06
2000,Georgia,-0.034
2001,Georgia,-0.03
2002,Georgia,-0.008
2003,Georgia,-0.0189999999999999
2004,Georgia,0.014
2005,Georgia,0.0169999999999999
2006,Georgia,0.034
2007,Georgia,0.08
2008,Georgia,0.135
2009,Georgia,0.161
2010,Georgia,-0.02
2011,Georgia,-0.058
2012,Georgia,0.014
2013,Georgia,0.064
2014,Georgia,0.187
2015,Georgia,0.0339999999999998
2016,Georgia,0.0140000000000002
2017,Georgia,-0.092
2018,Georgia,-0.0430000000000001
2019,Georgia,-0.072
2020,Georgia,-0.0449999999999999
2021,Georgia,0.004
2022,Georgia,-0.1599999999999999
2023,Georgia,-0.01
1951,Germany,-0.028
1952,Germany,-0.0299999999999998
1953,Germany,-0.0070000000000001
1954,Germany,0.0209999999999999
1955,Germany,0.008
1956,Germany,0.048
1957,Germany,0.0499999999999998
1958,Germany,0.0060000000000002
1959,Germany,0.0969999999999999
1960,Germany,0.0219999999999997
1961,Germany,0.084
1962,Germany,-0.0029999999999996
1963,Germany,0.0609999999999999
1964,Germany,0.0019999999999997
1965,Germany,-0.0379999999999998
1966,Germany,0.016
1967,Germany,-0.064
1968,Germany,-0.0979999999999998
1969,Germany,-0.141
1970,Germany,-0.1760000000000001
1971,Germany,-0.0729999999999999
1972,Germany,-0.2250000000000001
1973,Germany,-0.175
1974,Germany,-0.03
1975,Germany,-0.0439999999999998
1976,Germany,0.0169999999999999
1977,Germany,0.004
1978,Germany,-0.0089999999999998
1979,Germany,0.0049999999999998
1980,Germany,0.062
1981,Germany,-0.0270000000000001
1982,Germany,-0.0249999999999999
1983,Germany,-0.074
1984,Germany,-0.0409999999999999
1985,Germany,-0.0110000000000001
1986,Germany,0.0390000000000001
1987,Germany,0.0209999999999999
1988,Germany,0.026
1989,Germany,-0.0309999999999999
1990,Germany,0.0269999999999999
1991,Germany,-0.1159999999999998
1992,Germany,-0.0390000000000001
1993,Germany,-0.0169999999999999
1994,Germany,-0.034
1995,Germany,0.008
1996,Germany,0.068
1997,Germany,0.0469999999999999
1998,Germany,-0.0129999999999999
1999,Germany,0.006
2000,Germany,0.0159999999999997
2001,Germany,-0.0319999999999998
2002,Germany,-0.01
2003,Germany,-0.0010000000000001
2004,Germany,0.018
2005,Germany,-0.0169999999999999
2006,Germany,-0.0050000000000001
2007,Germany,0.0389999999999999
2008,Germany,0.0090000000000001
2009,Germany,-0.02
2010,Germany,0.0329999999999999
2011,Germany,-0.0149999999999999
2012,Germany,0.02
2013,Germany,0.01
2014,Germany,0.054
2015,Germany,0.0319999999999998
2016,Germany,0.09
2017,Germany,-0.0209999999999999
2018,Germany,-0.004
2019,Germany,-0.0250000000000001
2020,Germany,-0.01
2021,Germany,0.046
2022,Germany,-0.1169999999999999
2023,Germany,-0.0189999999999999
1951,Ghana,0.0309999999999996
1952,Ghana,0.024
1953,Ghana,0.0220000000000002
1954,Ghana,0.0220000000000002
1955,Ghana,0.0189999999999992
1956,Ghana,0.0250000000000003
1957,Ghana,0.0090000000000003
1958,Ghana,0.008
1959,Ghana,0.0139999999999993
1960,Ghana,0.016
1961,Ghana,0.0220000000000002
1962,Ghana,0.0300000000000002
1963,Ghana,-0.0060000000000002
1964,Ghana,-0.0339999999999998
1965,Ghana,-0.0220000000000002
1966,Ghana,-0.0179999999999997
1967,Ghana,0.0309999999999996
1968,Ghana,-0.0009999999999994
1969,Ghana,0.0619999999999993
1970,Ghana,-0.0019999999999997
1971,Ghana,-0.0060000000000002
1972,Ghana,-0.0299999999999993
1973,Ghana,-0.0440000000000004
1974,Ghana,-0.0499999999999998
1975,Ghana,-0.0600000000000005
1976,Ghana,-0.0589999999999992
1977,Ghana,-0.0660000000000007
1978,Ghana,-0.0729999999999995
1979,Ghana,-0.0510000000000001
1980,Ghana,-0.0389999999999997
1981,Ghana,-0.0590000000000001
1982,Ghana,-0.1029999999999997
1983,Ghana,-0.0849999999999999
1984,Ghana,-0.0740000000000007
1985,Ghana,-0.0339999999999998
1986,Ghana,-0.0350000000000001
1987,Ghana,-0.0619999999999993
1988,Ghana,-0.1000000000000005
1989,Ghana,-0.104
1990,Ghana,-0.0809999999999995
1991,Ghana,-0.1070000000000002
1992,Ghana,-0.1129999999999995
1993,Ghana,-0.1030000000000006
1994,Ghana,-0.1600000000000001
1995,Ghana,-0.1479999999999997
1996,Ghana,-0.1470000000000002
1997,Ghana,-0.0749999999999992
1998,Ghana,-0.0550000000000006
1999,Ghana,-0.0069999999999996
2000,Ghana,0.0049999999999998
2001,Ghana,-0.0590000000000001
2002,Ghana,-0.0809999999999995
2003,Ghana,-0.0899999999999998
2004,Ghana,-0.0930000000000008
2005,Ghana,-0.0079999999999991
2006,Ghana,-0.0970000000000004
2007,Ghana,-0.1109999999999997
2008,Ghana,-0.0710000000000006
2009,Ghana,-0.0379999999999993
2010,Ghana,0.0019999999999997
2011,Ghana,-0.0040000000000004
2012,Ghana,-0.0229999999999996
2013,Ghana,-0.04
2014,Ghana,-0.0849999999999999
2015,Ghana,-0.0469999999999997
2016,Ghana,-0.1089999999999999
2017,Ghana,-0.1580000000000003
2018,Ghana,-0.0649999999999999
2019,Ghana,-0.0569999999999999
2020,Ghana,-0.052
2021,Ghana,-0.0489999999999999
2022,Ghana,-0.0579999999999998
2023,Ghana,-0.0370000000000003
1951,Gibraltar,0.0790000000000001
1952,Gibraltar,0.0419999999999998
1953,Gibraltar,-0.004
1954,Gibraltar,-0.0310000000000001
1955,Gibraltar,-0.0339999999999998
1956,Gibraltar,0.068
1957,Gibraltar,0.072
1958,Gibraltar,0.0629999999999997
1959,Gibraltar,0.0590000000000001
1960,Gibraltar,0.1059999999999998
1961,Gibraltar,0.1579999999999999
1962,Gibraltar,0.2680000000000002
1963,Gibraltar,0.5329999999999999
1964,Gibraltar,0.1989999999999998
1965,Gibraltar,-0.2709999999999999
1966,Gibraltar,-0.3849999999999998
1967,Gibraltar,-0.4210000000000002
1968,Gibraltar,-0.2029999999999998
1969,Gibraltar,-0.0310000000000001
1970,Gibraltar,-0.0009999999999998
1971,Gibraltar,-0.004
1972,Gibraltar,-0.1560000000000001
1973,Gibraltar,-0.1169999999999999
1974,Gibraltar,-0.0749999999999997
1975,Gibraltar,-0.0689999999999999
1976,Gibraltar,-0.048
1977,Gibraltar,-0.0110000000000001
1978,Gibraltar,0.0180000000000002
1979,Gibraltar,0.0369999999999999
1980,Gibraltar,0.044
1981,Gibraltar,-0.0330000000000003
1982,Gibraltar,-0.0429999999999997
1983,Gibraltar,-0.0550000000000001
1984,Gibraltar,-0.0379999999999998
1985,Gibraltar,-0.0270000000000001
1986,Gibraltar,-0.0150000000000001
1987,Gibraltar,-0.0059999999999997
1988,Gibraltar,-0.0049999999999998
1989,Gibraltar,0.008
1990,Gibraltar,0.0369999999999999
1991,Gibraltar,0.0409999999999999
1992,Gibraltar,0.012
1993,Gibraltar,-0.0230000000000001
1994,Gibraltar,-0.04
1995,Gibraltar,-0.0459999999999998
1996,Gibraltar,-0.0830000000000001
1997,Gibraltar,-0.0179999999999997
1998,Gibraltar,-0.0289999999999999
1999,Gibraltar,-0.0150000000000001
2000,Gibraltar,-0.004
2001,Gibraltar,-0.0809999999999999
2002,Gibraltar,-0.421
2003,Gibraltar,-0.0490000000000001
2004,Gibraltar,0.0550000000000001
2005,Gibraltar,0.0649999999999999
2006,Gibraltar,0.048
2007,Gibraltar,0.05
2008,Gibraltar,0.0509999999999999
2009,Gibraltar,0.0229999999999999
2010,Gibraltar,0.028
2011,Gibraltar,0.02
2012,Gibraltar,0.0250000000000001
2013,Gibraltar,0.1
2014,Gibraltar,-0.0150000000000001
2015,Gibraltar,-0.0100000000000002
2016,Gibraltar,-0.1339999999999999
2017,Gibraltar,-0.01
2018,Gibraltar,-0.0089999999999998
2019,Gibraltar,-0.0090000000000001
2020,Gibraltar,-0.0049999999999998
2021,Gibraltar,-0.008
2022,Gibraltar,-0.004
2023,Gibraltar,-0.0070000000000001
1951,Greece,-0.0889999999999999
1952,Greece,-0.0689999999999999
1953,Greece,-0.024
1954,Greece,0.0070000000000001
1955,Greece,0.0209999999999999
1956,Greece,-0.0369999999999999
1957,Greece,-0.0529999999999999
1958,Greece,-0.0220000000000002
1959,Greece,0.0190000000000001
1960,Greece,-0.0329999999999999
1961,Greece,-0.0550000000000001
1962,Greece,0.0030000000000001
1963,Greece,0.0009999999999998
1964,Greece,0.0700000000000002
1965,Greece,0.0209999999999999
1966,Greece,0.0609999999999999
1967,Greece,0.0889999999999999
1968,Greece,-0.0099999999999997
1969,Greece,-0.04
1970,Greece,0.0009999999999998
1971,Greece,-0.0270000000000001
1972,Greece,-0.02
1973,Greece,-0.0229999999999996
1974,Greece,0.0629999999999997
1975,Greece,-0.0089999999999998
1976,Greece,0.0009999999999998
1977,Greece,-0.0430000000000001
1978,Greece,-0.0059999999999997
1979,Greece,-0.0150000000000001
1980,Greece,-0.0589999999999997
1981,Greece,-0.1270000000000002
1982,Greece,-0.088
1983,Greece,-0.0929999999999997
1984,Greece,-0.1180000000000001
1985,Greece,-0.127
1986,Greece,-0.084
1987,Greece,-0.0789999999999999
1988,Greece,-0.0389999999999999
1989,Greece,-0.0569999999999999
1990,Greece,-0.0190000000000001
1991,Greece,-0.0069999999999998
1992,Greece,-0.0070000000000001
1993,Greece,-0.026
1994,Greece,-0.012
1995,Greece,-0.0289999999999999
1996,Greece,-0.02
1997,Greece,-0.008
1998,Greece,-0.018
1999,Greece,-0.0129999999999999
2000,Greece,0.0049999999999998
2001,Greece,-0.004
2002,Greece,0.008
2003,Greece,-0.002
2004,Greece,0.0070000000000001
2005,Greece,0.018
2006,Greece,0.0449999999999999
2007,Greece,0.0129999999999999
2008,Greece,0.078
2009,Greece,0.0129999999999999
2010,Greece,-0.0219999999999997
2011,Greece,-0.09
2012,Greece,-0.05
2013,Greece,-0.0529999999999999
2014,Greece,0.006
2015,Greece,0.03
2016,Greece,0.0539999999999998
2017,Greece,-0.0319999999999998
2018,Greece,0.0
2019,Greece,-0.0130000000000001
2020,Greece,0.0489999999999999
2021,Greece,0.046
2022,Greece,-0.1239999999999998
2023,Greece,0.026
1951,Greenland,0.0910000000000001
1952,Greenland,0.0729999999999995
1953,Greenland,0.1180000000000003
1954,Greenland,0.1699999999999999
1955,Greenland,0.1740000000000003
1956,Greenland,0.0629999999999997
1957,Greenland,0.0679999999999996
1958,Greenland,0.0700000000000002
1959,Greenland,0.1070000000000002
1960,Greenland,0.1109999999999997
1961,Greenland,0.0949999999999997
1962,Greenland,0.0040000000000004
1963,Greenland,-0.0280000000000004
1964,Greenland,-0.1029999999999997
1965,Greenland,-0.2350000000000003
1966,Greenland,-0.3879999999999999
1967,Greenland,-0.4859999999999997
1968,Greenland,-0.617
1969,Greenland,-0.7190000000000003
1970,Greenland,-0.6679999999999997
1971,Greenland,-0.3389999999999999
1972,Greenland,-0.1899999999999999
1973,Greenland,-0.2730000000000001
1974,Greenland,-0.2889999999999997
1975,Greenland,-0.1200000000000001
1976,Greenland,-0.0630000000000001
1977,Greenland,0.016
1978,Greenland,-0.0869999999999997
1979,Greenland,0.012
1980,Greenland,0.1459999999999999
1981,Greenland,-0.0350000000000001
1982,Greenland,-0.0909999999999997
1983,Greenland,-0.1420000000000003
1984,Greenland,0.0230000000000001
1985,Greenland,0.0619999999999998
1986,Greenland,-0.0889999999999999
1987,Greenland,0.0220000000000002
1988,Greenland,0.1679999999999997
1989,Greenland,0.0660000000000002
1990,Greenland,0.08
1991,Greenland,0.0219999999999997
1992,Greenland,0.1110000000000002
1993,Greenland,0.0139999999999997
1994,Greenland,-0.0299999999999998
1995,Greenland,-0.0220000000000002
1996,Greenland,0.0020000000000002
1997,Greenland,0.0829999999999997
1998,Greenland,-0.1559999999999997
1999,Greenland,-0.072
2000,Greenland,-0.0230000000000001
2001,Greenland,0.1059999999999998
2002,Greenland,0.0390000000000001
2003,Greenland,-0.1030000000000002
2004,Greenland,-0.0099999999999997
2005,Greenland,-0.044
2006,Greenland,-0.0779999999999998
2007,Greenland,0.0129999999999999
2008,Greenland,-0.0009999999999998
2009,Greenland,0.0529999999999999
2010,Greenland,-0.0809999999999999
2011,Greenland,-0.1440000000000001
2012,Greenland,-0.096
2013,Greenland,0.0110000000000001
2014,Greenland,-0.0030000000000001
2015,Greenland,0.0670000000000001
2016,Greenland,-0.008
2017,Greenland,-0.0030000000000001
2018,Greenland,-0.0449999999999999
2019,Greenland,-0.0140000000000002
2020,Greenland,-0.0079999999999997
2021,Greenland,-0.0129999999999999
2022,Greenland,-0.016
2023,Greenland,-0.0190000000000001
1951,Grenada,0.1739999999999995
1952,Grenada,0.3280000000000003
1953,Grenada,0.2880000000000002
1954,Grenada,0.2469999999999999
1955,Grenada,0.2069999999999998
1956,Grenada,0.1619999999999999
1957,Grenada,0.1189999999999997
1958,Grenada,0.0689999999999999
1959,Grenada,0.0140000000000002
1960,Grenada,-0.0489999999999994
1961,Grenada,-0.1160000000000005
1962,Grenada,-0.1849999999999996
1963,Grenada,-0.2460000000000004
1964,Grenada,-0.29
1965,Grenada,-0.3089999999999993
1966,Grenada,-0.2970000000000006
1967,Grenada,-0.2599999999999998
1968,Grenada,-0.205
1969,Grenada,-0.1449999999999995
1970,Grenada,-0.2300000000000004
1971,Grenada,-0.1529999999999995
1972,Grenada,-0.1320000000000005
1973,Grenada,-0.1289999999999995
1974,Grenada,-0.1260000000000003
1975,Grenada,-0.1659999999999999
1976,Grenada,-0.157
1977,Grenada,-0.1400000000000001
1978,Grenada,-0.1059999999999998
1979,Grenada,-0.0070000000000001
1980,Grenada,-0.0459999999999998
1981,Grenada,-0.3090000000000001
1982,Grenada,0.165
1983,Grenada,0.1520000000000001
1984,Grenada,-0.0819999999999998
1985,Grenada,0.254
1986,Grenada,0.1059999999999998
1987,Grenada,-0.0030000000000001
1988,Grenada,-0.3879999999999999
1989,Grenada,0.04
1990,Grenada,-0.1750000000000002
1991,Grenada,0.048
1992,Grenada,-0.1359999999999996
1993,Grenada,-0.165
1994,Grenada,-0.0110000000000001
1995,Grenada,0.028
1996,Grenada,0.0259999999999998
1997,Grenada,-0.0449999999999999
1998,Grenada,-0.3089999999999997
1999,Grenada,-0.1020000000000003
2000,Grenada,0.0489999999999999
2001,Grenada,-0.02
2002,Grenada,-0.0429999999999997
2003,Grenada,-0.0460000000000002
2004,Grenada,-0.0469999999999997
2005,Grenada,-0.0430000000000001
2006,Grenada,-0.0470000000000001
2007,Grenada,-0.0409999999999999
2008,Grenada,-0.0379999999999998
2009,Grenada,-0.0380000000000002
2010,Grenada,-0.04
2011,Grenada,-0.032
2012,Grenada,-0.0389999999999997
2013,Grenada,-0.054
2014,Grenada,-0.1140000000000001
2015,Grenada,-0.0839999999999998
2016,Grenada,-0.0989999999999999
2017,Grenada,-0.1780000000000001
2018,Grenada,0.092
2019,Grenada,0.012
2020,Grenada,-0.01
2021,Grenada,-0.0150000000000001
2022,Grenada,-0.0149999999999999
2023,Grenada,-0.0149999999999999
1951,Guadeloupe,0.0440000000000004
1952,Guadeloupe,0.0259999999999998
1953,Guadeloupe,0.024
1954,Guadeloupe,0.016
1955,Guadeloupe,0.0709999999999997
1956,Guadeloupe,-0.0579999999999998
1957,Guadeloupe,-0.1150000000000002
1958,Guadeloupe,0.0340000000000006
1959,Guadeloupe,-0.0020000000000006
1960,Guadeloupe,0.1390000000000002
1961,Guadeloupe,-0.1049999999999995
1962,Guadeloupe,0.1899999999999995
1963,Guadeloupe,-0.1470000000000002
1964,Guadeloupe,-0.1289999999999995
1965,Guadeloupe,0.0129999999999999
1966,Guadeloupe,-0.0119999999999995
1967,Guadeloupe,-0.1520000000000001
1968,Guadeloupe,-0.2110000000000003
1969,Guadeloupe,-0.2389999999999998
1970,Guadeloupe,-0.221
1971,Guadeloupe,-0.2009999999999996
1972,Guadeloupe,-0.2080000000000001
1973,Guadeloupe,-0.1770000000000005
1974,Guadeloupe,-0.1839999999999997
1975,Guadeloupe,-0.2360000000000002
1976,Guadeloupe,-0.4089999999999998
1977,Guadeloupe,-0.4159999999999999
1978,Guadeloupe,-0.3429999999999999
1979,Guadeloupe,-0.121
1980,Guadeloupe,0.0030000000000001
1981,Guadeloupe,-0.0060000000000002
1982,Guadeloupe,-0.0030000000000001
1983,Guadeloupe,0.0070000000000001
1984,Guadeloupe,-0.0169999999999999
1985,Guadeloupe,-0.0150000000000001
1986,Guadeloupe,-0.0589999999999997
1987,Guadeloupe,-0.0580000000000002
1988,Guadeloupe,-0.04
1989,Guadeloupe,-0.0179999999999997
1990,Guadeloupe,-0.0150000000000001
1991,Guadeloupe,-0.0139999999999997
1992,Guadeloupe,-0.0290000000000003
1993,Guadeloupe,-0.0429999999999997
1994,Guadeloupe,-0.0220000000000002
1995,Guadeloupe,-0.0129999999999999
1996,Guadeloupe,0.0
1997,Guadeloupe,0.0110000000000001
1998,Guadeloupe,0.0149999999999996
1999,Guadeloupe,0.0310000000000001
2000,Guadeloupe,0.0430000000000001
2001,Guadeloupe,0.0129999999999999
2002,Guadeloupe,-0.016
2003,Guadeloupe,0.0049999999999998
2004,Guadeloupe,0.0100000000000002
2005,Guadeloupe,0.068
2006,Guadeloupe,-0.016
2007,Guadeloupe,-0.0550000000000001
2008,Guadeloupe,-0.0670000000000001
2009,Guadeloupe,-0.0479999999999996
2010,Guadeloupe,0.0219999999999997
2011,Guadeloupe,0.0329999999999999
2012,Guadeloupe,0.0249999999999999
2013,Guadeloupe,0.0210000000000003
2014,Guadeloupe,-0.0030000000000001
2015,Guadeloupe,-0.0340000000000002
2016,Guadeloupe,-0.0379999999999998
2017,Guadeloupe,-0.0590000000000001
2018,Guadeloupe,0.0140000000000002
2019,Guadeloupe,0.0529999999999999
2020,Guadeloupe,0.0179999999999997
2021,Guadeloupe,-0.036
2022,Guadeloupe,-0.0209999999999999
2023,Guadeloupe,-0.0209999999999999
1951,Guam,0.0899999999999998
1952,Guam,0.29
1953,Guam,0.1600000000000001
1954,Guam,0.1429999999999998
1955,Guam,0.322
1956,Guam,0.0090000000000003
1957,Guam,0.2259999999999999
1958,Guam,-0.3319999999999998
1959,Guam,-0.0710000000000006
1960,Guam,-0.0779999999999994
1961,Guam,-0.0209999999999999
1962,Guam,-0.0490000000000003
1963,Guam,-0.3280000000000003
1964,Guam,-0.1779999999999999
1965,Guam,-0.2560000000000002
1966,Guam,-0.0649999999999995
1967,Guam,-0.4260000000000001
1968,Guam,-0.2999999999999998
1969,Guam,0.0940000000000003
1970,Guam,-0.0970000000000004
1971,Guam,-0.141
1972,Guam,-0.1559999999999997
1973,Guam,-0.1560000000000001
1974,Guam,-0.1260000000000003
1975,Guam,-0.1059999999999998
1976,Guam,-0.1240000000000001
1977,Guam,-0.1709999999999998
1978,Guam,-0.258
1979,Guam,-0.072
1980,Guam,0.0060000000000002
1981,Guam,-0.0700000000000002
1982,Guam,-0.0569999999999999
1983,Guam,0.1169999999999999
1984,Guam,-0.1739999999999999
1985,Guam,0.0499999999999998
1986,Guam,0.0290000000000003
1987,Guam,0.032
1988,Guam,0.02
1989,Guam,0.0149999999999996
1990,Guam,0.0140000000000002
1991,Guam,0.0129999999999999
1992,Guam,0.0139999999999997
1993,Guam,0.012
1994,Guam,-0.0099999999999997
1995,Guam,-0.004
1996,Guam,-0.0070000000000001
1997,Guam,-0.0099999999999997
1998,Guam,-0.0150000000000001
1999,Guam,-0.0390000000000001
2000,Guam,-0.0539999999999998
2001,Guam,-0.0979999999999998
2002,Guam,-0.2350000000000003
2003,Guam,0.0750000000000001
2004,Guam,0.1149999999999997
2005,Guam,-0.1339999999999999
2006,Guam,0.169
2007,Guam,0.0979999999999998
2008,Guam,0.0
2009,Guam,-0.0139999999999997
2010,Guam,0.0819999999999998
2011,Guam,-0.0969999999999999
2012,Guam,0.2410000000000001
2013,Guam,-0.2339999999999999
2014,Guam,0.0630000000000001
2015,Guam,-0.0130000000000003
2016,Guam,0.238
2017,Guam,-0.0829999999999997
2018,Guam,-0.0929999999999999
2019,Guam,-0.0569999999999999
2020,Guam,-0.0430000000000001
2021,Guam,-0.0390000000000001
2022,Guam,-0.0369999999999999
2023,Guam,-0.0379999999999998
1951,Guatemala,0.0369999999999999
1952,Guatemala,0.0350000000000001
1953,Guatemala,0.0219999999999993
1954,Guatemala,0.0250000000000003
1955,Guatemala,0.0270000000000001
1956,Guatemala,0.0270000000000001
1957,Guatemala,0.0379999999999993
1958,Guatemala,-0.0089999999999994
1959,Guatemala,0.0
1960,Guatemala,-0.0070000000000005
1961,Guatemala,-0.0199999999999995
1962,Guatemala,-0.0449999999999999
1963,Guatemala,-0.0350000000000001
1964,Guatemala,-0.0279999999999995
1965,Guatemala,-0.032
1966,Guatemala,-0.0370000000000008
1967,Guatemala,-0.0469999999999997
1968,Guatemala,-0.056
1969,Guatemala,-0.0529999999999999
1970,Guatemala,-0.0460000000000002
1971,Guatemala,-0.0539999999999993
1972,Guatemala,-0.0350000000000001
1973,Guatemala,-0.024
1974,Guatemala,-0.0289999999999999
1975,Guatemala,-0.048
1976,Guatemala,-0.0419999999999998
1977,Guatemala,-0.0490000000000003
1978,Guatemala,-0.0579999999999998
1979,Guatemala,-0.0449999999999999
1980,Guatemala,-0.0449999999999999
1981,Guatemala,-0.0499999999999998
1982,Guatemala,-0.064
1983,Guatemala,-0.0810000000000004
1984,Guatemala,-0.1209999999999995
1985,Guatemala,-0.1260000000000003
1986,Guatemala,-0.0659999999999998
1987,Guatemala,-0.024
1988,Guatemala,-0.0179999999999997
1989,Guatemala,-0.0620000000000002
1990,Guatemala,-0.0789999999999997
1991,Guatemala,-0.1030000000000006
1992,Guatemala,-0.0629999999999997
1993,Guatemala,-0.0600000000000005
1994,Guatemala,-0.0629999999999997
1995,Guatemala,-0.0859999999999994
1996,Guatemala,-0.0970000000000004
1997,Guatemala,-0.1020000000000003
1998,Guatemala,-0.1059999999999998
1999,Guatemala,-0.1129999999999995
2000,Guatemala,-0.104
2001,Guatemala,-0.0810000000000004
2002,Guatemala,-0.1309999999999993
2003,Guatemala,-0.1210000000000004
2004,Guatemala,-0.1159999999999996
2005,Guatemala,-0.1600000000000001
2006,Guatemala,-0.129
2007,Guatemala,-0.129
2008,Guatemala,-0.145
2009,Guatemala,-0.1060000000000003
2010,Guatemala,-0.0899999999999998
2011,Guatemala,-0.0830000000000001
2012,Guatemala,-0.0729999999999999
2013,Guatemala,-0.068
2014,Guatemala,-0.0629999999999997
2015,Guatemala,-0.0590000000000001
2016,Guatemala,-0.056
2017,Guatemala,-0.1159999999999996
2018,Guatemala,-0.1140000000000003
2019,Guatemala,-0.1499999999999999
2020,Guatemala,-0.1229999999999997
2021,Guatemala,-0.0820000000000003
2022,Guatemala,-0.0449999999999999
2023,Guatemala,-0.032
1951,Guernsey,-0.0689999999999999
1952,Guernsey,-0.0749999999999997
1953,Guernsey,-0.0580000000000002
1954,Guernsey,-0.0379999999999998
1955,Guernsey,-0.012
1956,Guernsey,0.012
1957,Guernsey,0.0329999999999999
1958,Guernsey,0.0259999999999998
1959,Guernsey,0.04
1960,Guernsey,0.0490000000000003
1961,Guernsey,0.0369999999999999
1962,Guernsey,0.1009999999999999
1963,Guernsey,0.1
1964,Guernsey,0.0009999999999998
1965,Guernsey,-0.1270000000000002
1966,Guernsey,-0.1229999999999997
1967,Guernsey,-0.0790000000000001
1968,Guernsey,-0.012
1969,Guernsey,0.0300000000000002
1970,Guernsey,-0.0590000000000001
1971,Guernsey,-0.0870000000000001
1972,Guernsey,-0.0759999999999998
1973,Guernsey,-0.1239999999999998
1974,Guernsey,-0.084
1975,Guernsey,-0.082
1976,Guernsey,-0.0519999999999998
1977,Guernsey,-0.034
1978,Guernsey,0.0
1979,Guernsey,0.0269999999999999
1980,Guernsey,0.002
1981,Guernsey,-0.024
1982,Guernsey,-0.0759999999999998
1983,Guernsey,0.1239999999999998
1984,Guernsey,-0.147
1985,Guernsey,0.0789999999999999
1986,Guernsey,0.042
1987,Guernsey,-0.018
1988,Guernsey,-0.0349999999999999
1989,Guernsey,0.0109999999999998
1990,Guernsey,0.054
1991,Guernsey,-0.0449999999999999
1992,Guernsey,-0.0789999999999999
1993,Guernsey,-0.0450000000000001
1994,Guernsey,-0.0169999999999999
1995,Guernsey,-0.0829999999999999
1996,Guernsey,0.0729999999999999
1997,Guernsey,0.064
1998,Guernsey,0.0029999999999998
1999,Guernsey,0.0230000000000001
2000,Guernsey,-0.0310000000000001
2001,Guernsey,-0.014
2002,Guernsey,-0.004
2003,Guernsey,0.006
2004,Guernsey,0.0110000000000001
2005,Guernsey,0.024
2006,Guernsey,0.0219999999999997
2007,Guernsey,0.0210000000000001
2008,Guernsey,0.014
2009,Guernsey,0.002
2010,Guernsey,0.0089999999999998
2011,Guernsey,0.0050000000000001
2012,Guernsey,-0.0070000000000001
2013,Guernsey,-0.0149999999999999
2014,Guernsey,-0.032
2015,Guernsey,-0.0369999999999999
2016,Guernsey,-0.038
2017,Guernsey,-0.052
2018,Guernsey,-0.044
2019,Guernsey,-0.016
2020,Guernsey,0.0070000000000001
2021,Guernsey,0.032
2022,Guernsey,0.0049999999999998
2023,Guernsey,-0.0049999999999998
1951,Guinea,0.0069999999999996
1952,Guinea,0.0150000000000005
1953,Guinea,0.0139999999999993
1954,Guinea,0.0150000000000005
1955,Guinea,0.0149999999999996
1956,Guinea,0.0149999999999996
1957,Guinea,0.0150000000000005
1958,Guinea,0.0149999999999996
1959,Guinea,0.0150000000000005
1960,Guinea,0.0149999999999996
1961,Guinea,0.0140000000000002
1962,Guinea,0.0139999999999993
1963,Guinea,0.0129999999999999
1964,Guinea,0.0130000000000007
1965,Guinea,0.0119999999999995
1966,Guinea,0.0120000000000004
1967,Guinea,0.0119999999999995
1968,Guinea,0.0120000000000004
1969,Guinea,0.0139999999999993
1970,Guinea,0.0150000000000005
1971,Guinea,0.0189999999999992
1972,Guinea,0.0210000000000007
1973,Guinea,0.0249999999999994
1974,Guinea,0.0280000000000004
1975,Guinea,0.0309999999999996
1976,Guinea,0.0330000000000003
1977,Guinea,0.0339999999999998
1978,Guinea,0.0060000000000002
1979,Guinea,0.0099999999999997
1980,Guinea,0.0089999999999994
1981,Guinea,0.0
1982,Guinea,0.0280000000000004
1983,Guinea,0.0
1984,Guinea,0.0249999999999994
1985,Guinea,0.0150000000000005
1986,Guinea,0.0209999999999999
1987,Guinea,0.0229999999999996
1988,Guinea,-0.0099999999999997
1989,Guinea,-0.0129999999999999
1990,Guinea,-0.0330000000000003
1991,Guinea,-0.0309999999999996
1992,Guinea,-0.0309999999999996
1993,Guinea,-0.0440000000000004
1994,Guinea,-0.0510000000000001
1995,Guinea,-0.0699999999999994
1996,Guinea,-0.0830000000000001
1997,Guinea,-0.0819999999999998
1998,Guinea,-0.072
1999,Guinea,-0.0659999999999998
2000,Guinea,-0.0670000000000001
2001,Guinea,-0.0840000000000005
2002,Guinea,-0.0529999999999999
2003,Guinea,-0.0369999999999999
2004,Guinea,-0.0110000000000001
2005,Guinea,-0.0059999999999993
2006,Guinea,-0.0230000000000005
2007,Guinea,-0.04
2008,Guinea,-0.0679999999999996
2009,Guinea,-0.0680000000000005
2010,Guinea,-0.0929999999999999
2011,Guinea,-0.0979999999999998
2012,Guinea,-0.1049999999999995
2013,Guinea,-0.0810000000000004
2014,Guinea,-0.0809999999999995
2015,Guinea,-0.0680000000000005
2016,Guinea,-0.0869999999999997
2017,Guinea,-0.1219999999999998
2018,Guinea,-0.1240000000000005
2019,Guinea,-0.0929999999999999
2020,Guinea,-0.0869999999999997
2021,Guinea,-0.0899999999999998
2022,Guinea,-0.096
2023,Guinea,-0.0860000000000003
1951,Guinea-Bissau,-0.0049999999999998
1952,Guinea-Bissau,-0.008
1953,Guinea-Bissau,-0.0060000000000002
1954,Guinea-Bissau,-0.0029999999999992
1955,Guinea-Bissau,0.0
1956,Guinea-Bissau,0.0009999999999994
1957,Guinea-Bissau,0.0049999999999998
1958,Guinea-Bissau,0.0060000000000002
1959,Guinea-Bissau,0.008
1960,Guinea-Bissau,0.0090000000000003
1961,Guinea-Bissau,0.0099999999999997
1962,Guinea-Bissau,0.0099999999999997
1963,Guinea-Bissau,0.0099999999999997
1964,Guinea-Bissau,0.0100000000000006
1965,Guinea-Bissau,0.0099999999999997
1966,Guinea-Bissau,0.0110000000000001
1967,Guinea-Bissau,0.0119999999999995
1968,Guinea-Bissau,0.0140000000000002
1969,Guinea-Bissau,0.016
1970,Guinea-Bissau,0.0170000000000003
1971,Guinea-Bissau,0.0189999999999992
1972,Guinea-Bissau,0.0180000000000006
1973,Guinea-Bissau,0.0199999999999995
1974,Guinea-Bissau,0.0220000000000002
1975,Guinea-Bissau,0.0300000000000002
1976,Guinea-Bissau,0.0419999999999998
1977,Guinea-Bissau,0.0569999999999994
1978,Guinea-Bissau,0.0710000000000006
1979,Guinea-Bissau,0.0809999999999995
1980,Guinea-Bissau,0.0860000000000003
1981,Guinea-Bissau,0.0819999999999998
1982,Guinea-Bissau,0.0709999999999997
1983,Guinea-Bissau,0.0540000000000002
1984,Guinea-Bissau,0.0330000000000003
1985,Guinea-Bissau,0.0119999999999995
1986,Guinea-Bissau,-0.0049999999999998
1987,Guinea-Bissau,-0.0170000000000003
1988,Guinea-Bissau,-0.024
1989,Guinea-Bissau,-0.0299999999999993
1990,Guinea-Bissau,-0.1619999999999999
1991,Guinea-Bissau,-0.0270000000000001
1992,Guinea-Bissau,-0.0390000000000005
1993,Guinea-Bissau,-0.0659999999999998
1994,Guinea-Bissau,-0.0699999999999994
1995,Guinea-Bissau,-0.0760000000000005
1996,Guinea-Bissau,-0.0819999999999998
1997,Guinea-Bissau,-0.0810000000000004
1998,Guinea-Bissau,-0.0899999999999998
1999,Guinea-Bissau,-0.0989999999999993
2000,Guinea-Bissau,-0.0850000000000008
2001,Guinea-Bissau,-0.0979999999999998
2002,Guinea-Bissau,-0.0539999999999993
2003,Guinea-Bissau,-0.0570000000000003
2004,Guinea-Bissau,-0.0769999999999999
2005,Guinea-Bissau,-0.04
2006,Guinea-Bissau,-0.0540000000000002
2007,Guinea-Bissau,-0.0409999999999994
2008,Guinea-Bissau,-0.0990000000000002
2009,Guinea-Bissau,-0.0899999999999998
2010,Guinea-Bissau,-0.0650000000000003
2011,Guinea-Bissau,-0.0439999999999995
2012,Guinea-Bissau,-0.064
2013,Guinea-Bissau,-0.0730000000000004
2014,Guinea-Bissau,-0.1399999999999996
2015,Guinea-Bissau,-0.1290000000000004
2016,Guinea-Bissau,-0.1419999999999994
2017,Guinea-Bissau,-0.1719999999999997
2018,Guinea-Bissau,-0.1060000000000007
2019,Guinea-Bissau,-0.088
2020,Guinea-Bissau,-0.0779999999999994
2021,Guinea-Bissau,-0.0769999999999999
2022,Guinea-Bissau,-0.0870000000000001
2023,Guinea-Bissau,-0.0750000000000001
1951,Guyana,0.0820000000000007
1952,Guyana,0.0769999999999999
1953,Guyana,0.08
1954,Guyana,0.0759999999999996
1955,Guyana,0.0689999999999999
1956,Guyana,0.0490000000000003
1957,Guyana,0.0439999999999995
1958,Guyana,-0.0030000000000001
1959,Guyana,0.0060000000000002
1960,Guyana,0.0170000000000003
1961,Guyana,0.008
1962,Guyana,-0.0060000000000002
1963,Guyana,-0.0259999999999998
1964,Guyana,-0.0750000000000001
1965,Guyana,-0.0970000000000004
1966,Guyana,-0.1139999999999998
1967,Guyana,-0.133
1968,Guyana,-0.1369999999999995
1969,Guyana,-0.1699999999999999
1970,Guyana,-0.1700000000000008
1971,Guyana,-0.1539999999999999
1972,Guyana,-0.1799999999999997
1973,Guyana,-0.2110000000000003
1974,Guyana,-0.2279999999999997
1975,Guyana,-0.1879999999999997
1976,Guyana,-0.1699999999999999
1977,Guyana,-0.1640000000000006
1978,Guyana,-0.1489999999999995
1979,Guyana,-0.1070000000000002
1980,Guyana,-0.0899999999999998
1981,Guyana,-0.0510000000000001
1982,Guyana,-0.0409999999999999
1983,Guyana,-0.0409999999999999
1984,Guyana,-0.096
1985,Guyana,-0.0709999999999997
1986,Guyana,-0.0890000000000004
1987,Guyana,-0.0759999999999996
1988,Guyana,-0.0769999999999999
1989,Guyana,-0.0420000000000002
1990,Guyana,-0.0049999999999998
1991,Guyana,0.0019999999999997
1992,Guyana,0.0050000000000003
1993,Guyana,0.0109999999999996
1994,Guyana,0.0270000000000001
1995,Guyana,0.012
1996,Guyana,-0.008
1997,Guyana,-0.0089999999999998
1998,Guyana,-0.0390000000000001
1999,Guyana,-0.0569999999999999
2000,Guyana,-0.068
2001,Guyana,-0.0989999999999997
2002,Guyana,-0.1140000000000003
2003,Guyana,-0.0939999999999998
2004,Guyana,-0.0689999999999999
2005,Guyana,-0.0329999999999999
2006,Guyana,0.0109999999999996
2007,Guyana,0.0220000000000002
2008,Guyana,0.016
2009,Guyana,-0.0030000000000001
2010,Guyana,-0.0099999999999997
2011,Guyana,0.0099999999999997
2012,Guyana,0.0070000000000001
2013,Guyana,0.0099999999999997
2014,Guyana,-0.016
2015,Guyana,-0.028
2016,Guyana,-0.0329999999999999
2017,Guyana,-0.0409999999999999
2018,Guyana,-0.04
2019,Guyana,-0.032
2020,Guyana,-0.0299999999999998
2021,Guyana,-0.0289999999999999
2022,Guyana,-0.0250000000000003
2023,Guyana,-0.0249999999999999
1951,Haiti,-0.0100000000000006
1952,Haiti,0.0
1953,Haiti,-0.008
1954,Haiti,-0.0099999999999997
1955,Haiti,0.0070000000000005
1956,Haiti,0.0019999999999997
1957,Haiti,-0.0330000000000003
1958,Haiti,-0.0030000000000001
1959,Haiti,0.0020000000000006
1960,Haiti,-0.0200000000000004
1961,Haiti,0.0010000000000003
1962,Haiti,-0.0040000000000004
1963,Haiti,-0.0019999999999997
1964,Haiti,-0.0090000000000003
1965,Haiti,-0.0350000000000001
1966,Haiti,-0.0359999999999995
1967,Haiti,-0.0419999999999998
1968,Haiti,-0.0419999999999998
1969,Haiti,-0.0520000000000004
1970,Haiti,-0.0460000000000002
1971,Haiti,-0.0339999999999998
1972,Haiti,-0.0279999999999995
1973,Haiti,-0.0380000000000002
1974,Haiti,-0.0300000000000002
1975,Haiti,-0.0329999999999994
1976,Haiti,-0.0380000000000002
1977,Haiti,-0.0359999999999995
1978,Haiti,-0.032
1979,Haiti,-0.048
1980,Haiti,-0.0369999999999999
1981,Haiti,-0.024
1982,Haiti,-0.0070000000000005
1983,Haiti,-0.0129999999999999
1984,Haiti,-0.008
1985,Haiti,-0.0099999999999997
1986,Haiti,-0.016
1987,Haiti,-0.008
1988,Haiti,0.0010000000000003
1989,Haiti,-0.0280000000000004
1990,Haiti,-0.0300000000000002
1991,Haiti,-0.0969999999999995
1992,Haiti,-0.1089999999999999
1993,Haiti,-0.1089999999999999
1994,Haiti,-0.1080000000000005
1995,Haiti,-0.1069999999999993
1996,Haiti,-0.1070000000000002
1997,Haiti,-0.1080000000000005
1998,Haiti,-0.1079999999999996
1999,Haiti,-0.1089999999999999
2000,Haiti,-0.0620000000000002
2001,Haiti,-0.1419999999999994
2002,Haiti,-0.1230000000000002
2003,Haiti,-0.0780000000000002
2004,Haiti,-0.1039999999999996
2005,Haiti,-0.1080000000000001
2006,Haiti,-0.0739999999999998
2007,Haiti,-0.0740000000000002
2008,Haiti,-0.0659999999999998
2009,Haiti,-0.056
2010,Haiti,-0.068
2011,Haiti,-0.0659999999999998
2012,Haiti,-0.1099999999999998
2013,Haiti,-0.1
2014,Haiti,-0.0569999999999999
2015,Haiti,-0.0540000000000002
2016,Haiti,-0.056
2017,Haiti,-0.0689999999999999
2018,Haiti,-0.0609999999999999
2019,Haiti,-0.0619999999999998
2020,Haiti,-0.0580000000000002
2021,Haiti,-0.0559999999999996
2022,Haiti,-0.0490000000000003
2023,Haiti,-0.0429999999999997
1951,High-income countries,-0.0479999999999996
1952,High-income countries,-0.012
1953,High-income countries,-0.024
1954,High-income countries,0.0089999999999998
1955,High-income countries,0.0070000000000001
1956,High-income countries,0.0129999999999999
1957,High-income countries,0.012
1958,High-income countries,0.016
1959,High-income countries,0.004
1960,High-income countries,-0.0140000000000002
1961,High-income countries,-0.0059999999999997
1962,High-income countries,-0.0470000000000001
1963,High-income countries,-0.0139999999999997
1964,High-income countries,-0.0210000000000003
1965,High-income countries,-0.0819999999999998
1966,High-income countries,-0.153
1967,High-income countries,0.0340000000000002
1968,High-income countries,-0.084
1969,High-income countries,-0.0510000000000001
1970,High-income countries,-0.0409999999999999
1971,High-income countries,-0.0649999999999999
1972,High-income countries,-0.1230000000000002
1973,High-income countries,-0.088
1974,High-income countries,-0.0519999999999996
1975,High-income countries,-0.088
1976,High-income countries,-0.0510000000000001
1977,High-income countries,-0.032
1978,High-income countries,-0.0379999999999998
1979,High-income countries,-0.0010000000000001
1980,High-income countries,-0.0109999999999998
1981,High-income countries,-0.0370000000000001
1982,High-income countries,-0.0249999999999999
1983,High-income countries,-0.05
1984,High-income countries,-0.0269999999999999
1985,High-income countries,-0.0170000000000001
1986,High-income countries,-0.0229999999999999
1987,High-income countries,-0.006
1988,High-income countries,0.0149999999999999
1989,High-income countries,-0.006
1990,High-income countries,0.01
1991,High-income countries,-0.0229999999999999
1992,High-income countries,-0.0230000000000001
1993,High-income countries,-0.0369999999999999
1994,High-income countries,-0.02
1995,High-income countries,-0.0269999999999999
1996,High-income countries,-0.004
1997,High-income countries,-0.0090000000000001
1998,High-income countries,-0.008
1999,High-income countries,-0.0009999999999998
2000,High-income countries,0.0189999999999999
2001,High-income countries,-0.026
2002,High-income countries,-0.014
2003,High-income countries,0.006
2004,High-income countries,0.01
2005,High-income countries,0.0030000000000001
2006,High-income countries,0.036
2007,High-income countries,0.026
2008,High-income countries,0.012
2009,High-income countries,-0.0210000000000001
2010,High-income countries,-0.014
2011,High-income countries,-0.0169999999999999
2012,High-income countries,0.0029999999999998
2013,High-income countries,-0.0249999999999999
2014,High-income countries,0.0109999999999998
2015,High-income countries,-0.0029999999999998
2016,High-income countries,-0.006
2017,High-income countries,-0.0330000000000001
2018,High-income countries,-0.0329999999999999
2019,High-income countries,-0.0389999999999999
2020,High-income countries,-0.0510000000000001
2021,High-income countries,0.0030000000000001
2022,High-income countries,-0.0209999999999999
2023,High-income countries,-0.028
1951,Honduras,0.0099999999999997
1952,Honduras,0.0170000000000003
1953,Honduras,0.0109999999999992
1954,Honduras,0.0049999999999998
1955,Honduras,0.0010000000000003
1956,Honduras,-0.0049999999999998
1957,Honduras,-0.0099999999999997
1958,Honduras,-0.0129999999999999
1959,Honduras,-0.0140000000000002
1960,Honduras,-0.0129999999999999
1961,Honduras,-0.0099999999999997
1962,Honduras,-0.0050000000000007
1963,Honduras,-0.0019999999999997
1964,Honduras,0.0019999999999997
1965,Honduras,-0.0009999999999994
1966,Honduras,-0.032
1967,Honduras,-0.0510000000000001
1968,Honduras,-0.064
1969,Honduras,-0.0670000000000001
1970,Honduras,-0.056
1971,Honduras,-0.0589999999999992
1972,Honduras,-0.0550000000000006
1973,Honduras,-0.0729999999999995
1974,Honduras,-0.072
1975,Honduras,-0.0470000000000006
1976,Honduras,-0.0519999999999996
1977,Honduras,-0.0819999999999998
1978,Honduras,-0.0979999999999998
1979,Honduras,-0.1030000000000006
1980,Honduras,-0.1129999999999995
1981,Honduras,-0.1169999999999999
1982,Honduras,-0.1219999999999998
1983,Honduras,-0.1200000000000001
1984,Honduras,-0.1240000000000005
1985,Honduras,-0.1189999999999997
1986,Honduras,-0.1159999999999996
1987,Honduras,-0.1189999999999997
1988,Honduras,-0.1130000000000004
1989,Honduras,-0.1139999999999998
1990,Honduras,-0.0830000000000001
1991,Honduras,-0.08
1992,Honduras,-0.0779999999999994
1993,Honduras,-0.0850000000000008
1994,Honduras,-0.0929999999999999
1995,Honduras,-0.0999999999999996
1996,Honduras,-0.1219999999999998
1997,Honduras,-0.1230000000000002
1998,Honduras,-0.1169999999999999
1999,Honduras,-0.1070000000000002
2000,Honduras,-0.0769999999999999
2001,Honduras,-0.1360000000000001
2002,Honduras,-0.1529999999999995
2003,Honduras,-0.1560000000000001
2004,Honduras,-0.1339999999999999
2005,Honduras,-0.133
2006,Honduras,-0.1280000000000001
2007,Honduras,-0.0979999999999998
2008,Honduras,-0.0910000000000001
2009,Honduras,-0.0869999999999997
2010,Honduras,-0.0950000000000002
2011,Honduras,-0.0799999999999996
2012,Honduras,-0.0710000000000001
2013,Honduras,-0.072
2014,Honduras,-0.0619999999999998
2015,Honduras,-0.0470000000000001
2016,Honduras,-0.0419999999999998
2017,Honduras,-0.0410000000000003
2018,Honduras,-0.0179999999999997
2019,Honduras,-0.0339999999999998
2020,Honduras,-0.0340000000000002
2021,Honduras,-0.0289999999999999
2022,Honduras,-0.0260000000000002
2023,Honduras,-0.0219999999999997
1951,Hong Kong,0.0940000000000003
1952,Hong Kong,0.04
1953,Hong Kong,0.0379999999999993
1954,Hong Kong,0.0340000000000006
1955,Hong Kong,0.0889999999999995
1956,Hong Kong,0.0899999999999998
1957,Hong Kong,0.1230000000000002
1958,Hong Kong,0.1169999999999999
1959,Hong Kong,0.1180000000000003
1960,Hong Kong,0.0869999999999997
1961,Hong Kong,0.0839999999999996
1962,Hong Kong,0.008
1963,Hong Kong,-0.0249999999999994
1964,Hong Kong,-0.0670000000000001
1965,Hong Kong,-0.1619999999999999
1966,Hong Kong,-0.4589999999999996
1967,Hong Kong,-0.3410000000000002
1968,Hong Kong,-0.3400000000000003
1969,Hong Kong,-0.1839999999999997
1970,Hong Kong,-0.213
1971,Hong Kong,0.0139999999999997
1972,Hong Kong,-0.1459999999999999
1973,Hong Kong,-0.1190000000000002
1974,Hong Kong,-0.1809999999999996
1975,Hong Kong,-0.3270000000000004
1976,Hong Kong,-0.2059999999999999
1977,Hong Kong,-0.1129999999999999
1978,Hong Kong,-0.1029999999999997
1979,Hong Kong,-0.088
1980,Hong Kong,-0.056
1981,Hong Kong,-0.1079999999999998
1982,Hong Kong,-0.0809999999999999
1983,Hong Kong,-0.127
1984,Hong Kong,-0.1600000000000001
1985,Hong Kong,-0.0809999999999999
1986,Hong Kong,-0.1129999999999999
1987,Hong Kong,-0.052
1988,Hong Kong,0.064
1989,Hong Kong,-0.0869999999999999
1990,Hong Kong,-0.0330000000000001
1991,Hong Kong,0.016
1992,Hong Kong,0.06
1993,Hong Kong,0.0
1994,Hong Kong,0.0090000000000001
1995,Hong Kong,-0.064
1996,Hong Kong,-0.1009999999999999
1997,Hong Kong,-0.08
1998,Hong Kong,-0.098
1999,Hong Kong,-0.0309999999999999
2000,Hong Kong,0.0329999999999999
2001,Hong Kong,-0.0859999999999999
2002,Hong Kong,-0.0089999999999998
2003,Hong Kong,-0.028
2004,Hong Kong,0.017
2005,Hong Kong,0.0359999999999999
2006,Hong Kong,0.03
2007,Hong Kong,0.043
2008,Hong Kong,0.024
2009,Hong Kong,-0.004
2010,Hong Kong,0.07
2011,Hong Kong,0.0159999999999997
2012,Hong Kong,0.0710000000000001
2013,Hong Kong,0.0579999999999998
2014,Hong Kong,-0.0639999999999998
2015,Hong Kong,0.026
2016,Hong Kong,-0.022
2017,Hong Kong,-0.0690000000000001
2018,Hong Kong,-0.0499999999999998
2019,Hong Kong,-0.0310000000000001
2020,Hong Kong,-0.1629999999999999
2021,Hong Kong,-0.1139999999999999
2022,Hong Kong,-0.07
2023,Hong Kong,0.009
1951,Hungary,-0.0710000000000001
1952,Hungary,-0.06
1953,Hungary,0.266
1954,Hungary,0.2139999999999999
1955,Hungary,-0.1469999999999998
1956,Hungary,-0.2099999999999999
1957,Hungary,-0.3110000000000004
1958,Hungary,-0.1199999999999996
1959,Hungary,-0.0969999999999999
1960,Hungary,-0.0580000000000002
1961,Hungary,-0.0839999999999998
1962,Hungary,-0.1360000000000001
1963,Hungary,0.0190000000000001
1964,Hungary,-0.006
1965,Hungary,0.006
1966,Hungary,0.0699999999999998
1967,Hungary,0.123
1968,Hungary,0.0540000000000002
1969,Hungary,-0.0260000000000002
1970,Hungary,-0.0609999999999999
1971,Hungary,-0.0489999999999999
1972,Hungary,0.0
1973,Hungary,0.0209999999999999
1974,Hungary,0.3319999999999998
1975,Hungary,0.0790000000000001
1976,Hungary,-0.1120000000000001
1977,Hungary,-0.0869999999999997
1978,Hungary,-0.0870000000000001
1979,Hungary,-0.0590000000000001
1980,Hungary,-0.0979999999999998
1981,Hungary,-0.0429999999999999
1982,Hungary,-0.0809999999999999
1983,Hungary,-0.0509999999999999
1984,Hungary,0.0119999999999997
1985,Hungary,0.09
1986,Hungary,-0.0009999999999998
1987,Hungary,-0.0170000000000001
1988,Hungary,-0.0129999999999999
1989,Hungary,0.0029999999999998
1990,Hungary,0.038
1991,Hungary,0.006
1992,Hungary,-0.0929999999999999
1993,Hungary,-0.084
1994,Hungary,-0.046
1995,Hungary,-0.0719999999999998
1996,Hungary,-0.1100000000000001
1997,Hungary,-0.0809999999999999
1998,Hungary,-0.0509999999999999
1999,Hungary,-0.036
2000,Hungary,0.03
2001,Hungary,-0.008
2002,Hungary,-0.0090000000000001
2003,Hungary,-0.028
2004,Hungary,0.006
2005,Hungary,0.0310000000000001
2006,Hungary,0.0289999999999999
2007,Hungary,-0.0189999999999999
2008,Hungary,0.024
2009,Hungary,-0.0250000000000001
2010,Hungary,-0.064
2011,Hungary,-0.0069999999999998
2012,Hungary,0.084
2013,Hungary,0.016
2014,Hungary,0.0739999999999998
2015,Hungary,0.022
2016,Hungary,0.068
2017,Hungary,0.01
2018,Hungary,-0.002
2019,Hungary,0.0089999999999998
2020,Hungary,0.0450000000000001
2021,Hungary,0.0289999999999999
2022,Hungary,-0.0549999999999999
2023,Hungary,-0.064
1951,Iceland,-0.133
1952,Iceland,0.0669999999999997
1953,Iceland,0.145
1954,Iceland,-0.02
1955,Iceland,0.1229999999999997
1956,Iceland,0.0750000000000001
1957,Iceland,0.0620000000000002
1958,Iceland,-0.1009999999999999
1959,Iceland,0.141
1960,Iceland,0.0460000000000002
1961,Iceland,-0.3460000000000005
1962,Iceland,0.0660000000000002
1963,Iceland,0.0049999999999998
1964,Iceland,-0.1139999999999998
1965,Iceland,-0.1499999999999999
1966,Iceland,-0.1420000000000003
1967,Iceland,-0.2959999999999998
1968,Iceland,-0.2189999999999998
1969,Iceland,-0.0790000000000001
1970,Iceland,-0.169
1971,Iceland,0.1019999999999998
1972,Iceland,0.1680000000000001
1973,Iceland,-0.1440000000000001
1974,Iceland,-0.2799999999999998
1975,Iceland,-0.0209999999999999
1976,Iceland,-0.1180000000000003
1977,Iceland,-0.2019999999999999
1978,Iceland,0.032
1979,Iceland,0.1350000000000002
1980,Iceland,-0.0089999999999998
1981,Iceland,-0.141
1982,Iceland,-0.0650000000000003
1983,Iceland,-0.0259999999999998
1984,Iceland,-0.1629999999999998
1985,Iceland,-0.1410000000000002
1986,Iceland,-0.0069999999999998
1987,Iceland,0.1339999999999999
1988,Iceland,0.189
1989,Iceland,-0.0499999999999998
1990,Iceland,0.0939999999999998
1991,Iceland,-0.1059999999999998
1992,Iceland,0.0179999999999997
1993,Iceland,0.0070000000000001
1994,Iceland,-0.0769999999999999
1995,Iceland,-0.0609999999999999
1996,Iceland,0.028
1997,Iceland,-0.0710000000000001
1998,Iceland,0.0030000000000001
1999,Iceland,-0.046
2000,Iceland,0.074
2001,Iceland,-0.1160000000000001
2002,Iceland,-0.0190000000000001
2003,Iceland,0.0550000000000001
2004,Iceland,0.0459999999999998
2005,Iceland,0.0089999999999998
2006,Iceland,0.0290000000000003
2007,Iceland,0.0139999999999997
2008,Iceland,0.0670000000000001
2009,Iceland,0.0709999999999997
2010,Iceland,-0.0349999999999997
2011,Iceland,-0.169
2012,Iceland,0.0109999999999996
2013,Iceland,-0.0959999999999998
2014,Iceland,-0.01
2015,Iceland,-0.119
2016,Iceland,-0.0649999999999999
2017,Iceland,-0.0329999999999999
2018,Iceland,-0.0010000000000001
2019,Iceland,0.034
2020,Iceland,-0.026
2021,Iceland,0.1
2022,Iceland,-0.2290000000000001
2023,Iceland,-0.0489999999999999
1951,India,0.04
1952,India,0.0489999999999994
1953,India,0.0440000000000004
1954,India,0.0409999999999994
1955,India,0.0049999999999998
1956,India,0.0020000000000006
1957,India,0.0
1958,India,-0.0100000000000006
1959,India,-0.0109999999999992
1960,India,0.0289999999999999
1961,India,0.016
1962,India,0.016
1963,India,0.016
1964,India,0.0099999999999997
1965,India,-0.0380000000000002
1966,India,-0.0599999999999996
1967,India,-0.056
1968,India,-0.0650000000000003
1969,India,-0.0759999999999996
1970,India,-0.0600000000000005
1971,India,-0.0589999999999992
1972,India,-0.0830000000000001
1973,India,-0.08
1974,India,-0.0769999999999999
1975,India,-0.1299999999999999
1976,India,-0.0650000000000003
1977,India,-0.1230000000000002
1978,India,-0.1189999999999997
1979,India,-0.08
1980,India,-0.0329999999999994
1981,India,-0.0769999999999999
1982,India,-0.0780000000000002
1983,India,-0.0549999999999997
1984,India,-0.0490000000000003
1985,India,-0.0839999999999996
1986,India,-0.0330000000000003
1987,India,-0.088
1988,India,-0.0889999999999995
1989,India,-0.0900000000000007
1990,India,-0.0869999999999997
1991,India,-0.0859999999999998
1992,India,-0.0820000000000003
1993,India,-0.0779999999999998
1994,India,-0.076
1995,India,-0.072
1996,India,-0.0689999999999999
1997,India,-0.068
1998,India,-0.0679999999999996
1999,India,-0.0630000000000001
2000,India,-0.0329999999999999
2001,India,-0.0470000000000001
2002,India,-0.0859999999999998
2003,India,-0.0950000000000002
2004,India,-0.076
2005,India,-0.0879999999999996
2006,India,-0.0910000000000001
2007,India,-0.092
2008,India,-0.064
2009,India,-0.0369999999999999
2010,India,-0.076
2011,India,-0.0659999999999998
2012,India,-0.0619999999999998
2013,India,-0.0710000000000001
2014,India,-0.1059999999999998
2015,India,-0.004
2016,India,-0.0050000000000003
2017,India,-0.0909999999999997
2018,India,-0.0089999999999998
2019,India,-0.064
2020,India,-0.0729999999999999
2021,India,-0.0330000000000003
2022,India,-0.0199999999999997
2023,India,-0.0189999999999999
1951,Indonesia,0.0499999999999998
1952,Indonesia,0.0510000000000001
1953,Indonesia,0.0460000000000002
1954,Indonesia,0.0579999999999998
1955,Indonesia,0.048
1956,Indonesia,0.0309999999999996
1957,Indonesia,0.0250000000000003
1958,Indonesia,0.0300000000000002
1959,Indonesia,0.0279999999999995
1960,Indonesia,0.0289999999999999
1961,Indonesia,0.0170000000000003
1962,Indonesia,0.0119999999999995
1963,Indonesia,0.0170000000000003
1964,Indonesia,0.0169999999999994
1965,Indonesia,0.0250000000000003
1966,Indonesia,0.0
1967,Indonesia,-0.0099999999999997
1968,Indonesia,-0.0150000000000005
1969,Indonesia,-0.0149999999999996
1970,Indonesia,-0.0649999999999995
1971,Indonesia,-0.0910000000000001
1972,Indonesia,-0.0819999999999998
1973,Indonesia,-0.0689999999999999
1974,Indonesia,-0.157
1975,Indonesia,-0.0570000000000003
1976,Indonesia,-0.1109999999999997
1977,Indonesia,-0.1139999999999998
1978,Indonesia,-0.0750000000000001
1979,Indonesia,-0.1070000000000002
1980,Indonesia,-0.1299999999999999
1981,Indonesia,-0.1390000000000002
1982,Indonesia,-0.1089999999999999
1983,Indonesia,-0.1379999999999999
1984,Indonesia,-0.153
1985,Indonesia,-0.2309999999999998
1986,Indonesia,-0.1950000000000002
1987,Indonesia,-0.1099999999999998
1988,Indonesia,-0.0669999999999997
1989,Indonesia,-0.1060000000000003
1990,Indonesia,-0.133
1991,Indonesia,-0.056
1992,Indonesia,-0.1079999999999996
1993,Indonesia,-0.0500000000000002
1994,Indonesia,-0.0489999999999999
1995,Indonesia,-0.0419999999999998
1996,Indonesia,-0.0270000000000001
1997,Indonesia,-0.04
1998,Indonesia,-0.0819999999999998
1999,Indonesia,-0.092
2000,Indonesia,-0.0649999999999999
2001,Indonesia,-0.0369999999999999
2002,Indonesia,-0.0300000000000002
2003,Indonesia,-0.0259999999999998
2004,Indonesia,0.0049999999999998
2005,Indonesia,0.0369999999999999
2006,Indonesia,0.0049999999999998
2007,Indonesia,0.0190000000000001
2008,Indonesia,-0.036
2009,Indonesia,0.0020000000000002
2010,Indonesia,0.02
2011,Indonesia,0.0529999999999999
2012,Indonesia,-0.0010000000000003
2013,Indonesia,-0.0729999999999999
2014,Indonesia,-0.048
2015,Indonesia,-0.0469999999999997
2016,Indonesia,-0.0350000000000001
2017,Indonesia,-0.0579999999999998
2018,Indonesia,-0.0340000000000002
2019,Indonesia,-0.0139999999999997
2020,Indonesia,-0.016
2021,Indonesia,-0.0230000000000001
2022,Indonesia,-0.0169999999999999
2023,Indonesia,-0.0220000000000002
1951,Iran,0.0070000000000005
1952,Iran,0.0279999999999995
1953,Iran,0.0209999999999999
1954,Iran,0.0220000000000002
1955,Iran,0.1029999999999997
1956,Iran,0.0979999999999998
1957,Iran,0.1050000000000004
1958,Iran,0.104
1959,Iran,0.1129999999999995
1960,Iran,-0.0519999999999996
1961,Iran,-0.0600000000000005
1962,Iran,-0.0579999999999998
1963,Iran,-0.0839999999999996
1964,Iran,-0.08
1965,Iran,-0.0149999999999996
1966,Iran,-0.008
1967,Iran,-0.024
1968,Iran,-0.0710000000000006
1969,Iran,-0.1120000000000001
1970,Iran,-0.2089999999999996
1971,Iran,-0.2489999999999996
1972,Iran,-0.2920000000000007
1973,Iran,-0.1959999999999997
1974,Iran,-0.0929999999999999
1975,Iran,-0.0209999999999999
1976,Iran,0.1189999999999997
1977,Iran,0.1130000000000004
1978,Iran,0.165
1979,Iran,0.205
1980,Iran,0.0809999999999995
1981,Iran,-0.0119999999999995
1982,Iran,-0.032
1983,Iran,-0.0580000000000007
1984,Iran,-0.0949999999999997
1985,Iran,-0.1909999999999998
1986,Iran,-0.2309999999999998
1987,Iran,-0.2919999999999998
1988,Iran,-0.2850000000000001
1989,Iran,-0.2620000000000004
1990,Iran,-0.2379999999999995
1991,Iran,-0.3660000000000005
1992,Iran,-0.4689999999999994
1993,Iran,-0.4250000000000002
1994,Iran,-0.4299999999999997
1995,Iran,-0.3920000000000003
1996,Iran,-0.31
1997,Iran,-0.2189999999999998
1998,Iran,-0.133
1999,Iran,-0.1009999999999999
2000,Iran,-0.0899999999999998
2001,Iran,-0.0810000000000001
2002,Iran,-0.0819999999999998
2003,Iran,-0.0350000000000001
2004,Iran,-0.0209999999999999
2005,Iran,-0.024
2006,Iran,-0.0010000000000001
2007,Iran,-0.0069999999999998
2008,Iran,-0.0049999999999998
2009,Iran,-0.0030000000000001
2010,Iran,0.0090000000000001
2011,Iran,0.0429999999999999
2012,Iran,0.0589999999999999
2013,Iran,0.062
2014,Iran,0.062
2015,Iran,0.0419999999999998
2016,Iran,0.0369999999999999
2017,Iran,-0.0309999999999996
2018,Iran,-0.104
2019,Iran,-0.153
2020,Iran,-0.066
2021,Iran,0.0090000000000001
2022,Iran,-0.0050000000000001
2023,Iran,-0.0089999999999998
1951,Iraq,0.2000000000000001
1952,Iraq,0.4369999999999994
1953,Iraq,0.0070000000000005
1954,Iraq,-0.0860000000000003
1955,Iraq,-0.758
1956,Iraq,0.0
1957,Iraq,-1.2000000000000002
1958,Iraq,0.0
1959,Iraq,0.5
1960,Iraq,0.0
1961,Iraq,0.5
1962,Iraq,1.1909999999999998
1963,Iraq,0.0140000000000002
1964,Iraq,0.0049999999999998
1965,Iraq,0.0099999999999997
1966,Iraq,0.0020000000000006
1967,Iraq,0.0069999999999996
1968,Iraq,0.0270000000000001
1969,Iraq,0.0270000000000001
1970,Iraq,-0.0120000000000004
1971,Iraq,-0.016
1972,Iraq,-0.0309999999999996
1973,Iraq,-0.0380000000000002
1974,Iraq,-0.0339999999999998
1975,Iraq,-0.0389999999999997
1976,Iraq,-0.0570000000000003
1977,Iraq,-0.0609999999999999
1978,Iraq,-0.0689999999999999
1979,Iraq,-0.064
1980,Iraq,-0.0689999999999999
1981,Iraq,-0.0670000000000001
1982,Iraq,-0.0659999999999998
1983,Iraq,-0.0730000000000004
1984,Iraq,-0.0659999999999998
1985,Iraq,-0.0749999999999992
1986,Iraq,-0.064
1987,Iraq,-0.0680000000000005
1988,Iraq,-0.0620000000000002
1989,Iraq,-0.0639999999999991
1990,Iraq,-0.0590000000000001
1991,Iraq,-0.096
1992,Iraq,-0.1150000000000002
1993,Iraq,-0.1089999999999999
1994,Iraq,-0.1209999999999995
1995,Iraq,-0.1280000000000001
1996,Iraq,-0.1110000000000006
1997,Iraq,-0.0549999999999997
1998,Iraq,-0.0819999999999998
1999,Iraq,-0.0769999999999999
2000,Iraq,-0.1150000000000002
2001,Iraq,-0.1209999999999995
2002,Iraq,-0.1310000000000002
2003,Iraq,-0.0869999999999997
2004,Iraq,-0.0540000000000002
2005,Iraq,-0.0810000000000004
2006,Iraq,0.0129999999999999
2007,Iraq,-0.0549999999999997
2008,Iraq,-0.0309999999999996
2009,Iraq,0.0049999999999998
2010,Iraq,0.0789999999999997
2011,Iraq,0.1310000000000002
2012,Iraq,-0.0440000000000004
2013,Iraq,-0.1029999999999997
2014,Iraq,-0.1310000000000002
2015,Iraq,-0.2299999999999995
2016,Iraq,-0.2370000000000001
2017,Iraq,-0.2029999999999998
2018,Iraq,-0.0929999999999999
2019,Iraq,-0.0670000000000001
2020,Iraq,-0.0609999999999999
2021,Iraq,-0.0609999999999999
2022,Iraq,-0.064
2023,Iraq,-0.0449999999999999
1951,Ireland,0.0510000000000001
1952,Ireland,0.012
1953,Ireland,-0.0249999999999999
1954,Ireland,-0.068
1955,Ireland,-0.1009999999999999
1956,Ireland,0.016
1957,Ireland,0.0969999999999999
1958,Ireland,-0.0140000000000002
1959,Ireland,0.137
1960,Ireland,0.153
1961,Ireland,0.0289999999999999
1962,Ireland,0.1460000000000003
1963,Ireland,0.0969999999999999
1964,Ireland,0.0519999999999996
1965,Ireland,-0.0389999999999997
1966,Ireland,-0.0979999999999998
1967,Ireland,-0.0990000000000002
1968,Ireland,-0.0729999999999999
1969,Ireland,0.0539999999999998
1970,Ireland,0.0260000000000002
1971,Ireland,0.084
1972,Ireland,-0.0849999999999999
1973,Ireland,-0.1360000000000001
1974,Ireland,-0.125
1975,Ireland,-0.2160000000000002
1976,Ireland,-0.0849999999999999
1977,Ireland,-0.0449999999999999
1978,Ireland,-0.0310000000000001
1979,Ireland,0.0030000000000001
1980,Ireland,-0.0089999999999998
1981,Ireland,-0.1459999999999999
1982,Ireland,-0.1120000000000001
1983,Ireland,-0.1979999999999999
1984,Ireland,-0.1630000000000002
1985,Ireland,-0.0939999999999998
1986,Ireland,-0.0510000000000001
1987,Ireland,-0.1259999999999999
1988,Ireland,-0.1419999999999999
1989,Ireland,-0.092
1990,Ireland,0.0289999999999999
1991,Ireland,-0.0329999999999999
1992,Ireland,-0.0859999999999998
1993,Ireland,-0.0870000000000001
1994,Ireland,-0.0559999999999998
1995,Ireland,-0.0050000000000001
1996,Ireland,0.04
1997,Ireland,0.0489999999999999
1998,Ireland,0.0090000000000001
1999,Ireland,-0.038
2000,Ireland,-0.01
2001,Ireland,0.0469999999999999
2002,Ireland,0.0310000000000001
2003,Ireland,-0.0110000000000001
2004,Ireland,-0.03
2005,Ireland,-0.0649999999999999
2006,Ireland,0.05
2007,Ireland,0.096
2008,Ireland,0.0539999999999998
2009,Ireland,-0.0019999999999997
2010,Ireland,-0.0070000000000001
2011,Ireland,-0.0230000000000001
2012,Ireland,-0.0429999999999999
2013,Ireland,-0.056
2014,Ireland,-0.034
2015,Ireland,-0.0389999999999999
2016,Ireland,-0.0449999999999999
2017,Ireland,-0.044
2018,Ireland,-0.0110000000000001
2019,Ireland,-0.0429999999999999
2020,Ireland,-0.0649999999999999
2021,Ireland,0.1239999999999998
2022,Ireland,-0.1829999999999998
2023,Ireland,0.004
1951,Isle of Man,-0.0499999999999998
1952,Isle of Man,-0.0780000000000002
1953,Isle of Man,-0.1059999999999998
1954,Isle of Man,-0.1110000000000002
1955,Isle of Man,-0.1129999999999997
1956,Isle of Man,0.1220000000000001
1957,Isle of Man,0.0999999999999996
1958,Isle of Man,0.193
1959,Isle of Man,0.056
1960,Isle of Man,0.262
1961,Isle of Man,0.0060000000000002
1962,Isle of Man,-0.0540000000000002
1963,Isle of Man,-0.0099999999999997
1964,Isle of Man,0.0029999999999996
1965,Isle of Man,-0.0879999999999996
1966,Isle of Man,-0.0769999999999999
1967,Isle of Man,-0.0150000000000001
1968,Isle of Man,0.0
1969,Isle of Man,0.0649999999999999
1970,Isle of Man,0.0539999999999998
1971,Isle of Man,-0.0539999999999998
1972,Isle of Man,-0.0579999999999998
1973,Isle of Man,-0.0900000000000003
1974,Isle of Man,-0.1009999999999999
1975,Isle of Man,-0.1029999999999997
1976,Isle of Man,-0.0769999999999999
1977,Isle of Man,-0.06
1978,Isle of Man,-0.0350000000000001
1979,Isle of Man,-0.028
1980,Isle of Man,-0.006
1981,Isle of Man,-0.0129999999999999
1982,Isle of Man,-0.026
1983,Isle of Man,-0.0270000000000001
1984,Isle of Man,-0.0229999999999999
1985,Isle of Man,0.0149999999999999
1986,Isle of Man,0.012
1987,Isle of Man,0.0170000000000001
1988,Isle of Man,0.012
1989,Isle of Man,0.0049999999999998
1990,Isle of Man,0.0330000000000001
1991,Isle of Man,0.0189999999999999
1992,Isle of Man,-0.004
1993,Isle of Man,-0.028
1994,Isle of Man,-0.0309999999999999
1995,Isle of Man,0.008
1996,Isle of Man,0.008
1997,Isle of Man,-0.0050000000000001
1998,Isle of Man,-0.0249999999999999
1999,Isle of Man,-0.0429999999999999
2000,Isle of Man,0.008
2001,Isle of Man,0.004
2002,Isle of Man,-0.0070000000000001
2003,Isle of Man,-0.0229999999999999
2004,Isle of Man,-0.014
2005,Isle of Man,0.0369999999999999
2006,Isle of Man,0.042
2007,Isle of Man,0.022
2008,Isle of Man,0.014
2009,Isle of Man,-0.004
2010,Isle of Man,-0.0090000000000001
2011,Isle of Man,-0.0249999999999999
2012,Isle of Man,-0.0389999999999999
2013,Isle of Man,-0.04
2014,Isle of Man,-0.034
2015,Isle of Man,-0.042
2016,Isle of Man,-0.0349999999999999
2017,Isle of Man,-0.0390000000000001
2018,Isle of Man,-0.038
2019,Isle of Man,-0.0299999999999998
2020,Isle of Man,-0.0210000000000001
2021,Isle of Man,-0.016
2022,Isle of Man,-0.0129999999999999
2023,Isle of Man,-0.008
1951,Israel,0.0950000000000006
1952,Israel,0.0749999999999992
1953,Israel,-0.0189999999999992
1954,Israel,-0.3810000000000002
1955,Israel,0.0459999999999993
1956,Israel,0.0490000000000003
1957,Israel,-0.0540000000000002
1958,Israel,-0.056
1959,Israel,0.0380000000000002
1960,Israel,0.0019999999999997
1961,Israel,-0.2179999999999999
1962,Israel,-0.0619999999999993
1963,Israel,0.0009999999999994
1964,Israel,0.0760000000000005
1965,Israel,-0.0380000000000002
1966,Israel,-0.165
1967,Israel,-0.1360000000000001
1968,Israel,-0.1129999999999999
1969,Israel,-0.0349999999999997
1970,Israel,0.1099999999999998
1971,Israel,0.0630000000000001
1972,Israel,-0.0510000000000001
1973,Israel,-0.1920000000000001
1974,Israel,0.0350000000000001
1975,Israel,-0.0270000000000001
1976,Israel,0.008
1977,Israel,-0.1519999999999997
1978,Israel,-0.2250000000000001
1979,Israel,-0.0420000000000002
1980,Israel,-0.0499999999999998
1981,Israel,-0.08
1982,Israel,0.0579999999999998
1983,Israel,0.012
1984,Israel,-0.0659999999999998
1985,Israel,-0.0379999999999998
1986,Israel,-0.048
1987,Israel,-0.068
1988,Israel,-0.0270000000000001
1989,Israel,-0.056
1990,Israel,0.0
1991,Israel,-0.008
1992,Israel,0.0380000000000002
1993,Israel,-0.004
1994,Israel,-0.0289999999999999
1995,Israel,-0.0140000000000002
1996,Israel,0.0390000000000001
1997,Israel,0.0139999999999997
1998,Israel,0.0460000000000002
1999,Israel,-0.0340000000000002
2000,Israel,0.0329999999999999
2001,Israel,-0.0529999999999999
2002,Israel,0.0089999999999998
2003,Israel,0.0420000000000002
2004,Israel,-0.0710000000000001
2005,Israel,-0.0549999999999997
2006,Israel,0.0349999999999997
2007,Israel,0.024
2008,Israel,0.0510000000000001
2009,Israel,0.0409999999999999
2010,Israel,0.084
2011,Israel,-0.0180000000000002
2012,Israel,0.04
2013,Israel,-0.0139999999999997
2014,Israel,0.0449999999999999
2015,Israel,0.012
2016,Israel,0.02
2017,Israel,0.0100000000000002
2018,Israel,-0.02
2019,Israel,-0.0690000000000004
2020,Israel,-0.0969999999999999
2021,Israel,0.0820000000000003
2022,Israel,-0.0830000000000001
2023,Israel,-0.1059999999999998
1951,Italy,-0.1470000000000002
1952,Italy,-0.0529999999999999
1953,Italy,-0.0379999999999998
1954,Italy,0.064
1955,Italy,-0.0060000000000002
1956,Italy,0.008
1957,Italy,-0.0030000000000001
1958,Italy,-0.0219999999999997
1959,Italy,0.0609999999999999
1960,Italy,-0.0030000000000001
1961,Italy,0.036
1962,Italy,0.0310000000000001
1963,Italy,0.0689999999999999
1964,Italy,0.1419999999999999
1965,Italy,-0.0449999999999999
1966,Italy,-0.0289999999999999
1967,Italy,-0.0790000000000001
1968,Italy,-0.0189999999999996
1969,Italy,-0.02
1970,Italy,-0.0740000000000002
1971,Italy,0.0020000000000002
1972,Italy,-0.0470000000000001
1973,Italy,-0.036
1974,Italy,-0.0230000000000001
1975,Italy,-0.1149999999999997
1976,Italy,-0.121
1977,Italy,-0.1169999999999999
1978,Italy,-0.098
1979,Italy,-0.1079999999999998
1980,Italy,-0.086
1981,Italy,-0.0649999999999999
1982,Italy,-0.0210000000000001
1983,Italy,-0.0549999999999999
1984,Italy,-0.048
1985,Italy,-0.042
1986,Italy,-0.0649999999999999
1987,Italy,-0.0209999999999999
1988,Italy,0.0249999999999999
1989,Italy,-0.0269999999999999
1990,Italy,0.0029999999999998
1991,Italy,-0.028
1992,Italy,-0.0069999999999998
1993,Italy,-0.0469999999999999
1994,Italy,-0.0410000000000001
1995,Italy,-0.02
1996,Italy,0.0090000000000001
1997,Italy,0.0129999999999999
1998,Italy,0.0
1999,Italy,0.018
2000,Italy,0.0210000000000001
2001,Italy,-0.002
2002,Italy,0.0169999999999999
2003,Italy,0.0209999999999999
2004,Italy,0.052
2005,Italy,-0.0049999999999998
2006,Italy,0.032
2007,Italy,0.0289999999999999
2008,Italy,0.042
2009,Italy,0.004
2010,Italy,0.004
2011,Italy,-0.016
2012,Italy,-0.0110000000000001
2013,Italy,-0.036
2014,Italy,-0.0159999999999997
2015,Italy,-0.02
2016,Italy,-0.008
2017,Italy,-0.0190000000000001
2018,Italy,-0.0309999999999999
2019,Italy,-0.0270000000000001
2020,Italy,-0.0169999999999999
2021,Italy,0.01
2022,Italy,-0.012
2023,Italy,-0.042
1951,Jamaica,0.0899999999999998
1952,Jamaica,0.0410000000000003
1953,Jamaica,0.1299999999999999
1954,Jamaica,0.149
1955,Jamaica,0.1909999999999998
1956,Jamaica,0.2169999999999996
1957,Jamaica,0.2220000000000004
1958,Jamaica,0.2290000000000001
1959,Jamaica,0.1310000000000002
1960,Jamaica,0.2149999999999998
1961,Jamaica,0.0590000000000001
1962,Jamaica,0.0379999999999993
1963,Jamaica,0.096
1964,Jamaica,0.0590000000000001
1965,Jamaica,-0.0709999999999997
1966,Jamaica,-0.0270000000000001
1967,Jamaica,-0.024
1968,Jamaica,-0.0920000000000005
1969,Jamaica,-0.1079999999999996
1970,Jamaica,-0.1189999999999997
1971,Jamaica,-0.1370000000000004
1972,Jamaica,-0.1520000000000001
1973,Jamaica,-0.0649999999999995
1974,Jamaica,-0.33
1975,Jamaica,-0.2290000000000001
1976,Jamaica,-0.2229999999999998
1977,Jamaica,-0.2090000000000005
1978,Jamaica,-0.1659999999999994
1979,Jamaica,-0.1190000000000002
1980,Jamaica,-0.1309999999999997
1981,Jamaica,-0.0780000000000002
1982,Jamaica,-0.0519999999999996
1983,Jamaica,-0.0470000000000001
1984,Jamaica,-0.0870000000000001
1985,Jamaica,-0.1119999999999996
1986,Jamaica,-0.1060000000000003
1987,Jamaica,-0.0819999999999998
1988,Jamaica,-0.0419999999999998
1989,Jamaica,-0.052
1990,Jamaica,0.0249999999999999
1991,Jamaica,0.0419999999999998
1992,Jamaica,0.0289999999999999
1993,Jamaica,-0.0389999999999997
1994,Jamaica,-0.0569999999999999
1995,Jamaica,-0.0790000000000001
1996,Jamaica,-0.0809999999999999
1997,Jamaica,-0.0929999999999999
1998,Jamaica,-0.1030000000000002
1999,Jamaica,-0.1089999999999999
2000,Jamaica,-0.1199999999999996
2001,Jamaica,-0.0490000000000003
2002,Jamaica,-0.0249999999999999
2003,Jamaica,-0.0269999999999996
2004,Jamaica,-0.0460000000000002
2005,Jamaica,-0.0499999999999998
2006,Jamaica,-0.0590000000000001
2007,Jamaica,-0.0659999999999998
2008,Jamaica,-0.07
2009,Jamaica,-0.074
2010,Jamaica,-0.08
2011,Jamaica,-0.0819999999999998
2012,Jamaica,-0.0690000000000001
2013,Jamaica,-0.0569999999999999
2014,Jamaica,-0.0469999999999999
2015,Jamaica,-0.036
2016,Jamaica,-0.044
2017,Jamaica,-0.036
2018,Jamaica,-0.028
2019,Jamaica,-0.01
2020,Jamaica,-0.0069999999999998
2021,Jamaica,-0.0050000000000001
2022,Jamaica,-0.0059999999999997
2023,Jamaica,-0.014
1951,Japan,-0.3900000000000001
1952,Japan,-0.278
1953,Japan,-0.274
1954,Japan,-0.205
1955,Japan,-0.1189999999999997
1956,Japan,-0.1430000000000002
1957,Japan,-0.1699999999999999
1958,Japan,0.0609999999999999
1959,Japan,-0.0619999999999998
1960,Japan,-0.054
1961,Japan,-0.0530000000000001
1962,Japan,0.0
1963,Japan,0.0230000000000001
1964,Japan,0.0469999999999999
1965,Japan,0.0909999999999999
1966,Japan,-0.4570000000000001
1967,Japan,0.526
1968,Japan,-0.0929999999999999
1969,Japan,-0.0390000000000001
1970,Japan,0.0090000000000003
1971,Japan,0.0539999999999998
1972,Japan,0.0249999999999999
1973,Japan,0.0310000000000001
1974,Japan,-0.08
1975,Japan,-0.1439999999999999
1976,Japan,-0.08
1977,Japan,-0.052
1978,Japan,-0.0029999999999998
1979,Japan,-0.0170000000000001
1980,Japan,-0.0299999999999998
1981,Japan,-0.0210000000000001
1982,Japan,0.02
1983,Japan,0.032
1984,Japan,0.01
1985,Japan,-0.044
1986,Japan,-0.038
1987,Japan,-0.032
1988,Japan,-0.0409999999999999
1989,Japan,-0.078
1990,Japan,-0.038
1991,Japan,-0.0049999999999998
1992,Japan,-0.026
1993,Japan,-0.038
1994,Japan,0.028
1995,Japan,-0.0609999999999999
1996,Japan,-0.004
1997,Japan,-0.0270000000000001
1998,Japan,-0.0049999999999998
1999,Japan,-0.0309999999999999
2000,Japan,0.006
2001,Japan,-0.0210000000000001
2002,Japan,-0.0169999999999999
2003,Japan,-0.0230000000000001
2004,Japan,-0.008
2005,Japan,-0.0319999999999998
2006,Japan,0.0399999999999998
2007,Japan,0.02
2008,Japan,0.0250000000000001
2009,Japan,0.0029999999999998
2010,Japan,0.024
2011,Japan,0.006
2012,Japan,0.0129999999999999
2013,Japan,0.0130000000000001
2014,Japan,-0.0010000000000001
2015,Japan,0.0270000000000001
2016,Japan,-0.0070000000000001
2017,Japan,-0.018
2018,Japan,-0.0169999999999999
2019,Japan,-0.05
2020,Japan,-0.0189999999999999
2021,Japan,-0.0290000000000001
2022,Japan,-0.0189999999999999
2023,Japan,-0.048
1951,Jersey,-0.0859999999999998
1952,Jersey,-0.044
1953,Jersey,-0.0450000000000003
1954,Jersey,-0.0179999999999997
1955,Jersey,-0.038
1956,Jersey,0.0350000000000001
1957,Jersey,0.0689999999999997
1958,Jersey,0.1089999999999999
1959,Jersey,0.104
1960,Jersey,0.149
1961,Jersey,0.0860000000000003
1962,Jersey,0.1279999999999996
1963,Jersey,0.1169999999999999
1964,Jersey,0.0430000000000001
1965,Jersey,-0.056
1966,Jersey,-0.1600000000000001
1967,Jersey,-0.1839999999999997
1968,Jersey,-0.1270000000000002
1969,Jersey,-0.1539999999999999
1970,Jersey,-0.1719999999999999
1971,Jersey,-0.034
1972,Jersey,-0.2630000000000001
1973,Jersey,-0.0839999999999998
1974,Jersey,-0.08
1975,Jersey,-0.056
1976,Jersey,-0.0779999999999998
1977,Jersey,0.0709999999999999
1978,Jersey,-0.02
1979,Jersey,0.0069999999999998
1980,Jersey,-0.0429999999999999
1981,Jersey,-0.0309999999999999
1982,Jersey,0.0029999999999998
1983,Jersey,0.002
1984,Jersey,0.0290000000000001
1985,Jersey,-0.0570000000000001
1986,Jersey,0.022
1987,Jersey,0.0649999999999999
1988,Jersey,0.0590000000000001
1989,Jersey,0.0089999999999998
1990,Jersey,-0.002
1991,Jersey,-0.0469999999999999
1992,Jersey,0.064
1993,Jersey,-0.0550000000000001
1994,Jersey,0.082
1995,Jersey,0.0229999999999999
1996,Jersey,0.016
1997,Jersey,0.0030000000000001
1998,Jersey,-0.0070000000000001
1999,Jersey,-0.0129999999999999
2000,Jersey,-0.01
2001,Jersey,-0.0169999999999999
2002,Jersey,-0.014
2003,Jersey,0.0609999999999999
2004,Jersey,-0.0230000000000001
2005,Jersey,-0.0809999999999999
2006,Jersey,0.006
2007,Jersey,0.09
2008,Jersey,0.0329999999999999
2009,Jersey,0.0130000000000001
2010,Jersey,0.0169999999999999
2011,Jersey,0.0050000000000001
2012,Jersey,-0.0030000000000001
2013,Jersey,-0.026
2014,Jersey,-0.0169999999999999
2015,Jersey,-0.042
2016,Jersey,-0.042
2017,Jersey,-0.0489999999999999
2018,Jersey,-0.034
2019,Jersey,-0.0249999999999999
2020,Jersey,-0.0230000000000001
2021,Jersey,0.0190000000000001
2022,Jersey,0.0089999999999998
2023,Jersey,0.006
1951,Jordan,-0.0039999999999995
1952,Jordan,-0.0180000000000006
1953,Jordan,-0.0119999999999995
1954,Jordan,-0.0110000000000001
1955,Jordan,0.0209999999999999
1956,Jordan,0.0209999999999999
1957,Jordan,0.0190000000000001
1958,Jordan,0.0190000000000001
1959,Jordan,0.0329999999999994
1960,Jordan,0.0870000000000006
1961,Jordan,0.0999999999999996
1962,Jordan,0.0860000000000003
1963,Jordan,0.0689999999999999
1964,Jordan,0.0590000000000001
1965,Jordan,0.0190000000000001
1966,Jordan,0.0599999999999996
1967,Jordan,0.0669999999999992
1968,Jordan,0.0760000000000005
1969,Jordan,0.0570000000000003
1970,Jordan,-0.011000000000001
1971,Jordan,-0.0309999999999988
1972,Jordan,-0.0329999999999994
1973,Jordan,-0.0550000000000014
1974,Jordan,-0.0649999999999995
1975,Jordan,-0.072
1976,Jordan,-0.0929999999999999
1977,Jordan,-0.1089999999999999
1978,Jordan,-0.1289999999999995
1979,Jordan,-0.1459999999999999
1980,Jordan,-0.1610000000000004
1981,Jordan,-0.1659999999999994
1982,Jordan,-0.1620000000000008
1983,Jordan,-0.1469999999999993
1984,Jordan,-0.141
1985,Jordan,-0.1370000000000004
1986,Jordan,-0.1470000000000002
1987,Jordan,-0.1909999999999998
1988,Jordan,-0.1849999999999996
1989,Jordan,-0.213
1990,Jordan,-0.2540000000000004
1991,Jordan,-0.2139999999999995
1992,Jordan,-0.1930000000000005
1993,Jordan,-0.1649999999999991
1994,Jordan,-0.1530000000000004
1995,Jordan,-0.1429999999999998
1996,Jordan,-0.1680000000000001
1997,Jordan,-0.1900000000000004
1998,Jordan,-0.2059999999999995
1999,Jordan,-0.141
2000,Jordan,-0.1070000000000002
2001,Jordan,-0.0609999999999999
2002,Jordan,0.0020000000000002
2003,Jordan,0.0109999999999996
2004,Jordan,-0.0869999999999997
2005,Jordan,-0.076
2006,Jordan,0.0579999999999998
2007,Jordan,0.0860000000000003
2008,Jordan,0.0789999999999997
2009,Jordan,-0.0349999999999997
2010,Jordan,-0.0610000000000003
2011,Jordan,-0.0899999999999998
2012,Jordan,-0.1219999999999998
2013,Jordan,-0.1190000000000002
2014,Jordan,-0.1469999999999998
2015,Jordan,-0.161
2016,Jordan,-0.0689999999999999
2017,Jordan,-0.0779999999999998
2018,Jordan,-0.0710000000000001
2019,Jordan,-0.068
2020,Jordan,-0.064
2021,Jordan,-0.056
2022,Jordan,-0.056
2023,Jordan,-0.04
1951,Kazakhstan,-0.0209999999999999
1952,Kazakhstan,-0.0279999999999995
1953,Kazakhstan,-0.0149999999999996
1954,Kazakhstan,-0.0140000000000002
1955,Kazakhstan,0.024
1956,Kazakhstan,0.0649999999999995
1957,Kazakhstan,0.0670000000000001
1958,Kazakhstan,0.04
1959,Kazakhstan,-0.1089999999999999
1960,Kazakhstan,-0.0739999999999998
1961,Kazakhstan,-0.0709999999999997
1962,Kazakhstan,-0.0670000000000001
1963,Kazakhstan,-0.0929999999999999
1964,Kazakhstan,-0.1930000000000005
1965,Kazakhstan,-0.1899999999999999
1966,Kazakhstan,-0.0619999999999998
1967,Kazakhstan,-0.0499999999999998
1968,Kazakhstan,-0.1400000000000001
1969,Kazakhstan,-0.1200000000000001
1970,Kazakhstan,-0.004
1971,Kazakhstan,0.0289999999999999
1972,Kazakhstan,0.0190000000000001
1973,Kazakhstan,-0.0449999999999999
1974,Kazakhstan,-0.0550000000000001
1975,Kazakhstan,-0.0549999999999997
1976,Kazakhstan,-0.0660000000000002
1977,Kazakhstan,-0.0749999999999997
1978,Kazakhstan,-0.1009999999999999
1979,Kazakhstan,-0.0190000000000001
1980,Kazakhstan,-0.0449999999999999
1981,Kazakhstan,-0.04
1982,Kazakhstan,-0.032
1983,Kazakhstan,0.048
1984,Kazakhstan,0.0779999999999998
1985,Kazakhstan,0.0620000000000002
1986,Kazakhstan,-0.0190000000000001
1987,Kazakhstan,-0.0670000000000001
1988,Kazakhstan,-0.121
1989,Kazakhstan,-0.1349999999999998
1990,Kazakhstan,-0.121
1991,Kazakhstan,-0.068
1992,Kazakhstan,-0.0929999999999999
1993,Kazakhstan,-0.1009999999999999
1994,Kazakhstan,-0.1049999999999999
1995,Kazakhstan,-0.125
1996,Kazakhstan,-0.169
1997,Kazakhstan,-0.1140000000000001
1998,Kazakhstan,-0.032
1999,Kazakhstan,-0.036
2000,Kazakhstan,-0.004
2001,Kazakhstan,0.008
2002,Kazakhstan,0.05
2003,Kazakhstan,0.1190000000000002
2004,Kazakhstan,0.1259999999999999
2005,Kazakhstan,0.0729999999999999
2006,Kazakhstan,0.1059999999999998
2007,Kazakhstan,0.1100000000000003
2008,Kazakhstan,0.1259999999999999
2009,Kazakhstan,-0.036
2010,Kazakhstan,0.0299999999999998
2011,Kazakhstan,-0.0049999999999998
2012,Kazakhstan,0.0350000000000001
2013,Kazakhstan,0.0299999999999998
2014,Kazakhstan,0.0899999999999998
2015,Kazakhstan,-0.0049999999999998
2016,Kazakhstan,0.04
2017,Kazakhstan,-0.0499999999999998
2018,Kazakhstan,0.1
2019,Kazakhstan,0.0449999999999999
2020,Kazakhstan,0.2399999999999997
2021,Kazakhstan,0.1899999999999999
2022,Kazakhstan,-0.27
2023,Kazakhstan,-0.0379999999999998
1951,Kenya,0.0110000000000001
1952,Kenya,0.0099999999999997
1953,Kenya,0.016
1954,Kenya,0.008
1955,Kenya,0.0259999999999998
1956,Kenya,0.0529999999999999
1957,Kenya,0.0579999999999998
1958,Kenya,0.0330000000000003
1959,Kenya,0.0389999999999997
1960,Kenya,0.008
1961,Kenya,0.064
1962,Kenya,0.0540000000000002
1963,Kenya,0.048
1964,Kenya,0.0519999999999996
1965,Kenya,0.0540000000000002
1966,Kenya,0.032
1967,Kenya,-0.0019999999999997
1968,Kenya,-0.0049999999999998
1969,Kenya,-0.0010000000000003
1970,Kenya,-0.0040000000000004
1971,Kenya,-0.0209999999999999
1972,Kenya,-0.0279999999999995
1973,Kenya,-0.0339999999999998
1974,Kenya,-0.0380000000000002
1975,Kenya,-0.0270000000000001
1976,Kenya,-0.0279999999999995
1977,Kenya,-0.0380000000000002
1978,Kenya,-0.0629999999999997
1979,Kenya,-0.0680000000000005
1980,Kenya,-0.0670000000000001
1981,Kenya,-0.0769999999999999
1982,Kenya,-0.1089999999999999
1983,Kenya,-0.1269999999999997
1984,Kenya,-0.1349999999999998
1985,Kenya,-0.1230000000000002
1986,Kenya,-0.1200000000000001
1987,Kenya,-0.1539999999999999
1988,Kenya,-0.1710000000000002
1989,Kenya,-0.1829999999999998
1990,Kenya,-0.197
1991,Kenya,-0.1949999999999994
1992,Kenya,-0.2000000000000001
1993,Kenya,-0.1710000000000002
1994,Kenya,-0.1310000000000002
1995,Kenya,-0.0659999999999998
1996,Kenya,-0.0649999999999995
1997,Kenya,-0.0390000000000005
1998,Kenya,-0.024
1999,Kenya,-0.0670000000000001
2000,Kenya,-0.0409999999999994
2001,Kenya,-0.0419999999999998
2002,Kenya,-0.0670000000000001
2003,Kenya,-0.0899999999999998
2004,Kenya,-0.0760000000000005
2005,Kenya,-0.0599999999999996
2006,Kenya,-0.0470000000000006
2007,Kenya,-0.0359999999999995
2008,Kenya,-0.0579999999999998
2009,Kenya,-0.0929999999999999
2010,Kenya,-0.1210000000000004
2011,Kenya,-0.1619999999999999
2012,Kenya,-0.1680000000000001
2013,Kenya,-0.1609999999999996
2014,Kenya,-0.1120000000000001
2015,Kenya,-0.0769999999999999
2016,Kenya,-0.0769999999999999
2017,Kenya,-0.08
2018,Kenya,-0.0729999999999999
2019,Kenya,-0.1030000000000002
2020,Kenya,-0.0689999999999999
2021,Kenya,-0.052
2022,Kenya,-0.0499999999999998
2023,Kenya,-0.0539999999999998
1951,Kiribati,0.0419999999999998
1952,Kiribati,0.04
1953,Kiribati,0.0499999999999998
1954,Kiribati,0.0410000000000003
1955,Kiribati,0.0209999999999999
1956,Kiribati,0.0190000000000001
1957,Kiribati,0.0209999999999999
1958,Kiribati,0.0120000000000004
1959,Kiribati,0.024
1960,Kiribati,0.0409999999999994
1961,Kiribati,0.0360000000000004
1962,Kiribati,-0.0620000000000002
1963,Kiribati,-0.0650000000000003
1964,Kiribati,-0.0609999999999999
1965,Kiribati,-0.0270000000000001
1966,Kiribati,-0.0369999999999999
1967,Kiribati,-0.1129999999999995
1968,Kiribati,-0.1280000000000001
1969,Kiribati,-0.1360000000000001
1970,Kiribati,-0.1419999999999994
1971,Kiribati,-0.1520000000000001
1972,Kiribati,-0.1800000000000006
1973,Kiribati,-0.1749999999999998
1974,Kiribati,-0.1049999999999995
1975,Kiribati,-0.0750000000000001
1976,Kiribati,-0.0549999999999997
1977,Kiribati,-0.0070000000000005
1978,Kiribati,0.0120000000000004
1979,Kiribati,-0.0040000000000004
1980,Kiribati,-0.0009999999999994
1981,Kiribati,-0.0030000000000001
1982,Kiribati,-0.0090000000000003
1983,Kiribati,-0.0380000000000002
1984,Kiribati,-0.0039999999999995
1985,Kiribati,0.0009999999999994
1986,Kiribati,-0.0399999999999991
1987,Kiribati,-0.0650000000000003
1988,Kiribati,-0.0730000000000004
1989,Kiribati,-0.04
1990,Kiribati,-0.0249999999999994
1991,Kiribati,-0.0259999999999998
1992,Kiribati,-0.0740000000000007
1993,Kiribati,-0.0809999999999995
1994,Kiribati,-0.0449999999999999
1995,Kiribati,-0.0230000000000005
1996,Kiribati,0.0060000000000002
1997,Kiribati,-0.0569999999999994
1998,Kiribati,-0.0780000000000002
1999,Kiribati,-0.1050000000000004
2000,Kiribati,-0.1139999999999998
2001,Kiribati,-0.1139999999999998
2002,Kiribati,-0.1429999999999998
2003,Kiribati,-0.1120000000000001
2004,Kiribati,0.032
2005,Kiribati,0.0259999999999998
2006,Kiribati,0.0550000000000001
2007,Kiribati,0.0500000000000002
2008,Kiribati,0.0339999999999998
2009,Kiribati,0.0059999999999997
2010,Kiribati,-0.0069999999999996
2011,Kiribati,-0.02
2012,Kiribati,-0.1100000000000003
2013,Kiribati,-0.125
2014,Kiribati,-0.1219999999999998
2015,Kiribati,-0.0829999999999997
2016,Kiribati,-0.0630000000000001
2017,Kiribati,-0.036
2018,Kiribati,-0.0209999999999999
2019,Kiribati,-0.028
2020,Kiribati,-0.036
2021,Kiribati,-0.0350000000000001
2022,Kiribati,-0.0369999999999999
2023,Kiribati,-0.0350000000000001
1951,Kosovo,-0.0070000000000005
1952,Kosovo,-0.0049999999999998
1953,Kosovo,-0.0309999999999996
1954,Kosovo,-0.0769999999999999
1955,Kosovo,-0.0920000000000005
1956,Kosovo,-0.1099999999999994
1957,Kosovo,-0.1139999999999998
1958,Kosovo,-0.1130000000000004
1959,Kosovo,-0.0300000000000002
1960,Kosovo,-0.0149999999999996
1961,Kosovo,-0.0449999999999999
1962,Kosovo,-0.0700000000000002
1963,Kosovo,-0.0679999999999996
1964,Kosovo,-0.064
1965,Kosovo,-0.0769999999999999
1966,Kosovo,-0.088
1967,Kosovo,-0.0700000000000002
1968,Kosovo,-0.0649999999999995
1969,Kosovo,-0.0810000000000004
1970,Kosovo,-0.1070000000000002
1971,Kosovo,-0.0679999999999996
1972,Kosovo,-0.0679999999999996
1973,Kosovo,-0.0700000000000002
1974,Kosovo,-0.0449999999999999
1975,Kosovo,-0.0899999999999998
1976,Kosovo,-0.0980000000000007
1977,Kosovo,-0.173
1978,Kosovo,-0.1809999999999991
1979,Kosovo,-0.1340000000000003
1980,Kosovo,-0.0389999999999997
1981,Kosovo,-0.157
1982,Kosovo,-0.008
1983,Kosovo,-0.0310000000000005
1984,Kosovo,-0.056
1985,Kosovo,-0.2089999999999996
1986,Kosovo,-0.0819999999999998
1987,Kosovo,-0.0170000000000003
1988,Kosovo,-0.1309999999999997
1989,Kosovo,-0.2949999999999999
1990,Kosovo,-0.0060000000000002
1991,Kosovo,-0.2929999999999997
1992,Kosovo,-0.6080000000000001
1993,Kosovo,-0.1150000000000002
1994,Kosovo,-0.1259999999999999
1995,Kosovo,0.0
1996,Kosovo,0.012
1997,Kosovo,-0.2240000000000002
1998,Kosovo,0.0380000000000002
1999,Kosovo,0.2839999999999998
2000,Kosovo,0.064
2001,Kosovo,0.0670000000000001
2002,Kosovo,0.0259999999999998
2003,Kosovo,-0.121
2004,Kosovo,-0.02
2005,Kosovo,-0.0269999999999996
2006,Kosovo,-0.129
2007,Kosovo,-0.1010000000000004
2008,Kosovo,-0.0339999999999998
2009,Kosovo,-0.0419999999999998
2010,Kosovo,-0.0940000000000003
2011,Kosovo,-0.185
2012,Kosovo,-0.0689999999999997
2013,Kosovo,-0.016
2014,Kosovo,-0.0829999999999999
2015,Kosovo,-0.1070000000000002
2016,Kosovo,-0.1219999999999998
2017,Kosovo,-0.0229999999999999
2018,Kosovo,-0.0370000000000001
2019,Kosovo,-0.006
2020,Kosovo,-0.008
2021,Kosovo,-0.006
2022,Kosovo,-0.006
2023,Kosovo,-0.01
1951,Kuwait,0.0060000000000002
1952,Kuwait,0.0059999999999993
1953,Kuwait,0.0090000000000003
1954,Kuwait,-0.0010000000000003
1955,Kuwait,0.0049999999999998
1956,Kuwait,0.0140000000000002
1957,Kuwait,0.0129999999999999
1958,Kuwait,0.0209999999999999
1959,Kuwait,0.0150000000000005
1960,Kuwait,0.0199999999999995
1961,Kuwait,0.0250000000000003
1962,Kuwait,0.0059999999999993
1963,Kuwait,0.0210000000000007
1964,Kuwait,0.0109999999999992
1965,Kuwait,0.0280000000000004
1966,Kuwait,0.0259999999999998
1967,Kuwait,-0.0140000000000002
1968,Kuwait,-0.048
1969,Kuwait,-0.0969999999999995
1970,Kuwait,-0.1559999999999997
1971,Kuwait,-0.1859999999999999
1972,Kuwait,-0.2020000000000008
1973,Kuwait,-0.2069999999999998
1974,Kuwait,-0.197
1975,Kuwait,-0.1739999999999995
1976,Kuwait,-0.1630000000000002
1977,Kuwait,-0.1840000000000001
1978,Kuwait,-0.1909999999999998
1979,Kuwait,-0.1879999999999997
1980,Kuwait,-0.149
1981,Kuwait,-0.1630000000000002
1982,Kuwait,-0.173
1983,Kuwait,-0.1899999999999995
1984,Kuwait,-0.2060000000000004
1985,Kuwait,-0.2339999999999999
1986,Kuwait,-0.2149999999999998
1987,Kuwait,-0.1760000000000001
1988,Kuwait,-0.125
1989,Kuwait,-0.1089999999999999
1990,Kuwait,-0.1059999999999998
1991,Kuwait,-0.0889999999999999
1992,Kuwait,-0.0449999999999999
1993,Kuwait,-0.04
1994,Kuwait,-0.0410000000000003
1995,Kuwait,-0.0239999999999995
1996,Kuwait,-0.0250000000000003
1997,Kuwait,-0.088
1998,Kuwait,-0.0959999999999996
1999,Kuwait,-0.0870000000000001
2000,Kuwait,-0.0649999999999999
2001,Kuwait,-0.048
2002,Kuwait,-0.044
2003,Kuwait,-0.024
2004,Kuwait,-0.0089999999999998
2005,Kuwait,-0.0310000000000001
2006,Kuwait,-0.1419999999999999
2007,Kuwait,-0.177
2008,Kuwait,-0.1459999999999999
2009,Kuwait,-0.1110000000000002
2010,Kuwait,-0.1109999999999997
2011,Kuwait,-0.088
2012,Kuwait,0.034
2013,Kuwait,-0.022
2014,Kuwait,0.092
2015,Kuwait,-0.0300000000000002
2016,Kuwait,0.0310000000000001
2017,Kuwait,0.0990000000000002
2018,Kuwait,-0.0420000000000002
2019,Kuwait,-0.0309999999999996
2020,Kuwait,0.012
2021,Kuwait,-0.2790000000000001
2022,Kuwait,-0.2730000000000001
2023,Kuwait,-0.022
1951,Kyrgyzstan,0.0029999999999992
1952,Kyrgyzstan,0.0470000000000006
1953,Kyrgyzstan,0.0510000000000001
1954,Kyrgyzstan,0.0529999999999999
1955,Kyrgyzstan,0.0609999999999999
1956,Kyrgyzstan,0.0549999999999997
1957,Kyrgyzstan,0.0970000000000004
1958,Kyrgyzstan,0.1479999999999997
1959,Kyrgyzstan,0.088
1960,Kyrgyzstan,0.08
1961,Kyrgyzstan,0.0549999999999997
1962,Kyrgyzstan,0.0570000000000003
1963,Kyrgyzstan,0.0579999999999998
1964,Kyrgyzstan,-0.0460000000000002
1965,Kyrgyzstan,-0.0579999999999998
1966,Kyrgyzstan,-0.0540000000000002
1967,Kyrgyzstan,-0.0659999999999998
1968,Kyrgyzstan,-0.0729999999999995
1969,Kyrgyzstan,0.0009999999999994
1970,Kyrgyzstan,0.0200000000000004
1971,Kyrgyzstan,-0.0220000000000002
1972,Kyrgyzstan,-0.0440000000000004
1973,Kyrgyzstan,-0.1129999999999995
1974,Kyrgyzstan,-0.133
1975,Kyrgyzstan,-0.1269999999999997
1976,Kyrgyzstan,-0.088
1977,Kyrgyzstan,-0.0830000000000001
1978,Kyrgyzstan,-0.0670000000000001
1979,Kyrgyzstan,-0.149
1980,Kyrgyzstan,-0.1520000000000001
1981,Kyrgyzstan,-0.0369999999999999
1982,Kyrgyzstan,0.0100000000000006
1983,Kyrgyzstan,-0.0330000000000003
1984,Kyrgyzstan,0.0330000000000003
1985,Kyrgyzstan,0.0049999999999998
1986,Kyrgyzstan,0.0179999999999997
1987,Kyrgyzstan,-0.0579999999999998
1988,Kyrgyzstan,-0.1320000000000005
1989,Kyrgyzstan,-0.1239999999999996
1990,Kyrgyzstan,-0.1089999999999999
1991,Kyrgyzstan,-0.0609999999999999
1992,Kyrgyzstan,-0.1
1993,Kyrgyzstan,-0.2269999999999998
1994,Kyrgyzstan,-0.1270000000000002
1995,Kyrgyzstan,0.008
1996,Kyrgyzstan,-0.1989999999999998
1997,Kyrgyzstan,-0.2120000000000002
1998,Kyrgyzstan,-0.0849999999999999
1999,Kyrgyzstan,-0.0809999999999999
2000,Kyrgyzstan,-0.1379999999999999
2001,Kyrgyzstan,-0.0300000000000002
2002,Kyrgyzstan,0.02
2003,Kyrgyzstan,0.0290000000000003
2004,Kyrgyzstan,0.0359999999999995
2005,Kyrgyzstan,0.0140000000000002
2006,Kyrgyzstan,0.0990000000000002
2007,Kyrgyzstan,0.0369999999999999
2008,Kyrgyzstan,0.0569999999999999
2009,Kyrgyzstan,0.1169999999999999
2010,Kyrgyzstan,0.141
2011,Kyrgyzstan,0.044
2012,Kyrgyzstan,0.0429999999999997
2013,Kyrgyzstan,-0.0329999999999999
2014,Kyrgyzstan,0.06
2015,Kyrgyzstan,-0.0019999999999997
2016,Kyrgyzstan,-0.104
2017,Kyrgyzstan,-0.06
2018,Kyrgyzstan,0.2359999999999997
2019,Kyrgyzstan,0.0500000000000002
2020,Kyrgyzstan,-0.2800000000000002
2021,Kyrgyzstan,-0.1599999999999997
2022,Kyrgyzstan,-0.08
2023,Kyrgyzstan,-0.0100000000000002
1951,Laos,-0.0150000000000005
1952,Laos,0.0100000000000006
1953,Laos,0.0109999999999992
1954,Laos,-0.0089999999999994
1955,Laos,0.0129999999999999
1956,Laos,0.0119999999999995
1957,Laos,-0.0019999999999997
1958,Laos,0.0099999999999997
1959,Laos,0.0110000000000001
1960,Laos,0.0030000000000001
1961,Laos,0.0179999999999997
1962,Laos,0.0030000000000001
1963,Laos,0.0049999999999998
1964,Laos,-0.0049999999999998
1965,Laos,0.0030000000000001
1966,Laos,-0.0089999999999994
1967,Laos,-0.0010000000000003
1968,Laos,-0.008
1969,Laos,0.0030000000000001
1970,Laos,0.0089999999999994
1971,Laos,-0.0149999999999996
1972,Laos,-0.0110000000000001
1973,Laos,-0.0030000000000001
1974,Laos,0.008
1975,Laos,-0.0019999999999997
1976,Laos,0.0019999999999997
1977,Laos,0.0040000000000004
1978,Laos,0.0049999999999998
1979,Laos,0.016
1980,Laos,0.0179999999999997
1981,Laos,0.0179999999999997
1982,Laos,0.0190000000000001
1983,Laos,0.0070000000000005
1984,Laos,-0.0060000000000002
1985,Laos,-0.0419999999999998
1986,Laos,-0.0730000000000004
1987,Laos,-0.0499999999999998
1988,Laos,-0.0469999999999997
1989,Laos,-0.056
1990,Laos,-0.0449999999999999
1991,Laos,-0.0710000000000006
1992,Laos,-0.0859999999999994
1993,Laos,-0.1020000000000003
1994,Laos,-0.2000000000000001
1995,Laos,-0.2429999999999994
1996,Laos,-0.2070000000000007
1997,Laos,-0.1869999999999994
1998,Laos,-0.1690000000000004
1999,Laos,-0.1529999999999995
2000,Laos,-0.2099999999999999
2001,Laos,-0.1390000000000002
2002,Laos,-0.1580000000000003
2003,Laos,-0.1079999999999996
2004,Laos,-0.1259999999999999
2005,Laos,-0.213
2006,Laos,-0.1259999999999999
2007,Laos,-0.121
2008,Laos,-0.1070000000000002
2009,Laos,-0.1019999999999998
2010,Laos,-0.092
2011,Laos,-0.088
2012,Laos,-0.096
2013,Laos,-0.0809999999999999
2014,Laos,-0.0699999999999998
2015,Laos,-0.0060000000000002
2016,Laos,-0.0519999999999996
2017,Laos,-0.0530000000000003
2018,Laos,-0.0579999999999998
2019,Laos,-0.044
2020,Laos,-0.0539999999999998
2021,Laos,-0.0409999999999999
2022,Laos,-0.0390000000000001
2023,Laos,-0.0340000000000002
1951,Latvia,-0.0650000000000003
1952,Latvia,-0.0679999999999998
1953,Latvia,-0.0959999999999998
1954,Latvia,0.0739999999999998
1955,Latvia,-0.0389999999999999
1956,Latvia,-0.044
1957,Latvia,0.0310000000000001
1958,Latvia,0.0489999999999999
1959,Latvia,0.0049999999999998
1960,Latvia,0.0190000000000001
1961,Latvia,0.0229999999999999
1962,Latvia,-0.0489999999999999
1963,Latvia,-0.064
1964,Latvia,-0.038
1965,Latvia,-0.0839999999999998
1966,Latvia,0.0569999999999999
1967,Latvia,0.0329999999999999
1968,Latvia,0.0410000000000001
1969,Latvia,0.0199999999999997
1970,Latvia,0.084
1971,Latvia,0.0590000000000001
1972,Latvia,-0.0140000000000002
1973,Latvia,-0.0629999999999999
1974,Latvia,0.032
1975,Latvia,-0.03
1976,Latvia,-0.036
1977,Latvia,-0.0419999999999998
1978,Latvia,-0.022
1979,Latvia,0.002
1980,Latvia,0.0259999999999998
1981,Latvia,-0.0019999999999997
1982,Latvia,0.0789999999999999
1983,Latvia,0.1439999999999999
1984,Latvia,0.0150000000000001
1985,Latvia,-0.0510000000000001
1986,Latvia,0.1120000000000001
1987,Latvia,0.0059999999999997
1988,Latvia,-0.0389999999999997
1989,Latvia,-0.1110000000000002
1990,Latvia,-0.0419999999999998
1991,Latvia,-0.143
1992,Latvia,-0.1240000000000001
1993,Latvia,-0.217
1994,Latvia,-0.119
1995,Latvia,-0.1319999999999999
1996,Latvia,-0.0909999999999999
1997,Latvia,-0.044
1998,Latvia,-0.0129999999999999
1999,Latvia,0.0669999999999999
2000,Latvia,0.0729999999999999
2001,Latvia,-0.0209999999999999
2002,Latvia,0.0349999999999999
2003,Latvia,0.064
2004,Latvia,-0.0250000000000001
2005,Latvia,0.092
2006,Latvia,0.0749999999999999
2007,Latvia,0.078
2008,Latvia,0.0429999999999999
2009,Latvia,-0.1129999999999999
2010,Latvia,-0.1049999999999999
2011,Latvia,-0.024
2012,Latvia,0.1009999999999999
2013,Latvia,0.0829999999999999
2014,Latvia,0.119
2015,Latvia,0.06
2016,Latvia,0.036
2017,Latvia,-0.044
2018,Latvia,-0.0859999999999998
2019,Latvia,-0.0030000000000001
2020,Latvia,-0.0629999999999999
2021,Latvia,0.026
2022,Latvia,-0.102
2023,Latvia,-0.1319999999999999
1951,Least developed countries,0.0110000000000001
1952,Least developed countries,0.0119999999999995
1953,Least developed countries,0.0150000000000005
1954,Least developed countries,0.0199999999999995
1955,Least developed countries,0.016
1956,Least developed countries,0.0179999999999997
1957,Least developed countries,0.0200000000000004
1958,Least developed countries,0.0190000000000001
1959,Least developed countries,0.0300000000000002
1960,Least developed countries,0.0279999999999995
1961,Least developed countries,0.0220000000000002
1962,Least developed countries,0.0199999999999995
1963,Least developed countries,0.0120000000000004
1964,Least developed countries,0.0110000000000001
1965,Least developed countries,0.0089999999999994
1966,Least developed countries,0.0110000000000001
1967,Least developed countries,0.0149999999999996
1968,Least developed countries,0.0070000000000005
1969,Least developed countries,0.0060000000000002
1970,Least developed countries,0.0129999999999999
1971,Least developed countries,0.0039999999999995
1972,Least developed countries,-0.0009999999999994
1973,Least developed countries,-0.0130000000000007
1974,Least developed countries,-0.0119999999999995
1975,Least developed countries,-0.0209999999999999
1976,Least developed countries,-0.0230000000000005
1977,Least developed countries,-0.024
1978,Least developed countries,-0.0029999999999992
1979,Least developed countries,-0.0030000000000001
1980,Least developed countries,-0.0150000000000005
1981,Least developed countries,-0.0309999999999996
1982,Least developed countries,-0.0380000000000002
1983,Least developed countries,-0.056
1984,Least developed countries,-0.0609999999999999
1985,Least developed countries,-0.0759999999999996
1986,Least developed countries,-0.0929999999999999
1987,Least developed countries,-0.0899999999999998
1988,Least developed countries,-0.0910000000000001
1989,Least developed countries,-0.0689999999999999
1990,Least developed countries,-0.0760000000000005
1991,Least developed countries,-0.0899999999999998
1992,Least developed countries,-0.0859999999999994
1993,Least developed countries,-0.0730000000000004
1994,Least developed countries,-0.0629999999999997
1995,Least developed countries,-0.0710000000000006
1996,Least developed countries,-0.0729999999999995
1997,Least developed countries,-0.0540000000000002
1998,Least developed countries,-0.0689999999999999
1999,Least developed countries,-0.064
2000,Least developed countries,-0.0659999999999998
2001,Least developed countries,-0.0700000000000002
2002,Least developed countries,-0.0679999999999996
2003,Least developed countries,-0.0680000000000005
2004,Least developed countries,-0.0629999999999997
2005,Least developed countries,-0.0629999999999997
2006,Least developed countries,-0.064
2007,Least developed countries,-0.0670000000000001
2008,Least developed countries,-0.0679999999999996
2009,Least developed countries,-0.0650000000000003
2010,Least developed countries,-0.0750000000000001
2011,Least developed countries,-0.072
2012,Least developed countries,-0.0599999999999996
2013,Least developed countries,-0.0529999999999999
2014,Least developed countries,-0.048
2015,Least developed countries,-0.0410000000000003
2016,Least developed countries,-0.0379999999999993
2017,Least developed countries,-0.0420000000000007
2018,Least developed countries,-0.0409999999999994
2019,Least developed countries,-0.0430000000000001
2020,Least developed countries,-0.048
2021,Least developed countries,-0.048
2022,Least developed countries,-0.0449999999999999
2023,Least developed countries,-0.048
1951,Lebanon,0.0
1952,Lebanon,-0.0059999999999993
1953,Lebanon,0.0059999999999993
1954,Lebanon,0.0010000000000003
1955,Lebanon,0.0049999999999998
1956,Lebanon,0.0010000000000003
1957,Lebanon,-0.0030000000000001
1958,Lebanon,0.008
1959,Lebanon,0.024
1960,Lebanon,0.0359999999999995
1961,Lebanon,0.0140000000000002
1962,Lebanon,0.0110000000000001
1963,Lebanon,0.0030000000000001
1964,Lebanon,-0.0540000000000002
1965,Lebanon,-0.0830000000000001
1966,Lebanon,-0.0910000000000001
1967,Lebanon,-0.1079999999999996
1968,Lebanon,-0.1209999999999995
1969,Lebanon,-0.1320000000000005
1970,Lebanon,-0.1280000000000001
1971,Lebanon,-0.1379999999999999
1972,Lebanon,-0.1379999999999999
1973,Lebanon,-0.1219999999999998
1974,Lebanon,-0.1360000000000001
1975,Lebanon,-0.133
1976,Lebanon,-0.1269999999999997
1977,Lebanon,-0.1150000000000002
1978,Lebanon,-0.1029999999999997
1979,Lebanon,-0.0990000000000002
1980,Lebanon,-0.0659999999999998
1981,Lebanon,-0.0580000000000002
1982,Lebanon,-0.0979999999999998
1983,Lebanon,-0.121
1984,Lebanon,-0.076
1985,Lebanon,-0.125
1986,Lebanon,-0.0669999999999997
1987,Lebanon,-0.0460000000000002
1988,Lebanon,-0.028
1989,Lebanon,-0.0289999999999999
1990,Lebanon,-0.0950000000000002
1991,Lebanon,-0.1059999999999998
1992,Lebanon,-0.1099999999999998
1993,Lebanon,-0.1150000000000002
1994,Lebanon,-0.1139999999999998
1995,Lebanon,-0.0979999999999998
1996,Lebanon,-0.0270000000000001
1997,Lebanon,-0.0310000000000001
1998,Lebanon,-0.0189999999999996
1999,Lebanon,-0.0170000000000003
2000,Lebanon,-0.0309999999999996
2001,Lebanon,-0.024
2002,Lebanon,-0.0529999999999999
2003,Lebanon,-0.0660000000000002
2004,Lebanon,-0.0789999999999997
2005,Lebanon,-0.0870000000000001
2006,Lebanon,-0.0469999999999997
2007,Lebanon,-0.0430000000000001
2008,Lebanon,-0.0289999999999999
2009,Lebanon,0.0189999999999996
2010,Lebanon,0.0649999999999999
2011,Lebanon,0.064
2012,Lebanon,0.0250000000000003
2013,Lebanon,0.016
2014,Lebanon,0.0139999999999997
2015,Lebanon,0.0070000000000001
2016,Lebanon,0.008
2017,Lebanon,-0.0180000000000002
2018,Lebanon,-0.0249999999999999
2019,Lebanon,-0.02
2020,Lebanon,-0.0190000000000001
2021,Lebanon,-0.0249999999999999
2022,Lebanon,-0.02
2023,Lebanon,-0.024
1951,Lesotho,0.0200000000000004
1952,Lesotho,0.0119999999999995
1953,Lesotho,0.0120000000000004
1954,Lesotho,0.04
1955,Lesotho,0.0009999999999994
1956,Lesotho,0.0050000000000007
1957,Lesotho,0.0
1958,Lesotho,0.0
1959,Lesotho,-0.0040000000000004
1960,Lesotho,-0.0030000000000001
1961,Lesotho,0.0010000000000003
1962,Lesotho,0.0019999999999997
1963,Lesotho,-0.0110000000000001
1964,Lesotho,-0.0110000000000001
1965,Lesotho,0.0070000000000005
1966,Lesotho,-0.016
1967,Lesotho,-0.0110000000000001
1968,Lesotho,-0.0200000000000004
1969,Lesotho,-0.0209999999999999
1970,Lesotho,-0.0059999999999993
1971,Lesotho,-0.0020000000000006
1972,Lesotho,-0.0019999999999997
1973,Lesotho,-0.0060000000000002
1974,Lesotho,0.0650000000000003
1975,Lesotho,0.072
1976,Lesotho,0.0460000000000002
1977,Lesotho,-0.0230000000000005
1978,Lesotho,-0.0249999999999994
1979,Lesotho,-0.0340000000000006
1980,Lesotho,-0.0429999999999992
1981,Lesotho,-0.0520000000000004
1982,Lesotho,-0.0620000000000002
1983,Lesotho,-0.072
1984,Lesotho,-0.0819999999999998
1985,Lesotho,-0.0769999999999999
1986,Lesotho,-0.0839999999999996
1987,Lesotho,-0.0949999999999997
1988,Lesotho,-0.1180000000000003
1989,Lesotho,-0.1399999999999996
1990,Lesotho,-0.1510000000000007
1991,Lesotho,-0.1319999999999996
1992,Lesotho,-0.1399999999999996
1993,Lesotho,-0.1760000000000001
1994,Lesotho,-0.1550000000000002
1995,Lesotho,-0.0849999999999999
1996,Lesotho,-0.0670000000000001
1997,Lesotho,-0.0759999999999996
1998,Lesotho,-0.1670000000000002
1999,Lesotho,-0.145
2000,Lesotho,-0.0649999999999999
2001,Lesotho,0.0249999999999999
2002,Lesotho,0.052
2003,Lesotho,-0.0629999999999997
2004,Lesotho,-0.1110000000000002
2005,Lesotho,-0.08
2006,Lesotho,-0.0139999999999997
2007,Lesotho,0.028
2008,Lesotho,-0.0500000000000002
2009,Lesotho,-0.0829999999999997
2010,Lesotho,-0.0590000000000001
2011,Lesotho,0.0929999999999999
2012,Lesotho,-0.0470000000000001
2013,Lesotho,-0.0129999999999999
2014,Lesotho,-0.044
2015,Lesotho,-0.0219999999999997
2016,Lesotho,-0.0369999999999999
2017,Lesotho,-0.0750000000000001
2018,Lesotho,-0.0889999999999999
2019,Lesotho,-0.092
2020,Lesotho,-0.0779999999999998
2021,Lesotho,-0.0769999999999999
2022,Lesotho,-0.0529999999999999
2023,Lesotho,-0.0220000000000002
1951,Less developed regions,-0.0450000000000008
1952,Less developed regions,0.2760000000000007
1953,Less developed regions,-0.1190000000000006
1954,Less developed regions,0.1009999999999999
1955,Less developed regions,-0.0019999999999997
1956,Less developed regions,-0.1179999999999994
1957,Less developed regions,0.1939999999999999
1958,Less developed regions,-0.2179999999999999
1959,Less developed regions,-0.2960000000000002
1960,Less developed regions,-0.0680000000000005
1961,Less developed regions,-0.1829999999999998
1962,Less developed regions,0.681
1963,Less developed regions,0.4199999999999999
1964,Less developed regions,-0.2669999999999994
1965,Less developed regions,-0.0540000000000002
1966,Less developed regions,-0.1269999999999997
1967,Less developed regions,-0.1859999999999999
1968,Less developed regions,0.1680000000000001
1969,Less developed regions,-0.141
1970,Less developed regions,-0.0660000000000007
1971,Less developed regions,-0.2099999999999999
1972,Less developed regions,-0.1689999999999996
1973,Less developed regions,-0.1669999999999998
1974,Less developed regions,-0.2220000000000004
1975,Less developed regions,-0.2350000000000003
1976,Less developed regions,-0.1429999999999998
1977,Less developed regions,-0.1749999999999998
1978,Less developed regions,-0.0889999999999995
1979,Less developed regions,-0.0340000000000006
1980,Less developed regions,-0.048
1981,Less developed regions,-0.048
1982,Less developed regions,-0.0139999999999993
1983,Less developed regions,-0.1880000000000006
1984,Less developed regions,-0.0469999999999997
1985,Less developed regions,-0.0629999999999997
1986,Less developed regions,-0.0300000000000002
1987,Less developed regions,-0.0510000000000001
1988,Less developed regions,-0.1229999999999997
1989,Less developed regions,-0.06
1990,Less developed regions,-0.0550000000000001
1991,Less developed regions,-0.2249999999999996
1992,Less developed regions,-0.104
1993,Less developed regions,-0.0740000000000002
1994,Less developed regions,-0.0609999999999999
1995,Less developed regions,-0.056
1996,Less developed regions,-0.0579999999999998
1997,Less developed regions,-0.0489999999999999
1998,Less developed regions,-0.0449999999999999
1999,Less developed regions,-0.0350000000000001
2000,Less developed regions,-0.0049999999999998
2001,Less developed regions,-0.0500000000000002
2002,Less developed regions,-0.0419999999999998
2003,Less developed regions,-0.0369999999999999
2004,Less developed regions,-0.0209999999999999
2005,Less developed regions,-0.024
2006,Less developed regions,-0.0170000000000003
2007,Less developed regions,-0.0129999999999999
2008,Less developed regions,-0.0049999999999998
2009,Less developed regions,-0.0070000000000001
2010,Less developed regions,-0.024
2011,Less developed regions,-0.016
2012,Less developed regions,0.016
2013,Less developed regions,-0.04
2014,Less developed regions,-0.0139999999999997
2015,Less developed regions,-0.032
2016,Less developed regions,-0.0020000000000002
2017,Less developed regions,-0.0309999999999996
2018,Less developed regions,-0.0740000000000002
2019,Less developed regions,-0.0419999999999998
2020,Less developed regions,-0.0830000000000001
2021,Less developed regions,-0.0389999999999997
2022,Less developed regions,-0.0260000000000002
2023,Less developed regions,-0.0149999999999996
1951,"Less developed regions, excluding China",-0.0139999999999993
1952,"Less developed regions, excluding China",0.0459999999999993
1953,"Less developed regions, excluding China",0.0250000000000003
1954,"Less developed regions, excluding China",0.0389999999999997
1955,"Less developed regions, excluding China",0.0040000000000004
1956,"Less developed regions, excluding China",0.0119999999999995
1957,"Less developed regions, excluding China",0.0250000000000003
1958,"Less developed regions, excluding China",0.0089999999999994
1959,"Less developed regions, excluding China",0.0030000000000001
1960,"Less developed regions, excluding China",0.0150000000000005
1961,"Less developed regions, excluding China",-0.0140000000000002
1962,"Less developed regions, excluding China",0.0259999999999998
1963,"Less developed regions, excluding China",-0.0010000000000003
1964,"Less developed regions, excluding China",-0.0209999999999999
1965,"Less developed regions, excluding China",-0.0409999999999994
1966,"Less developed regions, excluding China",-0.0460000000000002
1967,"Less developed regions, excluding China",-0.0449999999999999
1968,"Less developed regions, excluding China",-0.0519999999999996
1969,"Less developed regions, excluding China",-0.0550000000000006
1970,"Less developed regions, excluding China",-0.0499999999999998
1971,"Less developed regions, excluding China",-0.0579999999999998
1972,"Less developed regions, excluding China",-0.0659999999999998
1973,"Less developed regions, excluding China",-0.0760000000000005
1974,"Less developed regions, excluding China",-0.0859999999999994
1975,"Less developed regions, excluding China",-0.088
1976,"Less developed regions, excluding China",-0.0700000000000002
1977,"Less developed regions, excluding China",-0.0869999999999997
1978,"Less developed regions, excluding China",-0.08
1979,"Less developed regions, excluding China",-0.064
1980,"Less developed regions, excluding China",-0.0570000000000003
1981,"Less developed regions, excluding China",-0.0729999999999995
1982,"Less developed regions, excluding China",-0.0760000000000005
1983,"Less developed regions, excluding China",-0.0769999999999999
1984,"Less developed regions, excluding China",-0.08
1985,"Less developed regions, excluding China",-0.0999999999999996
1986,"Less developed regions, excluding China",-0.0860000000000003
1987,"Less developed regions, excluding China",-0.0969999999999995
1988,"Less developed regions, excluding China",-0.0910000000000001
1989,"Less developed regions, excluding China",-0.0869999999999997
1990,"Less developed regions, excluding China",-0.088
1991,"Less developed regions, excluding China",-0.0819999999999998
1992,"Less developed regions, excluding China",-0.0900000000000007
1993,"Less developed regions, excluding China",-0.0809999999999995
1994,"Less developed regions, excluding China",-0.0750000000000001
1995,"Less developed regions, excluding China",-0.0749999999999997
1996,"Less developed regions, excluding China",-0.0770000000000004
1997,"Less developed regions, excluding China",-0.0669999999999997
1998,"Less developed regions, excluding China",-0.068
1999,"Less developed regions, excluding China",-0.0579999999999998
2000,"Less developed regions, excluding China",-0.048
2001,"Less developed regions, excluding China",-0.0540000000000002
2002,"Less developed regions, excluding China",-0.064
2003,"Less developed regions, excluding China",-0.0549999999999997
2004,"Less developed regions, excluding China",-0.0460000000000002
2005,"Less developed regions, excluding China",-0.044
2006,"Less developed regions, excluding China",-0.0359999999999995
2007,"Less developed regions, excluding China",-0.036
2008,"Less developed regions, excluding China",-0.0290000000000003
2009,"Less developed regions, excluding China",-0.0249999999999999
2010,"Less developed regions, excluding China",-0.036
2011,"Less developed regions, excluding China",-0.0289999999999999
2012,"Less developed regions, excluding China",-0.0299999999999998
2013,"Less developed regions, excluding China",-0.04
2014,"Less developed regions, excluding China",-0.0420000000000002
2015,"Less developed regions, excluding China",-0.0229999999999996
2016,"Less developed regions, excluding China",-0.036
2017,"Less developed regions, excluding China",-0.0510000000000001
2018,"Less developed regions, excluding China",-0.0350000000000001
2019,"Less developed regions, excluding China",-0.0489999999999999
2020,"Less developed regions, excluding China",-0.0489999999999999
2021,"Less developed regions, excluding China",-0.0289999999999999
2022,"Less developed regions, excluding China",-0.0220000000000002
2023,"Less developed regions, excluding China",-0.0179999999999997
1951,"Less developed regions, excluding least developed countries",-0.0529999999999999
1952,"Less developed regions, excluding least developed countries",0.3120000000000003
1953,"Less developed regions, excluding least developed countries",-0.1370000000000004
1954,"Less developed regions, excluding least developed countries",0.1109999999999997
1955,"Less developed regions, excluding least developed countries",-0.0039999999999995
1956,"Less developed regions, excluding least developed countries",-0.1370000000000004
1957,"Less developed regions, excluding least developed countries",0.2160000000000002
1958,"Less developed regions, excluding least developed countries",-0.25
1959,"Less developed regions, excluding least developed countries",-0.3399999999999998
1960,"Less developed regions, excluding least developed countries",-0.0810000000000004
1961,"Less developed regions, excluding least developed countries",-0.2109999999999994
1962,"Less developed regions, excluding least developed countries",0.7699999999999996
1963,"Less developed regions, excluding least developed countries",0.476
1964,"Less developed regions, excluding least developed countries",-0.3039999999999994
1965,"Less developed regions, excluding least developed countries",-0.0620000000000002
1966,"Less developed regions, excluding least developed countries",-0.1440000000000001
1967,"Less developed regions, excluding least developed countries",-0.213
1968,"Less developed regions, excluding least developed countries",0.1909999999999998
1969,"Less developed regions, excluding least developed countries",-0.1599999999999992
1970,"Less developed regions, excluding least developed countries",-0.0760000000000005
1971,"Less developed regions, excluding least developed countries",-0.2379999999999995
1972,"Less developed regions, excluding least developed countries",-0.1920000000000001
1973,"Less developed regions, excluding least developed countries",-0.1880000000000006
1974,"Less developed regions, excluding least developed countries",-0.2509999999999994
1975,"Less developed regions, excluding least developed countries",-0.2650000000000005
1976,"Less developed regions, excluding least developed countries",-0.1589999999999998
1977,"Less developed regions, excluding least developed countries",-0.1949999999999994
1978,"Less developed regions, excluding least developed countries",-0.0990000000000002
1979,"Less developed regions, excluding least developed countries",-0.0369999999999999
1980,"Less developed regions, excluding least developed countries",-0.0510000000000001
1981,"Less developed regions, excluding least developed countries",-0.0469999999999997
1982,"Less developed regions, excluding least developed countries",-0.0070000000000005
1983,"Less developed regions, excluding least developed countries",-0.2029999999999998
1984,"Less developed regions, excluding least developed countries",-0.0449999999999999
1985,"Less developed regions, excluding least developed countries",-0.06
1986,"Less developed regions, excluding least developed countries",-0.0219999999999997
1987,"Less developed regions, excluding least developed countries",-0.0450000000000003
1988,"Less developed regions, excluding least developed countries",-0.1269999999999997
1989,"Less developed regions, excluding least developed countries",-0.0590000000000001
1990,"Less developed regions, excluding least developed countries",-0.0529999999999999
1991,"Less developed regions, excluding least developed countries",-0.242
1992,"Less developed regions, excluding least developed countries",-0.1080000000000001
1993,"Less developed regions, excluding least developed countries",-0.0769999999999999
1994,"Less developed regions, excluding least developed countries",-0.0649999999999999
1995,"Less developed regions, excluding least developed countries",-0.056
1996,"Less developed regions, excluding least developed countries",-0.0589999999999997
1997,"Less developed regions, excluding least developed countries",-0.0500000000000002
1998,"Less developed regions, excluding least developed countries",-0.0449999999999999
1999,"Less developed regions, excluding least developed countries",-0.0350000000000001
2000,"Less developed regions, excluding least developed countries",0.0010000000000003
2001,"Less developed regions, excluding least developed countries",-0.0500000000000002
2002,"Less developed regions, excluding least developed countries",-0.0429999999999997
2003,"Less developed regions, excluding least developed countries",-0.036
2004,"Less developed regions, excluding least developed countries",-0.0190000000000001
2005,"Less developed regions, excluding least developed countries",-0.0230000000000001
2006,"Less developed regions, excluding least developed countries",-0.0139999999999997
2007,"Less developed regions, excluding least developed countries",-0.0100000000000002
2008,"Less developed regions, excluding least developed countries",0.0
2009,"Less developed regions, excluding least developed countries",-0.004
2010,"Less developed regions, excluding least developed countries",-0.0219999999999997
2011,"Less developed regions, excluding least developed countries",-0.0129999999999999
2012,"Less developed regions, excluding least developed countries",0.0229999999999996
2013,"Less developed regions, excluding least developed countries",-0.0449999999999999
2014,"Less developed regions, excluding least developed countries",-0.0150000000000001
2015,"Less developed regions, excluding least developed countries",-0.0389999999999997
2016,"Less developed regions, excluding least developed countries",-0.0030000000000001
2017,"Less developed regions, excluding least developed countries",-0.036
2018,"Less developed regions, excluding least developed countries",-0.0870000000000001
2019,"Less developed regions, excluding least developed countries",-0.0489999999999999
2020,"Less developed regions, excluding least developed countries",-0.0979999999999998
2021,"Less developed regions, excluding least developed countries",-0.0449999999999999
2022,"Less developed regions, excluding least developed countries",-0.0300000000000002
2023,"Less developed regions, excluding least developed countries",-0.0139999999999997
1951,Liberia,0.0419999999999998
1952,Liberia,0.0439999999999995
1953,Liberia,0.0369999999999999
1954,Liberia,0.0369999999999999
1955,Liberia,0.0300000000000002
1956,Liberia,0.0470000000000006
1957,Liberia,0.0419999999999998
1958,Liberia,0.0259999999999998
1959,Liberia,0.0469999999999997
1960,Liberia,0.0380000000000002
1961,Liberia,0.0549999999999997
1962,Liberia,0.0579999999999998
1963,Liberia,0.0520000000000004
1964,Liberia,0.0289999999999999
1965,Liberia,0.032
1966,Liberia,0.0110000000000001
1967,Liberia,0.0220000000000002
1968,Liberia,0.0069999999999996
1969,Liberia,-0.0129999999999999
1970,Liberia,-0.0659999999999998
1971,Liberia,-0.0360000000000004
1972,Liberia,0.0570000000000003
1973,Liberia,0.0519999999999996
1974,Liberia,0.04
1975,Liberia,0.0529999999999999
1976,Liberia,0.0490000000000003
1977,Liberia,0.048
1978,Liberia,0.0430000000000001
1979,Liberia,0.0349999999999992
1980,Liberia,-0.0469999999999997
1981,Liberia,-0.0380000000000002
1982,Liberia,-0.0459999999999993
1983,Liberia,-0.0280000000000004
1984,Liberia,-0.032
1985,Liberia,-0.0350000000000001
1986,Liberia,-0.0549999999999997
1987,Liberia,-0.0659999999999998
1988,Liberia,-0.0650000000000003
1989,Liberia,-0.0729999999999995
1990,Liberia,-0.064
1991,Liberia,-0.0469999999999997
1992,Liberia,-0.0460000000000002
1993,Liberia,-0.0309999999999996
1994,Liberia,-0.0360000000000004
1995,Liberia,-0.0369999999999999
1996,Liberia,-0.0440000000000004
1997,Liberia,-0.0499999999999998
1998,Liberia,-0.0619999999999993
1999,Liberia,-0.064
2000,Liberia,-0.0780000000000002
2001,Liberia,-0.1009999999999999
2002,Liberia,-0.1210000000000004
2003,Liberia,-0.1059999999999998
2004,Liberia,-0.0409999999999994
2005,Liberia,0.0129999999999999
2006,Liberia,0.0110000000000001
2007,Liberia,-0.0680000000000005
2008,Liberia,-0.1339999999999994
2009,Liberia,-0.1539999999999999
2010,Liberia,-0.1160000000000005
2011,Liberia,-0.088
2012,Liberia,-0.0889999999999995
2013,Liberia,-0.1320000000000005
2014,Liberia,-0.1269999999999997
2015,Liberia,-0.0990000000000002
2016,Liberia,-0.0619999999999993
2017,Liberia,-0.0650000000000003
2018,Liberia,-0.0599999999999996
2019,Liberia,-0.0790000000000006
2020,Liberia,-0.0829999999999993
2021,Liberia,-0.0849999999999999
2022,Liberia,-0.0730000000000004
2023,Liberia,-0.0659999999999998
1951,Libya,0.0209999999999999
1952,Libya,0.0219999999999993
1953,Libya,0.0740000000000007
1954,Libya,0.0579999999999998
1955,Libya,0.0569999999999994
1956,Libya,0.048
1957,Libya,0.0580000000000007
1958,Libya,0.0569999999999994
1959,Libya,0.0510000000000001
1960,Libya,0.0540000000000002
1961,Libya,0.0469999999999997
1962,Libya,0.0540000000000002
1963,Libya,0.0749999999999992
1964,Libya,0.0670000000000001
1965,Libya,0.0710000000000006
1966,Libya,0.0679999999999996
1967,Libya,0.0410000000000003
1968,Libya,0.0419999999999998
1969,Libya,0.036999999999999
1970,Libya,0.0370000000000008
1971,Libya,0.048
1972,Libya,-0.0229999999999996
1973,Libya,-0.0259999999999998
1974,Libya,-0.027000000000001
1975,Libya,-0.0429999999999992
1976,Libya,-0.0449999999999999
1977,Libya,-0.0600000000000005
1978,Libya,-0.0830000000000001
1979,Libya,-0.1089999999999999
1980,Libya,-0.1369999999999995
1981,Libya,-0.1719999999999997
1982,Libya,-0.2090000000000005
1983,Libya,-0.2519999999999998
1984,Libya,-0.2880000000000002
1985,Libya,-0.2939999999999996
1986,Libya,-0.306
1987,Libya,-0.3040000000000002
1988,Libya,-0.3079999999999998
1989,Libya,-0.3189999999999999
1990,Libya,-0.3150000000000004
1991,Libya,-0.3149999999999995
1992,Libya,-0.2990000000000004
1993,Libya,-0.2789999999999999
1994,Libya,-0.2339999999999999
1995,Libya,-0.2069999999999998
1996,Libya,-0.1860000000000004
1997,Libya,-0.1239999999999996
1998,Libya,-0.0889999999999999
1999,Libya,-0.0710000000000001
2000,Libya,-0.0659999999999998
2001,Libya,-0.04
2002,Libya,-0.0350000000000001
2003,Libya,-0.0339999999999998
2004,Libya,-0.024
2005,Libya,-0.008
2006,Libya,-0.0660000000000002
2007,Libya,-0.0509999999999997
2008,Libya,-0.0489999999999999
2009,Libya,-0.0430000000000001
2010,Libya,0.0470000000000001
2011,Libya,0.0429999999999997
2012,Libya,0.0340000000000002
2013,Libya,0.036
2014,Libya,0.0379999999999998
2015,Libya,-0.0430000000000001
2016,Libya,-0.0379999999999998
2017,Libya,-0.0470000000000001
2018,Libya,-0.0449999999999999
2019,Libya,-0.0419999999999998
2020,Libya,-0.032
2021,Libya,-0.0449999999999999
2022,Libya,-0.06
2023,Libya,-0.0470000000000001
1951,Liechtenstein,0.0579999999999998
1952,Liechtenstein,-0.032
1953,Liechtenstein,-0.0219999999999997
1954,Liechtenstein,-0.0180000000000002
1955,Liechtenstein,0.0
1956,Liechtenstein,0.0270000000000001
1957,Liechtenstein,0.036
1958,Liechtenstein,0.0339999999999998
1959,Liechtenstein,-0.0089999999999998
1960,Liechtenstein,-0.0070000000000001
1961,Liechtenstein,-0.0009999999999998
1962,Liechtenstein,0.02
1963,Liechtenstein,0.0529999999999999
1964,Liechtenstein,0.068
1965,Liechtenstein,0.044
1966,Liechtenstein,-0.1840000000000001
1967,Liechtenstein,-0.302
1968,Liechtenstein,-0.2599999999999998
1969,Liechtenstein,-0.0820000000000003
1970,Liechtenstein,-0.0419999999999998
1971,Liechtenstein,-0.06
1972,Liechtenstein,-0.0499999999999998
1973,Liechtenstein,-0.0470000000000001
1974,Liechtenstein,-0.032
1975,Liechtenstein,-0.0069999999999998
1976,Liechtenstein,0.012
1977,Liechtenstein,0.0109999999999998
1978,Liechtenstein,-0.02
1979,Liechtenstein,-0.2269999999999998
1980,Liechtenstein,0.0229999999999999
1981,Liechtenstein,-0.008
1982,Liechtenstein,-0.0819999999999998
1983,Liechtenstein,-0.0770000000000001
1984,Liechtenstein,-0.0209999999999999
1985,Liechtenstein,-0.0129999999999999
1986,Liechtenstein,-0.016
1987,Liechtenstein,0.0169999999999999
1988,Liechtenstein,0.0
1989,Liechtenstein,0.0049999999999998
1990,Liechtenstein,0.0
1991,Liechtenstein,-0.0009999999999998
1992,Liechtenstein,-0.0229999999999999
1993,Liechtenstein,-0.0230000000000001
1994,Liechtenstein,-0.012
1995,Liechtenstein,-0.0069999999999998
1996,Liechtenstein,0.0809999999999999
1997,Liechtenstein,0.0529999999999999
1998,Liechtenstein,0.0170000000000001
1999,Liechtenstein,0.018
2000,Liechtenstein,-0.0310000000000001
2001,Liechtenstein,-0.0489999999999999
2002,Liechtenstein,-0.056
2003,Liechtenstein,-0.0949999999999999
2004,Liechtenstein,0.066
2005,Liechtenstein,0.048
2006,Liechtenstein,-0.0590000000000001
2007,Liechtenstein,-0.0069999999999998
2008,Liechtenstein,0.0209999999999999
2009,Liechtenstein,0.238
2010,Liechtenstein,-0.2449999999999998
2011,Liechtenstein,0.2269999999999998
2012,Liechtenstein,-0.1479999999999999
2013,Liechtenstein,-0.052
2014,Liechtenstein,0.1080000000000001
2015,Liechtenstein,-0.145
2016,Liechtenstein,0.165
2017,Liechtenstein,-0.1320000000000001
2018,Liechtenstein,0.1060000000000001
2019,Liechtenstein,-0.0809999999999999
2020,Liechtenstein,-0.022
2021,Liechtenstein,0.0619999999999998
2022,Liechtenstein,0.006
2023,Liechtenstein,0.008
1951,Lithuania,-0.0089999999999998
1952,Lithuania,-0.0420000000000002
1953,Lithuania,-0.048
1954,Lithuania,-0.0389999999999997
1955,Lithuania,-0.008
1956,Lithuania,0.0169999999999999
1957,Lithuania,0.044
1958,Lithuania,0.0229999999999996
1959,Lithuania,-0.0209999999999999
1960,Lithuania,-0.008
1961,Lithuania,-0.0089999999999998
1962,Lithuania,-0.1419999999999999
1963,Lithuania,-0.121
1964,Lithuania,-0.0460000000000002
1965,Lithuania,-0.0699999999999998
1966,Lithuania,0.0310000000000001
1967,Lithuania,0.0029999999999996
1968,Lithuania,0.0410000000000003
1969,Lithuania,0.0189999999999996
1970,Lithuania,0.068
1971,Lithuania,0.0180000000000002
1972,Lithuania,-0.068
1973,Lithuania,-0.1219999999999998
1974,Lithuania,-0.0180000000000002
1975,Lithuania,-0.0310000000000001
1976,Lithuania,-0.008
1977,Lithuania,-0.0369999999999999
1978,Lithuania,-0.0489999999999999
1979,Lithuania,-0.036
1980,Lithuania,-0.0459999999999998
1981,Lithuania,-0.01
1982,Lithuania,-0.0050000000000001
1983,Lithuania,0.1320000000000001
1984,Lithuania,-0.0260000000000002
1985,Lithuania,0.0070000000000001
1986,Lithuania,0.0339999999999998
1987,Lithuania,-0.0209999999999999
1988,Lithuania,-0.096
1989,Lithuania,-0.0279999999999998
1990,Lithuania,0.0450000000000001
1991,Lithuania,-0.0180000000000002
1992,Lithuania,-0.0429999999999999
1993,Lithuania,-0.2289999999999998
1994,Lithuania,-0.1640000000000001
1995,Lithuania,-0.0249999999999999
1996,Lithuania,-0.0569999999999999
1997,Lithuania,-0.0270000000000001
1998,Lithuania,-0.01
1999,Lithuania,-0.002
2000,Lithuania,-0.0729999999999999
2001,Lithuania,-0.102
2002,Lithuania,-0.0499999999999998
2003,Lithuania,0.0289999999999999
2004,Lithuania,0.0109999999999998
2005,Lithuania,0.02
2006,Lithuania,0.0310000000000001
2007,Lithuania,0.0369999999999999
2008,Lithuania,0.0849999999999999
2009,Lithuania,0.0550000000000001
2010,Lithuania,0.0
2011,Lithuania,0.0489999999999999
2012,Lithuania,0.0429999999999999
2013,Lithuania,-0.008
2014,Lithuania,0.0449999999999999
2015,Lithuania,0.0770000000000001
2016,Lithuania,-0.0130000000000001
2017,Lithuania,-0.0589999999999999
2018,Lithuania,0.002
2019,Lithuania,-0.0249999999999999
2020,Lithuania,-0.123
2021,Lithuania,-0.1280000000000001
2022,Lithuania,-0.0889999999999999
2023,Lithuania,-0.0689999999999999
1951,Low-income countries,-0.2309999999999998
1952,Low-income countries,0.0159999999999991
1953,Low-income countries,0.0610000000000008
1954,Low-income countries,0.0489999999999994
1955,Low-income countries,0.0229999999999996
1956,Low-income countries,-0.0119999999999995
1957,Low-income countries,0.0869999999999997
1958,Low-income countries,0.0090000000000003
1959,Low-income countries,-0.0579999999999998
1960,Low-income countries,0.016
1961,Low-income countries,-0.0230000000000005
1962,Low-income countries,0.0340000000000006
1963,Low-income countries,0.0419999999999998
1964,Low-income countries,0.0119999999999995
1965,Low-income countries,0.0200000000000004
1966,Low-income countries,0.0449999999999999
1967,Low-income countries,0.064
1968,Low-income countries,0.0019999999999997
1969,Low-income countries,0.016
1970,Low-income countries,0.0220000000000002
1971,Low-income countries,0.0069999999999996
1972,Low-income countries,0.0339999999999998
1973,Low-income countries,-0.048
1974,Low-income countries,-0.0110000000000001
1975,Low-income countries,0.0020000000000006
1976,Low-income countries,-0.0110000000000001
1977,Low-income countries,0.0060000000000002
1978,Low-income countries,0.0129999999999999
1979,Low-income countries,0.0149999999999996
1980,Low-income countries,0.0019999999999997
1981,Low-income countries,0.0020000000000006
1982,Low-income countries,-0.0170000000000003
1983,Low-income countries,-0.0129999999999999
1984,Low-income countries,-0.0140000000000002
1985,Low-income countries,-0.0129999999999999
1986,Low-income countries,-0.0170000000000003
1987,Low-income countries,-0.024
1988,Low-income countries,-0.032
1989,Low-income countries,-0.0359999999999995
1990,Low-income countries,-0.032
1991,Low-income countries,-0.0359999999999995
1992,Low-income countries,-0.0340000000000006
1993,Low-income countries,-0.0309999999999996
1994,Low-income countries,-0.0350000000000001
1995,Low-income countries,-0.0329999999999994
1996,Low-income countries,-0.0580000000000007
1997,Low-income countries,-0.0449999999999999
1998,Low-income countries,-0.0469999999999997
1999,Low-income countries,-0.0490000000000003
2000,Low-income countries,-0.0509999999999992
2001,Low-income countries,-0.064
2002,Low-income countries,-0.0650000000000003
2003,Low-income countries,-0.0620000000000002
2004,Low-income countries,-0.0569999999999994
2005,Low-income countries,-0.0590000000000001
2006,Low-income countries,-0.0570000000000003
2007,Low-income countries,-0.0699999999999994
2008,Low-income countries,-0.0710000000000006
2009,Low-income countries,-0.0659999999999998
2010,Low-income countries,-0.0809999999999995
2011,Low-income countries,-0.0910000000000001
2012,Low-income countries,-0.0819999999999998
2013,Low-income countries,-0.0760000000000005
2014,Low-income countries,-0.0579999999999998
2015,Low-income countries,-0.0529999999999999
2016,Low-income countries,-0.0579999999999998
2017,Low-income countries,-0.0590000000000001
2018,Low-income countries,-0.0579999999999998
2019,Low-income countries,-0.0650000000000003
2020,Low-income countries,-0.0709999999999997
2021,Low-income countries,-0.072
2022,Low-income countries,-0.0679999999999996
2023,Low-income countries,-0.0700000000000002
1951,Lower-middle-income countries,0.008
1952,Lower-middle-income countries,0.0609999999999999
1953,Lower-middle-income countries,0.0209999999999999
1954,Lower-middle-income countries,0.0439999999999995
1955,Lower-middle-income countries,0.0040000000000004
1956,Lower-middle-income countries,0.0149999999999996
1957,Lower-middle-income countries,0.032
1958,Lower-middle-income countries,0.0100000000000006
1959,Lower-middle-income countries,0.0119999999999995
1960,Lower-middle-income countries,0.0279999999999995
1961,Lower-middle-income countries,-0.016
1962,Lower-middle-income countries,0.0410000000000003
1963,Lower-middle-income countries,0.008
1964,Lower-middle-income countries,-0.008
1965,Lower-middle-income countries,-0.0330000000000003
1966,Lower-middle-income countries,-0.0369999999999999
1967,Lower-middle-income countries,-0.0329999999999994
1968,Lower-middle-income countries,-0.0350000000000001
1969,Lower-middle-income countries,-0.0440000000000004
1970,Lower-middle-income countries,-0.0319999999999991
1971,Lower-middle-income countries,-0.0360000000000004
1972,Lower-middle-income countries,-0.0519999999999996
1973,Lower-middle-income countries,-0.0580000000000007
1974,Lower-middle-income countries,-0.0609999999999999
1975,Lower-middle-income countries,-0.0819999999999998
1976,Lower-middle-income countries,-0.0489999999999994
1977,Lower-middle-income countries,-0.08
1978,Lower-middle-income countries,-0.0710000000000006
1979,Lower-middle-income countries,-0.056
1980,Lower-middle-income countries,-0.0389999999999997
1981,Lower-middle-income countries,-0.064
1982,Lower-middle-income countries,-0.0599999999999996
1983,Lower-middle-income countries,-0.0529999999999999
1984,Lower-middle-income countries,-0.0650000000000003
1985,Lower-middle-income countries,-0.096
1986,Lower-middle-income countries,-0.0739999999999998
1987,Lower-middle-income countries,-0.1049999999999995
1988,Lower-middle-income countries,-0.0980000000000007
1989,Lower-middle-income countries,-0.0929999999999999
1990,Lower-middle-income countries,-0.0919999999999996
1991,Lower-middle-income countries,-0.0970000000000004
1992,Lower-middle-income countries,-0.1099999999999994
1993,Lower-middle-income countries,-0.1059999999999998
1994,Lower-middle-income countries,-0.0950000000000006
1995,Lower-middle-income countries,-0.0969999999999995
1996,Lower-middle-income countries,-0.092
1997,Lower-middle-income countries,-0.08
1998,Lower-middle-income countries,-0.0779999999999998
1999,Lower-middle-income countries,-0.0620000000000002
2000,Lower-middle-income countries,-0.044
2001,Lower-middle-income countries,-0.052
2002,Lower-middle-income countries,-0.0709999999999997
2003,Lower-middle-income countries,-0.0689999999999999
2004,Lower-middle-income countries,-0.0630000000000001
2005,Lower-middle-income countries,-0.0630000000000001
2006,Lower-middle-income countries,-0.0479999999999996
2007,Lower-middle-income countries,-0.0500000000000002
2008,Lower-middle-income countries,-0.032
2009,Lower-middle-income countries,-0.0270000000000001
2010,Lower-middle-income countries,-0.0489999999999999
2011,Lower-middle-income countries,-0.044
2012,Lower-middle-income countries,-0.0379999999999998
2013,Lower-middle-income countries,-0.0419999999999998
2014,Lower-middle-income countries,-0.0570000000000003
2015,Lower-middle-income countries,-0.0169999999999999
2016,Lower-middle-income countries,-0.0309999999999996
2017,Lower-middle-income countries,-0.0660000000000002
2018,Lower-middle-income countries,-0.0419999999999998
2019,Lower-middle-income countries,-0.0580000000000002
2020,Lower-middle-income countries,-0.056
2021,Lower-middle-income countries,-0.0329999999999999
2022,Lower-middle-income countries,-0.0229999999999996
2023,Lower-middle-income countries,-0.0170000000000003
1951,Luxembourg,0.0290000000000001
1952,Luxembourg,0.1399999999999999
1953,Luxembourg,0.0
1954,Luxembourg,0.052
1955,Luxembourg,-0.016
1956,Luxembourg,-0.0619999999999998
1957,Luxembourg,0.0529999999999999
1958,Luxembourg,0.012
1959,Luxembourg,0.04
1960,Luxembourg,0.0719999999999996
1961,Luxembourg,0.0510000000000001
1962,Luxembourg,0.0060000000000002
1963,Luxembourg,-0.0170000000000003
1964,Luxembourg,0.0420000000000002
1965,Luxembourg,0.0349999999999997
1966,Luxembourg,-0.0519999999999996
1967,Luxembourg,-0.1089999999999999
1968,Luxembourg,-0.1160000000000001
1969,Luxembourg,-0.1
1970,Luxembourg,-0.0469999999999999
1971,Luxembourg,-0.026
1972,Luxembourg,-0.1999999999999999
1973,Luxembourg,-0.163
1974,Luxembourg,0.0009999999999998
1975,Luxembourg,-0.024
1976,Luxembourg,-0.0609999999999999
1977,Luxembourg,0.0089999999999998
1978,Luxembourg,-0.0189999999999999
1979,Luxembourg,-0.0109999999999998
1980,Luxembourg,0.0169999999999999
1981,Luxembourg,0.052
1982,Luxembourg,-0.058
1983,Luxembourg,-0.0509999999999999
1984,Luxembourg,-0.0150000000000001
1985,Luxembourg,-0.038
1986,Luxembourg,0.0430000000000001
1987,Luxembourg,-0.0210000000000001
1988,Luxembourg,0.102
1989,Luxembourg,0.018
1990,Luxembourg,0.074
1991,Luxembourg,0.0109999999999998
1992,Luxembourg,0.038
1993,Luxembourg,0.0549999999999999
1994,Luxembourg,0.0190000000000001
1995,Luxembourg,-0.02
1996,Luxembourg,0.0629999999999999
1997,Luxembourg,-0.0489999999999999
1998,Luxembourg,-0.032
1999,Luxembourg,0.0569999999999999
2000,Luxembourg,0.0169999999999999
2001,Luxembourg,-0.0989999999999999
2002,Luxembourg,-0.0329999999999999
2003,Luxembourg,-0.0089999999999998
2004,Luxembourg,0.0369999999999999
2005,Luxembourg,-0.026
2006,Luxembourg,0.0149999999999999
2007,Luxembourg,-0.0349999999999999
2008,Luxembourg,-0.0049999999999998
2009,Luxembourg,-0.016
2010,Luxembourg,0.032
2011,Luxembourg,-0.092
2012,Luxembourg,0.042
2013,Luxembourg,-0.022
2014,Luxembourg,-0.0509999999999999
2015,Luxembourg,-0.0350000000000001
2016,Luxembourg,-0.0489999999999999
2017,Luxembourg,-0.0230000000000001
2018,Luxembourg,-0.012
2019,Luxembourg,-0.0369999999999999
2020,Luxembourg,0.018
2021,Luxembourg,0.0209999999999999
2022,Luxembourg,0.008
2023,Luxembourg,0.006
1951,Macao,-0.0390000000000005
1952,Macao,-0.0569999999999994
1953,Macao,-0.0620000000000002
1954,Macao,-0.0590000000000001
1955,Macao,-0.0729999999999995
1956,Macao,-0.0830000000000001
1957,Macao,-0.0890000000000004
1958,Macao,-0.0949999999999997
1959,Macao,-0.0709999999999997
1960,Macao,0.0309999999999996
1961,Macao,-0.2829999999999995
1962,Macao,-0.2810000000000006
1963,Macao,-0.1659999999999994
1964,Macao,-0.2840000000000002
1965,Macao,-0.3239999999999998
1966,Macao,-0.302
1967,Macao,-0.3030000000000004
1968,Macao,-0.4059999999999997
1969,Macao,-0.3010000000000001
1970,Macao,-0.2239999999999997
1971,Macao,-0.0890000000000001
1972,Macao,-0.054
1973,Macao,-0.0969999999999999
1974,Macao,-0.1119999999999998
1975,Macao,-0.177
1976,Macao,-0.1240000000000001
1977,Macao,-0.0389999999999999
1978,Macao,0.034
1979,Macao,0.155
1980,Macao,0.151
1981,Macao,0.1179999999999998
1982,Macao,0.143
1983,Macao,0.1059999999999998
1984,Macao,0.0470000000000001
1985,Macao,0.0899999999999998
1986,Macao,-0.0459999999999998
1987,Macao,-0.129
1988,Macao,-0.197
1989,Macao,-0.0529999999999999
1990,Macao,-0.1009999999999999
1991,Macao,-0.094
1992,Macao,-0.068
1993,Macao,-0.0759999999999998
1994,Macao,-0.04
1995,Macao,-0.064
1996,Macao,-0.0789999999999999
1997,Macao,-0.0829999999999999
1998,Macao,-0.092
1999,Macao,-0.088
2000,Macao,-0.0919999999999998
2001,Macao,-0.088
2002,Macao,-0.0389999999999999
2003,Macao,-0.008
2004,Macao,0.005
2005,Macao,0.0589999999999999
2006,Macao,0.058
2007,Macao,0.0469999999999999
2008,Macao,0.016
2009,Macao,0.014
2010,Macao,0.053
2011,Macao,0.0789999999999999
2012,Macao,0.064
2013,Macao,-0.0430000000000001
2014,Macao,0.074
2015,Macao,-0.082
2016,Macao,-0.004
2017,Macao,-0.119
2018,Macao,-0.0949999999999998
2019,Macao,0.012
2020,Macao,-0.079
2021,Macao,-0.0849999999999999
2022,Macao,-0.1099999999999999
2023,Macao,0.0
1951,Madagascar,0.0010000000000003
1952,Madagascar,-0.0020000000000006
1953,Madagascar,0.0030000000000001
1954,Madagascar,-0.0110000000000001
1955,Madagascar,-0.0249999999999994
1956,Madagascar,-0.0049999999999998
1957,Madagascar,-0.0170000000000003
1958,Madagascar,-0.0019999999999997
1959,Madagascar,-0.0129999999999999
1960,Madagascar,-0.0170000000000003
1961,Madagascar,-0.0439999999999995
1962,Madagascar,-0.0430000000000001
1963,Madagascar,-0.0440000000000004
1964,Madagascar,-0.024
1965,Madagascar,-0.0169999999999994
1966,Madagascar,-0.0150000000000005
1967,Madagascar,-0.0119999999999995
1968,Madagascar,-0.0129999999999999
1969,Madagascar,-0.0129999999999999
1970,Madagascar,-0.0220000000000002
1971,Madagascar,-0.0280000000000004
1972,Madagascar,-0.0259999999999998
1973,Madagascar,-0.0309999999999996
1974,Madagascar,-0.0179999999999997
1975,Madagascar,-0.0220000000000002
1976,Madagascar,-0.0170000000000003
1977,Madagascar,-0.0270000000000001
1978,Madagascar,-0.0229999999999996
1979,Madagascar,-0.032
1980,Madagascar,-0.0339999999999998
1981,Madagascar,-0.064
1982,Madagascar,-0.0750000000000001
1983,Madagascar,-0.0729999999999995
1984,Madagascar,-0.0790000000000006
1985,Madagascar,-0.0909999999999993
1986,Madagascar,-0.1130000000000004
1987,Madagascar,-0.1009999999999999
1988,Madagascar,-0.064
1989,Madagascar,-0.0289999999999999
1990,Madagascar,-0.0090000000000003
1991,Madagascar,-0.0219999999999993
1992,Madagascar,-0.0360000000000004
1993,Madagascar,-0.0199999999999995
1994,Madagascar,-0.0200000000000004
1995,Madagascar,-0.0060000000000002
1996,Madagascar,-0.0049999999999998
1997,Madagascar,-0.008
1998,Madagascar,-0.0309999999999996
1999,Madagascar,-0.1529999999999995
2000,Madagascar,-0.1740000000000003
2001,Madagascar,-0.1370000000000004
2002,Madagascar,-0.1159999999999996
2003,Madagascar,-0.0830000000000001
2004,Madagascar,-0.0649999999999995
2005,Madagascar,-0.0689999999999999
2006,Madagascar,-0.0620000000000002
2007,Madagascar,-0.0499999999999998
2008,Madagascar,-0.04
2009,Madagascar,-0.04
2010,Madagascar,-0.1070000000000002
2011,Madagascar,-0.1589999999999998
2012,Madagascar,-0.1239999999999996
2013,Madagascar,-0.0860000000000003
2014,Madagascar,-0.1059999999999998
2015,Madagascar,-0.0860000000000003
2016,Madagascar,-0.0499999999999998
2017,Madagascar,-0.0259999999999998
2018,Madagascar,-0.0129999999999999
2019,Madagascar,-0.0250000000000003
2020,Madagascar,-0.0510000000000001
2021,Madagascar,-0.0659999999999998
2022,Madagascar,-0.0680000000000005
2023,Madagascar,-0.0639999999999996
1951,Malawi,0.0120000000000004
1952,Malawi,0.0089999999999994
1953,Malawi,0.008
1954,Malawi,-0.048
1955,Malawi,0.0380000000000002
1956,Malawi,0.0430000000000001
1957,Malawi,0.0369999999999999
1958,Malawi,0.0419999999999998
1959,Malawi,0.0449999999999999
1960,Malawi,0.032
1961,Malawi,0.0250000000000003
1962,Malawi,0.0279999999999995
1963,Malawi,0.032
1964,Malawi,-0.0129999999999999
1965,Malawi,0.0120000000000004
1966,Malawi,0.048
1967,Malawi,0.0389999999999997
1968,Malawi,0.0489999999999994
1969,Malawi,0.0120000000000004
1970,Malawi,0.0209999999999999
1971,Malawi,0.016
1972,Malawi,0.0149999999999996
1973,Malawi,0.0120000000000004
1974,Malawi,0.0060000000000002
1975,Malawi,0.0149999999999996
1976,Malawi,0.0279999999999995
1977,Malawi,0.0210000000000007
1978,Malawi,0.0259999999999998
1979,Malawi,0.0309999999999996
1980,Malawi,0.0529999999999999
1981,Malawi,-0.0249999999999994
1982,Malawi,-0.0420000000000007
1983,Malawi,-0.0899999999999998
1984,Malawi,-0.096
1985,Malawi,-0.0949999999999997
1986,Malawi,-0.1009999999999999
1987,Malawi,-0.0990000000000002
1988,Malawi,-0.0939999999999994
1989,Malawi,-0.0730000000000004
1990,Malawi,-0.0629999999999997
1991,Malawi,-0.0590000000000001
1992,Malawi,-0.0510000000000001
1993,Malawi,-0.0569999999999994
1994,Malawi,-0.0849999999999999
1995,Malawi,-0.096
1996,Malawi,-0.1070000000000002
1997,Malawi,-0.0540000000000002
1998,Malawi,-0.0259999999999998
1999,Malawi,-0.0810000000000004
2000,Malawi,-0.1219999999999998
2001,Malawi,-0.0590000000000001
2002,Malawi,-0.04
2003,Malawi,-0.0279999999999995
2004,Malawi,-0.0110000000000001
2005,Malawi,-0.016
2006,Malawi,-0.0460000000000002
2007,Malawi,-0.0779999999999994
2008,Malawi,-0.1150000000000002
2009,Malawi,-0.1559999999999997
2010,Malawi,-0.1900000000000004
2011,Malawi,-0.1799999999999997
2012,Malawi,-0.181
2013,Malawi,-0.1429999999999998
2014,Malawi,-0.1900000000000004
2015,Malawi,-0.1849999999999996
2016,Malawi,-0.1680000000000001
2017,Malawi,-0.1029999999999997
2018,Malawi,-0.0920000000000005
2019,Malawi,-0.0689999999999999
2020,Malawi,-0.0750000000000001
2021,Malawi,-0.0859999999999998
2022,Malawi,-0.0709999999999997
2023,Malawi,-0.072
1951,Malaysia,-0.0010000000000003
1952,Malaysia,-0.0019999999999997
1953,Malaysia,0.0110000000000001
1954,Malaysia,0.0110000000000001
1955,Malaysia,0.0039999999999995
1956,Malaysia,0.0090000000000003
1957,Malaysia,0.0069999999999996
1958,Malaysia,-0.0119999999999995
1959,Malaysia,-0.0150000000000005
1960,Malaysia,-0.0289999999999999
1961,Malaysia,-0.0449999999999999
1962,Malaysia,-0.0709999999999997
1963,Malaysia,-0.1050000000000004
1964,Malaysia,-0.1609999999999996
1965,Malaysia,-0.1939999999999999
1966,Malaysia,-0.2010000000000005
1967,Malaysia,-0.2019999999999999
1968,Malaysia,-0.1419999999999994
1969,Malaysia,-0.1320000000000005
1970,Malaysia,-0.1239999999999996
1971,Malaysia,-0.1109999999999997
1972,Malaysia,-0.1020000000000003
1973,Malaysia,-0.0949999999999997
1974,Malaysia,-0.1080000000000005
1975,Malaysia,-0.1179999999999994
1976,Malaysia,-0.1030000000000006
1977,Malaysia,-0.1159999999999996
1978,Malaysia,-0.1029999999999997
1979,Malaysia,-0.088
1980,Malaysia,-0.056
1981,Malaysia,-0.0330000000000003
1982,Malaysia,-0.0349999999999997
1983,Malaysia,-0.0390000000000001
1984,Malaysia,-0.0430000000000001
1985,Malaysia,-0.0809999999999999
1986,Malaysia,-0.1049999999999999
1987,Malaysia,-0.1339999999999999
1988,Malaysia,-0.0630000000000001
1989,Malaysia,-0.1889999999999996
1990,Malaysia,-0.0090000000000003
1991,Malaysia,0.0350000000000001
1992,Malaysia,0.0340000000000002
1993,Malaysia,-0.0090000000000003
1994,Malaysia,-0.0179999999999997
1995,Malaysia,-0.0289999999999999
1996,Malaysia,-0.02
1997,Malaysia,-0.0700000000000002
1998,Malaysia,-0.1069999999999997
1999,Malaysia,-0.052
2000,Malaysia,-0.1259999999999999
2001,Malaysia,-0.1350000000000002
2002,Malaysia,-0.149
2003,Malaysia,-0.0569999999999999
2004,Malaysia,-0.1080000000000001
2005,Malaysia,-0.1019999999999998
2006,Malaysia,-0.0830000000000001
2007,Malaysia,-0.056
2008,Malaysia,0.0100000000000002
2009,Malaysia,-0.0390000000000001
2010,Malaysia,-0.0789999999999997
2011,Malaysia,0.0089999999999998
2012,Malaysia,-0.036
2013,Malaysia,-0.0470000000000001
2014,Malaysia,-0.012
2015,Malaysia,-0.0499999999999998
2016,Malaysia,-0.066
2017,Malaysia,-0.0489999999999999
2018,Malaysia,-0.0549999999999999
2019,Malaysia,-0.0610000000000001
2020,Malaysia,-0.0969999999999999
2021,Malaysia,-0.125
2022,Malaysia,-0.0049999999999998
2023,Malaysia,0.0
1951,Maldives,-0.0049999999999998
1952,Maldives,0.0330000000000003
1953,Maldives,0.0190000000000001
1954,Maldives,0.0289999999999999
1955,Maldives,0.0699999999999994
1956,Maldives,0.0620000000000002
1957,Maldives,0.056
1958,Maldives,0.0569999999999994
1959,Maldives,0.0540000000000002
1960,Maldives,0.1550000000000002
1961,Maldives,0.0789999999999997
1962,Maldives,0.0949999999999997
1963,Maldives,0.0540000000000002
1964,Maldives,0.0620000000000002
1965,Maldives,0.0670000000000001
1966,Maldives,0.0749999999999992
1967,Maldives,0.0820000000000007
1968,Maldives,0.0519999999999996
1969,Maldives,0.048
1970,Maldives,0.064
1971,Maldives,-0.0069999999999996
1972,Maldives,-0.0100000000000006
1973,Maldives,0.0250000000000003
1974,Maldives,-0.0220000000000002
1975,Maldives,-0.056
1976,Maldives,-0.0289999999999999
1977,Maldives,-0.0259999999999998
1978,Maldives,-0.0369999999999999
1979,Maldives,0.0039999999999995
1980,Maldives,-0.0069999999999996
1981,Maldives,-0.0350000000000001
1982,Maldives,-0.0449999999999999
1983,Maldives,-0.0540000000000002
1984,Maldives,-0.0669999999999992
1985,Maldives,-0.0860000000000003
1986,Maldives,-0.0929999999999999
1987,Maldives,-0.1150000000000002
1988,Maldives,-0.1479999999999997
1989,Maldives,-0.197
1990,Maldives,-0.2560000000000002
1991,Maldives,-0.3339999999999996
1992,Maldives,-0.3610000000000006
1993,Maldives,-0.3719999999999999
1994,Maldives,-0.375
1995,Maldives,-0.3959999999999999
1996,Maldives,-0.4329999999999998
1997,Maldives,-0.3820000000000001
1998,Maldives,-0.306
1999,Maldives,-0.2719999999999998
2000,Maldives,-0.2080000000000001
2001,Maldives,-0.1589999999999998
2002,Maldives,-0.1070000000000002
2003,Maldives,-0.0829999999999997
2004,Maldives,-0.08
2005,Maldives,-0.0630000000000001
2006,Maldives,0.0050000000000003
2007,Maldives,0.0889999999999999
2008,Maldives,0.0779999999999998
2009,Maldives,0.0190000000000001
2010,Maldives,-0.0409999999999999
2011,Maldives,-0.0420000000000002
2012,Maldives,-0.0529999999999999
2013,Maldives,-0.08
2014,Maldives,-0.0849999999999999
2015,Maldives,-0.0849999999999999
2016,Maldives,-0.1009999999999999
2017,Maldives,-0.1049999999999999
2018,Maldives,-0.088
2019,Maldives,-0.07
2020,Maldives,-0.0269999999999999
2021,Maldives,-0.014
2022,Maldives,-0.016
2023,Maldives,-0.008
1951,Mali,0.0219999999999993
1952,Mali,0.0110000000000001
1953,Mali,0.0150000000000005
1954,Mali,0.0149999999999996
1955,Mali,0.0140000000000002
1956,Mali,0.0179999999999997
1957,Mali,0.0170000000000003
1958,Mali,0.0129999999999999
1959,Mali,0.0089999999999994
1960,Mali,0.0120000000000004
1961,Mali,0.0119999999999995
1962,Mali,0.0070000000000005
1963,Mali,0.008
1964,Mali,0.0089999999999994
1965,Mali,0.0260000000000006
1966,Mali,0.0299999999999993
1967,Mali,0.0250000000000003
1968,Mali,0.0229999999999996
1969,Mali,0.016
1970,Mali,0.0060000000000002
1971,Mali,0.0220000000000002
1972,Mali,0.016
1973,Mali,0.0039999999999995
1974,Mali,0.0049999999999998
1975,Mali,0.0250000000000003
1976,Mali,0.0190000000000001
1977,Mali,0.0270000000000001
1978,Mali,0.0199999999999995
1979,Mali,0.0289999999999999
1980,Mali,0.0170000000000003
1981,Mali,0.0
1982,Mali,-0.0449999999999999
1983,Mali,-0.0440000000000004
1984,Mali,-0.0199999999999995
1985,Mali,0.0049999999999998
1986,Mali,0.0499999999999998
1987,Mali,0.0010000000000003
1988,Mali,0.0119999999999995
1989,Mali,0.0070000000000005
1990,Mali,-0.0200000000000004
1991,Mali,-0.0309999999999996
1992,Mali,-0.0430000000000001
1993,Mali,-0.0570000000000003
1994,Mali,-0.0609999999999999
1995,Mali,-0.0670000000000001
1996,Mali,-0.0419999999999998
1997,Mali,-0.0389999999999997
1998,Mali,-0.0350000000000001
1999,Mali,-0.0250000000000003
2000,Mali,-0.0249999999999994
2001,Mali,-0.0339999999999998
2002,Mali,-0.0330000000000003
2003,Mali,-0.0359999999999995
2004,Mali,-0.0420000000000007
2005,Mali,-0.0329999999999994
2006,Mali,-0.0310000000000005
2007,Mali,-0.0299999999999993
2008,Mali,-0.0230000000000005
2009,Mali,-0.032
2010,Mali,-0.0129999999999999
2011,Mali,-0.0339999999999998
2012,Mali,-0.0220000000000002
2013,Mali,-0.032
2014,Mali,-0.0499999999999998
2015,Mali,-0.056
2016,Mali,-0.0659999999999998
2017,Mali,-0.0679999999999996
2018,Mali,-0.133
2019,Mali,-0.2259999999999999
2020,Mali,-0.0420000000000007
2021,Mali,-0.0709999999999997
2022,Mali,-0.0869999999999997
2023,Mali,-0.0780000000000002
1951,Malta,-0.016
1952,Malta,-0.0359999999999995
1953,Malta,-0.0450000000000008
1954,Malta,-0.0529999999999999
1955,Malta,-0.0619999999999993
1956,Malta,0.0169999999999994
1957,Malta,-0.3499999999999996
1958,Malta,-0.0969999999999999
1959,Malta,-0.008
1960,Malta,0.0499999999999998
1961,Malta,-0.322
1962,Malta,-0.0859999999999998
1963,Malta,-0.347
1964,Malta,-0.1349999999999998
1965,Malta,-0.2990000000000004
1966,Malta,-0.153
1967,Malta,-0.0929999999999999
1968,Malta,-0.1109999999999997
1969,Malta,-0.0550000000000001
1970,Malta,0.0470000000000001
1971,Malta,0.052
1972,Malta,-0.092
1973,Malta,0.0459999999999998
1974,Malta,0.0
1975,Malta,0.0740000000000002
1976,Malta,-0.0230000000000001
1977,Malta,0.012
1978,Malta,-0.0769999999999999
1979,Malta,0.0289999999999999
1980,Malta,-0.0999999999999998
1981,Malta,-0.098
1982,Malta,0.173
1983,Malta,-0.0670000000000001
1984,Malta,-0.0439999999999998
1985,Malta,-0.0090000000000001
1986,Malta,-0.0169999999999999
1987,Malta,0.0389999999999999
1988,Malta,0.0869999999999999
1989,Malta,0.0380000000000002
1990,Malta,-0.0540000000000002
1991,Malta,-0.0390000000000001
1992,Malta,0.0580000000000002
1993,Malta,-0.102
1994,Malta,-0.1179999999999998
1995,Malta,-0.0490000000000001
1996,Malta,0.181
1997,Malta,-0.0349999999999999
1998,Malta,-0.102
1999,Malta,-0.1009999999999999
2000,Malta,-0.062
2001,Malta,-0.1789999999999998
2002,Malta,-0.0350000000000001
2003,Malta,0.018
2004,Malta,-0.076
2005,Malta,-0.0229999999999999
2006,Malta,-0.014
2007,Malta,-0.0049999999999998
2008,Malta,0.0619999999999998
2009,Malta,-0.0069999999999998
2010,Malta,-0.038
2011,Malta,0.068
2012,Malta,-0.0230000000000001
2013,Malta,-0.0539999999999998
2014,Malta,0.0129999999999999
2015,Malta,-0.0030000000000001
2016,Malta,-0.0099999999999997
2017,Malta,-0.0950000000000002
2018,Malta,-0.0439999999999998
2019,Malta,-0.0770000000000001
2020,Malta,-0.018
2021,Malta,-0.0219999999999997
2022,Malta,-0.0090000000000001
2023,Malta,-0.0029999999999998
1951,Marshall Islands,0.0009999999999994
1952,Marshall Islands,0.0430000000000001
1953,Marshall Islands,0.0330000000000003
1954,Marshall Islands,0.0430000000000001
1955,Marshall Islands,0.0299999999999993
1956,Marshall Islands,0.0110000000000001
1957,Marshall Islands,0.0369999999999999
1958,Marshall Islands,0.0250000000000003
1959,Marshall Islands,0.0439999999999995
1960,Marshall Islands,0.0540000000000002
1961,Marshall Islands,0.0380000000000002
1962,Marshall Islands,0.0069999999999996
1963,Marshall Islands,0.0009999999999994
1964,Marshall Islands,0.0200000000000013
1965,Marshall Islands,0.0129999999999999
1966,Marshall Islands,0.0429999999999992
1967,Marshall Islands,-0.0299999999999993
1968,Marshall Islands,-0.0259999999999998
1969,Marshall Islands,-0.0310000000000005
1970,Marshall Islands,-0.0370000000000008
1971,Marshall Islands,-0.0389999999999997
1972,Marshall Islands,-0.0409999999999994
1973,Marshall Islands,-0.0430000000000001
1974,Marshall Islands,-0.0529999999999999
1975,Marshall Islands,-0.0670000000000001
1976,Marshall Islands,-0.0750000000000001
1977,Marshall Islands,-0.0869999999999997
1978,Marshall Islands,-0.0899999999999998
1979,Marshall Islands,-0.1070000000000002
1980,Marshall Islands,-0.1029999999999997
1981,Marshall Islands,-0.1009999999999999
1982,Marshall Islands,-0.0899999999999998
1983,Marshall Islands,-0.096
1984,Marshall Islands,-0.0949999999999997
1985,Marshall Islands,-0.1220000000000007
1986,Marshall Islands,-0.1349999999999998
1987,Marshall Islands,-0.1630000000000002
1988,Marshall Islands,-0.1839999999999992
1989,Marshall Islands,-0.2010000000000005
1990,Marshall Islands,-0.213
1991,Marshall Islands,-0.213
1992,Marshall Islands,-0.2109999999999994
1993,Marshall Islands,-0.1640000000000006
1994,Marshall Islands,-0.1499999999999994
1995,Marshall Islands,-0.141
1996,Marshall Islands,-0.0700000000000002
1997,Marshall Islands,-0.0620000000000002
1998,Marshall Islands,-0.0909999999999993
1999,Marshall Islands,-0.0849999999999999
2000,Marshall Islands,-0.088
2001,Marshall Islands,-0.1120000000000001
2002,Marshall Islands,-0.0949999999999997
2003,Marshall Islands,-0.0700000000000002
2004,Marshall Islands,-0.0780000000000002
2005,Marshall Islands,-0.064
2006,Marshall Islands,-0.0789999999999997
2007,Marshall Islands,-0.1070000000000002
2008,Marshall Islands,-0.1229999999999997
2009,Marshall Islands,-0.137
2010,Marshall Islands,-0.157
2011,Marshall Islands,-0.1459999999999999
2012,Marshall Islands,-0.145
2013,Marshall Islands,-0.1350000000000002
2014,Marshall Islands,-0.0669999999999997
2015,Marshall Islands,-0.0490000000000003
2016,Marshall Islands,-0.0399999999999995
2017,Marshall Islands,-0.0270000000000001
2018,Marshall Islands,-0.0260000000000002
2019,Marshall Islands,-0.0259999999999998
2020,Marshall Islands,-0.0230000000000001
2021,Marshall Islands,-0.0249999999999999
2022,Marshall Islands,-0.028
2023,Marshall Islands,-0.0169999999999999
1951,Martinique,-0.0679999999999996
1952,Martinique,-0.0790000000000006
1953,Martinique,0.1420000000000003
1954,Martinique,0.1169999999999999
1955,Martinique,0.0769999999999999
1956,Martinique,0.016
1957,Martinique,0.0040000000000004
1958,Martinique,-0.0710000000000006
1959,Martinique,-0.016
1960,Martinique,0.0540000000000002
1961,Martinique,-0.0739999999999998
1962,Martinique,-0.0499999999999998
1963,Martinique,-0.1200000000000001
1964,Martinique,-0.0209999999999999
1965,Martinique,0.0709999999999997
1966,Martinique,-0.1000000000000005
1967,Martinique,-0.1289999999999995
1968,Martinique,-0.2060000000000004
1969,Martinique,-0.3009999999999992
1970,Martinique,-0.2120000000000006
1971,Martinique,-0.1629999999999993
1972,Martinique,-0.189
1973,Martinique,-0.3320000000000003
1974,Martinique,-0.3239999999999998
1975,Martinique,-0.3980000000000001
1976,Martinique,-0.3490000000000002
1977,Martinique,-0.2449999999999996
1978,Martinique,-0.1720000000000001
1979,Martinique,-0.1099999999999998
1980,Martinique,-0.0609999999999999
1981,Martinique,-0.0050000000000003
1982,Martinique,-0.0189999999999996
1983,Martinique,-0.02
1984,Martinique,-0.04
1985,Martinique,-0.0249999999999999
1986,Martinique,-0.0090000000000003
1987,Martinique,0.0070000000000001
1988,Martinique,-0.0299999999999998
1989,Martinique,-0.0110000000000001
1990,Martinique,-0.0129999999999999
1991,Martinique,-0.02
1992,Martinique,-0.0110000000000001
1993,Martinique,-0.0229999999999999
1994,Martinique,-0.022
1995,Martinique,-0.026
1996,Martinique,-0.0130000000000001
1997,Martinique,-0.01
1998,Martinique,-0.008
1999,Martinique,-0.0129999999999999
2000,Martinique,0.02
2001,Martinique,0.008
2002,Martinique,-0.012
2003,Martinique,0.006
2004,Martinique,-0.0010000000000001
2005,Martinique,0.0450000000000001
2006,Martinique,0.0619999999999998
2007,Martinique,0.036
2008,Martinique,0.0289999999999999
2009,Martinique,-0.02
2010,Martinique,-0.0139999999999997
2011,Martinique,-0.028
2012,Martinique,-0.01
2013,Martinique,-0.0109999999999998
2014,Martinique,0.0049999999999998
2015,Martinique,-0.02
2016,Martinique,-0.008
2017,Martinique,0.002
2018,Martinique,0.0270000000000001
2019,Martinique,0.0319999999999998
2020,Martinique,0.0049999999999998
2021,Martinique,0.008
2022,Martinique,-0.0139999999999997
2023,Martinique,-0.0150000000000001
1951,Mauritania,0.0179999999999997
1952,Mauritania,0.016
1953,Mauritania,0.0220000000000002
1954,Mauritania,0.0269999999999992
1955,Mauritania,0.0490000000000003
1956,Mauritania,0.0410000000000003
1957,Mauritania,0.0399999999999991
1958,Mauritania,0.0460000000000002
1959,Mauritania,0.0419999999999998
1960,Mauritania,0.0570000000000003
1961,Mauritania,0.0499999999999998
1962,Mauritania,0.0449999999999999
1963,Mauritania,0.0680000000000005
1964,Mauritania,0.0579999999999998
1965,Mauritania,0.0739999999999998
1966,Mauritania,0.072
1967,Mauritania,0.0519999999999996
1968,Mauritania,0.0350000000000001
1969,Mauritania,0.04
1970,Mauritania,0.0339999999999998
1971,Mauritania,0.0190000000000001
1972,Mauritania,0.0100000000000006
1973,Mauritania,0.0119999999999995
1974,Mauritania,0.0120000000000004
1975,Mauritania,-0.0170000000000003
1976,Mauritania,0.0140000000000002
1977,Mauritania,0.0089999999999994
1978,Mauritania,-0.0089999999999994
1979,Mauritania,-0.0250000000000003
1980,Mauritania,-0.0309999999999996
1981,Mauritania,-0.0360000000000004
1982,Mauritania,-0.0469999999999997
1983,Mauritania,-0.0469999999999997
1984,Mauritania,-0.0580000000000007
1985,Mauritania,-0.0599999999999996
1986,Mauritania,-0.08
1987,Mauritania,-0.072
1988,Mauritania,-0.0579999999999998
1989,Mauritania,-0.0179999999999997
1990,Mauritania,-0.0200000000000004
1991,Mauritania,-0.0179999999999997
1992,Mauritania,-0.0309999999999996
1993,Mauritania,-0.0330000000000003
1994,Mauritania,-0.0350000000000001
1995,Mauritania,-0.096
1996,Mauritania,-0.1009999999999999
1997,Mauritania,-0.1179999999999994
1998,Mauritania,-0.1200000000000001
1999,Mauritania,-0.0990000000000002
2000,Mauritania,-0.0679999999999996
2001,Mauritania,-0.0490000000000003
2002,Mauritania,-0.0339999999999998
2003,Mauritania,-0.0090000000000003
2004,Mauritania,0.0099999999999997
2005,Mauritania,0.0020000000000006
2006,Mauritania,0.0279999999999995
2007,Mauritania,0.0220000000000002
2008,Mauritania,0.0099999999999997
2009,Mauritania,-0.0300000000000002
2010,Mauritania,-0.0219999999999993
2011,Mauritania,-0.0040000000000004
2012,Mauritania,-0.0279999999999995
2013,Mauritania,-0.0350000000000001
2014,Mauritania,-0.056
2015,Mauritania,-0.0499999999999998
2016,Mauritania,-0.0540000000000002
2017,Mauritania,-0.0510000000000001
2018,Mauritania,-0.0620000000000002
2019,Mauritania,-0.0599999999999996
2020,Mauritania,-0.072
2021,Mauritania,-0.064
2022,Mauritania,-0.0780000000000002
2023,Mauritania,-0.0729999999999995
1951,Mauritius,-0.0010000000000003
1952,Mauritius,-0.0569999999999994
1953,Mauritius,-0.0760000000000005
1954,Mauritius,-0.0449999999999999
1955,Mauritius,-0.016
1956,Mauritius,-0.0179999999999997
1957,Mauritius,0.0220000000000002
1958,Mauritius,0.0259999999999998
1959,Mauritius,0.0140000000000002
1960,Mauritius,0.0209999999999999
1961,Mauritius,0.0849999999999999
1962,Mauritius,-0.1050000000000004
1963,Mauritius,0.3029999999999999
1964,Mauritius,-0.2239999999999993
1965,Mauritius,-0.4480000000000004
1966,Mauritius,-0.048
1967,Mauritius,-0.8339999999999996
1968,Mauritius,-0.0300000000000002
1969,Mauritius,-0.6310000000000002
1970,Mauritius,-0.145
1971,Mauritius,-0.3119999999999998
1972,Mauritius,-0.1009999999999999
1973,Mauritius,-0.3359999999999998
1974,Mauritius,0.3819999999999997
1975,Mauritius,-0.2559999999999998
1976,Mauritius,-0.068
1977,Mauritius,-0.0579999999999998
1978,Mauritius,-0.06
1979,Mauritius,-0.0969999999999999
1980,Mauritius,-0.1110000000000002
1981,Mauritius,-0.137
1982,Mauritius,-0.1320000000000001
1983,Mauritius,-0.1379999999999999
1984,Mauritius,-0.1629999999999998
1985,Mauritius,-0.1790000000000002
1986,Mauritius,-0.1069999999999997
1987,Mauritius,0.056
1988,Mauritius,0.0939999999999998
1989,Mauritius,0.1120000000000001
1990,Mauritius,0.0869999999999997
1991,Mauritius,-0.0029999999999996
1992,Mauritius,0.0659999999999998
1993,Mauritius,-0.0470000000000001
1994,Mauritius,-0.0689999999999999
1995,Mauritius,-0.1049999999999999
1996,Mauritius,-0.0219999999999997
1997,Mauritius,-0.0849999999999999
1998,Mauritius,-0.1200000000000001
1999,Mauritius,0.1200000000000001
2000,Mauritius,-0.0550000000000001
2001,Mauritius,-0.0809999999999999
2002,Mauritius,0.0209999999999999
2003,Mauritius,-0.0449999999999999
2004,Mauritius,0.0
2005,Mauritius,-0.0469999999999999
2006,Mauritius,-0.1100000000000001
2007,Mauritius,-0.042
2008,Mauritius,-0.0699999999999998
2009,Mauritius,-0.074
2010,Mauritius,-0.0329999999999999
2011,Mauritius,-0.0130000000000001
2012,Mauritius,-0.0029999999999998
2013,Mauritius,-0.06
2014,Mauritius,-0.048
2015,Mauritius,-0.052
2016,Mauritius,0.0330000000000001
2017,Mauritius,0.0429999999999999
2018,Mauritius,-0.03
2019,Mauritius,-0.014
2020,Mauritius,0.036
2021,Mauritius,-0.034
2022,Mauritius,-0.0829999999999999
2023,Mauritius,-0.0289999999999999
1951,Mayotte,0.0090000000000003
1952,Mayotte,0.0019999999999997
1953,Mayotte,-0.0099999999999997
1954,Mayotte,0.0019999999999997
1955,Mayotte,0.0
1956,Mayotte,-0.008
1957,Mayotte,0.0279999999999995
1958,Mayotte,0.0340000000000006
1959,Mayotte,0.0289999999999999
1960,Mayotte,0.0350000000000001
1961,Mayotte,0.0249999999999994
1962,Mayotte,0.0250000000000003
1963,Mayotte,0.0220000000000002
1964,Mayotte,0.024
1965,Mayotte,0.0339999999999998
1966,Mayotte,0.0229999999999996
1967,Mayotte,0.0590000000000001
1968,Mayotte,0.0540000000000002
1969,Mayotte,0.0539999999999993
1970,Mayotte,0.0630000000000006
1971,Mayotte,0.0529999999999999
1972,Mayotte,0.0299999999999993
1973,Mayotte,0.0270000000000001
1974,Mayotte,0.0180000000000006
1975,Mayotte,0.0369999999999999
1976,Mayotte,-0.0120000000000004
1977,Mayotte,-0.0140000000000002
1978,Mayotte,-0.0269999999999992
1979,Mayotte,-0.0650000000000003
1980,Mayotte,-0.0919999999999996
1981,Mayotte,-0.1080000000000005
1982,Mayotte,-0.1189999999999997
1983,Mayotte,-0.1290000000000004
1984,Mayotte,-0.1349999999999998
1985,Mayotte,-0.1440000000000001
1986,Mayotte,-0.1269999999999997
1987,Mayotte,-0.1310000000000002
1988,Mayotte,-0.1229999999999993
1989,Mayotte,-0.1290000000000004
1990,Mayotte,-0.1269999999999997
1991,Mayotte,-0.1029999999999997
1992,Mayotte,-0.0980000000000007
1993,Mayotte,-0.0939999999999994
1994,Mayotte,-0.0860000000000003
1995,Mayotte,-0.0819999999999998
1996,Mayotte,-0.0750000000000001
1997,Mayotte,-0.1209999999999995
1998,Mayotte,-0.1360000000000001
1999,Mayotte,-0.1450000000000004
2000,Mayotte,-0.1469999999999993
2001,Mayotte,-0.1530000000000004
2002,Mayotte,-0.1509999999999998
2003,Mayotte,-0.1260000000000003
2004,Mayotte,-0.0859999999999994
2005,Mayotte,0.0539999999999993
2006,Mayotte,0.0040000000000004
2007,Mayotte,-0.0129999999999999
2008,Mayotte,-0.0180000000000006
2009,Mayotte,-0.0119999999999995
2010,Mayotte,-0.0300000000000002
2011,Mayotte,-0.0419999999999998
2012,Mayotte,-0.0289999999999999
2013,Mayotte,0.0709999999999997
2014,Mayotte,0.1009999999999999
2015,Mayotte,0.141
2016,Mayotte,0.0289999999999999
2017,Mayotte,-0.0439999999999995
2018,Mayotte,0.0
2019,Mayotte,-0.08
2020,Mayotte,-0.4100000000000001
2021,Mayotte,0.4900000000000002
2022,Mayotte,0.0009999999999994
2023,Mayotte,-0.0449999999999999
1951,Mexico,0.0180000000000006
1952,Mexico,0.0039999999999995
1953,Mexico,0.0030000000000001
1954,Mexico,0.0110000000000001
1955,Mexico,-0.0149999999999996
1956,Mexico,0.0129999999999999
1957,Mexico,0.0089999999999994
1958,Mexico,0.0060000000000002
1959,Mexico,0.0
1960,Mexico,0.0049999999999998
1961,Mexico,0.0140000000000002
1962,Mexico,0.0229999999999996
1963,Mexico,0.0170000000000003
1964,Mexico,0.016
1965,Mexico,-0.0140000000000002
1966,Mexico,-0.0289999999999999
1967,Mexico,-0.0369999999999999
1968,Mexico,-0.0460000000000002
1969,Mexico,-0.0809999999999995
1970,Mexico,-0.0970000000000004
1971,Mexico,-0.1100000000000003
1972,Mexico,-0.1379999999999999
1973,Mexico,-0.1599999999999992
1974,Mexico,-0.1740000000000003
1975,Mexico,-0.2080000000000001
1976,Mexico,-0.1959999999999997
1977,Mexico,-0.1820000000000003
1978,Mexico,-0.1589999999999998
1979,Mexico,-0.2379999999999995
1980,Mexico,-0.2250000000000005
1981,Mexico,-0.165
1982,Mexico,-0.149
1983,Mexico,-0.1289999999999995
1984,Mexico,-0.1120000000000001
1985,Mexico,-0.0970000000000004
1986,Mexico,-0.1159999999999996
1987,Mexico,-0.1680000000000001
1988,Mexico,-0.1629999999999998
1989,Mexico,-0.1080000000000001
1990,Mexico,-0.088
1991,Mexico,-0.0809999999999999
1992,Mexico,-0.0779999999999998
1993,Mexico,-0.0740000000000002
1994,Mexico,-0.0789999999999997
1995,Mexico,-0.088
1996,Mexico,-0.08
1997,Mexico,-0.0779999999999998
1998,Mexico,-0.0710000000000001
1999,Mexico,-0.052
2000,Mexico,-0.0489999999999999
2001,Mexico,-0.0430000000000001
2002,Mexico,-0.0379999999999998
2003,Mexico,-0.0539999999999998
2004,Mexico,-0.0430000000000001
2005,Mexico,-0.0409999999999999
2006,Mexico,-0.0390000000000001
2007,Mexico,-0.0350000000000001
2008,Mexico,-0.0299999999999998
2009,Mexico,-0.0270000000000001
2010,Mexico,-0.024
2011,Mexico,-0.0229999999999996
2012,Mexico,-0.0230000000000001
2013,Mexico,-0.0249999999999999
2014,Mexico,-0.0580000000000002
2015,Mexico,-0.0739999999999998
2016,Mexico,-0.0510000000000001
2017,Mexico,-0.0449999999999999
2018,Mexico,-0.0110000000000001
2019,Mexico,-0.0099999999999997
2020,Mexico,-0.03
2021,Mexico,-0.02
2022,Mexico,-0.03
2023,Mexico,-0.03
1951,Micronesia (country),0.0069999999999996
1952,Micronesia (country),0.0120000000000004
1953,Micronesia (country),-0.0030000000000001
1954,Micronesia (country),0.0030000000000001
1955,Micronesia (country),0.0009999999999994
1956,Micronesia (country),0.016
1957,Micronesia (country),0.0150000000000005
1958,Micronesia (country),0.0129999999999999
1959,Micronesia (country),0.0179999999999997
1960,Micronesia (country),0.0270000000000001
1961,Micronesia (country),-0.0019999999999997
1962,Micronesia (country),-0.0110000000000001
1963,Micronesia (country),-0.016
1964,Micronesia (country),0.024
1965,Micronesia (country),0.0060000000000002
1966,Micronesia (country),0.0379999999999993
1967,Micronesia (country),0.0289999999999999
1968,Micronesia (country),0.0300000000000002
1969,Micronesia (country),0.0369999999999999
1970,Micronesia (country),0.0510000000000001
1971,Micronesia (country),0.0099999999999997
1972,Micronesia (country),0.0230000000000005
1973,Micronesia (country),0.0099999999999997
1974,Micronesia (country),-0.0430000000000001
1975,Micronesia (country),-0.0490000000000003
1976,Micronesia (country),-0.0609999999999999
1977,Micronesia (country),-0.0759999999999996
1978,Micronesia (country),-0.0919999999999996
1979,Micronesia (country),-0.1050000000000004
1980,Micronesia (country),-0.1219999999999998
1981,Micronesia (country),-0.1319999999999996
1982,Micronesia (country),-0.1270000000000006
1983,Micronesia (country),-0.1319999999999996
1984,Micronesia (country),-0.1440000000000001
1985,Micronesia (country),-0.1390000000000002
1986,Micronesia (country),-0.1369999999999995
1987,Micronesia (country),-0.1459999999999999
1988,Micronesia (country),-0.1429999999999998
1989,Micronesia (country),-0.1400000000000005
1990,Micronesia (country),-0.1339999999999994
1991,Micronesia (country),-0.1290000000000004
1992,Micronesia (country),-0.1180000000000003
1993,Micronesia (country),-0.1239999999999996
1994,Micronesia (country),-0.1029999999999997
1995,Micronesia (country),-0.0810000000000004
1996,Micronesia (country),-0.0670000000000001
1997,Micronesia (country),-0.0719999999999991
1998,Micronesia (country),-0.0540000000000002
1999,Micronesia (country),-0.0310000000000005
2000,Micronesia (country),-0.0529999999999999
2001,Micronesia (country),-0.133
2002,Micronesia (country),-0.1499999999999994
2003,Micronesia (country),-0.149
2004,Micronesia (country),-0.104
2005,Micronesia (country),-0.0859999999999998
2006,Micronesia (country),-0.0810000000000004
2007,Micronesia (country),-0.0749999999999997
2008,Micronesia (country),-0.0710000000000001
2009,Micronesia (country),-0.0549999999999997
2010,Micronesia (country),-0.0420000000000002
2011,Micronesia (country),-0.048
2012,Micronesia (country),-0.0429999999999997
2013,Micronesia (country),-0.0470000000000001
2014,Micronesia (country),-0.0419999999999998
2015,Micronesia (country),-0.0420000000000002
2016,Micronesia (country),-0.048
2017,Micronesia (country),-0.044
2018,Micronesia (country),-0.0349999999999997
2019,Micronesia (country),-0.0390000000000001
2020,Micronesia (country),-0.0310000000000001
2021,Micronesia (country),-0.0339999999999998
2022,Micronesia (country),-0.0329999999999999
2023,Micronesia (country),-0.0369999999999999
1951,Moldova,0.0329999999999999
1952,Moldova,0.0139999999999997
1953,Moldova,0.0009999999999998
1954,Moldova,-0.0179999999999997
1955,Moldova,-0.024
1956,Moldova,-0.0259999999999998
1957,Moldova,-0.0310000000000001
1958,Moldova,-0.0300000000000002
1959,Moldova,-0.0319999999999995
1960,Moldova,-0.0580000000000002
1961,Moldova,-0.0869999999999997
1962,Moldova,-0.185
1963,Moldova,-0.1520000000000001
1964,Moldova,-0.181
1965,Moldova,-0.0249999999999999
1966,Moldova,-0.0340000000000002
1967,Moldova,-0.0339999999999998
1968,Moldova,-0.0249999999999999
1969,Moldova,-0.0260000000000002
1970,Moldova,-0.0009999999999998
1971,Moldova,-0.0019999999999997
1972,Moldova,0.0009999999999998
1973,Moldova,0.0019999999999997
1974,Moldova,-0.0019999999999997
1975,Moldova,-0.0420000000000002
1976,Moldova,-0.0499999999999998
1977,Moldova,-0.048
1978,Moldova,-0.0369999999999999
1979,Moldova,-0.0030000000000001
1980,Moldova,-0.0030000000000001
1981,Moldova,0.0210000000000003
1982,Moldova,0.0469999999999997
1983,Moldova,0.129
1984,Moldova,0.0910000000000001
1985,Moldova,0.0049999999999998
1986,Moldova,0.064
1987,Moldova,0.0379999999999998
1988,Moldova,-0.1479999999999997
1989,Moldova,-0.165
1990,Moldova,-0.0710000000000001
1991,Moldova,-0.1139999999999998
1992,Moldova,-0.0609999999999999
1993,Moldova,-0.1049999999999999
1994,Moldova,-0.119
1995,Moldova,-0.1680000000000001
1996,Moldova,-0.1159999999999998
1997,Moldova,0.0809999999999999
1998,Moldova,-0.1400000000000001
1999,Moldova,-0.0939999999999998
2000,Moldova,-0.06
2001,Moldova,-0.0249999999999999
2002,Moldova,-0.0230000000000001
2003,Moldova,0.0310000000000001
2004,Moldova,0.0639999999999998
2005,Moldova,-0.0149999999999999
2006,Moldova,0.0089999999999998
2007,Moldova,0.038
2008,Moldova,0.0629999999999999
2009,Moldova,0.0810000000000001
2010,Moldova,-0.016
2011,Moldova,-0.0530000000000001
2012,Moldova,0.0110000000000001
2013,Moldova,-0.0389999999999999
2014,Moldova,0.1979999999999999
2015,Moldova,0.05
2016,Moldova,0.0199999999999997
2017,Moldova,-0.0799999999999998
2018,Moldova,0.0
2019,Moldova,-0.03
2020,Moldova,-0.01
2021,Moldova,-0.0190000000000001
2022,Moldova,-0.0569999999999999
2023,Moldova,0.0370000000000001
1951,Monaco,0.012
1952,Monaco,-0.0059999999999997
1953,Monaco,-0.024
1954,Monaco,-0.0499999999999998
1955,Monaco,-0.0230000000000001
1956,Monaco,-0.0209999999999999
1957,Monaco,-0.0180000000000002
1958,Monaco,-0.0339999999999998
1959,Monaco,-0.0449999999999999
1960,Monaco,-0.0370000000000003
1961,Monaco,-0.0289999999999999
1962,Monaco,-0.0270000000000001
1963,Monaco,-0.0289999999999999
1964,Monaco,-0.0369999999999999
1965,Monaco,-0.0299999999999998
1966,Monaco,-0.0350000000000001
1967,Monaco,-0.0339999999999998
1968,Monaco,-0.0250000000000003
1969,Monaco,-0.0299999999999998
1970,Monaco,-0.036
1971,Monaco,-0.0299999999999998
1972,Monaco,-0.0300000000000002
1973,Monaco,-0.032
1974,Monaco,-0.0310000000000001
1975,Monaco,-0.0259999999999998
1976,Monaco,-0.0249999999999999
1977,Monaco,-0.02
1978,Monaco,-0.0220000000000002
1979,Monaco,-0.02
1980,Monaco,-0.0199999999999995
1981,Monaco,-0.02
1982,Monaco,-0.0210000000000003
1983,Monaco,-0.0189999999999996
1984,Monaco,-0.0190000000000001
1985,Monaco,-0.024
1986,Monaco,-0.0350000000000001
1987,Monaco,-0.044
1988,Monaco,-0.0509999999999997
1989,Monaco,-0.0770000000000001
1990,Monaco,-0.0859999999999998
1991,Monaco,-0.062
1992,Monaco,-0.0310000000000001
1993,Monaco,-0.0059999999999997
1994,Monaco,0.0069999999999998
1995,Monaco,0.0269999999999999
1996,Monaco,0.0410000000000001
1997,Monaco,0.0599999999999998
1998,Monaco,0.07
1999,Monaco,0.0530000000000001
2000,Monaco,0.0749999999999997
2001,Monaco,0.0940000000000003
2002,Monaco,-0.1700000000000003
2003,Monaco,-0.0919999999999998
2004,Monaco,0.08
2005,Monaco,0.0119999999999997
2006,Monaco,0.0950000000000002
2007,Monaco,0.1049999999999999
2008,Monaco,0.1779999999999999
2009,Monaco,0.0129999999999999
2010,Monaco,-0.012
2011,Monaco,-0.1649999999999996
2012,Monaco,0.0739999999999998
2013,Monaco,0.0190000000000001
2014,Monaco,0.1719999999999997
2015,Monaco,0.0180000000000002
2016,Monaco,0.0749999999999997
2017,Monaco,-0.1599999999999997
2018,Monaco,0.0669999999999997
2019,Monaco,-0.0819999999999998
2020,Monaco,-0.0230000000000001
2021,Monaco,-0.258
2022,Monaco,-0.008
2023,Monaco,-0.004
1951,Mongolia,0.056
1952,Mongolia,0.1059999999999998
1953,Mongolia,0.1009999999999999
1954,Mongolia,0.104
1955,Mongolia,0.1870000000000002
1956,Mongolia,0.181
1957,Mongolia,0.1509999999999998
1958,Mongolia,0.1459999999999999
1959,Mongolia,0.1459999999999999
1960,Mongolia,0.1360000000000001
1961,Mongolia,0.1459999999999999
1962,Mongolia,0.1349999999999998
1963,Mongolia,0.1400000000000005
1964,Mongolia,0.0909999999999993
1965,Mongolia,0.048
1966,Mongolia,0.032
1967,Mongolia,-0.0199999999999995
1968,Mongolia,-0.0179999999999997
1969,Mongolia,-0.0340000000000006
1970,Mongolia,-0.0229999999999996
1971,Mongolia,-0.0170000000000003
1972,Mongolia,-0.0179999999999997
1973,Mongolia,-0.0389999999999997
1974,Mongolia,-0.0670000000000001
1975,Mongolia,-0.1070000000000002
1976,Mongolia,-0.1349999999999998
1977,Mongolia,-0.141
1978,Mongolia,-0.1699999999999999
1979,Mongolia,-0.1959999999999997
1980,Mongolia,-0.213
1981,Mongolia,-0.2290000000000001
1982,Mongolia,-0.181
1983,Mongolia,-0.173
1984,Mongolia,-0.1770000000000005
1985,Mongolia,-0.189
1986,Mongolia,-0.2329999999999996
1987,Mongolia,-0.2000000000000001
1988,Mongolia,-0.1819999999999995
1989,Mongolia,-0.2270000000000003
1990,Mongolia,-0.2139999999999995
1991,Mongolia,-0.3480000000000003
1992,Mongolia,-0.4319999999999999
1993,Mongolia,-0.4090000000000002
1994,Mongolia,-0.1979999999999999
1995,Mongolia,-0.0829999999999997
1996,Mongolia,-0.1150000000000002
1997,Mongolia,-0.1440000000000001
1998,Mongolia,-0.1189999999999997
1999,Mongolia,-0.0609999999999999
2000,Mongolia,-0.0420000000000002
2001,Mongolia,-0.0609999999999999
2002,Mongolia,-0.0909999999999997
2003,Mongolia,-0.084
2004,Mongolia,-0.036
2005,Mongolia,0.0069999999999998
2006,Mongolia,0.1260000000000001
2007,Mongolia,0.205
2008,Mongolia,0.2109999999999998
2009,Mongolia,0.0929999999999999
2010,Mongolia,-0.104
2011,Mongolia,0.0740000000000002
2012,Mongolia,0.1439999999999996
2013,Mongolia,0.201
2014,Mongolia,0.056
2015,Mongolia,0.0139999999999997
2016,Mongolia,-0.0529999999999999
2017,Mongolia,-0.0659999999999998
2018,Mongolia,0.032
2019,Mongolia,0.0849999999999999
2020,Mongolia,-0.0590000000000001
2021,Mongolia,-0.1139999999999998
2022,Mongolia,-0.0889999999999999
2023,Mongolia,-0.0609999999999999
1951,Montenegro,0.2620000000000004
1952,Montenegro,-0.0630000000000006
1953,Montenegro,-0.0049999999999998
1954,Montenegro,-0.0709999999999997
1955,Montenegro,-0.33
1956,Montenegro,-0.1299999999999999
1957,Montenegro,-0.0820000000000003
1958,Montenegro,-0.1419999999999999
1959,Montenegro,-0.2719999999999998
1960,Montenegro,0.0009999999999998
1961,Montenegro,-0.0449999999999999
1962,Montenegro,-0.044
1963,Montenegro,-0.0609999999999999
1964,Montenegro,-0.1030000000000002
1965,Montenegro,-0.0929999999999999
1966,Montenegro,-0.0929999999999999
1967,Montenegro,-0.181
1968,Montenegro,-0.1169999999999999
1969,Montenegro,-0.004
1970,Montenegro,-0.104
1971,Montenegro,-0.0139999999999997
1972,Montenegro,-0.0619999999999998
1973,Montenegro,-0.0990000000000002
1974,Montenegro,-0.0779999999999998
1975,Montenegro,-0.0530000000000003
1976,Montenegro,-0.0289999999999999
1977,Montenegro,-0.0449999999999999
1978,Montenegro,-0.06
1979,Montenegro,-0.0499999999999998
1980,Montenegro,0.02
1981,Montenegro,-0.024
1982,Montenegro,-0.0070000000000001
1983,Montenegro,-0.02
1984,Montenegro,-0.0299999999999998
1985,Montenegro,-0.0070000000000001
1986,Montenegro,-0.0379999999999998
1987,Montenegro,-0.0210000000000003
1988,Montenegro,-0.064
1989,Montenegro,-0.0679999999999998
1990,Montenegro,0.0070000000000001
1991,Montenegro,0.07
1992,Montenegro,-0.0020000000000002
1993,Montenegro,-0.0579999999999998
1994,Montenegro,-0.0190000000000001
1995,Montenegro,0.022
1996,Montenegro,-0.036
1997,Montenegro,-0.036
1998,Montenegro,0.0070000000000001
1999,Montenegro,-0.0090000000000001
2000,Montenegro,0.0190000000000001
2001,Montenegro,-0.048
2002,Montenegro,-0.042
2003,Montenegro,-0.0089999999999998
2004,Montenegro,-0.07
2005,Montenegro,-0.032
2006,Montenegro,0.0350000000000001
2007,Montenegro,0.0659999999999998
2008,Montenegro,0.092
2009,Montenegro,0.0649999999999999
2010,Montenegro,-0.2289999999999998
2011,Montenegro,-0.0550000000000001
2012,Montenegro,0.052
2013,Montenegro,0.016
2014,Montenegro,0.018
2015,Montenegro,-0.006
2016,Montenegro,0.044
2017,Montenegro,-0.01
2018,Montenegro,-0.0150000000000001
2019,Montenegro,0.0390000000000001
2020,Montenegro,0.0169999999999999
2021,Montenegro,0.0190000000000001
2022,Montenegro,0.0309999999999999
2023,Montenegro,-0.078
1951,Montserrat,0.0179999999999997
1952,Montserrat,0.0199999999999995
1953,Montserrat,0.0110000000000001
1954,Montserrat,-0.0270000000000001
1955,Montserrat,-0.0049999999999998
1956,Montserrat,-0.0819999999999998
1957,Montserrat,-0.0570000000000003
1958,Montserrat,-0.0369999999999999
1959,Montserrat,-0.0629999999999997
1960,Montserrat,-0.0499999999999998
1961,Montserrat,-0.0380000000000002
1962,Montserrat,-0.0179999999999997
1963,Montserrat,-0.0350000000000001
1964,Montserrat,-0.0839999999999996
1965,Montserrat,-0.1030000000000006
1966,Montserrat,-0.1120000000000001
1967,Montserrat,-0.0859999999999994
1968,Montserrat,-0.084
1969,Montserrat,-0.1350000000000002
1970,Montserrat,-0.1139999999999998
1971,Montserrat,-0.121
1972,Montserrat,-0.1259999999999999
1973,Montserrat,-0.149
1974,Montserrat,-0.1819999999999999
1975,Montserrat,-0.2110000000000003
1976,Montserrat,-0.1909999999999998
1977,Montserrat,-0.1720000000000001
1978,Montserrat,-0.153
1979,Montserrat,-0.1199999999999996
1980,Montserrat,-0.0729999999999999
1981,Montserrat,0.0089999999999998
1982,Montserrat,0.2469999999999999
1983,Montserrat,-0.008
1984,Montserrat,-0.0529999999999999
1985,Montserrat,-0.0809999999999999
1986,Montserrat,-0.0969999999999999
1987,Montserrat,-0.0369999999999999
1988,Montserrat,-0.036
1989,Montserrat,-0.0210000000000003
1990,Montserrat,-0.004
1991,Montserrat,0.0030000000000001
1992,Montserrat,-0.004
1993,Montserrat,-0.0190000000000001
1994,Montserrat,-0.0589999999999997
1995,Montserrat,-0.1440000000000001
1996,Montserrat,-0.238
1997,Montserrat,-0.199
1998,Montserrat,-0.1519999999999999
1999,Montserrat,-0.147
2000,Montserrat,0.0250000000000001
2001,Montserrat,0.2899999999999998
2002,Montserrat,-0.0709999999999999
2003,Montserrat,0.1480000000000001
2004,Montserrat,0.0189999999999999
2005,Montserrat,0.0
2006,Montserrat,-0.0049999999999998
2007,Montserrat,-0.008
2008,Montserrat,-0.002
2009,Montserrat,-0.01
2010,Montserrat,-0.0070000000000001
2011,Montserrat,-0.016
2012,Montserrat,-0.006
2013,Montserrat,-0.0809999999999999
2014,Montserrat,-0.0129999999999999
2015,Montserrat,0.0449999999999999
2016,Montserrat,0.1080000000000001
2017,Montserrat,0.0649999999999999
2018,Montserrat,0.0629999999999999
2019,Montserrat,0.1169999999999999
2020,Montserrat,0.0889999999999999
2021,Montserrat,-0.0129999999999999
2022,Montserrat,-0.395
2023,Montserrat,-0.102
1951,More developed regions,-0.048
1952,More developed regions,-0.02
1953,More developed regions,-0.0329999999999999
1954,More developed regions,0.0009999999999998
1955,More developed regions,-0.0069999999999996
1956,More developed regions,-0.0060000000000002
1957,More developed regions,0.0
1958,More developed regions,0.008
1959,More developed regions,0.0
1960,More developed regions,-0.0139999999999997
1961,More developed regions,-0.024
1962,More developed regions,-0.0590000000000001
1963,More developed regions,-0.0230000000000001
1964,More developed regions,-0.0359999999999995
1965,More developed regions,-0.0810000000000004
1966,More developed regions,-0.1149999999999997
1967,More developed regions,0.0299999999999998
1968,More developed regions,-0.0609999999999999
1969,More developed regions,-0.0339999999999998
1970,More developed regions,-0.0230000000000001
1971,More developed regions,-0.0379999999999998
1972,More developed regions,-0.092
1973,More developed regions,-0.0750000000000001
1974,More developed regions,-0.0299999999999998
1975,More developed regions,-0.0729999999999999
1976,More developed regions,-0.0430000000000001
1977,More developed regions,-0.0249999999999999
1978,More developed regions,-0.03
1979,More developed regions,-0.0090000000000001
1980,More developed regions,-0.0109999999999998
1981,More developed regions,-0.0329999999999999
1982,More developed regions,-0.002
1983,More developed regions,-0.0070000000000001
1984,More developed regions,-0.018
1985,More developed regions,-0.014
1986,More developed regions,0.0050000000000001
1987,More developed regions,-0.002
1988,More developed regions,-0.006
1989,More developed regions,-0.028
1990,More developed regions,-0.0130000000000001
1991,More developed regions,-0.0469999999999999
1992,More developed regions,-0.05
1993,More developed regions,-0.0559999999999998
1994,More developed regions,-0.02
1995,More developed regions,-0.0310000000000001
1996,More developed regions,-0.0089999999999998
1997,More developed regions,-0.012
1998,More developed regions,0.0
1999,More developed regions,-0.008
2000,More developed regions,0.0189999999999999
2001,More developed regions,-0.01
2002,More developed regions,0.008
2003,More developed regions,0.02
2004,More developed regions,0.0170000000000001
2005,More developed regions,0.0
2006,More developed regions,0.0359999999999998
2007,More developed regions,0.038
2008,More developed regions,0.03
2009,More developed regions,-0.01
2010,More developed regions,-0.0129999999999999
2011,More developed regions,-0.02
2012,More developed regions,0.014
2013,More developed regions,-0.018
2014,More developed regions,0.0109999999999998
2015,More developed regions,-0.004
2016,More developed regions,-0.006
2017,More developed regions,-0.0499999999999998
2018,More developed regions,-0.034
2019,More developed regions,-0.0350000000000001
2020,More developed regions,-0.0369999999999999
2021,More developed regions,0.0089999999999998
2022,More developed regions,-0.0299999999999998
2023,More developed regions,-0.0250000000000001
1951,Morocco,0.0790000000000006
1952,Morocco,0.0909999999999993
1953,Morocco,0.08
1954,Morocco,0.0449999999999999
1955,Morocco,0.0660000000000007
1956,Morocco,0.0629999999999997
1957,Morocco,0.0629999999999997
1958,Morocco,0.0840000000000005
1959,Morocco,0.0929999999999999
1960,Morocco,0.0829999999999993
1961,Morocco,0.0820000000000007
1962,Morocco,0.0769999999999999
1963,Morocco,-0.0340000000000006
1964,Morocco,-0.0419999999999998
1965,Morocco,-0.0379999999999993
1966,Morocco,-0.0430000000000001
1967,Morocco,-0.0440000000000004
1968,Morocco,-0.0590000000000001
1969,Morocco,-0.0599999999999996
1970,Morocco,-0.0439999999999995
1971,Morocco,-0.0660000000000007
1972,Morocco,-0.0709999999999997
1973,Morocco,-0.064
1974,Morocco,-0.0839999999999996
1975,Morocco,-0.0979999999999998
1976,Morocco,-0.1240000000000005
1977,Morocco,-0.1390000000000002
1978,Morocco,-0.1259999999999994
1979,Morocco,-0.0609999999999999
1980,Morocco,-0.0650000000000003
1981,Morocco,-0.0739999999999998
1982,Morocco,-0.1059999999999998
1983,Morocco,-0.1939999999999999
1984,Morocco,-0.2110000000000003
1985,Morocco,-0.2109999999999994
1986,Morocco,-0.2160000000000002
1987,Morocco,-0.189
1988,Morocco,-0.189
1989,Morocco,-0.1770000000000005
1990,Morocco,-0.157
1991,Morocco,-0.1129999999999995
1992,Morocco,-0.1899999999999999
1993,Morocco,-0.209
1994,Morocco,-0.1350000000000002
1995,Morocco,-0.1179999999999998
1996,Morocco,-0.0659999999999998
1997,Morocco,-0.0820000000000003
1998,Morocco,-0.1099999999999998
1999,Morocco,-0.1549999999999998
2000,Morocco,-0.1080000000000001
2001,Morocco,-0.088
2002,Morocco,-0.0689999999999999
2003,Morocco,-0.0110000000000001
2004,Morocco,0.0050000000000003
2005,Morocco,0.0019999999999997
2006,Morocco,-0.0019999999999997
2007,Morocco,0.0069999999999996
2008,Morocco,-0.0059999999999997
2009,Morocco,0.012
2010,Morocco,0.0049999999999998
2011,Morocco,-0.0339999999999998
2012,Morocco,-0.052
2013,Morocco,-0.0649999999999999
2014,Morocco,-0.0530000000000003
2015,Morocco,-0.0189999999999996
2016,Morocco,-0.0100000000000002
2017,Morocco,-0.0209999999999999
2018,Morocco,-0.0209999999999999
2019,Morocco,-0.012
2020,Morocco,-0.0220000000000002
2021,Morocco,-0.032
2022,Morocco,-0.032
2023,Morocco,-0.0259999999999998
1951,Mozambique,0.0330000000000003
1952,Mozambique,0.0339999999999998
1953,Mozambique,0.0220000000000002
1954,Mozambique,0.0299999999999993
1955,Mozambique,0.0250000000000003
1956,Mozambique,0.0250000000000003
1957,Mozambique,0.0089999999999994
1958,Mozambique,0.0140000000000002
1959,Mozambique,0.0629999999999997
1960,Mozambique,0.0600000000000005
1961,Mozambique,0.0539999999999993
1962,Mozambique,0.0580000000000007
1963,Mozambique,0.0499999999999998
1964,Mozambique,0.0389999999999997
1965,Mozambique,0.0309999999999996
1966,Mozambique,0.0330000000000003
1967,Mozambique,0.0300000000000002
1968,Mozambique,0.0389999999999997
1969,Mozambique,0.0259999999999998
1970,Mozambique,0.0270000000000001
1971,Mozambique,0.0019999999999997
1972,Mozambique,0.0
1973,Mozambique,-0.0029999999999992
1974,Mozambique,-0.0270000000000001
1975,Mozambique,-0.0120000000000004
1976,Mozambique,-0.0179999999999997
1977,Mozambique,-0.024
1978,Mozambique,-0.0250000000000003
1979,Mozambique,-0.0279999999999995
1980,Mozambique,-0.0339999999999998
1981,Mozambique,-0.0499999999999998
1982,Mozambique,-0.0500000000000007
1983,Mozambique,0.0040000000000004
1984,Mozambique,0.0039999999999995
1985,Mozambique,-0.008
1986,Mozambique,-0.0169999999999994
1987,Mozambique,-0.0200000000000004
1988,Mozambique,-0.0259999999999998
1989,Mozambique,-0.0190000000000001
1990,Mozambique,-0.0289999999999999
1991,Mozambique,-0.0430000000000001
1992,Mozambique,-0.0579999999999998
1993,Mozambique,-0.0650000000000003
1994,Mozambique,-0.0709999999999997
1995,Mozambique,-0.0629999999999997
1996,Mozambique,-0.0460000000000002
1997,Mozambique,-0.04
1998,Mozambique,-0.0279999999999995
1999,Mozambique,-0.0300000000000002
2000,Mozambique,-0.0449999999999999
2001,Mozambique,-0.0750000000000001
2002,Mozambique,-0.088
2003,Mozambique,-0.0670000000000001
2004,Mozambique,-0.0489999999999994
2005,Mozambique,-0.0510000000000001
2006,Mozambique,-0.048
2007,Mozambique,0.0140000000000002
2008,Mozambique,0.1319999999999996
2009,Mozambique,0.0830000000000001
2010,Mozambique,-0.0209999999999999
2011,Mozambique,-0.0609999999999999
2012,Mozambique,-0.0810000000000004
2013,Mozambique,-0.088
2014,Mozambique,-0.1259999999999994
2015,Mozambique,-0.0590000000000001
2016,Mozambique,-0.0570000000000003
2017,Mozambique,-0.0599999999999996
2018,Mozambique,-0.0579999999999998
2019,Mozambique,-0.0540000000000002
2020,Mozambique,-0.0570000000000003
2021,Mozambique,-0.0539999999999993
2022,Mozambique,-0.0650000000000003
2023,Mozambique,-0.0769999999999999
1951,Myanmar,-0.0059999999999993
1952,Myanmar,-0.0070000000000005
1953,Myanmar,-0.0049999999999998
1954,Myanmar,-0.0019999999999997
1955,Myanmar,-0.0090000000000003
1956,Myanmar,0.0020000000000006
1957,Myanmar,0.0009999999999994
1958,Myanmar,-0.0069999999999996
1959,Myanmar,0.0009999999999994
1960,Myanmar,-0.0099999999999997
1961,Myanmar,-0.0009999999999994
1962,Myanmar,0.0039999999999995
1963,Myanmar,0.0010000000000003
1964,Myanmar,0.0019999999999997
1965,Myanmar,0.0049999999999998
1966,Myanmar,-0.0359999999999995
1967,Myanmar,-0.0340000000000006
1968,Myanmar,-0.0449999999999999
1969,Myanmar,-0.0499999999999998
1970,Myanmar,-0.0649999999999995
1971,Myanmar,-0.0670000000000001
1972,Myanmar,-0.088
1973,Myanmar,-0.0920000000000005
1974,Myanmar,-0.0939999999999994
1975,Myanmar,-0.0920000000000005
1976,Myanmar,-0.0899999999999998
1977,Myanmar,-0.0899999999999998
1978,Myanmar,-0.0839999999999996
1979,Myanmar,-0.088
1980,Myanmar,-0.1080000000000005
1981,Myanmar,-0.1009999999999999
1982,Myanmar,-0.0259999999999998
1983,Myanmar,-0.0289999999999999
1984,Myanmar,-0.1159999999999996
1985,Myanmar,-0.2010000000000005
1986,Myanmar,-0.2349999999999994
1987,Myanmar,-0.2200000000000002
1988,Myanmar,-0.1910000000000002
1989,Myanmar,-0.0769999999999999
1990,Myanmar,-0.0889999999999999
1991,Myanmar,-0.072
1992,Myanmar,-0.0779999999999998
1993,Myanmar,-0.0729999999999999
1994,Myanmar,-0.0769999999999999
1995,Myanmar,-0.0770000000000004
1996,Myanmar,-0.0689999999999999
1997,Myanmar,-0.0729999999999999
1998,Myanmar,-0.0729999999999999
1999,Myanmar,-0.0609999999999999
2000,Myanmar,-0.0379999999999998
2001,Myanmar,-0.02
2002,Myanmar,-0.028
2003,Myanmar,-0.0849999999999999
2004,Myanmar,-0.092
2005,Myanmar,-0.0729999999999999
2006,Myanmar,-0.044
2007,Myanmar,-0.024
2008,Myanmar,-0.0430000000000001
2009,Myanmar,-0.0349999999999997
2010,Myanmar,-0.0340000000000002
2011,Myanmar,-0.0289999999999999
2012,Myanmar,-0.0300000000000002
2013,Myanmar,-0.012
2014,Myanmar,-0.012
2015,Myanmar,0.0140000000000002
2016,Myanmar,0.004
2017,Myanmar,-0.0180000000000002
2018,Myanmar,-0.0239999999999995
2019,Myanmar,-0.0220000000000002
2020,Myanmar,-0.0270000000000001
2021,Myanmar,-0.0209999999999999
2022,Myanmar,-0.0270000000000001
2023,Myanmar,-0.0159999999999995
1951,Namibia,0.0629999999999997
1952,Namibia,0.0660000000000007
1953,Namibia,0.064
1954,Namibia,0.0629999999999997
1955,Namibia,0.0649999999999995
1956,Namibia,0.0620000000000002
1957,Namibia,0.0629999999999997
1958,Namibia,0.072
1959,Namibia,0.0540000000000002
1960,Namibia,0.0570000000000003
1961,Namibia,0.0499999999999998
1962,Namibia,0.0569999999999994
1963,Namibia,0.0580000000000007
1964,Namibia,0.0199999999999995
1965,Namibia,0.0170000000000003
1966,Namibia,0.0270000000000001
1967,Namibia,0.0129999999999999
1968,Namibia,0.0169999999999994
1969,Namibia,0.0060000000000002
1970,Namibia,0.0119999999999995
1971,Namibia,0.0010000000000003
1972,Namibia,0.0120000000000004
1973,Namibia,0.0069999999999996
1974,Namibia,0.0119999999999995
1975,Namibia,-0.0189999999999992
1976,Namibia,-0.0390000000000005
1977,Namibia,-0.0529999999999999
1978,Namibia,-0.0569999999999994
1979,Namibia,-0.0700000000000002
1980,Namibia,-0.0759999999999996
1981,Namibia,-0.0790000000000006
1982,Namibia,-0.0809999999999995
1983,Namibia,-0.0830000000000001
1984,Namibia,-0.0549999999999997
1985,Namibia,-0.0630000000000006
1986,Namibia,-0.0839999999999996
1987,Namibia,-0.0940000000000003
1988,Namibia,-0.0899999999999998
1989,Namibia,-0.0919999999999996
1990,Namibia,-0.1190000000000006
1991,Namibia,-0.1079999999999996
1992,Namibia,-0.1829999999999998
1993,Namibia,-0.2019999999999999
1994,Namibia,-0.2290000000000001
1995,Namibia,-0.2590000000000003
1996,Namibia,-0.2160000000000002
1997,Namibia,-0.0349999999999992
1998,Namibia,0.0099999999999997
1999,Namibia,-0.0380000000000002
2000,Namibia,-0.1469999999999998
2001,Namibia,-0.1640000000000001
2002,Namibia,-0.1339999999999999
2003,Namibia,-0.1129999999999999
2004,Namibia,-0.0350000000000001
2005,Namibia,0.0260000000000002
2006,Namibia,0.0299999999999998
2007,Namibia,0.0070000000000001
2008,Namibia,0.008
2009,Namibia,0.0169999999999999
2010,Namibia,0.024
2011,Namibia,0.0009999999999998
2012,Namibia,0.0180000000000002
2013,Namibia,-0.0230000000000001
2014,Namibia,-0.0180000000000002
2015,Namibia,-0.0309999999999996
2016,Namibia,-0.0300000000000002
2017,Namibia,-0.0629999999999997
2018,Namibia,-0.0489999999999999
2019,Namibia,-0.0580000000000002
2020,Namibia,-0.0549999999999997
2021,Namibia,-0.0460000000000002
2022,Namibia,-0.0549999999999997
2023,Namibia,-0.036
1951,Nauru,0.0380000000000002
1952,Nauru,0.0659999999999998
1953,Nauru,0.0849999999999999
1954,Nauru,0.0919999999999996
1955,Nauru,0.0740000000000007
1956,Nauru,0.0699999999999994
1957,Nauru,0.064
1958,Nauru,0.08
1959,Nauru,0.1029999999999997
1960,Nauru,0.064
1961,Nauru,0.0390000000000005
1962,Nauru,0.0469999999999997
1963,Nauru,0.0179999999999997
1964,Nauru,0.032
1965,Nauru,0.0030000000000001
1966,Nauru,-0.064
1967,Nauru,-0.1180000000000003
1968,Nauru,-0.1549999999999993
1969,Nauru,-0.197
1970,Nauru,-0.2019999999999999
1971,Nauru,-0.1989999999999998
1972,Nauru,-0.1859999999999999
1973,Nauru,-0.1630000000000002
1974,Nauru,-0.125
1975,Nauru,-0.0950000000000002
1976,Nauru,-0.0729999999999999
1977,Nauru,-0.0409999999999999
1978,Nauru,-0.0150000000000001
1979,Nauru,0.004
1980,Nauru,0.0310000000000001
1981,Nauru,0.0569999999999999
1982,Nauru,0.0579999999999998
1983,Nauru,0.0630000000000001
1984,Nauru,0.0519999999999996
1985,Nauru,0.0360000000000004
1986,Nauru,0.0049999999999998
1987,Nauru,-0.0060000000000002
1988,Nauru,-0.0289999999999999
1989,Nauru,-0.0460000000000002
1990,Nauru,-0.048
1991,Nauru,-0.0289999999999994
1992,Nauru,-0.0390000000000001
1993,Nauru,-0.0649999999999999
1994,Nauru,-0.0499999999999998
1995,Nauru,-0.0290000000000003
1996,Nauru,-0.0329999999999999
1997,Nauru,-0.0369999999999999
1998,Nauru,-0.0550000000000001
1999,Nauru,-0.0469999999999997
2000,Nauru,-0.0929999999999999
2001,Nauru,-0.0820000000000003
2002,Nauru,-0.0609999999999999
2003,Nauru,-0.012
2004,Nauru,-0.0099999999999997
2005,Nauru,-0.0010000000000003
2006,Nauru,0.0230000000000001
2007,Nauru,0.104
2008,Nauru,0.161
2009,Nauru,0.1819999999999999
2010,Nauru,0.1720000000000001
2011,Nauru,0.0979999999999998
2012,Nauru,-0.0019999999999997
2013,Nauru,-0.0170000000000003
2014,Nauru,-0.0129999999999999
2015,Nauru,-0.0099999999999997
2016,Nauru,-0.048
2017,Nauru,-0.1480000000000001
2018,Nauru,-0.1960000000000001
2019,Nauru,-0.1519999999999997
2020,Nauru,-0.0649999999999999
2021,Nauru,-0.0410000000000003
2022,Nauru,-0.0459999999999998
2023,Nauru,-0.048
1951,Nepal,0.0039999999999995
1952,Nepal,-0.0039999999999995
1953,Nepal,0.0109999999999992
1954,Nepal,0.0060000000000002
1955,Nepal,-0.008
1956,Nepal,-0.0099999999999997
1957,Nepal,-0.008
1958,Nepal,-0.0030000000000001
1959,Nepal,-0.0129999999999999
1960,Nepal,0.0369999999999999
1961,Nepal,0.024
1962,Nepal,-0.0110000000000001
1963,Nepal,-0.0259999999999998
1964,Nepal,-0.0129999999999999
1965,Nepal,-0.0360000000000004
1966,Nepal,-0.0269999999999992
1967,Nepal,-0.0260000000000006
1968,Nepal,-0.0099999999999997
1969,Nepal,-0.0510000000000001
1970,Nepal,-0.024
1971,Nepal,-0.024
1972,Nepal,-0.0439999999999995
1973,Nepal,-0.1000000000000005
1974,Nepal,0.0490000000000003
1975,Nepal,-0.0170000000000003
1976,Nepal,-0.016
1977,Nepal,-0.0289999999999999
1978,Nepal,-0.0119999999999995
1979,Nepal,-0.032
1980,Nepal,-0.0410000000000003
1981,Nepal,-0.0270000000000001
1982,Nepal,-0.0269999999999992
1983,Nepal,-0.0130000000000007
1984,Nepal,-0.0269999999999992
1985,Nepal,-0.0520000000000004
1986,Nepal,-0.0569999999999994
1987,Nepal,-0.0520000000000004
1988,Nepal,-0.0409999999999994
1989,Nepal,-0.0490000000000003
1990,Nepal,-0.0469999999999997
1991,Nepal,-0.0600000000000005
1992,Nepal,-0.0769999999999999
1993,Nepal,-0.032
1994,Nepal,-0.0779999999999994
1995,Nepal,-0.0950000000000006
1996,Nepal,-0.2009999999999996
1997,Nepal,-0.2259999999999999
1998,Nepal,-0.1669999999999998
1999,Nepal,-0.1450000000000004
2000,Nepal,-0.1459999999999999
2001,Nepal,-0.1909999999999998
2002,Nepal,-0.189
2003,Nepal,-0.165
2004,Nepal,-0.1600000000000001
2005,Nepal,-0.1639999999999997
2006,Nepal,-0.1480000000000001
2007,Nepal,-0.1099999999999998
2008,Nepal,-0.1200000000000001
2009,Nepal,-0.1070000000000002
2010,Nepal,-0.0889999999999999
2011,Nepal,-0.0789999999999997
2012,Nepal,-0.0420000000000002
2013,Nepal,-0.06
2014,Nepal,-0.0409999999999999
2015,Nepal,-0.0459999999999998
2016,Nepal,-0.0470000000000001
2017,Nepal,-0.0529999999999999
2018,Nepal,-0.0529999999999999
2019,Nepal,-0.04
2020,Nepal,-0.0289999999999999
2021,Nepal,-0.0260000000000002
2022,Nepal,-0.0230000000000001
2023,Nepal,-0.0179999999999997
1951,Netherlands,-0.04
1952,Netherlands,0.0299999999999998
1953,Netherlands,-0.0569999999999999
1954,Netherlands,-0.0099999999999997
1955,Netherlands,0.0049999999999998
1956,Netherlands,0.02
1957,Netherlands,0.0219999999999997
1958,Netherlands,0.0290000000000003
1959,Netherlands,0.0549999999999997
1960,Netherlands,-0.04
1961,Netherlands,0.0889999999999999
1962,Netherlands,-0.0369999999999999
1963,Netherlands,0.0129999999999999
1964,Netherlands,-0.0299999999999998
1965,Netherlands,-0.1230000000000002
1966,Netherlands,-0.1339999999999999
1967,Netherlands,-0.0969999999999999
1968,Netherlands,-0.092
1969,Netherlands,0.0300000000000002
1970,Netherlands,-0.1640000000000001
1971,Netherlands,-0.2069999999999998
1972,Netherlands,-0.2139999999999999
1973,Netherlands,-0.2430000000000001
1974,Netherlands,-0.135
1975,Netherlands,-0.1080000000000001
1976,Netherlands,-0.0369999999999999
1977,Netherlands,-0.046
1978,Netherlands,-0.0009999999999998
1979,Netherlands,-0.0170000000000001
1980,Netherlands,0.0310000000000001
1981,Netherlands,-0.038
1982,Netherlands,-0.064
1983,Netherlands,-0.0269999999999999
1984,Netherlands,0.0209999999999999
1985,Netherlands,0.0209999999999999
1986,Netherlands,0.0390000000000001
1987,Netherlands,0.008
1988,Netherlands,-0.0110000000000001
1989,Netherlands,0.0110000000000001
1990,Netherlands,0.058
1991,Netherlands,-0.004
1992,Netherlands,-0.022
1993,Netherlands,-0.0150000000000001
1994,Netherlands,-0.004
1995,Netherlands,-0.0349999999999999
1996,Netherlands,-0.004
1997,Netherlands,0.034
1998,Netherlands,0.0639999999999998
1999,Netherlands,0.028
2000,Netherlands,0.0650000000000001
2001,Netherlands,-0.0090000000000001
2002,Netherlands,0.0170000000000001
2003,Netherlands,0.0129999999999999
2004,Netherlands,-0.02
2005,Netherlands,-0.016
2006,Netherlands,0.0090000000000001
2007,Netherlands,-0.0010000000000001
2008,Netherlands,0.05
2009,Netherlands,0.0189999999999999
2010,Netherlands,0.004
2011,Netherlands,-0.0349999999999999
2012,Netherlands,-0.036
2013,Netherlands,-0.0389999999999999
2014,Netherlands,0.0269999999999999
2015,Netherlands,-0.0469999999999999
2016,Netherlands,0.0009999999999998
2017,Netherlands,-0.0409999999999999
2018,Netherlands,-0.032
2019,Netherlands,-0.0129999999999999
2020,Netherlands,-0.0270000000000001
2021,Netherlands,0.0790000000000001
2022,Netherlands,-0.1100000000000001
2023,Netherlands,-0.084
1951,New Caledonia,0.0090000000000003
1952,New Caledonia,0.0149999999999996
1953,New Caledonia,0.0170000000000003
1954,New Caledonia,0.0140000000000002
1955,New Caledonia,0.0569999999999994
1956,New Caledonia,0.0570000000000003
1957,New Caledonia,0.0519999999999996
1958,New Caledonia,0.0300000000000002
1959,New Caledonia,0.024
1960,New Caledonia,0.0289999999999999
1961,New Caledonia,0.0289999999999999
1962,New Caledonia,-0.0769999999999999
1963,New Caledonia,-0.0449999999999999
1964,New Caledonia,0.0250000000000003
1965,New Caledonia,-0.0570000000000003
1966,New Caledonia,-0.0629999999999997
1967,New Caledonia,-0.0979999999999998
1968,New Caledonia,-0.0920000000000005
1969,New Caledonia,-0.0499999999999998
1970,New Caledonia,0.0620000000000002
1971,New Caledonia,-0.0190000000000001
1972,New Caledonia,-0.0040000000000004
1973,New Caledonia,-0.1149999999999993
1974,New Caledonia,-0.2460000000000004
1975,New Caledonia,-0.2299999999999995
1976,New Caledonia,-0.2250000000000005
1977,New Caledonia,-0.1769999999999996
1978,New Caledonia,-0.1790000000000002
1979,New Caledonia,-0.1259999999999999
1980,New Caledonia,-0.0900000000000003
1981,New Caledonia,-0.0729999999999999
1982,New Caledonia,-0.1019999999999998
1983,New Caledonia,-0.1309999999999997
1984,New Caledonia,-0.189
1985,New Caledonia,-0.1180000000000003
1986,New Caledonia,0.0330000000000003
1987,New Caledonia,0.0019999999999997
1988,New Caledonia,0.0020000000000002
1989,New Caledonia,-0.0260000000000002
1990,New Caledonia,0.0430000000000001
1991,New Caledonia,-0.028
1992,New Caledonia,-0.1240000000000001
1993,New Caledonia,-0.125
1994,New Caledonia,-0.1080000000000001
1995,New Caledonia,-0.0629999999999997
1996,New Caledonia,0.0019999999999997
1997,New Caledonia,-0.008
1998,New Caledonia,-0.0989999999999997
1999,New Caledonia,-0.0630000000000001
2000,New Caledonia,0.0249999999999999
2001,New Caledonia,-0.0869999999999997
2002,New Caledonia,-0.0750000000000001
2003,New Caledonia,-0.0790000000000001
2004,New Caledonia,-0.0249999999999999
2005,New Caledonia,-0.016
2006,New Caledonia,0.0140000000000002
2007,New Caledonia,-0.0260000000000002
2008,New Caledonia,-0.0109999999999996
2009,New Caledonia,-0.0100000000000002
2010,New Caledonia,-0.0070000000000001
2011,New Caledonia,0.0130000000000003
2012,New Caledonia,0.0019999999999997
2013,New Caledonia,-0.0350000000000001
2014,New Caledonia,-0.0489999999999999
2015,New Caledonia,-0.0389999999999997
2016,New Caledonia,-0.0010000000000003
2017,New Caledonia,-0.0349999999999997
2018,New Caledonia,-0.0020000000000002
2019,New Caledonia,0.0089999999999998
2020,New Caledonia,-0.028
2021,New Caledonia,-0.0099999999999997
2022,New Caledonia,-0.014
2023,New Caledonia,-0.018
1951,New Zealand,0.0499999999999998
1952,New Zealand,0.0660000000000002
1953,New Zealand,-0.0130000000000003
1954,New Zealand,0.1230000000000002
1955,New Zealand,0.1019999999999998
1956,New Zealand,0.0990000000000002
1957,New Zealand,0.0519999999999996
1958,New Zealand,0.0790000000000006
1959,New Zealand,0.0689999999999999
1960,New Zealand,0.0619999999999993
1961,New Zealand,0.0650000000000003
1962,New Zealand,-0.1470000000000002
1963,New Zealand,-0.1129999999999995
1964,New Zealand,-0.2700000000000004
1965,New Zealand,-0.2389999999999998
1966,New Zealand,-0.1169999999999999
1967,New Zealand,-0.0699999999999998
1968,New Zealand,-0.0150000000000001
1969,New Zealand,-0.0619999999999998
1970,New Zealand,-0.1049999999999999
1971,New Zealand,0.012
1972,New Zealand,-0.1819999999999999
1973,New Zealand,-0.2600000000000002
1974,New Zealand,-0.1640000000000001
1975,New Zealand,-0.2169999999999996
1976,New Zealand,-0.0870000000000001
1977,New Zealand,-0.0569999999999999
1978,New Zealand,-0.1360000000000001
1979,New Zealand,0.036
1980,New Zealand,-0.0809999999999999
1981,New Zealand,-0.0209999999999999
1982,New Zealand,-0.064
1983,New Zealand,-0.0270000000000001
1984,New Zealand,0.008
1985,New Zealand,0.002
1986,New Zealand,0.03
1987,New Zealand,0.0689999999999999
1988,New Zealand,0.0689999999999999
1989,New Zealand,0.0230000000000001
1990,New Zealand,0.0459999999999998
1991,New Zealand,-0.0749999999999997
1992,New Zealand,-0.032
1993,New Zealand,-0.0220000000000002
1994,New Zealand,-0.0559999999999998
1995,New Zealand,-0.0029999999999998
1996,New Zealand,-0.018
1997,New Zealand,-0.0050000000000001
1998,New Zealand,-0.0609999999999999
1999,New Zealand,0.0709999999999999
2000,New Zealand,0.0110000000000001
2001,New Zealand,-0.0130000000000001
2002,New Zealand,-0.072
2003,New Zealand,0.0370000000000001
2004,New Zealand,0.0469999999999999
2005,New Zealand,-0.0149999999999999
2006,New Zealand,0.0489999999999997
2007,New Zealand,0.1590000000000002
2008,New Zealand,0.0179999999999997
2009,New Zealand,-0.0539999999999998
2010,New Zealand,0.032
2011,New Zealand,-0.0689999999999999
2012,New Zealand,-0.0089999999999998
2013,New Zealand,-0.0830000000000001
2014,New Zealand,-0.0789999999999999
2015,New Zealand,0.0569999999999999
2016,New Zealand,-0.1060000000000001
2017,New Zealand,-0.0649999999999999
2018,New Zealand,-0.0919999999999998
2019,New Zealand,-0.002
2020,New Zealand,-0.0870000000000001
2021,New Zealand,0.0170000000000001
2022,New Zealand,0.018
2023,New Zealand,0.002
1951,Nicaragua,-0.0030000000000001
1952,Nicaragua,-0.0220000000000002
1953,Nicaragua,0.0
1954,Nicaragua,0.0090000000000003
1955,Nicaragua,0.0179999999999997
1956,Nicaragua,0.016
1957,Nicaragua,0.0129999999999999
1958,Nicaragua,0.0069999999999996
1959,Nicaragua,0.0040000000000004
1960,Nicaragua,-0.0040000000000004
1961,Nicaragua,-0.0469999999999997
1962,Nicaragua,-0.0120000000000004
1963,Nicaragua,-0.0189999999999992
1964,Nicaragua,-0.0170000000000003
1965,Nicaragua,-0.0309999999999996
1966,Nicaragua,-0.0430000000000001
1967,Nicaragua,-0.0499999999999998
1968,Nicaragua,-0.0550000000000006
1969,Nicaragua,-0.0599999999999996
1970,Nicaragua,-0.0520000000000004
1971,Nicaragua,-0.0589999999999992
1972,Nicaragua,-0.0610000000000008
1973,Nicaragua,-0.0669999999999992
1974,Nicaragua,-0.0650000000000003
1975,Nicaragua,-0.0759999999999996
1976,Nicaragua,-0.0790000000000006
1977,Nicaragua,-0.0859999999999994
1978,Nicaragua,-0.1160000000000005
1979,Nicaragua,-0.0949999999999997
1980,Nicaragua,-0.1100000000000003
1981,Nicaragua,-0.1189999999999997
1982,Nicaragua,-0.1029999999999997
1983,Nicaragua,-0.1260000000000003
1984,Nicaragua,-0.1229999999999993
1985,Nicaragua,-0.1290000000000004
1986,Nicaragua,-0.1420000000000003
1987,Nicaragua,-0.1439999999999992
1988,Nicaragua,-0.1420000000000003
1989,Nicaragua,-0.1690000000000004
1990,Nicaragua,-0.1659999999999994
1991,Nicaragua,-0.1639999999999997
1992,Nicaragua,-0.165
1993,Nicaragua,-0.165
1994,Nicaragua,-0.1650000000000004
1995,Nicaragua,-0.1619999999999999
1996,Nicaragua,-0.1549999999999998
1997,Nicaragua,-0.1470000000000002
1998,Nicaragua,-0.1339999999999999
1999,Nicaragua,-0.121
2000,Nicaragua,-0.0979999999999998
2001,Nicaragua,-0.1240000000000001
2002,Nicaragua,-0.1089999999999999
2003,Nicaragua,-0.06
2004,Nicaragua,-0.0430000000000001
2005,Nicaragua,-0.0189999999999996
2006,Nicaragua,-0.032
2007,Nicaragua,-0.036
2008,Nicaragua,-0.0369999999999999
2009,Nicaragua,-0.0340000000000002
2010,Nicaragua,-0.0299999999999998
2011,Nicaragua,-0.0380000000000002
2012,Nicaragua,-0.0309999999999996
2013,Nicaragua,-0.0350000000000001
2014,Nicaragua,-0.0289999999999999
2015,Nicaragua,-0.0289999999999999
2016,Nicaragua,-0.0270000000000001
2017,Nicaragua,-0.0289999999999999
2018,Nicaragua,-0.0310000000000001
2019,Nicaragua,-0.0259999999999998
2020,Nicaragua,-0.0220000000000002
2021,Nicaragua,-0.0339999999999998
2022,Nicaragua,-0.0249999999999999
2023,Nicaragua,-0.0220000000000002
1951,Niger,-0.0010000000000003
1952,Niger,0.0019999999999997
1953,Niger,-0.008
1954,Niger,0.0020000000000006
1955,Niger,-0.0030000000000001
1956,Niger,-0.0090000000000003
1957,Niger,0.0
1958,Niger,0.0
1959,Niger,-0.0140000000000002
1960,Niger,0.0020000000000006
1961,Niger,-0.0180000000000006
1962,Niger,-0.0109999999999992
1963,Niger,-0.0120000000000004
1964,Niger,-0.0089999999999994
1965,Niger,-0.0140000000000002
1966,Niger,0.0149999999999996
1967,Niger,0.0090000000000003
1968,Niger,0.0069999999999996
1969,Niger,0.0090000000000003
1970,Niger,0.008
1971,Niger,0.0039999999999995
1972,Niger,0.0049999999999998
1973,Niger,0.0060000000000002
1974,Niger,0.0099999999999997
1975,Niger,0.0
1976,Niger,0.024
1977,Niger,0.032
1978,Niger,0.0670000000000001
1979,Niger,0.0600000000000005
1980,Niger,0.0599999999999996
1981,Niger,0.04
1982,Niger,0.04
1983,Niger,0.04
1984,Niger,0.0190000000000001
1985,Niger,0.0110000000000001
1986,Niger,-0.0280000000000004
1987,Niger,-0.0329999999999994
1988,Niger,-0.0300000000000002
1989,Niger,-0.0230000000000005
1990,Niger,-0.0119999999999995
1991,Niger,-0.008
1992,Niger,-0.0030000000000001
1993,Niger,-0.0049999999999998
1994,Niger,-0.0040000000000004
1995,Niger,-0.0099999999999997
1996,Niger,0.0040000000000004
1997,Niger,0.0219999999999993
1998,Niger,0.0380000000000002
1999,Niger,0.0
2000,Niger,-0.0110000000000001
2001,Niger,-0.0190000000000001
2002,Niger,-0.0129999999999999
2003,Niger,-0.008
2004,Niger,-0.0119999999999995
2005,Niger,-0.008
2006,Niger,-0.0250000000000003
2007,Niger,-0.0179999999999997
2008,Niger,-0.024
2009,Niger,-0.0229999999999996
2010,Niger,-0.0390000000000005
2011,Niger,-0.048
2012,Niger,-0.0649999999999995
2013,Niger,-0.0819999999999998
2014,Niger,-0.1030000000000006
2015,Niger,-0.1269999999999997
2016,Niger,-0.1719999999999997
2017,Niger,-0.1690000000000004
2018,Niger,-0.1679999999999992
2019,Niger,-0.1690000000000004
2020,Niger,-0.1680000000000001
2021,Niger,-0.1689999999999996
2022,Niger,-0.0650000000000003
2023,Niger,-0.0739999999999998
1951,Nigeria,-0.0039999999999995
1952,Nigeria,-0.024
1953,Nigeria,0.0049999999999998
1954,Nigeria,0.0
1955,Nigeria,0.0060000000000002
1956,Nigeria,0.0069999999999996
1957,Nigeria,-0.0049999999999998
1958,Nigeria,-0.0179999999999997
1959,Nigeria,-0.0110000000000001
1960,Nigeria,-0.0110000000000001
1961,Nigeria,-0.0110000000000001
1962,Nigeria,0.0030000000000001
1963,Nigeria,-0.0069999999999996
1964,Nigeria,0.0129999999999999
1965,Nigeria,0.0049999999999998
1966,Nigeria,0.0190000000000001
1967,Nigeria,0.0149999999999996
1968,Nigeria,0.0190000000000001
1969,Nigeria,0.0179999999999997
1970,Nigeria,0.0280000000000004
1971,Nigeria,0.0659999999999998
1972,Nigeria,0.0469999999999997
1973,Nigeria,0.0540000000000002
1974,Nigeria,0.0700000000000002
1975,Nigeria,0.0699999999999994
1976,Nigeria,0.0330000000000003
1977,Nigeria,0.056
1978,Nigeria,0.0590000000000001
1979,Nigeria,-0.0340000000000006
1980,Nigeria,-0.0399999999999991
1981,Nigeria,-0.0270000000000001
1982,Nigeria,-0.0209999999999999
1983,Nigeria,-0.024
1984,Nigeria,-0.0740000000000007
1985,Nigeria,-0.0849999999999999
1986,Nigeria,-0.0589999999999992
1987,Nigeria,-0.0530000000000008
1988,Nigeria,-0.0059999999999993
1989,Nigeria,-0.0040000000000004
1990,Nigeria,-0.0350000000000001
1991,Nigeria,-0.0329999999999994
1992,Nigeria,-0.0350000000000001
1993,Nigeria,-0.0369999999999999
1994,Nigeria,-0.0350000000000001
1995,Nigeria,-0.0460000000000002
1996,Nigeria,-0.056
1997,Nigeria,-0.0789999999999997
1998,Nigeria,-0.0689999999999999
1999,Nigeria,0.0129999999999999
2000,Nigeria,0.0419999999999998
2001,Nigeria,0.0040000000000004
2002,Nigeria,-0.0120000000000004
2003,Nigeria,-0.016
2004,Nigeria,-0.0099999999999997
2005,Nigeria,-0.0270000000000001
2006,Nigeria,-0.0099999999999997
2007,Nigeria,-0.0259999999999998
2008,Nigeria,-0.0030000000000001
2009,Nigeria,-0.0309999999999996
2010,Nigeria,-0.0449999999999999
2011,Nigeria,-0.0550000000000006
2012,Nigeria,-0.096
2013,Nigeria,-0.1029999999999997
2014,Nigeria,-0.072
2015,Nigeria,-0.1189999999999997
2016,Nigeria,-0.1600000000000001
2017,Nigeria,-0.1609999999999996
2018,Nigeria,-0.1610000000000004
2019,Nigeria,-0.1600000000000001
2020,Nigeria,-0.1609999999999996
2021,Nigeria,-0.064
2022,Nigeria,-0.0840000000000005
2023,Nigeria,-0.0699999999999994
1951,Niue,0.0899999999999998
1952,Niue,0.0790000000000006
1953,Niue,0.0789999999999997
1954,Niue,0.0830000000000001
1955,Niue,0.1099999999999994
1956,Niue,0.1130000000000004
1957,Niue,0.0819999999999998
1958,Niue,-0.0060000000000002
1959,Niue,0.008
1960,Niue,-0.0069999999999996
1961,Niue,-0.0129999999999999
1962,Niue,-0.0220000000000002
1963,Niue,-0.0209999999999999
1964,Niue,-0.0339999999999998
1965,Niue,-0.0449999999999999
1966,Niue,-0.0609999999999999
1967,Niue,-0.072
1968,Niue,-0.0899999999999998
1969,Niue,-0.1240000000000005
1970,Niue,-0.2370000000000001
1971,Niue,-0.2669999999999994
1972,Niue,-0.2600000000000007
1973,Niue,-0.2379999999999995
1974,Niue,-0.1959999999999997
1975,Niue,-0.1880000000000006
1976,Niue,-0.1579999999999994
1977,Niue,-0.1190000000000006
1978,Niue,-0.0929999999999999
1979,Niue,-0.0369999999999999
1980,Niue,0.024
1981,Niue,0.0110000000000001
1982,Niue,-0.0179999999999997
1983,Niue,-0.0419999999999998
1984,Niue,-0.0790000000000006
1985,Niue,-0.0989999999999993
1986,Niue,-0.1100000000000003
1987,Niue,-0.0910000000000001
1988,Niue,-0.0750000000000001
1989,Niue,-0.0759999999999996
1990,Niue,-0.1009999999999999
1991,Niue,-0.153
1992,Niue,-0.1429999999999998
1993,Niue,-0.133
1994,Niue,-0.133
1995,Niue,-0.1120000000000001
1996,Niue,-0.1120000000000001
1997,Niue,-0.0910000000000001
1998,Niue,-0.0929999999999999
1999,Niue,-0.0829999999999997
2000,Niue,-0.068
2001,Niue,-0.0369999999999999
2002,Niue,-0.0070000000000001
2003,Niue,0.0259999999999998
2004,Niue,0.0330000000000003
2005,Niue,0.0459999999999998
2006,Niue,0.032
2007,Niue,0.0110000000000001
2008,Niue,0.0059999999999997
2009,Niue,0.0270000000000001
2010,Niue,0.0049999999999998
2011,Niue,-0.0129999999999999
2012,Niue,-0.0209999999999999
2013,Niue,-0.04
2014,Niue,-0.0369999999999999
2015,Niue,-0.0550000000000001
2016,Niue,-0.0539999999999998
2017,Niue,-0.06
2018,Niue,-0.0670000000000001
2019,Niue,-0.0689999999999999
2020,Niue,-0.0329999999999999
2021,Niue,-0.0350000000000001
2022,Niue,-0.0179999999999997
2023,Niue,-0.0290000000000003
1951,North Korea,-2.397
1952,North Korea,0.0140000000000002
1953,North Korea,0.4709999999999996
1954,North Korea,0.4140000000000001
1955,North Korea,0.1779999999999999
1956,North Korea,-0.1659999999999999
1957,North Korea,0.7729999999999997
1958,North Korea,-0.0099999999999997
1959,North Korea,-0.7119999999999997
1960,North Korea,0.0089999999999998
1961,North Korea,-0.3069999999999999
1962,North Korea,0.1509999999999998
1963,North Korea,0.2139999999999999
1964,North Korea,-0.0789999999999997
1965,North Korea,0.0089999999999998
1966,North Korea,0.153
1967,North Korea,0.3409999999999997
1968,North Korea,-0.1779999999999999
1969,North Korea,-0.012
1970,North Korea,-0.012
1971,North Korea,-0.1089999999999999
1972,North Korea,0.1499999999999999
1973,North Korea,-0.5359999999999996
1974,North Korea,-0.2110000000000003
1975,North Korea,-0.0949999999999997
1976,North Korea,-0.2110000000000003
1977,North Korea,-0.0649999999999999
1978,North Korea,0.0220000000000002
1979,North Korea,0.056
1980,North Korea,-0.008
1981,North Korea,0.0799999999999996
1982,North Korea,-0.0669999999999997
1983,North Korea,-0.0769999999999999
1984,North Korea,-0.0689999999999999
1985,North Korea,-0.0620000000000002
1986,North Korea,-0.052
1987,North Korea,-0.0649999999999999
1988,North Korea,-0.0609999999999999
1989,North Korea,-0.056
1990,North Korea,-0.024
1991,North Korea,-0.0369999999999999
1992,North Korea,-0.064
1993,North Korea,-0.0689999999999999
1994,North Korea,-0.0350000000000001
1995,North Korea,-0.0369999999999999
1996,North Korea,-0.0529999999999999
1997,North Korea,-0.0659999999999998
1998,North Korea,-0.036
1999,North Korea,-0.0250000000000001
2000,North Korea,-0.0249999999999999
2001,North Korea,-0.0010000000000001
2002,North Korea,-0.0209999999999999
2003,North Korea,-0.01
2004,North Korea,-0.01
2005,North Korea,-0.0269999999999999
2006,North Korea,0.0639999999999998
2007,North Korea,0.0070000000000001
2008,North Korea,0.0269999999999999
2009,North Korea,-0.0649999999999999
2010,North Korea,-0.0150000000000001
2011,North Korea,-0.0069999999999998
2012,North Korea,-0.0010000000000001
2013,North Korea,-0.0049999999999998
2014,North Korea,-0.0029999999999998
2015,North Korea,-0.0110000000000001
2016,North Korea,-0.0069999999999998
2017,North Korea,-0.008
2018,North Korea,-0.014
2019,North Korea,-0.0090000000000001
2020,North Korea,-0.004
2021,North Korea,-0.0149999999999999
2022,North Korea,-0.0090000000000001
2023,North Korea,-0.0169999999999999
1951,North Macedonia,-0.1680000000000001
1952,North Macedonia,-0.1360000000000001
1953,North Macedonia,-0.2799999999999993
1954,North Macedonia,-0.024
1955,North Macedonia,-0.242
1956,North Macedonia,-0.2469999999999999
1957,North Macedonia,-0.1450000000000004
1958,North Macedonia,-0.0369999999999999
1959,North Macedonia,0.056
1960,North Macedonia,-0.0889999999999999
1961,North Macedonia,-0.2109999999999998
1962,North Macedonia,-0.1120000000000001
1963,North Macedonia,0.1129999999999999
1964,North Macedonia,-0.056
1965,North Macedonia,-0.044
1966,North Macedonia,-0.084
1967,North Macedonia,-0.1
1968,North Macedonia,-0.1129999999999999
1969,North Macedonia,-0.1179999999999998
1970,North Macedonia,-0.0889999999999999
1971,North Macedonia,-0.0849999999999999
1972,North Macedonia,-0.0619999999999998
1973,North Macedonia,-0.1460000000000003
1974,North Macedonia,-0.0209999999999999
1975,North Macedonia,-0.0059999999999997
1976,North Macedonia,-0.0689999999999999
1977,North Macedonia,-0.133
1978,North Macedonia,-0.0740000000000002
1979,North Macedonia,-0.0150000000000001
1980,North Macedonia,-0.0379999999999998
1981,North Macedonia,-0.0699999999999998
1982,North Macedonia,-0.0070000000000001
1983,North Macedonia,-0.036
1984,North Macedonia,-0.0099999999999997
1985,North Macedonia,0.0119999999999995
1986,North Macedonia,0.0010000000000003
1987,North Macedonia,0.0619999999999998
1988,North Macedonia,0.0089999999999998
1989,North Macedonia,-0.0739999999999998
1990,North Macedonia,0.0190000000000001
1991,North Macedonia,0.0409999999999999
1992,North Macedonia,-0.0289999999999999
1993,North Macedonia,-0.0210000000000003
1994,North Macedonia,-0.0279999999999995
1995,North Macedonia,-0.1020000000000003
1996,North Macedonia,-0.0709999999999997
1997,North Macedonia,-0.1430000000000002
1998,North Macedonia,-0.026
1999,North Macedonia,-0.1199999999999998
2000,North Macedonia,0.0929999999999999
2001,North Macedonia,-0.1339999999999999
2002,North Macedonia,0.0569999999999999
2003,North Macedonia,-0.0409999999999999
2004,North Macedonia,-0.221
2005,North Macedonia,-0.0549999999999999
2006,North Macedonia,0.0449999999999999
2007,North Macedonia,0.0189999999999999
2008,North Macedonia,0.032
2009,North Macedonia,0.072
2010,North Macedonia,0.07
2011,North Macedonia,-0.082
2012,North Macedonia,0.084
2013,North Macedonia,-0.004
2014,North Macedonia,0.0629999999999999
2015,North Macedonia,-0.01
2016,North Macedonia,0.028
2017,North Macedonia,-0.0609999999999999
2018,North Macedonia,0.006
2019,North Macedonia,-0.08
2020,North Macedonia,-0.026
2021,North Macedonia,-0.0029999999999998
2022,North Macedonia,-0.034
2023,North Macedonia,-0.123
1951,Northern Mariana Islands,0.0009999999999994
1952,Northern Mariana Islands,0.0
1953,Northern Mariana Islands,0.0
1954,Northern Mariana Islands,-0.0069999999999996
1955,Northern Mariana Islands,-0.0070000000000005
1956,Northern Mariana Islands,-0.0099999999999997
1957,Northern Mariana Islands,-0.0089999999999994
1958,Northern Mariana Islands,-0.024
1959,Northern Mariana Islands,-0.0340000000000006
1960,Northern Mariana Islands,-0.0329999999999994
1961,Northern Mariana Islands,-0.0460000000000002
1962,Northern Mariana Islands,-0.064
1963,Northern Mariana Islands,-0.0549999999999997
1964,Northern Mariana Islands,-0.0769999999999999
1965,Northern Mariana Islands,-0.0579999999999998
1966,Northern Mariana Islands,-0.0689999999999999
1967,Northern Mariana Islands,0.1119999999999992
1968,Northern Mariana Islands,2.04
1969,Northern Mariana Islands,-0.1179999999999994
1970,Northern Mariana Islands,-0.1840000000000001
1971,Northern Mariana Islands,-0.3049999999999997
1972,Northern Mariana Islands,-0.3580000000000005
1973,Northern Mariana Islands,-0.3780000000000001
1974,Northern Mariana Islands,-0.3780000000000001
1975,Northern Mariana Islands,-0.3949999999999996
1976,Northern Mariana Islands,-0.391
1977,Northern Mariana Islands,-0.4050000000000002
1978,Northern Mariana Islands,-0.3949999999999996
1979,Northern Mariana Islands,-0.3870000000000004
1980,Northern Mariana Islands,-0.3999999999999999
1981,Northern Mariana Islands,-0.3889999999999998
1982,Northern Mariana Islands,-0.3620000000000001
1983,Northern Mariana Islands,-0.3149999999999999
1984,Northern Mariana Islands,-0.258
1985,Northern Mariana Islands,-0.1779999999999999
1986,Northern Mariana Islands,0.0289999999999999
1987,Northern Mariana Islands,0.169
1988,Northern Mariana Islands,-0.1859999999999999
1989,Northern Mariana Islands,-0.1419999999999999
1990,Northern Mariana Islands,0.3229999999999999
1991,Northern Mariana Islands,0.4849999999999999
1992,Northern Mariana Islands,0.2429999999999998
1993,Northern Mariana Islands,0.1600000000000001
1994,Northern Mariana Islands,-0.2479999999999997
1995,Northern Mariana Islands,0.0989999999999997
1996,Northern Mariana Islands,-0.4889999999999999
1997,Northern Mariana Islands,-0.3429999999999999
1998,Northern Mariana Islands,-0.56
1999,Northern Mariana Islands,-0.0709999999999999
2000,Northern Mariana Islands,0.0259999999999998
2001,Northern Mariana Islands,0.096
2002,Northern Mariana Islands,-0.058
2003,Northern Mariana Islands,0.215
2004,Northern Mariana Islands,0.1729999999999998
2005,Northern Mariana Islands,0.1899999999999999
2006,Northern Mariana Islands,0.3570000000000002
2007,Northern Mariana Islands,0.173
2008,Northern Mariana Islands,0.0289999999999999
2009,Northern Mariana Islands,-0.0789999999999997
2010,Northern Mariana Islands,0.246
2011,Northern Mariana Islands,0.2259999999999999
2012,Northern Mariana Islands,0.1199999999999996
2013,Northern Mariana Islands,0.2070000000000003
2014,Northern Mariana Islands,-0.1630000000000002
2015,Northern Mariana Islands,-0.238
2016,Northern Mariana Islands,-0.2109999999999998
2017,Northern Mariana Islands,-0.161
2018,Northern Mariana Islands,-0.1190000000000002
2019,Northern Mariana Islands,-0.0839999999999996
2020,Northern Mariana Islands,-0.0649999999999999
2021,Northern Mariana Islands,-0.0530000000000003
2022,Northern Mariana Islands,-0.0529999999999999
2023,Northern Mariana Islands,-0.04
1951,Norway,-0.0540000000000002
1952,Norway,0.1089999999999999
1953,Norway,0.0590000000000001
1954,Norway,0.0339999999999998
1955,Norway,0.0870000000000001
1956,Norway,0.0710000000000001
1957,Norway,-0.0050000000000003
1958,Norway,0.0410000000000003
1959,Norway,0.0169999999999999
1960,Norway,-0.0350000000000001
1961,Norway,0.068
1962,Norway,-0.0209999999999999
1963,Norway,0.0109999999999996
1964,Norway,0.0570000000000003
1965,Norway,-0.0370000000000003
1966,Norway,-0.0339999999999998
1967,Norway,-0.1049999999999999
1968,Norway,-0.0350000000000001
1969,Norway,-0.0539999999999998
1970,Norway,-0.185
1971,Norway,-0.0179999999999997
1972,Norway,-0.104
1973,Norway,-0.1560000000000001
1974,Norway,-0.1
1975,Norway,-0.1479999999999999
1976,Norway,-0.119
1977,Norway,-0.1080000000000001
1978,Norway,0.012
1979,Norway,-0.02
1980,Norway,-0.0289999999999999
1981,Norway,-0.0209999999999999
1982,Norway,0.0049999999999998
1983,Norway,-0.05
1984,Norway,0.0010000000000001
1985,Norway,0.018
1986,Norway,0.032
1987,Norway,0.0369999999999999
1988,Norway,0.0969999999999999
1989,Norway,0.046
1990,Norway,0.0449999999999999
1991,Norway,-0.012
1992,Norway,-0.032
1993,Norway,-0.0229999999999999
1994,Norway,0.004
1995,Norway,0.004
1996,Norway,0.0189999999999999
1997,Norway,-0.0319999999999998
1998,Norway,-0.04
1999,Norway,0.0289999999999999
2000,Norway,0.0050000000000001
2001,Norway,-0.066
2002,Norway,-0.0310000000000001
2003,Norway,0.0410000000000001
2004,Norway,0.03
2005,Norway,0.0069999999999998
2006,Norway,0.064
2007,Norway,-0.002
2008,Norway,0.054
2009,Norway,0.0229999999999999
2010,Norway,-0.0329999999999999
2011,Norway,-0.0650000000000001
2012,Norway,-0.0289999999999999
2013,Norway,-0.068
2014,Norway,-0.0249999999999999
2015,Norway,-0.026
2016,Norway,-0.0229999999999999
2017,Norway,-0.0809999999999999
2018,Norway,-0.058
2019,Norway,-0.0330000000000001
2020,Norway,-0.0509999999999999
2021,Norway,0.078
2022,Norway,-0.145
2023,Norway,-0.01
1951,Oman,-0.008
1952,Oman,0.0019999999999997
1953,Oman,-0.0039999999999995
1954,Oman,-0.0030000000000001
1955,Oman,-0.0150000000000005
1956,Oman,-0.0069999999999996
1957,Oman,0.0019999999999997
1958,Oman,0.0180000000000006
1959,Oman,0.0069999999999996
1960,Oman,0.024
1961,Oman,0.0099999999999997
1962,Oman,0.0309999999999996
1963,Oman,0.016
1964,Oman,0.0360000000000004
1965,Oman,0.0209999999999999
1966,Oman,0.0209999999999999
1967,Oman,0.0250000000000003
1968,Oman,0.0249999999999994
1969,Oman,0.0270000000000001
1970,Oman,0.0339999999999998
1971,Oman,0.0350000000000001
1972,Oman,0.0300000000000002
1973,Oman,0.0369999999999999
1974,Oman,0.0469999999999997
1975,Oman,0.0390000000000005
1976,Oman,0.032
1977,Oman,0.0379999999999993
1978,Oman,0.0369999999999999
1979,Oman,0.032
1980,Oman,0.0369999999999999
1981,Oman,0.0170000000000003
1982,Oman,-0.0670000000000001
1983,Oman,-0.0889999999999995
1984,Oman,-0.1059999999999998
1985,Oman,-0.1300000000000007
1986,Oman,-0.1599999999999992
1987,Oman,-0.1770000000000005
1988,Oman,-0.2219999999999995
1989,Oman,-0.2360000000000006
1990,Oman,-0.2609999999999992
1991,Oman,-0.2590000000000003
1992,Oman,-0.2780000000000004
1993,Oman,-0.2809999999999997
1994,Oman,-0.2789999999999999
1995,Oman,-0.2919999999999998
1996,Oman,-0.2770000000000001
1997,Oman,-0.266
1998,Oman,-0.25
1999,Oman,-0.2099999999999999
2000,Oman,-0.2120000000000002
2001,Oman,-0.1899999999999999
2002,Oman,-0.1520000000000001
2003,Oman,-0.1389999999999998
2004,Oman,-0.1709999999999998
2005,Oman,-0.1710000000000002
2006,Oman,-0.1499999999999999
2007,Oman,-0.1179999999999998
2008,Oman,0.0009999999999998
2009,Oman,0.0670000000000001
2010,Oman,0.1439999999999996
2011,Oman,-0.0179999999999997
2012,Oman,-0.0270000000000001
2013,Oman,0.0260000000000002
2014,Oman,0.016
2015,Oman,-0.0050000000000003
2016,Oman,-0.016
2017,Oman,-0.0259999999999998
2018,Oman,-0.1129999999999999
2019,Oman,-0.1139999999999998
2020,Oman,-0.0580000000000002
2021,Oman,-0.0499999999999998
2022,Oman,-0.1390000000000002
2023,Oman,0.076
1951,Pakistan,0.0
1952,Pakistan,0.0
1953,Pakistan,0.0
1954,Pakistan,0.0
1955,Pakistan,0.0
1956,Pakistan,0.0
1957,Pakistan,0.0
1958,Pakistan,0.0
1959,Pakistan,0.0
1960,Pakistan,0.0
1961,Pakistan,0.0
1962,Pakistan,0.0
1963,Pakistan,0.0
1964,Pakistan,0.0
1965,Pakistan,0.0
1966,Pakistan,0.0
1967,Pakistan,0.0
1968,Pakistan,0.0
1969,Pakistan,0.0
1970,Pakistan,0.0010000000000003
1971,Pakistan,0.0009999999999994
1972,Pakistan,0.0030000000000001
1973,Pakistan,0.0030000000000001
1974,Pakistan,0.0030000000000001
1975,Pakistan,0.0010000000000003
1976,Pakistan,-0.0040000000000004
1977,Pakistan,-0.0089999999999994
1978,Pakistan,-0.016
1979,Pakistan,-0.0220000000000002
1980,Pakistan,-0.0270000000000001
1981,Pakistan,-0.0300000000000002
1982,Pakistan,-0.0299999999999993
1983,Pakistan,-0.0300000000000002
1984,Pakistan,-0.0289999999999999
1985,Pakistan,-0.0300000000000002
1986,Pakistan,-0.0309999999999996
1987,Pakistan,-0.0360000000000004
1988,Pakistan,-0.0419999999999998
1989,Pakistan,-0.0510000000000001
1990,Pakistan,-0.0609999999999999
1991,Pakistan,-0.0729999999999995
1992,Pakistan,-0.0840000000000005
1993,Pakistan,-0.0949999999999997
1994,Pakistan,-0.104
1995,Pakistan,-0.1139999999999998
1996,Pakistan,-0.1230000000000002
1997,Pakistan,-0.1289999999999995
1998,Pakistan,-0.1350000000000006
1999,Pakistan,-0.0449999999999999
2000,Pakistan,-0.1099999999999994
2001,Pakistan,-0.1699999999999999
2002,Pakistan,-0.1700000000000008
2003,Pakistan,-0.1179999999999994
2004,Pakistan,-0.2090000000000005
2005,Pakistan,-0.0899999999999998
2006,Pakistan,-0.0059999999999993
2007,Pakistan,-0.0350000000000001
2008,Pakistan,-0.0390000000000005
2009,Pakistan,-0.0499999999999998
2010,Pakistan,-0.0670000000000001
2011,Pakistan,-0.0929999999999999
2012,Pakistan,-0.1009999999999999
2013,Pakistan,-0.0789999999999997
2014,Pakistan,-0.0700000000000002
2015,Pakistan,-0.0669999999999997
2016,Pakistan,-0.0859999999999998
2017,Pakistan,-0.0020000000000002
2018,Pakistan,-0.0449999999999999
2019,Pakistan,-0.0449999999999999
2020,Pakistan,-0.0449999999999999
2021,Pakistan,-0.0449999999999999
2022,Pakistan,-0.0580000000000002
2023,Pakistan,-0.0569999999999999
1951,Palau,-0.0059999999999993
1952,Palau,0.008
1953,Palau,0.0
1954,Palau,0.0139999999999993
1955,Palau,0.0070000000000005
1956,Palau,-0.0090000000000003
1957,Palau,0.0129999999999999
1958,Palau,0.0060000000000002
1959,Palau,0.0049999999999998
1960,Palau,-0.0019999999999997
1961,Palau,-0.016
1962,Palau,-0.0280000000000004
1963,Palau,-0.0279999999999995
1964,Palau,-0.0410000000000003
1965,Palau,-0.0619999999999993
1966,Palau,-0.0819999999999998
1967,Palau,-0.096
1968,Palau,-0.1219999999999998
1969,Palau,-0.1380000000000008
1970,Palau,-0.189
1971,Palau,-0.2229999999999998
1972,Palau,-0.2679999999999998
1973,Palau,-0.3040000000000002
1974,Palau,-0.3339999999999996
1975,Palau,-0.3550000000000004
1976,Palau,-0.3769999999999998
1977,Palau,-0.4359999999999999
1978,Palau,-0.3499999999999996
1979,Palau,-0.254
1980,Palau,-0.1350000000000002
1981,Palau,-0.0750000000000001
1982,Palau,-0.0559999999999996
1983,Palau,-0.0770000000000004
1984,Palau,-0.0629999999999997
1985,Palau,-0.0700000000000002
1986,Palau,-0.0339999999999998
1987,Palau,-0.0430000000000001
1988,Palau,-0.028
1989,Palau,0.012
1990,Palau,-0.036
1991,Palau,-0.1389999999999998
1992,Palau,-0.032
1993,Palau,0.0169999999999999
1994,Palau,-0.0659999999999998
1995,Palau,-0.1080000000000001
1996,Palau,-0.1629999999999998
1997,Palau,-0.2030000000000003
1998,Palau,-0.181
1999,Palau,-0.0999999999999998
2000,Palau,-0.0869999999999999
2001,Palau,0.0510000000000001
2002,Palau,0.0529999999999999
2003,Palau,0.0389999999999999
2004,Palau,0.0270000000000001
2005,Palau,0.0279999999999998
2006,Palau,-0.0209999999999999
2007,Palau,-0.028
2008,Palau,-0.0209999999999999
2009,Palau,-0.012
2010,Palau,0.002
2011,Palau,0.028
2012,Palau,0.0409999999999997
2013,Palau,0.048
2014,Palau,-0.0219999999999997
2015,Palau,-0.0300000000000002
2016,Palau,0.0530000000000003
2017,Palau,-0.036
2018,Palau,-0.0490000000000001
2019,Palau,0.014
2020,Palau,-0.012
2021,Palau,-0.022
2022,Palau,-0.0229999999999999
2023,Palau,-0.02
1951,Palestine,0.0030000000000001
1952,Palestine,-0.0049999999999998
1953,Palestine,-0.008
1954,Palestine,0.0009999999999994
1955,Palestine,-0.0099999999999997
1956,Palestine,-0.0039999999999995
1957,Palestine,-0.0060000000000002
1958,Palestine,-0.0030000000000001
1959,Palestine,-0.0010000000000003
1960,Palestine,-0.0119999999999995
1961,Palestine,-0.0070000000000005
1962,Palestine,0.0060000000000002
1963,Palestine,-0.0110000000000001
1964,Palestine,-0.0059999999999993
1965,Palestine,0.0
1966,Palestine,-0.0220000000000002
1967,Palestine,-0.0149999999999996
1968,Palestine,-0.032
1969,Palestine,-0.0250000000000003
1970,Palestine,-0.0300000000000002
1971,Palestine,-0.0369999999999999
1972,Palestine,-0.0279999999999995
1973,Palestine,-0.032
1974,Palestine,-0.0350000000000001
1975,Palestine,-0.0389999999999997
1976,Palestine,-0.0420000000000007
1977,Palestine,-0.0539999999999993
1978,Palestine,-0.0540000000000002
1979,Palestine,-0.0469999999999997
1980,Palestine,-0.104
1981,Palestine,-0.0460000000000002
1982,Palestine,-0.0439999999999995
1983,Palestine,-0.0470000000000006
1984,Palestine,-0.0459999999999993
1985,Palestine,-0.0530000000000008
1986,Palestine,-0.032
1987,Palestine,-0.0229999999999996
1988,Palestine,-0.0220000000000002
1989,Palestine,-0.0299999999999993
1990,Palestine,-0.0270000000000001
1991,Palestine,-0.0579999999999998
1992,Palestine,-0.1009999999999999
1993,Palestine,-0.149
1994,Palestine,-0.1670000000000007
1995,Palestine,-0.173
1996,Palestine,-0.1729999999999991
1997,Palestine,-0.1710000000000002
1998,Palestine,-0.1240000000000005
1999,Palestine,-0.1099999999999994
2000,Palestine,-0.1260000000000003
2001,Palestine,-0.1150000000000002
2002,Palestine,-0.1259999999999994
2003,Palestine,-0.1539999999999999
2004,Palestine,-0.0910000000000001
2005,Palestine,-0.104
2006,Palestine,-0.1280000000000001
2007,Palestine,-0.1120000000000001
2008,Palestine,-0.1179999999999994
2009,Palestine,-0.0689999999999999
2010,Palestine,-0.0060000000000002
2011,Palestine,-0.1290000000000004
2012,Palestine,-0.1509999999999998
2013,Palestine,-0.1049999999999995
2014,Palestine,-0.0540000000000002
2015,Palestine,-0.0180000000000002
2016,Palestine,-0.0899999999999998
2017,Palestine,-0.1160000000000001
2018,Palestine,-0.0969999999999999
2019,Palestine,-0.0829999999999997
2020,Palestine,-0.08
2021,Palestine,-0.0689999999999999
2022,Palestine,-0.0670000000000001
2023,Palestine,-0.064
1951,Panama,0.0470000000000006
1952,Panama,0.0519999999999996
1953,Panama,0.0510000000000001
1954,Panama,0.0069999999999996
1955,Panama,0.0090000000000003
1956,Panama,0.0110000000000001
1957,Panama,0.0119999999999995
1958,Panama,0.0060000000000002
1959,Panama,0.0309999999999996
1960,Panama,0.0350000000000001
1961,Panama,0.0360000000000004
1962,Panama,0.0069999999999996
1963,Panama,-0.0069999999999996
1964,Panama,-0.0570000000000003
1965,Panama,-0.08
1966,Panama,-0.0789999999999997
1967,Panama,-0.1150000000000002
1968,Panama,-0.1230000000000002
1969,Panama,-0.1239999999999996
1970,Panama,-0.1120000000000001
1971,Panama,-0.1209999999999995
1972,Panama,-0.1459999999999999
1973,Panama,-0.1670000000000007
1974,Panama,-0.165
1975,Panama,-0.1619999999999999
1976,Panama,-0.1499999999999994
1977,Panama,-0.1459999999999999
1978,Panama,-0.1340000000000003
1979,Panama,-0.1
1980,Panama,-0.088
1981,Panama,-0.0729999999999999
1982,Panama,-0.064
1983,Panama,-0.0579999999999998
1984,Panama,-0.0819999999999998
1985,Panama,-0.092
1986,Panama,-0.088
1987,Panama,-0.088
1988,Panama,-0.0779999999999998
1989,Panama,-0.052
1990,Panama,-0.0489999999999999
1991,Panama,-0.0729999999999999
1992,Panama,-0.0489999999999999
1993,Panama,-0.0410000000000003
1994,Panama,-0.032
1995,Panama,-0.0249999999999999
1996,Panama,-0.0219999999999997
1997,Panama,-0.02
1998,Panama,-0.0209999999999999
1999,Panama,-0.0220000000000002
2000,Panama,-0.0229999999999996
2001,Panama,-0.024
2002,Panama,-0.0220000000000002
2003,Panama,-0.0190000000000001
2004,Panama,0.0010000000000003
2005,Panama,-0.0370000000000003
2006,Panama,-0.0229999999999996
2007,Panama,-0.008
2008,Panama,-0.004
2009,Panama,-0.0150000000000001
2010,Panama,-0.0059999999999997
2011,Panama,0.0169999999999999
2012,Panama,-0.0129999999999999
2013,Panama,-0.0220000000000002
2014,Panama,-0.0169999999999999
2015,Panama,-0.0220000000000002
2016,Panama,-0.028
2017,Panama,-0.0399999999999995
2018,Panama,-0.06
2019,Panama,-0.1140000000000003
2020,Panama,-0.1039999999999996
2021,Panama,-0.032
2022,Panama,-0.0130000000000003
2023,Panama,-0.0199999999999995
1951,Papua New Guinea,0.0309999999999996
1952,Papua New Guinea,0.016
1953,Papua New Guinea,0.0350000000000001
1954,Papua New Guinea,-0.0150000000000005
1955,Papua New Guinea,0.0390000000000005
1956,Papua New Guinea,0.024
1957,Papua New Guinea,0.0469999999999997
1958,Papua New Guinea,0.0410000000000003
1959,Papua New Guinea,0.0279999999999995
1960,Papua New Guinea,0.0609999999999999
1961,Papua New Guinea,0.056
1962,Papua New Guinea,0.0609999999999999
1963,Papua New Guinea,0.0179999999999997
1964,Papua New Guinea,0.0380000000000002
1965,Papua New Guinea,0.0120000000000004
1966,Papua New Guinea,0.0289999999999999
1967,Papua New Guinea,0.0099999999999997
1968,Papua New Guinea,0.0099999999999997
1969,Papua New Guinea,0.0060000000000002
1970,Papua New Guinea,-0.008
1971,Papua New Guinea,-0.0209999999999999
1972,Papua New Guinea,-0.032
1973,Papua New Guinea,-0.0369999999999999
1974,Papua New Guinea,-0.0460000000000002
1975,Papua New Guinea,-0.0489999999999994
1976,Papua New Guinea,-0.0470000000000006
1977,Papua New Guinea,-0.0609999999999999
1978,Papua New Guinea,-0.0780000000000002
1979,Papua New Guinea,-0.0939999999999994
1980,Papua New Guinea,-0.08
1981,Papua New Guinea,-0.0600000000000005
1982,Papua New Guinea,-0.0579999999999998
1983,Papua New Guinea,-0.024
1984,Papua New Guinea,-0.0489999999999994
1985,Papua New Guinea,-0.0440000000000004
1986,Papua New Guinea,-0.0549999999999997
1987,Papua New Guinea,-0.056
1988,Papua New Guinea,-0.0570000000000003
1989,Papua New Guinea,-0.0589999999999992
1990,Papua New Guinea,-0.0630000000000006
1991,Papua New Guinea,-0.0709999999999997
1992,Papua New Guinea,-0.0759999999999996
1993,Papua New Guinea,-0.0710000000000006
1994,Papua New Guinea,-0.0919999999999996
1995,Papua New Guinea,-0.0899999999999998
1996,Papua New Guinea,-0.0520000000000004
1997,Papua New Guinea,-0.0489999999999994
1998,Papua New Guinea,-0.0470000000000006
1999,Papua New Guinea,-0.0449999999999999
2000,Papua New Guinea,-0.0619999999999993
2001,Papua New Guinea,-0.056
2002,Papua New Guinea,-0.0500000000000007
2003,Papua New Guinea,-0.0569999999999994
2004,Papua New Guinea,-0.0789999999999997
2005,Papua New Guinea,-0.0630000000000006
2006,Papua New Guinea,-0.072
2007,Papua New Guinea,-0.072
2008,Papua New Guinea,-0.0609999999999999
2009,Papua New Guinea,-0.0739999999999998
2010,Papua New Guinea,-0.0579999999999998
2011,Papua New Guinea,-0.0670000000000001
2012,Papua New Guinea,-0.0699999999999998
2013,Papua New Guinea,-0.0619999999999998
2014,Papua New Guinea,-0.0590000000000001
2015,Papua New Guinea,-0.0670000000000001
2016,Papua New Guinea,-0.0629999999999997
2017,Papua New Guinea,-0.0630000000000001
2018,Papua New Guinea,-0.0499999999999998
2019,Papua New Guinea,-0.06
2020,Papua New Guinea,-0.048
2021,Papua New Guinea,-0.0590000000000001
2022,Papua New Guinea,-0.0499999999999998
2023,Papua New Guinea,-0.0659999999999998
1951,Paraguay,0.0030000000000001
1952,Paraguay,0.0059999999999993
1953,Paraguay,0.0040000000000004
1954,Paraguay,0.0030000000000001
1955,Paraguay,0.0030000000000001
1956,Paraguay,0.0009999999999994
1957,Paraguay,0.0010000000000003
1958,Paraguay,-0.0019999999999997
1959,Paraguay,-0.0030000000000001
1960,Paraguay,-0.0060000000000002
1961,Paraguay,-0.0110000000000001
1962,Paraguay,-0.0169999999999994
1963,Paraguay,-0.0250000000000003
1964,Paraguay,-0.0259999999999998
1965,Paraguay,-0.0760000000000005
1966,Paraguay,-0.1139999999999998
1967,Paraguay,-0.1339999999999994
1968,Paraguay,-0.125
1969,Paraguay,-0.1350000000000006
1970,Paraguay,-0.1189999999999997
1971,Paraguay,-0.1269999999999997
1972,Paraguay,-0.133
1973,Paraguay,-0.1070000000000002
1974,Paraguay,-0.0789999999999997
1975,Paraguay,-0.0950000000000006
1976,Paraguay,-0.0599999999999996
1977,Paraguay,-0.0389999999999997
1978,Paraguay,-0.0420000000000007
1979,Paraguay,0.0260000000000006
1980,Paraguay,0.04
1981,Paraguay,0.0509999999999992
1982,Paraguay,-0.0269999999999992
1983,Paraguay,-0.0390000000000005
1984,Paraguay,-0.0499999999999998
1985,Paraguay,-0.0629999999999997
1986,Paraguay,-0.0449999999999999
1987,Paraguay,-0.0819999999999998
1988,Paraguay,-0.0730000000000004
1989,Paraguay,-0.0929999999999999
1990,Paraguay,-0.1159999999999996
1991,Paraguay,-0.0840000000000005
1992,Paraguay,-0.0789999999999997
1993,Paraguay,-0.1200000000000001
1994,Paraguay,-0.0860000000000003
1995,Paraguay,-0.088
1996,Paraguay,-0.0939999999999994
1997,Paraguay,-0.1030000000000002
1998,Paraguay,-0.1129999999999999
1999,Paraguay,-0.1280000000000001
2000,Paraguay,-0.1619999999999999
2001,Paraguay,-0.1469999999999998
2002,Paraguay,-0.1280000000000001
2003,Paraguay,-0.1099999999999998
2004,Paraguay,-0.0700000000000002
2005,Paraguay,-0.08
2006,Paraguay,-0.084
2007,Paraguay,-0.0659999999999998
2008,Paraguay,-0.0310000000000001
2009,Paraguay,-0.0349999999999997
2010,Paraguay,-0.0620000000000002
2011,Paraguay,-0.028
2012,Paraguay,-0.0089999999999998
2013,Paraguay,-0.0219999999999997
2014,Paraguay,0.0099999999999997
2015,Paraguay,-0.0009999999999998
2016,Paraguay,-0.0209999999999999
2017,Paraguay,-0.0329999999999999
2018,Paraguay,-0.0300000000000002
2019,Paraguay,-0.036
2020,Paraguay,-0.028
2021,Paraguay,-0.028
2022,Paraguay,-0.0249999999999999
2023,Paraguay,-0.0219999999999997
1951,Peru,0.0030000000000001
1952,Peru,0.0060000000000002
1953,Peru,0.0049999999999998
1954,Peru,0.0039999999999995
1955,Peru,0.0030000000000001
1956,Peru,0.0019999999999997
1957,Peru,0.0
1958,Peru,-0.0030000000000001
1959,Peru,-0.0059999999999993
1960,Peru,-0.0120000000000004
1961,Peru,-0.0179999999999997
1962,Peru,-0.0280000000000004
1963,Peru,-0.0369999999999999
1964,Peru,-0.048
1965,Peru,-0.0599999999999996
1966,Peru,-0.0700000000000002
1967,Peru,-0.08
1968,Peru,-0.0869999999999997
1969,Peru,-0.0949999999999997
1970,Peru,-0.1020000000000003
1971,Peru,-0.1089999999999999
1972,Peru,-0.1159999999999996
1973,Peru,-0.1230000000000002
1974,Peru,-0.1269999999999997
1975,Peru,-0.1320000000000005
1976,Peru,-0.1339999999999994
1977,Peru,-0.1349999999999998
1978,Peru,-0.1350000000000006
1979,Peru,-0.1339999999999994
1980,Peru,-0.1299999999999999
1981,Peru,-0.1260000000000003
1982,Peru,-0.1200000000000001
1983,Peru,-0.1150000000000002
1984,Peru,-0.1120000000000001
1985,Peru,-0.1079999999999996
1986,Peru,-0.1059999999999998
1987,Peru,-0.1070000000000002
1988,Peru,-0.1089999999999999
1989,Peru,-0.1120000000000001
1990,Peru,-0.1139999999999998
1991,Peru,-0.1179999999999998
1992,Peru,-0.121
1993,Peru,-0.121
1994,Peru,-0.1200000000000001
1995,Peru,-0.1169999999999999
1996,Peru,-0.1120000000000001
1997,Peru,-0.1039999999999996
1998,Peru,-0.0970000000000004
1999,Peru,-0.0849999999999999
2000,Peru,-0.0719999999999996
2001,Peru,-0.1009999999999999
2002,Peru,-0.0510000000000001
2003,Peru,-0.032
2004,Peru,0.012
2005,Peru,-0.0300000000000002
2006,Peru,-0.0239999999999995
2007,Peru,-0.036
2008,Peru,-0.0550000000000001
2009,Peru,-0.048
2010,Peru,-0.0590000000000001
2011,Peru,-0.008
2012,Peru,-0.0569999999999999
2013,Peru,-0.0389999999999997
2014,Peru,-0.0460000000000002
2015,Peru,-0.0419999999999998
2016,Peru,-0.04
2017,Peru,-0.0369999999999999
2018,Peru,-0.0340000000000002
2019,Peru,-0.032
2020,Peru,-0.0299999999999998
2021,Peru,-0.0270000000000001
2022,Peru,-0.0249999999999999
2023,Peru,-0.024
1951,Philippines,-0.0119999999999995
1952,Philippines,-0.0060000000000002
1953,Philippines,-0.0069999999999996
1954,Philippines,-0.0149999999999996
1955,Philippines,-0.0180000000000006
1956,Philippines,-0.0190000000000001
1957,Philippines,-0.0259999999999998
1958,Philippines,-0.0229999999999996
1959,Philippines,-0.0030000000000001
1960,Philippines,-0.0039999999999995
1961,Philippines,-0.0020000000000006
1962,Philippines,-0.0139999999999993
1963,Philippines,-0.0280000000000004
1964,Philippines,-0.0659999999999998
1965,Philippines,-0.0869999999999997
1966,Philippines,-0.1080000000000005
1967,Philippines,-0.1189999999999997
1968,Philippines,-0.1239999999999996
1969,Philippines,-0.1150000000000002
1970,Philippines,-0.1150000000000002
1971,Philippines,-0.1349999999999998
1972,Philippines,-0.1459999999999999
1973,Philippines,-0.1500000000000003
1974,Philippines,-0.0940000000000003
1975,Philippines,-0.0969999999999995
1976,Philippines,-0.0910000000000001
1977,Philippines,-0.0629999999999997
1978,Philippines,-0.0490000000000003
1979,Philippines,-0.1379999999999999
1980,Philippines,-0.1470000000000002
1981,Philippines,-0.1349999999999998
1982,Philippines,-0.056
1983,Philippines,-0.0499999999999998
1984,Philippines,-0.0970000000000004
1985,Philippines,-0.1059999999999998
1986,Philippines,-0.1009999999999999
1987,Philippines,-0.0539999999999993
1988,Philippines,-0.0600000000000005
1989,Philippines,-0.0839999999999996
1990,Philippines,-0.0430000000000001
1991,Philippines,-0.0490000000000003
1992,Philippines,-0.1120000000000001
1993,Philippines,-0.0629999999999997
1994,Philippines,-0.0190000000000001
1995,Philippines,-0.0119999999999995
1996,Philippines,-0.0630000000000006
1997,Philippines,-0.0609999999999995
1998,Philippines,-0.0590000000000001
1999,Philippines,-0.0589999999999997
2000,Philippines,-0.0710000000000001
2001,Philippines,-0.0350000000000001
2002,Philippines,-0.068
2003,Philippines,-0.0599999999999996
2004,Philippines,-0.0670000000000001
2005,Philippines,-0.076
2006,Philippines,0.0180000000000002
2007,Philippines,-0.0630000000000001
2008,Philippines,-0.0020000000000002
2009,Philippines,-0.0249999999999999
2010,Philippines,-0.0609999999999999
2011,Philippines,-0.0789999999999997
2012,Philippines,-0.0930000000000004
2013,Philippines,-0.1009999999999999
2014,Philippines,-0.1479999999999997
2015,Philippines,-0.0649999999999999
2016,Philippines,-0.1500000000000003
2017,Philippines,-0.1539999999999999
2018,Philippines,-0.1469999999999998
2019,Philippines,-0.1630000000000002
2020,Philippines,-0.1399999999999996
2021,Philippines,-0.1250000000000002
2022,Philippines,-0.0209999999999999
2023,Philippines,-0.0130000000000001
1951,Poland,0.0470000000000001
1952,Poland,-0.064
1953,Poland,-0.0430000000000001
1954,Poland,-0.0419999999999998
1955,Poland,0.0030000000000001
1956,Poland,-0.092
1957,Poland,0.0329999999999999
1958,Poland,-0.104
1959,Poland,-0.1439999999999996
1960,Poland,-0.2440000000000002
1961,Poland,-0.1440000000000001
1962,Poland,-0.1159999999999996
1963,Poland,-0.044
1964,Poland,-0.0969999999999999
1965,Poland,-0.0660000000000002
1966,Poland,-0.0899999999999998
1967,Poland,-0.0979999999999998
1968,Poland,-0.0530000000000003
1969,Poland,-0.0369999999999999
1970,Poland,-0.0049999999999998
1971,Poland,-0.0030000000000001
1972,Poland,-0.0129999999999999
1973,Poland,0.0139999999999997
1974,Poland,0.0130000000000003
1975,Poland,0.0169999999999999
1976,Poland,0.0310000000000001
1977,Poland,-0.0610000000000003
1978,Poland,-0.0199999999999995
1979,Poland,0.0449999999999999
1980,Poland,0.0
1981,Poland,-0.0310000000000001
1982,Poland,0.0939999999999998
1983,Poland,0.076
1984,Poland,-0.0390000000000001
1985,Poland,-0.0539999999999998
1986,Poland,-0.1049999999999999
1987,Poland,-0.0609999999999999
1988,Poland,-0.0150000000000001
1989,Poland,-0.044
1990,Poland,-0.0329999999999999
1991,Poland,0.0020000000000002
1992,Poland,-0.1110000000000002
1993,Poland,-0.0859999999999998
1994,Poland,-0.0690000000000001
1995,Poland,-0.167
1996,Poland,-0.0469999999999999
1997,Poland,-0.0709999999999999
1998,Poland,-0.0769999999999999
1999,Poland,-0.062
2000,Poland,-0.0109999999999998
2001,Poland,-0.0510000000000001
2002,Poland,-0.0629999999999999
2003,Poland,-0.0269999999999999
2004,Poland,0.0029999999999998
2005,Poland,0.016
2006,Poland,0.0249999999999999
2007,Poland,0.042
2008,Poland,0.0749999999999999
2009,Poland,0.016
2010,Poland,0.0050000000000001
2011,Poland,-0.0689999999999999
2012,Poland,-0.0090000000000001
2013,Poland,-0.0369999999999999
2014,Poland,0.0249999999999999
2015,Poland,0.006
2016,Poland,0.066
2017,Poland,0.0829999999999999
2018,Poland,-0.0289999999999999
2019,Poland,-0.0070000000000001
2020,Poland,-0.052
2021,Poland,-0.0619999999999998
2022,Poland,-0.0610000000000001
2023,Poland,0.038
1951,Portugal,0.02
1952,Portugal,0.0220000000000002
1953,Portugal,-0.157
1954,Portugal,-0.0790000000000001
1955,Portugal,0.169
1956,Portugal,-0.1009999999999999
1957,Portugal,0.1059999999999998
1958,Portugal,0.0129999999999999
1959,Portugal,-0.0069999999999996
1960,Portugal,0.016
1961,Portugal,0.0449999999999999
1962,Portugal,0.028
1963,Portugal,-0.0980000000000003
1964,Portugal,0.08
1965,Portugal,-0.056
1966,Portugal,0.0050000000000003
1967,Portugal,-0.0070000000000001
1968,Portugal,-0.0339999999999998
1969,Portugal,-0.0090000000000003
1970,Portugal,-0.1059999999999998
1971,Portugal,-0.0129999999999999
1972,Portugal,-0.1379999999999999
1973,Portugal,-0.092
1974,Portugal,-0.0700000000000002
1975,Portugal,0.0550000000000001
1976,Portugal,0.0569999999999999
1977,Portugal,-0.125
1978,Portugal,-0.2319999999999997
1979,Portugal,-0.1350000000000002
1980,Portugal,-0.0699999999999998
1981,Portugal,-0.1140000000000003
1982,Portugal,-0.0609999999999999
1983,Portugal,-0.1149999999999997
1984,Portugal,-0.06
1985,Portugal,-0.1659999999999999
1986,Portugal,-0.066
1987,Portugal,-0.0429999999999999
1988,Portugal,-0.012
1989,Portugal,-0.036
1990,Portugal,-0.0170000000000001
1991,Portugal,0.002
1992,Portugal,-0.0209999999999999
1993,Portugal,-0.0230000000000001
1994,Portugal,-0.0679999999999998
1995,Portugal,-0.034
1996,Portugal,0.03
1997,Portugal,0.028
1998,Portugal,0.004
1999,Portugal,0.0289999999999999
2000,Portugal,0.036
2001,Portugal,-0.0829999999999999
2002,Portugal,0.0049999999999998
2003,Portugal,-0.0229999999999999
2004,Portugal,-0.032
2005,Portugal,0.0029999999999998
2006,Portugal,-0.0359999999999998
2007,Portugal,-0.02
2008,Portugal,0.0309999999999999
2009,Portugal,-0.034
2010,Portugal,0.032
2011,Portugal,-0.038
2012,Portugal,-0.066
2013,Portugal,-0.0639999999999998
2014,Portugal,0.0169999999999999
2015,Portugal,0.072
2016,Portugal,0.054
2017,Portugal,0.0209999999999999
2018,Portugal,0.034
2019,Portugal,0.01
2020,Portugal,-0.016
2021,Portugal,-0.0769999999999999
2022,Portugal,0.125
2023,Portugal,0.0549999999999999
1951,Puerto Rico,-0.1430000000000006
1952,Puerto Rico,-0.2359999999999997
1953,Puerto Rico,-0.1459999999999999
1954,Puerto Rico,-0.0030000000000001
1955,Puerto Rico,0.0019999999999997
1956,Puerto Rico,0.024
1957,Puerto Rico,-0.1169999999999999
1958,Puerto Rico,0.0310000000000005
1959,Puerto Rico,-0.064
1960,Puerto Rico,0.0389999999999997
1961,Puerto Rico,-0.181
1962,Puerto Rico,-0.072
1963,Puerto Rico,-0.0869999999999997
1964,Puerto Rico,-0.0760000000000005
1965,Puerto Rico,-0.0809999999999995
1966,Puerto Rico,-0.3900000000000001
1967,Puerto Rico,-0.1880000000000001
1968,Puerto Rico,-0.1979999999999999
1969,Puerto Rico,-0.0769999999999999
1970,Puerto Rico,-0.076
1971,Puerto Rico,0.0420000000000002
1972,Puerto Rico,-0.2030000000000003
1973,Puerto Rico,-0.1039999999999996
1974,Puerto Rico,-0.0310000000000001
1975,Puerto Rico,-0.068
1976,Puerto Rico,0.0620000000000002
1977,Puerto Rico,0.0319999999999995
1978,Puerto Rico,-0.0499999999999998
1979,Puerto Rico,-0.0809999999999999
1980,Puerto Rico,-0.068
1981,Puerto Rico,-0.1069999999999997
1982,Puerto Rico,-0.1089999999999999
1983,Puerto Rico,-0.153
1984,Puerto Rico,-0.104
1985,Puerto Rico,-0.0030000000000001
1986,Puerto Rico,0.044
1987,Puerto Rico,-0.036
1988,Puerto Rico,-0.0059999999999997
1989,Puerto Rico,0.0779999999999998
1990,Puerto Rico,-0.0110000000000001
1991,Puerto Rico,-0.0779999999999998
1992,Puerto Rico,-0.0169999999999999
1993,Puerto Rico,0.0139999999999997
1994,Puerto Rico,-0.0350000000000001
1995,Puerto Rico,-0.0249999999999999
1996,Puerto Rico,-0.0059999999999997
1997,Puerto Rico,0.0249999999999999
1998,Puerto Rico,-0.0889999999999999
1999,Puerto Rico,-0.0420000000000002
2000,Puerto Rico,0.0030000000000001
2001,Puerto Rico,-0.0949999999999999
2002,Puerto Rico,-0.0899999999999998
2003,Puerto Rico,-0.0490000000000001
2004,Puerto Rico,0.03
2005,Puerto Rico,0.0050000000000001
2006,Puerto Rico,-0.044
2007,Puerto Rico,-0.06
2008,Puerto Rico,-0.1139999999999998
2009,Puerto Rico,-0.0290000000000001
2010,Puerto Rico,0.024
2011,Puerto Rico,-0.024
2012,Puerto Rico,-0.054
2013,Puerto Rico,-0.0679999999999998
2014,Puerto Rico,-0.036
2015,Puerto Rico,-0.0869999999999999
2016,Puerto Rico,-0.086
2017,Puerto Rico,-0.131
2018,Puerto Rico,-0.1069999999999999
2019,Puerto Rico,-0.047
2020,Puerto Rico,-0.0449999999999999
2021,Puerto Rico,0.0099999999999998
2022,Puerto Rico,-0.004
2023,Puerto Rico,0.001
1951,Qatar,-0.0009999999999994
1952,Qatar,0.0069999999999996
1953,Qatar,-0.0110000000000001
1954,Qatar,0.0070000000000005
1955,Qatar,-0.008
1956,Qatar,0.0
1957,Qatar,-0.0070000000000005
1958,Qatar,-0.0009999999999994
1959,Qatar,0.0019999999999997
1960,Qatar,-0.0010000000000003
1961,Qatar,-0.0049999999999998
1962,Qatar,0.0040000000000004
1963,Qatar,-0.0030000000000001
1964,Qatar,-0.0019999999999997
1965,Qatar,0.0019999999999997
1966,Qatar,-0.0060000000000002
1967,Qatar,-0.0590000000000001
1968,Qatar,-0.0699999999999994
1969,Qatar,-0.0810000000000004
1970,Qatar,-0.0830000000000001
1971,Qatar,-0.0830000000000001
1972,Qatar,-0.0719999999999991
1973,Qatar,-0.0650000000000003
1974,Qatar,-0.0730000000000004
1975,Qatar,-0.0739999999999998
1976,Qatar,-0.0789999999999997
1977,Qatar,-0.0910000000000001
1978,Qatar,-0.1139999999999998
1979,Qatar,-0.1159999999999996
1980,Qatar,-0.1320000000000005
1981,Qatar,-0.133
1982,Qatar,-0.1520000000000001
1983,Qatar,-0.1459999999999999
1984,Qatar,-0.1419999999999994
1985,Qatar,-0.1139999999999998
1986,Qatar,-0.0769999999999999
1987,Qatar,-0.0260000000000006
1988,Qatar,-0.024
1989,Qatar,-0.1029999999999997
1990,Qatar,-0.1819999999999995
1991,Qatar,-0.2420000000000004
1992,Qatar,-0.1360000000000001
1993,Qatar,-0.0869999999999997
1994,Qatar,-0.1
1995,Qatar,-0.1080000000000001
1996,Qatar,-0.1129999999999999
1997,Qatar,-0.1169999999999999
1998,Qatar,-0.1160000000000001
1999,Qatar,-0.0939999999999998
2000,Qatar,-0.044
2001,Qatar,0.0070000000000001
2002,Qatar,-0.0689999999999999
2003,Qatar,-0.0860000000000003
2004,Qatar,-0.1309999999999997
2005,Qatar,-0.1590000000000002
2006,Qatar,-0.1259999999999999
2007,Qatar,-0.0709999999999997
2008,Qatar,-0.0689999999999999
2009,Qatar,-0.1150000000000002
2010,Qatar,-0.1169999999999999
2011,Qatar,-0.0670000000000001
2012,Qatar,-0.0299999999999998
2013,Qatar,-0.008
2014,Qatar,-0.0020000000000002
2015,Qatar,-0.0539999999999998
2016,Qatar,-0.1199999999999998
2017,Qatar,-0.022
2018,Qatar,-0.078
2019,Qatar,-0.0249999999999999
2020,Qatar,-0.056
2021,Qatar,-0.07
2022,Qatar,0.1340000000000001
2023,Qatar,-0.01
1951,Reunion,0.0039999999999995
1952,Reunion,-0.0499999999999998
1953,Reunion,-0.0329999999999994
1954,Reunion,-0.1459999999999999
1955,Reunion,0.0279999999999995
1956,Reunion,-0.1699999999999999
1957,Reunion,-0.0650000000000003
1958,Reunion,-0.3540000000000001
1959,Reunion,-0.0709999999999997
1960,Reunion,-0.0009999999999994
1961,Reunion,-0.0490000000000003
1962,Reunion,0.1120000000000001
1963,Reunion,0.104
1964,Reunion,-0.1000000000000005
1965,Reunion,-0.0199999999999995
1966,Reunion,-0.173
1967,Reunion,-0.3070000000000004
1968,Reunion,-0.2139999999999995
1969,Reunion,-0.4130000000000002
1970,Reunion,-0.7459999999999996
1971,Reunion,-0.2610000000000001
1972,Reunion,-0.1160000000000001
1973,Reunion,-0.1089999999999999
1974,Reunion,-0.0860000000000003
1975,Reunion,-0.08
1976,Reunion,-0.1179999999999998
1977,Reunion,-0.1149999999999997
1978,Reunion,-0.1320000000000001
1979,Reunion,-0.1659999999999999
1980,Reunion,-0.242
1981,Reunion,0.0339999999999998
1982,Reunion,-0.3119999999999998
1983,Reunion,-0.0329999999999999
1984,Reunion,0.0179999999999997
1985,Reunion,-0.0710000000000001
1986,Reunion,-0.1199999999999996
1987,Reunion,-0.0169999999999999
1988,Reunion,-0.0090000000000003
1989,Reunion,0.036
1990,Reunion,0.1710000000000002
1991,Reunion,-0.0050000000000003
1992,Reunion,-0.0209999999999999
1993,Reunion,-0.1589999999999998
1994,Reunion,-0.0569999999999999
1995,Reunion,-0.0570000000000003
1996,Reunion,-0.016
1997,Reunion,0.0870000000000001
1998,Reunion,-0.0310000000000001
1999,Reunion,0.0250000000000003
2000,Reunion,0.1619999999999999
2001,Reunion,-0.048
2002,Reunion,-0.04
2003,Reunion,0.0179999999999997
2004,Reunion,0.0220000000000002
2005,Reunion,0.0350000000000001
2006,Reunion,-0.0430000000000001
2007,Reunion,0.0249999999999999
2008,Reunion,-0.0019999999999997
2009,Reunion,-0.1
2010,Reunion,-0.177
2011,Reunion,0.0
2012,Reunion,0.04
2013,Reunion,-0.0140000000000002
2014,Reunion,0.0220000000000002
2015,Reunion,-0.0020000000000002
2016,Reunion,-0.016
2017,Reunion,0.0070000000000001
2018,Reunion,-0.0609999999999999
2019,Reunion,-0.032
2020,Reunion,0.0129999999999999
2021,Reunion,0.044
2022,Reunion,-0.0030000000000001
2023,Reunion,-0.0129999999999999
1951,Romania,-0.024
1952,Romania,-0.036
1953,Romania,-0.024
1954,Romania,0.0009999999999998
1955,Romania,0.0180000000000002
1956,Romania,-0.1280000000000001
1957,Romania,-0.1720000000000001
1958,Romania,-0.1399999999999996
1959,Romania,-0.149
1960,Romania,-0.104
1961,Romania,-0.1619999999999999
1962,Romania,-0.133
1963,Romania,-0.036
1964,Romania,-0.0370000000000001
1965,Romania,-0.0469999999999999
1966,Romania,-0.0289999999999999
1967,Romania,1.714
1968,Romania,-0.0529999999999999
1969,Romania,-0.423
1970,Romania,-0.3000000000000002
1971,Romania,-0.2139999999999999
1972,Romania,-0.1189999999999997
1973,Romania,-0.0849999999999999
1974,Romania,0.266
1975,Romania,-0.0649999999999999
1976,Romania,-0.0460000000000002
1977,Romania,0.0169999999999999
1978,Romania,-0.044
1979,Romania,-0.0319999999999995
1980,Romania,-0.0550000000000001
1981,Romania,-0.0809999999999999
1982,Romania,-0.1800000000000001
1983,Romania,-0.0969999999999999
1984,Romania,0.1739999999999999
1985,Romania,0.0580000000000002
1986,Romania,0.0759999999999996
1987,Romania,-0.0049999999999998
1988,Romania,-0.0729999999999999
1989,Romania,-0.1029999999999997
1990,Romania,-0.3670000000000002
1991,Romania,-0.2369999999999998
1992,Romania,-0.09
1993,Romania,-0.0729999999999999
1994,Romania,-0.0370000000000001
1995,Romania,-0.0629999999999999
1996,Romania,-0.036
1997,Romania,0.016
1998,Romania,-0.0009999999999998
1999,Romania,-0.012
2000,Romania,-0.0010000000000001
2001,Romania,-0.0309999999999999
2002,Romania,-0.002
2003,Romania,0.028
2004,Romania,0.0369999999999999
2005,Romania,0.0589999999999999
2006,Romania,0.0270000000000001
2007,Romania,0.028
2008,Romania,0.1319999999999999
2009,Romania,0.0549999999999999
2010,Romania,-0.0619999999999998
2011,Romania,-0.0989999999999999
2012,Romania,0.0349999999999999
2013,Romania,-0.044
2014,Romania,0.094
2015,Romania,0.0609999999999999
2016,Romania,0.0709999999999999
2017,Romania,0.078
2018,Romania,-0.0170000000000001
2019,Romania,-0.0419999999999998
2020,Romania,0.0149999999999999
2021,Romania,-0.008
2022,Romania,-0.0009999999999998
2023,Romania,-0.004
1951,Russia,-0.024
1952,Russia,-0.0390000000000001
1953,Russia,-0.0339999999999998
1954,Russia,0.0229999999999996
1955,Russia,-0.04
1956,Russia,-0.0539999999999998
1957,Russia,-0.0289999999999999
1958,Russia,-0.0369999999999999
1959,Russia,-0.0290000000000003
1960,Russia,-0.0299999999999998
1961,Russia,-0.1129999999999999
1962,Russia,-0.1579999999999999
1963,Russia,-0.0769999999999999
1964,Russia,-0.1089999999999999
1965,Russia,-0.0630000000000001
1966,Russia,-0.008
1967,Russia,-0.0819999999999998
1968,Russia,-0.0430000000000001
1969,Russia,0.008
1970,Russia,0.0190000000000001
1971,Russia,0.0409999999999999
1972,Russia,0.02
1973,Russia,-0.0580000000000002
1974,Russia,0.0170000000000003
1975,Russia,-0.0250000000000003
1976,Russia,-0.0089999999999996
1977,Russia,-0.0150000000000001
1978,Russia,-0.0249999999999999
1979,Russia,-0.0330000000000001
1980,Russia,-0.004
1981,Russia,0.0250000000000001
1982,Russia,0.0809999999999997
1983,Russia,0.1129999999999999
1984,Russia,-0.0359999999999995
1985,Russia,-0.0050000000000003
1986,Russia,0.1110000000000002
1987,Russia,0.044
1988,Russia,-0.0900000000000003
1989,Russia,-0.125
1990,Russia,-0.1239999999999998
1991,Russia,-0.159
1992,Russia,-0.1849999999999998
1993,Russia,-0.173
1994,Russia,0.0049999999999998
1995,Russia,-0.0459999999999998
1996,Russia,-0.0630000000000001
1997,Russia,-0.0459999999999998
1998,Russia,-0.0010000000000001
1999,Russia,-0.0589999999999999
2000,Russia,0.0069999999999998
2001,Russia,0.0310000000000001
2002,Russia,0.0659999999999998
2003,Russia,0.0470000000000001
2004,Russia,0.0109999999999998
2005,Russia,-0.046
2006,Russia,0.016
2007,Russia,0.1129999999999999
2008,Russia,0.0889999999999999
2009,Russia,0.042
2010,Russia,0.026
2011,Russia,0.016
2012,Russia,0.1069999999999999
2013,Russia,0.0170000000000001
2014,Russia,0.0409999999999999
2015,Russia,0.024
2016,Russia,-0.0170000000000001
2017,Russia,-0.1459999999999999
2018,Russia,-0.046
2019,Russia,-0.0769999999999999
2020,Russia,0.0009999999999998
2021,Russia,0.0
2022,Russia,-0.0529999999999999
2023,Russia,-0.0029999999999998
1951,Rwanda,0.0040000000000013
1952,Rwanda,0.0220000000000002
1953,Rwanda,0.0199999999999995
1954,Rwanda,0.0190000000000001
1955,Rwanda,-0.0030000000000001
1956,Rwanda,0.0169999999999994
1957,Rwanda,0.0250000000000003
1958,Rwanda,0.0139999999999993
1959,Rwanda,0.0180000000000006
1960,Rwanda,-0.0050000000000007
1961,Rwanda,-0.0039999999999995
1962,Rwanda,-0.0079999999999991
1963,Rwanda,-0.0020000000000006
1964,Rwanda,-0.0030000000000001
1965,Rwanda,-0.0169999999999994
1966,Rwanda,-0.0190000000000001
1967,Rwanda,-0.0190000000000001
1968,Rwanda,-0.0240000000000009
1969,Rwanda,-0.0109999999999992
1970,Rwanda,-0.0310000000000005
1971,Rwanda,-0.052999999999999
1972,Rwanda,-0.0030000000000001
1973,Rwanda,0.0030000000000001
1974,Rwanda,0.0099999999999997
1975,Rwanda,-0.0060000000000002
1976,Rwanda,0.0259999999999998
1977,Rwanda,0.016
1978,Rwanda,0.0190000000000001
1979,Rwanda,-0.0269999999999992
1980,Rwanda,-0.0150000000000005
1981,Rwanda,-0.0129999999999999
1982,Rwanda,-0.0380000000000002
1983,Rwanda,-0.0630000000000006
1984,Rwanda,-0.0879999999999991
1985,Rwanda,-0.1270000000000006
1986,Rwanda,-0.1739999999999995
1987,Rwanda,-0.1859999999999999
1988,Rwanda,-0.1920000000000001
1989,Rwanda,-0.205
1990,Rwanda,-0.2259999999999999
1991,Rwanda,-0.181
1992,Rwanda,-0.0830000000000001
1993,Rwanda,-0.0599999999999996
1994,Rwanda,-0.064
1995,Rwanda,-0.0700000000000002
1996,Rwanda,-0.056
1997,Rwanda,-0.0539999999999993
1998,Rwanda,-0.064
1999,Rwanda,-0.1120000000000001
2000,Rwanda,-0.0920000000000005
2001,Rwanda,-0.0739999999999998
2002,Rwanda,-0.0769999999999999
2003,Rwanda,-0.0789999999999997
2004,Rwanda,-0.0970000000000004
2005,Rwanda,-0.1399999999999996
2006,Rwanda,-0.165
2007,Rwanda,-0.1939999999999999
2008,Rwanda,-0.2190000000000003
2009,Rwanda,-0.2149999999999998
2010,Rwanda,-0.1849999999999996
2011,Rwanda,-0.1900000000000004
2012,Rwanda,-0.1310000000000002
2013,Rwanda,-0.0649999999999995
2014,Rwanda,-0.0190000000000001
2015,Rwanda,-0.0090000000000003
2016,Rwanda,-0.0019999999999997
2017,Rwanda,-0.0220000000000002
2018,Rwanda,-0.0369999999999999
2019,Rwanda,-0.0619999999999998
2020,Rwanda,-0.072
2021,Rwanda,-0.0719999999999996
2022,Rwanda,-0.0630000000000001
2023,Rwanda,-0.08
1951,Saint Barthelemy,-0.0300000000000002
1952,Saint Barthelemy,-0.0299999999999998
1953,Saint Barthelemy,-0.0390000000000001
1954,Saint Barthelemy,-0.0419999999999998
1955,Saint Barthelemy,-0.036
1956,Saint Barthelemy,-0.044
1957,Saint Barthelemy,-0.0459999999999998
1958,Saint Barthelemy,-0.0470000000000001
1959,Saint Barthelemy,-0.04
1960,Saint Barthelemy,-0.0649999999999999
1961,Saint Barthelemy,-0.0569999999999999
1962,Saint Barthelemy,-0.0700000000000002
1963,Saint Barthelemy,-0.0759999999999996
1964,Saint Barthelemy,-0.076
1965,Saint Barthelemy,-0.0790000000000001
1966,Saint Barthelemy,-0.0789999999999997
1967,Saint Barthelemy,-0.0770000000000004
1968,Saint Barthelemy,-0.0689999999999999
1969,Saint Barthelemy,-0.0649999999999999
1970,Saint Barthelemy,-0.0649999999999999
1971,Saint Barthelemy,-0.0659999999999998
1972,Saint Barthelemy,-0.064
1973,Saint Barthelemy,-0.064
1974,Saint Barthelemy,-0.08
1975,Saint Barthelemy,-0.1479999999999999
1976,Saint Barthelemy,-0.157
1977,Saint Barthelemy,-0.1049999999999999
1978,Saint Barthelemy,-0.0429999999999999
1979,Saint Barthelemy,0.012
1980,Saint Barthelemy,0.0629999999999999
1981,Saint Barthelemy,0.1029999999999999
1982,Saint Barthelemy,0.0899999999999998
1983,Saint Barthelemy,-0.0149999999999999
1984,Saint Barthelemy,-0.026
1985,Saint Barthelemy,-0.0249999999999999
1986,Saint Barthelemy,-0.028
1987,Saint Barthelemy,-0.0270000000000001
1988,Saint Barthelemy,-0.0369999999999999
1989,Saint Barthelemy,-0.036
1990,Saint Barthelemy,-0.0249999999999999
1991,Saint Barthelemy,-0.016
1992,Saint Barthelemy,-0.0110000000000001
1993,Saint Barthelemy,-0.0099999999999997
1994,Saint Barthelemy,-0.002
1995,Saint Barthelemy,-0.002
1996,Saint Barthelemy,-0.0010000000000001
1997,Saint Barthelemy,0.004
1998,Saint Barthelemy,0.02
1999,Saint Barthelemy,0.0429999999999999
2000,Saint Barthelemy,0.0550000000000001
2001,Saint Barthelemy,0.0329999999999999
2002,Saint Barthelemy,0.014
2003,Saint Barthelemy,-0.014
2004,Saint Barthelemy,-0.01
2005,Saint Barthelemy,-0.024
2006,Saint Barthelemy,-0.04
2007,Saint Barthelemy,-0.05
2008,Saint Barthelemy,-0.0599999999999998
2009,Saint Barthelemy,-0.052
2010,Saint Barthelemy,-0.036
2011,Saint Barthelemy,-0.0089999999999998
2012,Saint Barthelemy,0.002
2013,Saint Barthelemy,-0.155
2014,Saint Barthelemy,-0.162
2015,Saint Barthelemy,0.124
2016,Saint Barthelemy,-0.086
2017,Saint Barthelemy,-0.1569999999999999
2018,Saint Barthelemy,-0.103
2019,Saint Barthelemy,0.028
2020,Saint Barthelemy,0.024
2021,Saint Barthelemy,0.019
2022,Saint Barthelemy,0.012
2023,Saint Barthelemy,0.012
1951,Saint Helena,-0.0390000000000005
1952,Saint Helena,-0.0449999999999999
1953,Saint Helena,-0.0469999999999997
1954,Saint Helena,-0.0419999999999998
1955,Saint Helena,0.0189999999999992
1956,Saint Helena,-0.0309999999999996
1957,Saint Helena,-0.0209999999999999
1958,Saint Helena,-0.0309999999999996
1959,Saint Helena,-0.0369999999999999
1960,Saint Helena,-0.0620000000000002
1961,Saint Helena,-0.0689999999999999
1962,Saint Helena,-0.0750000000000001
1963,Saint Helena,-0.0819999999999998
1964,Saint Helena,-0.0650000000000003
1965,Saint Helena,-0.0299999999999993
1966,Saint Helena,-0.0210000000000007
1967,Saint Helena,-0.0279999999999995
1968,Saint Helena,-0.0519999999999996
1969,Saint Helena,-0.1180000000000003
1970,Saint Helena,-0.3330000000000002
1971,Saint Helena,-0.4109999999999996
1972,Saint Helena,-0.3050000000000001
1973,Saint Helena,-0.2019999999999999
1974,Saint Helena,-0.1140000000000003
1975,Saint Helena,-0.1189999999999997
1976,Saint Helena,-0.1710000000000002
1977,Saint Helena,-0.1359999999999996
1978,Saint Helena,-0.096
1979,Saint Helena,-0.052
1980,Saint Helena,-0.0150000000000001
1981,Saint Helena,0.0230000000000001
1982,Saint Helena,-0.0390000000000001
1983,Saint Helena,-0.1049999999999999
1984,Saint Helena,-0.1280000000000001
1985,Saint Helena,-0.121
1986,Saint Helena,-0.0699999999999998
1987,Saint Helena,-0.064
1988,Saint Helena,-0.0369999999999999
1989,Saint Helena,-0.0409999999999999
1990,Saint Helena,-0.0649999999999999
1991,Saint Helena,-0.0620000000000002
1992,Saint Helena,-0.0589999999999997
1993,Saint Helena,-0.0690000000000001
1994,Saint Helena,-0.0729999999999999
1995,Saint Helena,-0.052
1996,Saint Helena,-0.058
1997,Saint Helena,-0.0229999999999999
1998,Saint Helena,-0.024
1999,Saint Helena,-0.0189999999999999
2000,Saint Helena,-0.0250000000000001
2001,Saint Helena,-0.0329999999999999
2002,Saint Helena,-0.026
2003,Saint Helena,-0.018
2004,Saint Helena,-0.0129999999999999
2005,Saint Helena,0.0029999999999998
2006,Saint Helena,0.006
2007,Saint Helena,0.008
2008,Saint Helena,0.0090000000000001
2009,Saint Helena,0.0119999999999997
2010,Saint Helena,0.024
2011,Saint Helena,0.0190000000000001
2012,Saint Helena,0.0149999999999999
2013,Saint Helena,0.006
2014,Saint Helena,0.0070000000000001
2015,Saint Helena,0.0
2016,Saint Helena,-0.002
2017,Saint Helena,-0.0030000000000001
2018,Saint Helena,-0.0129999999999999
2019,Saint Helena,-0.0130000000000001
2020,Saint Helena,-0.012
2021,Saint Helena,-0.0109999999999998
2022,Saint Helena,-0.008
2023,Saint Helena,-0.0010000000000001
1951,Saint Kitts and Nevis,0.0840000000000005
1952,Saint Kitts and Nevis,0.1100000000000003
1953,Saint Kitts and Nevis,0.1219999999999998
1954,Saint Kitts and Nevis,0.1379999999999999
1955,Saint Kitts and Nevis,0.1319999999999996
1956,Saint Kitts and Nevis,0.125
1957,Saint Kitts and Nevis,0.1690000000000004
1958,Saint Kitts and Nevis,0.0009999999999994
1959,Saint Kitts and Nevis,-0.3109999999999999
1960,Saint Kitts and Nevis,-0.4079999999999995
1961,Saint Kitts and Nevis,-0.2690000000000001
1962,Saint Kitts and Nevis,-0.2110000000000003
1963,Saint Kitts and Nevis,0.0600000000000005
1964,Saint Kitts and Nevis,-0.0370000000000008
1965,Saint Kitts and Nevis,-0.0759999999999996
1966,Saint Kitts and Nevis,-0.2249999999999996
1967,Saint Kitts and Nevis,-0.3230000000000004
1968,Saint Kitts and Nevis,-0.2949999999999999
1969,Saint Kitts and Nevis,-0.1980000000000004
1970,Saint Kitts and Nevis,-0.2389999999999998
1971,Saint Kitts and Nevis,-0.2219999999999995
1972,Saint Kitts and Nevis,-0.3450000000000006
1973,Saint Kitts and Nevis,-0.1949999999999994
1974,Saint Kitts and Nevis,-0.1600000000000001
1975,Saint Kitts and Nevis,-0.1310000000000002
1976,Saint Kitts and Nevis,-0.0859999999999998
1977,Saint Kitts and Nevis,-0.1109999999999997
1978,Saint Kitts and Nevis,-0.1920000000000001
1979,Saint Kitts and Nevis,-0.056
1980,Saint Kitts and Nevis,0.0310000000000001
1981,Saint Kitts and Nevis,0.0349999999999997
1982,Saint Kitts and Nevis,-0.121
1983,Saint Kitts and Nevis,-0.0769999999999999
1984,Saint Kitts and Nevis,-0.2139999999999999
1985,Saint Kitts and Nevis,-0.064
1986,Saint Kitts and Nevis,-0.137
1987,Saint Kitts and Nevis,-0.0609999999999999
1988,Saint Kitts and Nevis,0.0
1989,Saint Kitts and Nevis,0.0670000000000001
1990,Saint Kitts and Nevis,0.036
1991,Saint Kitts and Nevis,-0.1280000000000001
1992,Saint Kitts and Nevis,-0.1640000000000001
1993,Saint Kitts and Nevis,-0.0579999999999998
1994,Saint Kitts and Nevis,-0.0649999999999999
1995,Saint Kitts and Nevis,-0.0060000000000002
1996,Saint Kitts and Nevis,-0.044
1997,Saint Kitts and Nevis,0.04
1998,Saint Kitts and Nevis,0.0100000000000002
1999,Saint Kitts and Nevis,-0.0540000000000002
2000,Saint Kitts and Nevis,-0.1299999999999999
2001,Saint Kitts and Nevis,-0.044
2002,Saint Kitts and Nevis,-0.044
2003,Saint Kitts and Nevis,-0.0339999999999998
2004,Saint Kitts and Nevis,-0.04
2005,Saint Kitts and Nevis,-0.0329999999999999
2006,Saint Kitts and Nevis,-0.0290000000000001
2007,Saint Kitts and Nevis,-0.0309999999999999
2008,Saint Kitts and Nevis,-0.038
2009,Saint Kitts and Nevis,-0.0329999999999999
2010,Saint Kitts and Nevis,-0.038
2011,Saint Kitts and Nevis,-0.022
2012,Saint Kitts and Nevis,-0.0269999999999999
2013,Saint Kitts and Nevis,-0.0310000000000001
2014,Saint Kitts and Nevis,-0.0169999999999999
2015,Saint Kitts and Nevis,-0.022
2016,Saint Kitts and Nevis,-0.01
2017,Saint Kitts and Nevis,-0.0229999999999999
2018,Saint Kitts and Nevis,-0.0230000000000001
2019,Saint Kitts and Nevis,-0.0189999999999999
2020,Saint Kitts and Nevis,-0.018
2021,Saint Kitts and Nevis,-0.0190000000000001
2022,Saint Kitts and Nevis,-0.0189999999999999
2023,Saint Kitts and Nevis,-0.0070000000000001
1951,Saint Lucia,0.0190000000000001
1952,Saint Lucia,0.0209999999999999
1953,Saint Lucia,-0.3689999999999998
1954,Saint Lucia,0.1539999999999999
1955,Saint Lucia,0.2009999999999996
1956,Saint Lucia,0.1520000000000001
1957,Saint Lucia,0.1029999999999997
1958,Saint Lucia,0.0580000000000007
1959,Saint Lucia,0.0199999999999995
1960,Saint Lucia,-0.0119999999999995
1961,Saint Lucia,0.0679999999999996
1962,Saint Lucia,-0.0170000000000003
1963,Saint Lucia,-0.0969999999999995
1964,Saint Lucia,0.0369999999999999
1965,Saint Lucia,-0.0700000000000002
1966,Saint Lucia,-0.0809999999999995
1967,Saint Lucia,-0.0990000000000002
1968,Saint Lucia,-0.1210000000000004
1969,Saint Lucia,-0.1379999999999999
1970,Saint Lucia,-0.1479999999999997
1971,Saint Lucia,-0.1479999999999997
1972,Saint Lucia,-0.1400000000000005
1973,Saint Lucia,-0.1269999999999997
1974,Saint Lucia,-0.1150000000000002
1975,Saint Lucia,-0.213
1976,Saint Lucia,-0.197
1977,Saint Lucia,-0.1949999999999994
1978,Saint Lucia,-0.141
1979,Saint Lucia,-0.242
1980,Saint Lucia,-0.1710000000000002
1981,Saint Lucia,-0.1360000000000001
1982,Saint Lucia,-0.1070000000000002
1983,Saint Lucia,-0.0869999999999997
1984,Saint Lucia,-0.064
1985,Saint Lucia,-0.0479999999999996
1986,Saint Lucia,-0.169
1987,Saint Lucia,-0.1880000000000001
1988,Saint Lucia,-0.1779999999999999
1989,Saint Lucia,-0.121
1990,Saint Lucia,-0.076
1991,Saint Lucia,-0.048
1992,Saint Lucia,-0.08
1993,Saint Lucia,-0.1109999999999997
1994,Saint Lucia,0.0289999999999999
1995,Saint Lucia,-0.0020000000000002
1996,Saint Lucia,-0.3139999999999996
1997,Saint Lucia,0.0309999999999996
1998,Saint Lucia,-0.3399999999999998
1999,Saint Lucia,0.0979999999999998
2000,Saint Lucia,-0.294
2001,Saint Lucia,-0.0819999999999998
2002,Saint Lucia,-0.0929999999999999
2003,Saint Lucia,-0.0929999999999999
2004,Saint Lucia,-0.076
2005,Saint Lucia,-0.056
2006,Saint Lucia,-0.042
2007,Saint Lucia,-0.0649999999999999
2008,Saint Lucia,0.0
2009,Saint Lucia,0.0350000000000001
2010,Saint Lucia,-0.062
2011,Saint Lucia,-0.173
2012,Saint Lucia,0.0
2013,Saint Lucia,0.0
2014,Saint Lucia,-0.0149999999999999
2015,Saint Lucia,-0.012
2016,Saint Lucia,-0.012
2017,Saint Lucia,-0.0130000000000001
2018,Saint Lucia,-0.012
2019,Saint Lucia,-0.012
2020,Saint Lucia,-0.0129999999999999
2021,Saint Lucia,-0.012
2022,Saint Lucia,-0.012
2023,Saint Lucia,-0.008
1951,Saint Martin (French part),-0.0070000000000005
1952,Saint Martin (French part),-0.0129999999999999
1953,Saint Martin (French part),-0.0110000000000001
1954,Saint Martin (French part),-0.0060000000000002
1955,Saint Martin (French part),-0.0149999999999996
1956,Saint Martin (French part),-0.0110000000000001
1957,Saint Martin (French part),-0.0089999999999994
1958,Saint Martin (French part),-0.0050000000000007
1959,Saint Martin (French part),-0.0019999999999997
1960,Saint Martin (French part),-0.0199999999999995
1961,Saint Martin (French part),0.0059999999999993
1962,Saint Martin (French part),-0.0219999999999993
1963,Saint Martin (French part),-0.0129999999999999
1964,Saint Martin (French part),-0.0060000000000002
1965,Saint Martin (French part),-0.0090000000000003
1966,Saint Martin (French part),-0.0219999999999993
1967,Saint Martin (French part),-0.0210000000000007
1968,Saint Martin (French part),-0.04
1969,Saint Martin (French part),-0.0759999999999996
1970,Saint Martin (French part),-0.0969999999999995
1971,Saint Martin (French part),-0.1190000000000006
1972,Saint Martin (French part),-0.1309999999999993
1973,Saint Martin (French part),-0.2010000000000005
1974,Saint Martin (French part),-0.25
1975,Saint Martin (French part),-0.2880000000000002
1976,Saint Martin (French part),-0.2609999999999992
1977,Saint Martin (French part),-0.2630000000000008
1978,Saint Martin (French part),-0.2569999999999997
1979,Saint Martin (French part),-0.2080000000000001
1980,Saint Martin (French part),-0.2269999999999998
1981,Saint Martin (French part),-0.2439999999999997
1982,Saint Martin (French part),-0.278
1983,Saint Martin (French part),-0.213
1984,Saint Martin (French part),-0.1160000000000001
1985,Saint Martin (French part),-0.0809999999999999
1986,Saint Martin (French part),-0.0569999999999999
1987,Saint Martin (French part),-0.04
1988,Saint Martin (French part),-0.0310000000000001
1989,Saint Martin (French part),-0.036
1990,Saint Martin (French part),-0.0429999999999997
1991,Saint Martin (French part),-0.0369999999999999
1992,Saint Martin (French part),-0.028
1993,Saint Martin (French part),-0.0150000000000001
1994,Saint Martin (French part),0.004
1995,Saint Martin (French part),0.0190000000000001
1996,Saint Martin (French part),0.0219999999999997
1997,Saint Martin (French part),0.036
1998,Saint Martin (French part),0.0489999999999999
1999,Saint Martin (French part),0.044
2000,Saint Martin (French part),0.0369999999999999
2001,Saint Martin (French part),0.0209999999999999
2002,Saint Martin (French part),-0.0009999999999998
2003,Saint Martin (French part),-0.024
2004,Saint Martin (French part),-0.0449999999999999
2005,Saint Martin (French part),-0.048
2006,Saint Martin (French part),-0.068
2007,Saint Martin (French part),-0.0779999999999998
2008,Saint Martin (French part),-0.0830000000000001
2009,Saint Martin (French part),-0.0859999999999998
2010,Saint Martin (French part),-0.064
2011,Saint Martin (French part),0.024
2012,Saint Martin (French part),0.3490000000000002
2013,Saint Martin (French part),-0.0540000000000002
2014,Saint Martin (French part),-0.012
2015,Saint Martin (French part),-0.0419999999999998
2016,Saint Martin (French part),-0.0220000000000002
2017,Saint Martin (French part),0.0140000000000002
2018,Saint Martin (French part),0.068
2019,Saint Martin (French part),0.0659999999999998
2020,Saint Martin (French part),0.0380000000000002
2021,Saint Martin (French part),-0.0250000000000003
2022,Saint Martin (French part),-0.0409999999999999
2023,Saint Martin (French part),-0.0449999999999999
1951,Saint Pierre and Miquelon,-0.0170000000000003
1952,Saint Pierre and Miquelon,-0.0899999999999998
1953,Saint Pierre and Miquelon,0.3719999999999999
1954,Saint Pierre and Miquelon,0.3760000000000003
1955,Saint Pierre and Miquelon,0.3959999999999999
1956,Saint Pierre and Miquelon,0.5249999999999995
1957,Saint Pierre and Miquelon,0.5690000000000008
1958,Saint Pierre and Miquelon,-0.2100000000000008
1959,Saint Pierre and Miquelon,-1.955
1960,Saint Pierre and Miquelon,0.7790000000000004
1961,Saint Pierre and Miquelon,-0.0630000000000006
1962,Saint Pierre and Miquelon,-0.2850000000000001
1963,Saint Pierre and Miquelon,-0.7179999999999995
1964,Saint Pierre and Miquelon,0.0729999999999999
1965,Saint Pierre and Miquelon,1.1020000000000003
1966,Saint Pierre and Miquelon,-0.205
1967,Saint Pierre and Miquelon,-1.0740000000000005
1968,Saint Pierre and Miquelon,-0.2119999999999997
1969,Saint Pierre and Miquelon,-0.012
1970,Saint Pierre and Miquelon,0.0509999999999997
1971,Saint Pierre and Miquelon,-0.0409999999999999
1972,Saint Pierre and Miquelon,-0.1029999999999997
1973,Saint Pierre and Miquelon,-0.1630000000000002
1974,Saint Pierre and Miquelon,-0.201
1975,Saint Pierre and Miquelon,-0.2969999999999997
1976,Saint Pierre and Miquelon,-0.2810000000000001
1977,Saint Pierre and Miquelon,-0.0990000000000002
1978,Saint Pierre and Miquelon,0.0500000000000002
1979,Saint Pierre and Miquelon,0.0569999999999999
1980,Saint Pierre and Miquelon,0.0609999999999999
1981,Saint Pierre and Miquelon,0.052
1982,Saint Pierre and Miquelon,0.0409999999999999
1983,Saint Pierre and Miquelon,0.0310000000000001
1984,Saint Pierre and Miquelon,0.0149999999999996
1985,Saint Pierre and Miquelon,0.0010000000000003
1986,Saint Pierre and Miquelon,-0.024
1987,Saint Pierre and Miquelon,-0.0449999999999999
1988,Saint Pierre and Miquelon,-0.0230000000000001
1989,Saint Pierre and Miquelon,-0.0340000000000002
1990,Saint Pierre and Miquelon,-0.0299999999999998
1991,Saint Pierre and Miquelon,-0.0219999999999997
1992,Saint Pierre and Miquelon,-0.024
1993,Saint Pierre and Miquelon,-0.028
1994,Saint Pierre and Miquelon,-0.0329999999999999
1995,Saint Pierre and Miquelon,-0.0310000000000001
1996,Saint Pierre and Miquelon,-0.0310000000000001
1997,Saint Pierre and Miquelon,-0.0249999999999999
1998,Saint Pierre and Miquelon,-0.0230000000000001
1999,Saint Pierre and Miquelon,-0.0129999999999999
2000,Saint Pierre and Miquelon,-0.014
2001,Saint Pierre and Miquelon,-0.016
2002,Saint Pierre and Miquelon,-0.0089999999999998
2003,Saint Pierre and Miquelon,-0.0050000000000001
2004,Saint Pierre and Miquelon,-0.0029999999999998
2005,Saint Pierre and Miquelon,-0.004
2006,Saint Pierre and Miquelon,0.006
2007,Saint Pierre and Miquelon,0.0109999999999998
2008,Saint Pierre and Miquelon,0.0090000000000001
2009,Saint Pierre and Miquelon,0.0069999999999998
2010,Saint Pierre and Miquelon,-0.022
2011,Saint Pierre and Miquelon,-0.1219999999999998
2012,Saint Pierre and Miquelon,-0.159
2013,Saint Pierre and Miquelon,-0.0529999999999999
2014,Saint Pierre and Miquelon,-0.0790000000000001
2015,Saint Pierre and Miquelon,-0.024
2016,Saint Pierre and Miquelon,-0.014
2017,Saint Pierre and Miquelon,-0.0149999999999999
2018,Saint Pierre and Miquelon,-0.034
2019,Saint Pierre and Miquelon,-0.0979999999999998
2020,Saint Pierre and Miquelon,-0.0390000000000001
2021,Saint Pierre and Miquelon,-0.024
2022,Saint Pierre and Miquelon,-0.02
2023,Saint Pierre and Miquelon,-0.008
1951,Saint Vincent and the Grenadines,0.0099999999999997
1952,Saint Vincent and the Grenadines,0.0149999999999996
1953,Saint Vincent and the Grenadines,0.0110000000000001
1954,Saint Vincent and the Grenadines,0.016
1955,Saint Vincent and the Grenadines,0.0220000000000002
1956,Saint Vincent and the Grenadines,-0.0190000000000001
1957,Saint Vincent and the Grenadines,-0.0169999999999994
1958,Saint Vincent and the Grenadines,-0.0190000000000001
1959,Saint Vincent and the Grenadines,-0.0200000000000004
1960,Saint Vincent and the Grenadines,-0.0369999999999999
1961,Saint Vincent and the Grenadines,-0.0899999999999998
1962,Saint Vincent and the Grenadines,-0.1239999999999996
1963,Saint Vincent and the Grenadines,-0.1120000000000001
1964,Saint Vincent and the Grenadines,-0.0929999999999999
1965,Saint Vincent and the Grenadines,-0.0929999999999999
1966,Saint Vincent and the Grenadines,-0.096
1967,Saint Vincent and the Grenadines,-0.1059999999999998
1968,Saint Vincent and the Grenadines,-0.1169999999999999
1969,Saint Vincent and the Grenadines,-0.141
1970,Saint Vincent and the Grenadines,-0.1590000000000007
1971,Saint Vincent and the Grenadines,-0.1699999999999999
1972,Saint Vincent and the Grenadines,-0.1719999999999997
1973,Saint Vincent and the Grenadines,-0.1870000000000002
1974,Saint Vincent and the Grenadines,-0.2080000000000001
1975,Saint Vincent and the Grenadines,-0.2139999999999995
1976,Saint Vincent and the Grenadines,-0.2160000000000002
1977,Saint Vincent and the Grenadines,-0.2009999999999996
1978,Saint Vincent and the Grenadines,-0.1939999999999999
1979,Saint Vincent and the Grenadines,-0.2629999999999999
1980,Saint Vincent and the Grenadines,-0.3680000000000003
1981,Saint Vincent and the Grenadines,-0.0779999999999998
1982,Saint Vincent and the Grenadines,-0.1020000000000003
1983,Saint Vincent and the Grenadines,-0.1819999999999999
1984,Saint Vincent and the Grenadines,-0.278
1985,Saint Vincent and the Grenadines,-0.2019999999999999
1986,Saint Vincent and the Grenadines,-0.157
1987,Saint Vincent and the Grenadines,-0.1049999999999999
1988,Saint Vincent and the Grenadines,-0.0659999999999998
1989,Saint Vincent and the Grenadines,-0.0230000000000001
1990,Saint Vincent and the Grenadines,0.0009999999999998
1991,Saint Vincent and the Grenadines,0.016
1992,Saint Vincent and the Grenadines,0.012
1993,Saint Vincent and the Grenadines,-0.0219999999999997
1994,Saint Vincent and the Grenadines,-0.0590000000000001
1995,Saint Vincent and the Grenadines,-0.0689999999999999
1996,Saint Vincent and the Grenadines,-0.0830000000000001
1997,Saint Vincent and the Grenadines,-0.0929999999999999
1998,Saint Vincent and the Grenadines,-0.0879999999999996
1999,Saint Vincent and the Grenadines,-0.0380000000000002
2000,Saint Vincent and the Grenadines,-0.0009999999999998
2001,Saint Vincent and the Grenadines,-0.0060000000000002
2002,Saint Vincent and the Grenadines,-0.0819999999999998
2003,Saint Vincent and the Grenadines,-0.076
2004,Saint Vincent and the Grenadines,-0.0549999999999997
2005,Saint Vincent and the Grenadines,-0.0190000000000001
2006,Saint Vincent and the Grenadines,-0.0350000000000001
2007,Saint Vincent and the Grenadines,0.0300000000000002
2008,Saint Vincent and the Grenadines,0.0869999999999997
2009,Saint Vincent and the Grenadines,0.024
2010,Saint Vincent and the Grenadines,-0.0299999999999998
2011,Saint Vincent and the Grenadines,-0.068
2012,Saint Vincent and the Grenadines,0.0369999999999999
2013,Saint Vincent and the Grenadines,-0.0070000000000001
2014,Saint Vincent and the Grenadines,0.0350000000000001
2015,Saint Vincent and the Grenadines,-0.008
2016,Saint Vincent and the Grenadines,-0.0779999999999998
2017,Saint Vincent and the Grenadines,-0.1150000000000002
2018,Saint Vincent and the Grenadines,-0.04
2019,Saint Vincent and the Grenadines,-0.0359999999999998
2020,Saint Vincent and the Grenadines,-0.034
2021,Saint Vincent and the Grenadines,-0.022
2022,Saint Vincent and the Grenadines,-0.0170000000000001
2023,Saint Vincent and the Grenadines,-0.016
1951,Samoa,0.0460000000000002
1952,Samoa,0.0329999999999994
1953,Samoa,0.0260000000000006
1954,Samoa,0.0289999999999999
1955,Samoa,0.024
1956,Samoa,0.0229999999999996
1957,Samoa,0.0220000000000002
1958,Samoa,0.0149999999999996
1959,Samoa,0.016
1960,Samoa,-0.008
1961,Samoa,-0.008
1962,Samoa,-0.0119999999999995
1963,Samoa,-0.0300000000000002
1964,Samoa,-0.0259999999999998
1965,Samoa,-0.0500000000000007
1966,Samoa,-0.0569999999999994
1967,Samoa,-0.0449999999999999
1968,Samoa,-0.0520000000000004
1969,Samoa,-0.0669999999999992
1970,Samoa,-0.0940000000000003
1971,Samoa,-0.1139999999999998
1972,Samoa,-0.1539999999999999
1973,Samoa,-0.1619999999999999
1974,Samoa,-0.1610000000000004
1975,Samoa,-0.141
1976,Samoa,-0.133
1977,Samoa,-0.1600000000000001
1978,Samoa,-0.1669999999999998
1979,Samoa,-0.1550000000000002
1980,Samoa,-0.1299999999999999
1981,Samoa,-0.1120000000000001
1982,Samoa,-0.072
1983,Samoa,-0.0599999999999996
1984,Samoa,-0.064
1985,Samoa,-0.064
1986,Samoa,-0.0679999999999996
1987,Samoa,-0.1050000000000004
1988,Samoa,-0.1089999999999999
1989,Samoa,-0.0999999999999996
1990,Samoa,-0.1000000000000005
1991,Samoa,-0.0949999999999997
1992,Samoa,-0.0469999999999997
1993,Samoa,-0.0390000000000005
1994,Samoa,-0.0339999999999998
1995,Samoa,-0.0249999999999994
1996,Samoa,-0.0280000000000004
1997,Samoa,-0.0439999999999995
1998,Samoa,-0.0500000000000007
1999,Samoa,-0.0729999999999995
2000,Samoa,-0.0490000000000003
2001,Samoa,-0.0459999999999993
2002,Samoa,-0.0330000000000003
2003,Samoa,-0.0519999999999996
2004,Samoa,-0.0490000000000003
2005,Samoa,-0.0209999999999999
2006,Samoa,0.0
2007,Samoa,0.0359999999999995
2008,Samoa,0.0590000000000001
2009,Samoa,0.0490000000000003
2010,Samoa,0.0539999999999993
2011,Samoa,0.04
2012,Samoa,-0.0149999999999996
2013,Samoa,-0.0540000000000002
2014,Samoa,-0.0679999999999996
2015,Samoa,-0.0789999999999997
2016,Samoa,-0.0820000000000007
2017,Samoa,-0.0659999999999998
2018,Samoa,-0.0599999999999996
2019,Samoa,-0.0750000000000001
2020,Samoa,-0.0590000000000001
2021,Samoa,-0.0619999999999998
2022,Samoa,-0.0569999999999999
2023,Samoa,-0.0539999999999998
1951,San Marino,-0.1060000000000003
1952,San Marino,-0.0689999999999999
1953,San Marino,-0.0569999999999999
1954,San Marino,-0.048
1955,San Marino,-0.0339999999999998
1956,San Marino,-0.0350000000000001
1957,San Marino,-0.036
1958,San Marino,-0.0339999999999998
1959,San Marino,-0.0170000000000003
1960,San Marino,0.0430000000000001
1961,San Marino,0.2560000000000002
1962,San Marino,-0.25
1963,San Marino,-0.0330000000000003
1964,San Marino,-0.0329999999999999
1965,San Marino,-0.0339999999999998
1966,San Marino,-0.008
1967,San Marino,-0.0209999999999999
1968,San Marino,-0.0060000000000002
1969,San Marino,0.0129999999999999
1970,San Marino,0.004
1971,San Marino,0.0100000000000002
1972,San Marino,-0.04
1973,San Marino,-0.0590000000000001
1974,San Marino,-0.0929999999999999
1975,San Marino,-0.0809999999999999
1976,San Marino,-0.1059999999999998
1977,San Marino,-0.0789999999999999
1978,San Marino,-0.0970000000000002
1979,San Marino,-0.137
1980,San Marino,-0.1089999999999999
1981,San Marino,-0.1129999999999999
1982,San Marino,-0.1079999999999998
1983,San Marino,-0.056
1984,San Marino,-0.05
1985,San Marino,-0.028
1986,San Marino,-0.0229999999999999
1987,San Marino,-0.012
1988,San Marino,0.0049999999999998
1989,San Marino,0.0050000000000001
1990,San Marino,0.0169999999999999
1991,San Marino,0.0050000000000001
1992,San Marino,-0.0170000000000001
1993,San Marino,-0.0269999999999999
1994,San Marino,0.0149999999999999
1995,San Marino,0.028
1996,San Marino,0.046
1997,San Marino,0.0310000000000001
1998,San Marino,0.0199999999999997
1999,San Marino,0.0250000000000001
2000,San Marino,0.1159999999999998
2001,San Marino,0.1149999999999999
2002,San Marino,-0.0869999999999999
2003,San Marino,-0.1359999999999999
2004,San Marino,0.002
2005,San Marino,-0.1
2006,San Marino,0.044
2007,San Marino,0.0149999999999999
2008,San Marino,0.264
2009,San Marino,-0.1629999999999998
2010,San Marino,0.1009999999999999
2011,San Marino,-0.0030000000000001
2012,San Marino,-0.167
2013,San Marino,0.1940000000000001
2014,San Marino,-0.2240000000000002
2015,San Marino,-0.0629999999999999
2016,San Marino,-0.0689999999999999
2017,San Marino,-0.0729999999999999
2018,San Marino,0.0229999999999999
2019,San Marino,0.0190000000000001
2020,San Marino,0.0169999999999999
2021,San Marino,0.012
2022,San Marino,0.0109999999999998
2023,San Marino,0.0130000000000001
1951,Sao Tome and Principe,-0.0090000000000003
1952,Sao Tome and Principe,-0.016
1953,Sao Tome and Principe,-0.0110000000000001
1954,Sao Tome and Principe,-0.0060000000000002
1955,Sao Tome and Principe,-0.0009999999999994
1956,Sao Tome and Principe,0.0030000000000001
1957,Sao Tome and Principe,0.008
1958,Sao Tome and Principe,0.0129999999999999
1959,Sao Tome and Principe,0.0149999999999996
1960,Sao Tome and Principe,0.0190000000000001
1961,Sao Tome and Principe,0.0209999999999999
1962,Sao Tome and Principe,0.0209999999999999
1963,Sao Tome and Principe,0.0220000000000002
1964,Sao Tome and Principe,0.0209999999999999
1965,Sao Tome and Principe,0.0220000000000002
1966,Sao Tome and Principe,0.0220000000000002
1967,Sao Tome and Principe,0.0229999999999996
1968,Sao Tome and Principe,0.0249999999999994
1969,Sao Tome and Principe,0.0250000000000003
1970,Sao Tome and Principe,0.024
1971,Sao Tome and Principe,0.0220000000000002
1972,Sao Tome and Principe,0.0199999999999995
1973,Sao Tome and Principe,0.0150000000000005
1974,Sao Tome and Principe,0.0089999999999994
1975,Sao Tome and Principe,0.0
1976,Sao Tome and Principe,-0.0099999999999997
1977,Sao Tome and Principe,-0.0200000000000004
1978,Sao Tome and Principe,-0.0309999999999996
1979,Sao Tome and Principe,-0.0389999999999997
1980,Sao Tome and Principe,-0.048
1981,Sao Tome and Principe,-0.0529999999999999
1982,Sao Tome and Principe,-0.0570000000000003
1983,Sao Tome and Principe,-0.0590000000000001
1984,Sao Tome and Principe,-0.0589999999999992
1985,Sao Tome and Principe,-0.0570000000000003
1986,Sao Tome and Principe,-0.0549999999999997
1987,Sao Tome and Principe,-0.0540000000000002
1988,Sao Tome and Principe,-0.0540000000000002
1989,Sao Tome and Principe,-0.0539999999999993
1990,Sao Tome and Principe,-0.056
1991,Sao Tome and Principe,-0.0590000000000001
1992,Sao Tome and Principe,-0.0650000000000003
1993,Sao Tome and Principe,-0.0689999999999999
1994,Sao Tome and Principe,-0.0729999999999995
1995,Sao Tome and Principe,-0.008
1996,Sao Tome and Principe,-0.08
1997,Sao Tome and Principe,-0.0780000000000002
1998,Sao Tome and Principe,-0.0919999999999996
1999,Sao Tome and Principe,-0.0760000000000005
2000,Sao Tome and Principe,-0.0709999999999997
2001,Sao Tome and Principe,-0.0599999999999996
2002,Sao Tome and Principe,-0.0350000000000001
2003,Sao Tome and Principe,-0.0490000000000003
2004,Sao Tome and Principe,-0.0510000000000001
2005,Sao Tome and Principe,-0.0229999999999996
2006,Sao Tome and Principe,-0.0060000000000002
2007,Sao Tome and Principe,0.024
2008,Sao Tome and Principe,-0.0510000000000001
2009,Sao Tome and Principe,-0.0679999999999996
2010,Sao Tome and Principe,-0.0689999999999999
2011,Sao Tome and Principe,-0.0510000000000001
2012,Sao Tome and Principe,-0.0540000000000002
2013,Sao Tome and Principe,-0.08
2014,Sao Tome and Principe,-0.0989999999999993
2015,Sao Tome and Principe,-0.1310000000000002
2016,Sao Tome and Principe,-0.1509999999999998
2017,Sao Tome and Principe,-0.1340000000000003
2018,Sao Tome and Principe,-0.092
2019,Sao Tome and Principe,-0.0769999999999999
2020,Sao Tome and Principe,-0.0729999999999999
2021,Sao Tome and Principe,-0.068
2022,Sao Tome and Principe,-0.064
2023,Sao Tome and Principe,-0.0509999999999997
1951,Saudi Arabia,-0.0019999999999997
1952,Saudi Arabia,0.0009999999999994
1953,Saudi Arabia,0.0120000000000004
1954,Saudi Arabia,-0.0010000000000003
1955,Saudi Arabia,0.0049999999999998
1956,Saudi Arabia,-0.0049999999999998
1957,Saudi Arabia,0.008
1958,Saudi Arabia,0.008
1959,Saudi Arabia,0.0129999999999999
1960,Saudi Arabia,0.0100000000000006
1961,Saudi Arabia,0.008
1962,Saudi Arabia,0.0019999999999997
1963,Saudi Arabia,0.0179999999999997
1964,Saudi Arabia,0.0179999999999997
1965,Saudi Arabia,-0.0139999999999993
1966,Saudi Arabia,-0.0030000000000001
1967,Saudi Arabia,0.0030000000000001
1968,Saudi Arabia,-0.0310000000000005
1969,Saudi Arabia,-0.0299999999999993
1970,Saudi Arabia,-0.0140000000000002
1971,Saudi Arabia,-0.0270000000000001
1972,Saudi Arabia,-0.0170000000000003
1973,Saudi Arabia,-0.0549999999999997
1974,Saudi Arabia,-0.0579999999999998
1975,Saudi Arabia,-0.056
1976,Saudi Arabia,-0.04
1977,Saudi Arabia,-0.0350000000000001
1978,Saudi Arabia,-0.032
1979,Saudi Arabia,-0.0359999999999995
1980,Saudi Arabia,-0.0820000000000007
1981,Saudi Arabia,-0.0779999999999994
1982,Saudi Arabia,-0.088
1983,Saudi Arabia,-0.104
1984,Saudi Arabia,-0.0990000000000002
1985,Saudi Arabia,-0.1269999999999997
1986,Saudi Arabia,-0.1319999999999996
1987,Saudi Arabia,-0.1740000000000003
1988,Saudi Arabia,-0.1929999999999996
1989,Saudi Arabia,-0.1750000000000007
1990,Saudi Arabia,-0.1709999999999993
1991,Saudi Arabia,-0.1600000000000001
1992,Saudi Arabia,-0.1550000000000002
1993,Saudi Arabia,-0.1630000000000002
1994,Saudi Arabia,-0.165
1995,Saudi Arabia,-0.1749999999999998
1996,Saudi Arabia,-0.1739999999999995
1997,Saudi Arabia,-0.1560000000000005
1998,Saudi Arabia,-0.1319999999999996
1999,Saudi Arabia,-0.1699999999999999
2000,Saudi Arabia,-0.1479999999999997
2001,Saudi Arabia,-0.2420000000000004
2002,Saudi Arabia,-0.2549999999999999
2003,Saudi Arabia,-0.2440000000000002
2004,Saudi Arabia,-0.201
2005,Saudi Arabia,-0.1029999999999997
2006,Saudi Arabia,0.0150000000000001
2007,Saudi Arabia,0.0089999999999998
2008,Saudi Arabia,-0.1110000000000002
2009,Saudi Arabia,-0.1239999999999996
2010,Saudi Arabia,-0.1400000000000001
2011,Saudi Arabia,-0.0100000000000002
2012,Saudi Arabia,-0.02
2013,Saudi Arabia,-0.1099999999999998
2014,Saudi Arabia,0.0100000000000002
2015,Saudi Arabia,-0.0500000000000002
2016,Saudi Arabia,0.02
2017,Saudi Arabia,0.02
2018,Saudi Arabia,0.0
2019,Saudi Arabia,-0.1799999999999997
2020,Saudi Arabia,-0.2200000000000002
2021,Saudi Arabia,-0.1
2022,Saudi Arabia,-0.0299999999999998
2023,Saudi Arabia,0.1399999999999996
1951,Scotland,
1952,Scotland,
1953,Scotland,
1954,Scotland,
1955,Scotland,
1956,Scotland,
1957,Scotland,
1958,Scotland,
1959,Scotland,
1960,Scotland,
1961,Scotland,
1962,Scotland,
1963,Scotland,
1964,Scotland,
1965,Scotland,
1966,Scotland,
1967,Scotland,
1968,Scotland,
1969,Scotland,
1970,Scotland,
1971,Scotland,
1972,Scotland,
1973,Scotland,
1974,Scotland,
1975,Scotland,
1976,Scotland,
1977,Scotland,
1978,Scotland,
1979,Scotland,
1980,Scotland,
1981,Scotland,
1982,Scotland,
1983,Scotland,
1984,Scotland,
1985,Scotland,
1986,Scotland,
1987,Scotland,
1988,Scotland,
1989,Scotland,
1990,Scotland,
1991,Scotland,
1992,Scotland,
1993,Scotland,
1994,Scotland,
1995,Scotland,
1996,Scotland,
1997,Scotland,
1998,Scotland,
1999,Scotland,
2000,Scotland,
2001,Scotland,
2002,Scotland,
2003,Scotland,
2004,Scotland,
2005,Scotland,
2006,Scotland,
2007,Scotland,
2008,Scotland,
2009,Scotland,
2010,Scotland,
2011,Scotland,
2012,Scotland,
2013,Scotland,
2014,Scotland,
2015,Scotland,
2016,Scotland,
2017,Scotland,
2018,Scotland,
2019,Scotland,
2020,Scotland,
2021,Scotland,
2022,Scotland,
2023,Scotland,
1951,Senegal,0.0010000000000003
1952,Senegal,0.0039999999999995
1953,Senegal,0.0090000000000003
1954,Senegal,0.0140000000000002
1955,Senegal,0.0189999999999992
1956,Senegal,0.024
1957,Senegal,0.0289999999999999
1958,Senegal,0.0330000000000003
1959,Senegal,0.0369999999999999
1960,Senegal,0.0390000000000005
1961,Senegal,0.0419999999999998
1962,Senegal,0.0409999999999994
1963,Senegal,0.0410000000000003
1964,Senegal,0.0369999999999999
1965,Senegal,0.0330000000000003
1966,Senegal,0.0269999999999992
1967,Senegal,0.0200000000000004
1968,Senegal,0.0140000000000002
1969,Senegal,0.008
1970,Senegal,0.0029999999999992
1971,Senegal,-0.0009999999999994
1972,Senegal,-0.0030000000000001
1973,Senegal,-0.0030000000000001
1974,Senegal,-0.0030000000000001
1975,Senegal,0.0
1976,Senegal,0.0060000000000002
1977,Senegal,0.0099999999999997
1978,Senegal,0.0110000000000001
1979,Senegal,0.0110000000000001
1980,Senegal,0.0019999999999997
1981,Senegal,-0.0129999999999999
1982,Senegal,-0.0339999999999998
1983,Senegal,-0.056
1984,Senegal,-0.0780000000000002
1985,Senegal,-0.0979999999999998
1986,Senegal,-0.1109999999999997
1987,Senegal,-0.1169999999999999
1988,Senegal,-0.2080000000000001
1989,Senegal,-0.0979999999999998
1990,Senegal,-0.0830000000000001
1991,Senegal,-0.1289999999999995
1992,Senegal,-0.1180000000000003
1993,Senegal,-0.0999999999999996
1994,Senegal,-0.1340000000000003
1995,Senegal,-0.096
1996,Senegal,-0.096
1997,Senegal,-0.0839999999999996
1998,Senegal,-0.0579999999999998
1999,Senegal,-0.008
2000,Senegal,-0.0750000000000001
2001,Senegal,-0.1009999999999999
2002,Senegal,-0.096
2003,Senegal,-0.0549999999999997
2004,Senegal,-0.0540000000000002
2005,Senegal,-0.0590000000000001
2006,Senegal,-0.0689999999999999
2007,Senegal,-0.0460000000000002
2008,Senegal,0.0060000000000002
2009,Senegal,0.0010000000000003
2010,Senegal,0.0299999999999993
2011,Senegal,0.0440000000000004
2012,Senegal,0.0299999999999993
2013,Senegal,-0.0799999999999991
2014,Senegal,-0.165
2015,Senegal,-0.133
2016,Senegal,-0.1030000000000006
2017,Senegal,-0.1589999999999998
2018,Senegal,-0.1950000000000002
2019,Senegal,-0.1939999999999999
2020,Senegal,-0.0969999999999995
2021,Senegal,-0.0670000000000001
2022,Senegal,-0.072
2023,Senegal,-0.0459999999999998
1951,Serbia,-0.1059999999999998
1952,Serbia,-0.0859999999999998
1953,Serbia,-0.0930000000000004
1954,Serbia,-0.0949999999999997
1955,Serbia,-0.0969999999999999
1956,Serbia,-0.0899999999999998
1957,Serbia,-0.08
1958,Serbia,-0.056
1959,Serbia,-0.0420000000000002
1960,Serbia,-0.028
1961,Serbia,-0.0219999999999997
1962,Serbia,-0.024
1963,Serbia,-0.0249999999999999
1964,Serbia,-0.0169999999999999
1965,Serbia,-0.0100000000000002
1966,Serbia,-0.016
1967,Serbia,-0.0209999999999999
1968,Serbia,-0.0150000000000001
1969,Serbia,-0.0189999999999999
1970,Serbia,-0.0129999999999999
1971,Serbia,-0.0130000000000001
1972,Serbia,-0.008
1973,Serbia,-0.012
1974,Serbia,-0.01
1975,Serbia,-0.0069999999999998
1976,Serbia,-0.01
1977,Serbia,-0.012
1978,Serbia,-0.012
1979,Serbia,-0.014
1980,Serbia,-0.012
1981,Serbia,-0.0109999999999998
1982,Serbia,-0.01
1983,Serbia,-0.01
1984,Serbia,-0.018
1985,Serbia,-0.014
1986,Serbia,-0.022
1987,Serbia,-0.0289999999999999
1988,Serbia,-0.0290000000000001
1989,Serbia,-0.0349999999999999
1990,Serbia,-0.036
1991,Serbia,-0.0369999999999999
1992,Serbia,-0.0390000000000001
1993,Serbia,-0.0289999999999999
1994,Serbia,-0.0390000000000001
1995,Serbia,-0.0369999999999999
1996,Serbia,-0.032
1997,Serbia,-0.038
1998,Serbia,-0.0279999999999998
1999,Serbia,-0.016
2000,Serbia,-0.0010000000000001
2001,Serbia,0.002
2002,Serbia,0.008
2003,Serbia,0.0070000000000001
2004,Serbia,-0.0090000000000001
2005,Serbia,-0.0249999999999999
2006,Serbia,-0.0170000000000001
2007,Serbia,-0.0029999999999998
2008,Serbia,0.0149999999999999
2009,Serbia,0.0310000000000001
2010,Serbia,0.0369999999999999
2011,Serbia,0.0049999999999998
2012,Serbia,0.04
2013,Serbia,-0.0129999999999999
2014,Serbia,0.0289999999999999
2015,Serbia,0.0
2016,Serbia,0.002
2017,Serbia,0.0210000000000001
2018,Serbia,0.004
2019,Serbia,0.0259999999999998
2020,Serbia,-0.0279999999999998
2021,Serbia,0.0319999999999998
2022,Serbia,0.002
2023,Serbia,-0.0189999999999999
1951,Seychelles,0.0270000000000001
1952,Seychelles,0.0440000000000004
1953,Seychelles,0.048
1954,Seychelles,0.0899999999999998
1955,Seychelles,0.0889999999999995
1956,Seychelles,0.0540000000000002
1957,Seychelles,0.0410000000000003
1958,Seychelles,0.048
1959,Seychelles,0.0509999999999992
1960,Seychelles,0.0110000000000001
1961,Seychelles,0.1089999999999999
1962,Seychelles,0.0910000000000001
1963,Seychelles,0.0929999999999999
1964,Seychelles,0.088
1965,Seychelles,0.0220000000000002
1966,Seychelles,0.4100000000000001
1967,Seychelles,-0.2310000000000007
1968,Seychelles,-0.2809999999999997
1969,Seychelles,-0.1349999999999998
1970,Seychelles,-0.1719999999999997
1971,Seychelles,0.3819999999999997
1972,Seychelles,-0.5339999999999998
1973,Seychelles,-0.3710000000000004
1974,Seychelles,0.3150000000000004
1975,Seychelles,-0.3470000000000004
1976,Seychelles,-0.6659999999999995
1977,Seychelles,-0.3320000000000003
1978,Seychelles,0.165
1979,Seychelles,-0.2589999999999999
1980,Seychelles,0.1299999999999999
1981,Seychelles,-0.125
1982,Seychelles,-0.5340000000000003
1983,Seychelles,0.0870000000000001
1984,Seychelles,0.0220000000000002
1985,Seychelles,-0.149
1986,Seychelles,-0.0170000000000003
1987,Seychelles,-0.1519999999999997
1988,Seychelles,-0.133
1989,Seychelles,-0.1180000000000003
1990,Seychelles,-0.0639999999999996
1991,Seychelles,0.0849999999999999
1992,Seychelles,-0.1660000000000003
1993,Seychelles,0.056
1994,Seychelles,0.0150000000000001
1995,Seychelles,-0.2359999999999997
1996,Seychelles,-0.0500000000000002
1997,Seychelles,-0.1739999999999999
1998,Seychelles,-0.1
1999,Seychelles,0.008
2000,Seychelles,0.0209999999999999
2001,Seychelles,-0.0829999999999997
2002,Seychelles,0.044
2003,Seychelles,0.0189999999999996
2004,Seychelles,-0.0099999999999997
2005,Seychelles,0.1459999999999999
2006,Seychelles,-0.0789999999999997
2007,Seychelles,0.1219999999999998
2008,Seychelles,0.0939999999999998
2009,Seychelles,0.052
2010,Seychelles,-0.1709999999999998
2011,Seychelles,0.1669999999999998
2012,Seychelles,0.04
2013,Seychelles,-0.2250000000000001
2014,Seychelles,-0.0209999999999999
2015,Seychelles,0.056
2016,Seychelles,0.0779999999999998
2017,Seychelles,0.0180000000000002
2018,Seychelles,-0.0220000000000002
2019,Seychelles,-0.0289999999999999
2020,Seychelles,-0.0350000000000001
2021,Seychelles,-0.028
2022,Seychelles,-0.0329999999999999
2023,Seychelles,-0.0329999999999999
1951,Sierra Leone,-0.0209999999999999
1952,Sierra Leone,-0.0350000000000001
1953,Sierra Leone,-0.0309999999999996
1954,Sierra Leone,0.0449999999999999
1955,Sierra Leone,0.0250000000000003
1956,Sierra Leone,0.0269999999999992
1957,Sierra Leone,0.0150000000000005
1958,Sierra Leone,0.0139999999999993
1959,Sierra Leone,0.0170000000000003
1960,Sierra Leone,0.0289999999999999
1961,Sierra Leone,0.0300000000000002
1962,Sierra Leone,0.0170000000000003
1963,Sierra Leone,0.0389999999999997
1964,Sierra Leone,0.0329999999999994
1965,Sierra Leone,0.0170000000000003
1966,Sierra Leone,0.0339999999999998
1967,Sierra Leone,0.0380000000000002
1968,Sierra Leone,0.0019999999999997
1969,Sierra Leone,0.008
1970,Sierra Leone,0.0179999999999997
1971,Sierra Leone,0.0180000000000006
1972,Sierra Leone,0.0179999999999997
1973,Sierra Leone,0.0259999999999998
1974,Sierra Leone,0.0609999999999999
1975,Sierra Leone,0.0120000000000004
1976,Sierra Leone,0.0069999999999996
1977,Sierra Leone,0.0149999999999996
1978,Sierra Leone,0.0230000000000005
1979,Sierra Leone,-0.0090000000000003
1980,Sierra Leone,-0.0199999999999995
1981,Sierra Leone,-0.008
1982,Sierra Leone,0.0089999999999994
1983,Sierra Leone,0.0100000000000006
1984,Sierra Leone,0.0189999999999992
1985,Sierra Leone,0.0
1986,Sierra Leone,0.0050000000000007
1987,Sierra Leone,0.0119999999999995
1988,Sierra Leone,-0.0209999999999999
1989,Sierra Leone,-0.0170000000000003
1990,Sierra Leone,-0.0039999999999995
1991,Sierra Leone,-0.0140000000000002
1992,Sierra Leone,0.0019999999999997
1993,Sierra Leone,0.0140000000000002
1994,Sierra Leone,-0.0119999999999995
1995,Sierra Leone,-0.0020000000000006
1996,Sierra Leone,-0.0030000000000001
1997,Sierra Leone,-0.0209999999999999
1998,Sierra Leone,-0.0359999999999995
1999,Sierra Leone,-0.072
2000,Sierra Leone,-0.0679999999999996
2001,Sierra Leone,-0.0500000000000007
2002,Sierra Leone,-0.0749999999999992
2003,Sierra Leone,-0.1430000000000006
2004,Sierra Leone,-0.1680000000000001
2005,Sierra Leone,-0.1119999999999992
2006,Sierra Leone,-0.0700000000000002
2007,Sierra Leone,-0.0940000000000003
2008,Sierra Leone,-0.08
2009,Sierra Leone,-0.1149999999999993
2010,Sierra Leone,-0.1210000000000004
2011,Sierra Leone,-0.1180000000000003
2012,Sierra Leone,-0.1449999999999995
2013,Sierra Leone,-0.1909999999999998
2014,Sierra Leone,-0.1699999999999999
2015,Sierra Leone,-0.1550000000000002
2016,Sierra Leone,-0.0819999999999998
2017,Sierra Leone,-0.0769999999999999
2018,Sierra Leone,-0.0950000000000006
2019,Sierra Leone,-0.1019999999999994
2020,Sierra Leone,-0.1120000000000001
2021,Sierra Leone,-0.1019999999999998
2022,Sierra Leone,-0.1020000000000003
2023,Sierra Leone,-0.0849999999999999
1951,Singapore,0.0280000000000004
1952,Singapore,0.0329999999999994
1953,Singapore,0.0350000000000001
1954,Singapore,0.0250000000000003
1955,Singapore,0.0289999999999999
1956,Singapore,0.0689999999999999
1957,Singapore,-0.04
1958,Singapore,-0.088
1959,Singapore,-0.1949999999999994
1960,Singapore,-0.3560000000000007
1961,Singapore,-0.3469999999999995
1962,Singapore,-0.2019999999999999
1963,Singapore,-0.0570000000000003
1964,Singapore,-0.1879999999999997
1965,Singapore,-0.3040000000000002
1966,Singapore,-0.2149999999999998
1967,Singapore,-0.5379999999999998
1968,Singapore,-0.3860000000000001
1969,Singapore,-0.306
1970,Singapore,-0.1539999999999999
1971,Singapore,-0.048
1972,Singapore,0.0110000000000001
1973,Singapore,-0.2490000000000001
1974,Singapore,-0.431
1975,Singapore,-0.2709999999999999
1976,Singapore,0.0099999999999997
1977,Singapore,-0.2639999999999998
1978,Singapore,-0.0390000000000001
1979,Singapore,0.002
1980,Singapore,-0.0499999999999998
1981,Singapore,-0.028
1982,Singapore,-0.0390000000000001
1983,Singapore,-0.1319999999999999
1984,Singapore,0.0
1985,Singapore,-0.0070000000000001
1986,Singapore,-0.1859999999999999
1987,Singapore,0.1400000000000001
1988,Singapore,0.2629999999999999
1989,Singapore,-0.2230000000000001
1990,Singapore,0.056
1991,Singapore,-0.0879999999999998
1992,Singapore,-0.01
1993,Singapore,0.0129999999999999
1994,Singapore,-0.0269999999999999
1995,Singapore,-0.028
1996,Singapore,-0.0190000000000001
1997,Singapore,-0.0519999999999998
1998,Singapore,-0.1110000000000002
1999,Singapore,-0.0219999999999997
2000,Singapore,0.1029999999999999
2001,Singapore,-0.1560000000000001
2002,Singapore,-0.014
2003,Singapore,-0.0909999999999999
2004,Singapore,-0.01
2005,Singapore,0.0010000000000001
2006,Singapore,-0.004
2007,Singapore,0.0009999999999998
2008,Singapore,-0.0249999999999999
2009,Singapore,-0.042
2010,Singapore,-0.0679999999999999
2011,Singapore,0.0299999999999999
2012,Singapore,0.0629999999999999
2013,Singapore,-0.0779999999999999
2014,Singapore,0.0539999999999999
2015,Singapore,-0.0259999999999999
2016,Singapore,-0.034
2017,Singapore,-0.0069999999999998
2018,Singapore,0.0119999999999999
2019,Singapore,-0.006
2020,Singapore,0.0
2021,Singapore,0.002
2022,Singapore,-0.001
2023,Singapore,0.0
1951,Sint Maarten (Dutch part),-0.04
1952,Sint Maarten (Dutch part),-0.0430000000000001
1953,Sint Maarten (Dutch part),-0.04
1954,Sint Maarten (Dutch part),-0.0519999999999996
1955,Sint Maarten (Dutch part),-0.0440000000000004
1956,Sint Maarten (Dutch part),-0.0419999999999998
1957,Sint Maarten (Dutch part),-0.032
1958,Sint Maarten (Dutch part),-0.0540000000000002
1959,Sint Maarten (Dutch part),-0.064
1960,Sint Maarten (Dutch part),-0.0779999999999994
1961,Sint Maarten (Dutch part),-0.0890000000000004
1962,Sint Maarten (Dutch part),-0.1059999999999998
1963,Sint Maarten (Dutch part),-0.1050000000000004
1964,Sint Maarten (Dutch part),-0.1129999999999995
1965,Sint Maarten (Dutch part),-0.1210000000000004
1966,Sint Maarten (Dutch part),-0.149
1967,Sint Maarten (Dutch part),-0.1429999999999998
1968,Sint Maarten (Dutch part),-0.157
1969,Sint Maarten (Dutch part),-0.1499999999999999
1970,Sint Maarten (Dutch part),-0.1539999999999999
1971,Sint Maarten (Dutch part),-0.1339999999999999
1972,Sint Maarten (Dutch part),-0.1120000000000001
1973,Sint Maarten (Dutch part),-0.1229999999999997
1974,Sint Maarten (Dutch part),-0.1020000000000003
1975,Sint Maarten (Dutch part),-0.088
1976,Sint Maarten (Dutch part),-0.0879999999999996
1977,Sint Maarten (Dutch part),-0.0810000000000004
1978,Sint Maarten (Dutch part),-0.0689999999999999
1979,Sint Maarten (Dutch part),-0.0539999999999998
1980,Sint Maarten (Dutch part),-0.036
1981,Sint Maarten (Dutch part),-0.0470000000000001
1982,Sint Maarten (Dutch part),-0.0599999999999996
1983,Sint Maarten (Dutch part),-0.088
1984,Sint Maarten (Dutch part),-0.1089999999999999
1985,Sint Maarten (Dutch part),-0.1080000000000001
1986,Sint Maarten (Dutch part),-0.0790000000000001
1987,Sint Maarten (Dutch part),-0.0709999999999997
1988,Sint Maarten (Dutch part),-0.0690000000000001
1989,Sint Maarten (Dutch part),-0.06
1990,Sint Maarten (Dutch part),-0.0539999999999998
1991,Sint Maarten (Dutch part),-0.0010000000000001
1992,Sint Maarten (Dutch part),0.0349999999999999
1993,Sint Maarten (Dutch part),0.06
1994,Sint Maarten (Dutch part),0.1119999999999998
1995,Sint Maarten (Dutch part),0.0889999999999999
1996,Sint Maarten (Dutch part),0.0410000000000003
1997,Sint Maarten (Dutch part),-0.0110000000000001
1998,Sint Maarten (Dutch part),-0.0310000000000001
1999,Sint Maarten (Dutch part),-0.076
2000,Sint Maarten (Dutch part),-0.0839999999999998
2001,Sint Maarten (Dutch part),-0.09
2002,Sint Maarten (Dutch part),-0.0829999999999999
2003,Sint Maarten (Dutch part),-0.0669999999999999
2004,Sint Maarten (Dutch part),-0.04
2005,Sint Maarten (Dutch part),0.006
2006,Sint Maarten (Dutch part),0.05
2007,Sint Maarten (Dutch part),-0.1859999999999999
2008,Sint Maarten (Dutch part),0.1559999999999999
2009,Sint Maarten (Dutch part),-0.0149999999999999
2010,Sint Maarten (Dutch part),0.135
2011,Sint Maarten (Dutch part),0.1419999999999999
2012,Sint Maarten (Dutch part),-0.0309999999999999
2013,Sint Maarten (Dutch part),-0.0650000000000001
2014,Sint Maarten (Dutch part),-0.0769999999999999
2015,Sint Maarten (Dutch part),-0.0849999999999999
2016,Sint Maarten (Dutch part),-0.09
2017,Sint Maarten (Dutch part),-0.0709999999999999
2018,Sint Maarten (Dutch part),-0.0489999999999999
2019,Sint Maarten (Dutch part),-0.0409999999999999
2020,Sint Maarten (Dutch part),-0.014
2021,Sint Maarten (Dutch part),-0.0110000000000001
2022,Sint Maarten (Dutch part),-0.0029999999999998
2023,Sint Maarten (Dutch part),-0.006
1951,Slovakia,-0.012
1952,Slovakia,-0.0310000000000001
1953,Slovakia,-0.0969999999999999
1954,Slovakia,-0.0539999999999998
1955,Slovakia,0.0299999999999998
1956,Slovakia,-0.012
1957,Slovakia,-0.0859999999999998
1958,Slovakia,-0.1579999999999999
1959,Slovakia,-0.1830000000000002
1960,Slovakia,0.0190000000000001
1961,Slovakia,-0.0659999999999998
1962,Slovakia,-0.125
1963,Slovakia,0.0819999999999998
1964,Slovakia,-0.0270000000000001
1965,Slovakia,-0.1059999999999998
1966,Slovakia,-0.121
1967,Slovakia,-0.1739999999999999
1968,Slovakia,-0.0929999999999999
1969,Slovakia,0.0409999999999999
1970,Slovakia,-0.02
1971,Slovakia,0.0099999999999997
1972,Slovakia,0.0580000000000002
1973,Slovakia,0.0739999999999998
1974,Slovakia,0.0489999999999999
1975,Slovakia,-0.0619999999999998
1976,Slovakia,-0.0060000000000002
1977,Slovakia,-0.0519999999999996
1978,Slovakia,-0.0150000000000001
1979,Slovakia,-0.024
1980,Slovakia,-0.1240000000000001
1981,Slovakia,-0.04
1982,Slovakia,-0.0059999999999997
1983,Slovakia,0.0019999999999997
1984,Slovakia,-0.0209999999999999
1985,Slovakia,-0.0070000000000001
1986,Slovakia,-0.0579999999999998
1987,Slovakia,-0.056
1988,Slovakia,-0.0060000000000002
1989,Slovakia,-0.0639999999999996
1990,Slovakia,0.0089999999999998
1991,Slovakia,-0.0420000000000002
1992,Slovakia,-0.1089999999999997
1993,Slovakia,-0.066
1994,Slovakia,-0.193
1995,Slovakia,-0.143
1996,Slovakia,-0.0539999999999998
1997,Slovakia,-0.0410000000000001
1998,Slovakia,-0.052
1999,Slovakia,-0.0449999999999999
2000,Slovakia,-0.038
2001,Slovakia,-0.0909999999999999
2002,Slovakia,-0.0169999999999999
2003,Slovakia,0.0189999999999999
2004,Slovakia,0.042
2005,Slovakia,0.016
2006,Slovakia,-0.008
2007,Slovakia,0.016
2008,Slovakia,0.072
2009,Slovakia,0.0909999999999999
2010,Slovakia,-0.0030000000000001
2011,Slovakia,0.0150000000000001
2012,Slovakia,-0.0510000000000001
2013,Slovakia,0.002
2014,Slovakia,0.026
2015,Slovakia,-0.0189999999999999
2016,Slovakia,0.0749999999999999
2017,Slovakia,0.0429999999999999
2018,Slovakia,0.024
2019,Slovakia,0.0210000000000001
2020,Slovakia,0.0249999999999999
2021,Slovakia,0.04
2022,Slovakia,-0.0709999999999999
2023,Slovakia,0.0
1951,Slovenia,-0.1640000000000001
1952,Slovenia,-0.0619999999999998
1953,Slovenia,-0.0020000000000002
1954,Slovenia,-0.1649999999999996
1955,Slovenia,-0.0100000000000002
1956,Slovenia,-0.0729999999999999
1957,Slovenia,-0.133
1958,Slovenia,-0.1560000000000001
1959,Slovenia,-0.0029999999999996
1960,Slovenia,-0.0380000000000002
1961,Slovenia,0.0819999999999998
1962,Slovenia,0.0100000000000002
1963,Slovenia,0.024
1964,Slovenia,0.0209999999999999
1965,Slovenia,0.1219999999999998
1966,Slovenia,0.0300000000000002
1967,Slovenia,-0.096
1968,Slovenia,-0.1200000000000001
1969,Slovenia,-0.0819999999999998
1970,Slovenia,-0.0630000000000001
1971,Slovenia,0.044
1972,Slovenia,0.008
1973,Slovenia,0.0350000000000001
1974,Slovenia,-0.0849999999999999
1975,Slovenia,0.056
1976,Slovenia,0.0269999999999996
1977,Slovenia,-0.0329999999999999
1978,Slovenia,0.0289999999999999
1979,Slovenia,0.0150000000000001
1980,Slovenia,-0.1049999999999999
1981,Slovenia,-0.145
1982,Slovenia,-0.032
1983,Slovenia,-0.1159999999999998
1984,Slovenia,-0.0649999999999999
1985,Slovenia,-0.028
1986,Slovenia,-0.0470000000000001
1987,Slovenia,-0.02
1988,Slovenia,-0.022
1989,Slovenia,-0.1049999999999999
1990,Slovenia,-0.0629999999999999
1991,Slovenia,-0.04
1992,Slovenia,-0.0879999999999998
1993,Slovenia,-0.0050000000000001
1994,Slovenia,-0.014
1995,Slovenia,-0.0269999999999999
1996,Slovenia,-0.0090000000000001
1997,Slovenia,-0.0319999999999998
1998,Slovenia,-0.016
1999,Slovenia,-0.0190000000000001
2000,Slovenia,0.0409999999999999
2001,Slovenia,-0.0449999999999999
2002,Slovenia,0.002
2003,Slovenia,-0.0069999999999998
2004,Slovenia,0.0449999999999999
2005,Slovenia,0.0149999999999999
2006,Slovenia,0.054
2007,Slovenia,0.0689999999999999
2008,Slovenia,0.143
2009,Slovenia,0.0090000000000001
2010,Slovenia,0.0409999999999999
2011,Slovenia,-0.0089999999999998
2012,Slovenia,0.0169999999999999
2013,Slovenia,-0.034
2014,Slovenia,0.028
2015,Slovenia,-0.0049999999999998
2016,Slovenia,0.0109999999999998
2017,Slovenia,0.0350000000000001
2018,Slovenia,-0.016
2019,Slovenia,0.0049999999999998
2020,Slovenia,-0.0169999999999999
2021,Slovenia,0.0459999999999998
2022,Slovenia,-0.0719999999999998
2023,Slovenia,0.008
1951,Solomon Islands,0.0
1952,Solomon Islands,0.0089999999999994
1953,Solomon Islands,-0.0199999999999995
1954,Solomon Islands,-0.0070000000000005
1955,Solomon Islands,-0.0169999999999994
1956,Solomon Islands,-0.0150000000000005
1957,Solomon Islands,-0.0179999999999997
1958,Solomon Islands,-0.0019999999999997
1959,Solomon Islands,-0.0120000000000004
1960,Solomon Islands,-0.0029999999999992
1961,Solomon Islands,-0.0130000000000007
1962,Solomon Islands,-0.0099999999999997
1963,Solomon Islands,-0.008
1964,Solomon Islands,0.0129999999999999
1965,Solomon Islands,-0.0299999999999993
1966,Solomon Islands,-0.0200000000000004
1967,Solomon Islands,-0.0229999999999996
1968,Solomon Islands,-0.0259999999999998
1969,Solomon Islands,0.0259999999999998
1970,Solomon Islands,0.0089999999999994
1971,Solomon Islands,0.0020000000000006
1972,Solomon Islands,0.0069999999999996
1973,Solomon Islands,0.0090000000000003
1974,Solomon Islands,0.0089999999999994
1975,Solomon Islands,-0.0219999999999993
1976,Solomon Islands,-0.0340000000000006
1977,Solomon Islands,-0.0389999999999997
1978,Solomon Islands,-0.0439999999999995
1979,Solomon Islands,-0.0490000000000003
1980,Solomon Islands,-0.0540000000000002
1981,Solomon Islands,-0.0590000000000001
1982,Solomon Islands,-0.0689999999999999
1983,Solomon Islands,-0.0709999999999997
1984,Solomon Islands,-0.08
1985,Solomon Islands,-0.1139999999999998
1986,Solomon Islands,-0.1159999999999996
1987,Solomon Islands,-0.1440000000000001
1988,Solomon Islands,-0.125
1989,Solomon Islands,-0.1230000000000002
1990,Solomon Islands,-0.1269999999999997
1991,Solomon Islands,-0.1200000000000001
1992,Solomon Islands,-0.1109999999999997
1993,Solomon Islands,-0.056
1994,Solomon Islands,-0.0550000000000006
1995,Solomon Islands,-0.0629999999999997
1996,Solomon Islands,-0.1139999999999998
1997,Solomon Islands,-0.1280000000000001
1998,Solomon Islands,-0.1159999999999996
1999,Solomon Islands,-0.1160000000000005
2000,Solomon Islands,-0.104
2001,Solomon Islands,-0.0839999999999996
2002,Solomon Islands,-0.0709999999999997
2003,Solomon Islands,-0.0630000000000006
2004,Solomon Islands,-0.0729999999999995
2005,Solomon Islands,-0.0550000000000006
2006,Solomon Islands,-0.0209999999999999
2007,Solomon Islands,-0.0179999999999997
2008,Solomon Islands,-0.0140000000000002
2009,Solomon Islands,-0.0089999999999994
2010,Solomon Islands,-0.008
2011,Solomon Islands,-0.0060000000000002
2012,Solomon Islands,-0.0030000000000001
2013,Solomon Islands,-0.0069999999999996
2014,Solomon Islands,0.0350000000000001
2015,Solomon Islands,-0.0689999999999999
2016,Solomon Islands,-0.0910000000000001
2017,Solomon Islands,-0.1400000000000005
2018,Solomon Islands,-0.1299999999999994
2019,Solomon Islands,-0.1300000000000003
2020,Solomon Islands,-0.0509999999999997
2021,Solomon Islands,-0.0550000000000001
2022,Solomon Islands,-0.0739999999999998
2023,Solomon Islands,-0.0630000000000001
1951,Somalia,0.0009999999999994
1952,Somalia,0.0010000000000003
1953,Somalia,0.0010000000000003
1954,Somalia,0.0
1955,Somalia,0.0
1956,Somalia,-0.0010000000000003
1957,Somalia,0.0
1958,Somalia,0.0
1959,Somalia,0.0
1960,Somalia,0.0
1961,Somalia,0.0019999999999997
1962,Somalia,0.0030000000000001
1963,Somalia,0.0030000000000001
1964,Somalia,0.0030000000000001
1965,Somalia,0.0
1966,Somalia,-0.0040000000000004
1967,Somalia,-0.0089999999999994
1968,Somalia,-0.0170000000000003
1969,Somalia,-0.0220000000000002
1970,Somalia,-0.0269999999999992
1971,Somalia,-0.0310000000000005
1972,Somalia,-0.0329999999999994
1973,Somalia,-0.032
1974,Somalia,-0.0289999999999999
1975,Somalia,-0.024
1976,Somalia,-0.0170000000000003
1977,Somalia,-0.0120000000000004
1978,Somalia,0.1260000000000003
1979,Somalia,0.0309999999999996
1980,Somalia,0.0170000000000003
1981,Somalia,0.0490000000000003
1982,Somalia,0.0249999999999994
1983,Somalia,0.0250000000000003
1984,Somalia,0.0229999999999996
1985,Somalia,0.0270000000000001
1986,Somalia,0.0220000000000002
1987,Somalia,0.024
1988,Somalia,0.0249999999999994
1989,Somalia,0.0260000000000006
1990,Somalia,0.016
1991,Somalia,0.0299999999999993
1992,Somalia,0.0300000000000002
1993,Somalia,0.0259999999999998
1994,Somalia,0.0179999999999997
1995,Somalia,0.0370000000000008
1996,Somalia,0.04
1997,Somalia,0.0409999999999994
1998,Somalia,-0.0060000000000002
1999,Somalia,0.0010000000000003
2000,Somalia,-0.0120000000000004
2001,Somalia,-0.0089999999999994
2002,Somalia,-0.0099999999999997
2003,Somalia,-0.0230000000000005
2004,Somalia,-0.0350000000000001
2005,Somalia,-0.0409999999999994
2006,Somalia,-0.0369999999999999
2007,Somalia,-0.0330000000000003
2008,Somalia,-0.0419999999999998
2009,Somalia,-0.0389999999999997
2010,Somalia,-0.0540000000000002
2011,Somalia,-0.0540000000000002
2012,Somalia,-0.0569999999999994
2013,Somalia,-0.0710000000000006
2014,Somalia,-0.0789999999999997
2015,Somalia,-0.0860000000000003
2016,Somalia,-0.0969999999999995
2017,Somalia,-0.1120000000000001
2018,Somalia,-0.104
2019,Somalia,-0.1020000000000003
2020,Somalia,-0.1069999999999993
2021,Somalia,-0.1000000000000005
2022,Somalia,-0.0979999999999998
2023,Somalia,-0.1230000000000002
1951,South Africa,0.0309999999999996
1952,South Africa,0.0180000000000006
1953,South Africa,0.0129999999999999
1954,South Africa,0.0149999999999996
1955,South Africa,0.0179999999999997
1956,South Africa,0.0040000000000004
1957,South Africa,0.0049999999999998
1958,South Africa,0.0069999999999996
1959,South Africa,-0.0169999999999994
1960,South Africa,-0.0209999999999999
1961,South Africa,-0.0250000000000003
1962,South Africa,-0.0339999999999998
1963,South Africa,-0.0340000000000006
1964,South Africa,-0.0569999999999994
1965,South Africa,-0.0629999999999997
1966,South Africa,0.0149999999999996
1967,South Africa,-0.0549999999999997
1968,South Africa,-0.0700000000000002
1969,South Africa,-0.0629999999999997
1970,South Africa,-0.0849999999999999
1971,South Africa,-0.0650000000000003
1972,South Africa,-0.0789999999999997
1973,South Africa,-0.0769999999999999
1974,South Africa,-0.1150000000000002
1975,South Africa,-0.1070000000000002
1976,South Africa,-0.1200000000000001
1977,South Africa,-0.1289999999999995
1978,South Africa,-0.0890000000000004
1979,South Africa,-0.0350000000000001
1980,South Africa,-0.0379999999999993
1981,South Africa,-0.0680000000000005
1982,South Africa,-0.016
1983,South Africa,-0.0699999999999994
1984,South Africa,-0.0600000000000005
1985,South Africa,-0.0709999999999997
1986,South Africa,-0.0860000000000003
1987,South Africa,-0.0569999999999994
1988,South Africa,-0.1720000000000006
1989,South Africa,-0.1969999999999996
1990,South Africa,-0.2589999999999999
1991,South Africa,-0.1060000000000003
1992,South Africa,-0.1389999999999998
1993,South Africa,-0.1070000000000002
1994,South Africa,-0.1139999999999998
1995,South Africa,-0.0859999999999998
1996,South Africa,-0.181
1997,South Africa,-0.2570000000000001
1998,South Africa,-0.104
1999,South Africa,-0.0709999999999997
2000,South Africa,-0.1460000000000003
2001,South Africa,-0.0399999999999995
2002,South Africa,-0.0490000000000003
2003,South Africa,0.0340000000000002
2004,South Africa,0.0779999999999998
2005,South Africa,0.076
2006,South Africa,0.036
2007,South Africa,-0.0030000000000001
2008,South Africa,0.1339999999999999
2009,South Africa,-0.1779999999999999
2010,South Africa,-0.056
2011,South Africa,-0.0089999999999998
2012,South Africa,0.0110000000000001
2013,South Africa,-0.0190000000000001
2014,South Africa,-0.004
2015,South Africa,-0.0649999999999999
2016,South Africa,-0.0979999999999998
2017,South Africa,0.0219999999999997
2018,South Africa,-0.0129999999999999
2019,South Africa,-0.0060000000000002
2020,South Africa,-0.0069999999999996
2021,South Africa,-0.0089999999999998
2022,South Africa,-0.0210000000000003
2023,South Africa,-0.0109999999999996
1951,South Korea,0.0260000000000006
1952,South Korea,0.0329999999999994
1953,South Korea,0.0490000000000003
1954,South Korea,0.0030000000000001
1955,South Korea,-0.0050000000000007
1956,South Korea,0.0060000000000002
1957,South Korea,0.0030000000000001
1958,South Korea,-0.0259999999999998
1959,South Korea,-0.056
1960,South Korea,-0.1020000000000003
1961,South Korea,-0.1909999999999998
1962,South Korea,-0.2409999999999996
1963,South Korea,-0.2280000000000006
1964,South Korea,-0.266
1965,South Korea,-0.181
1966,South Korea,-0.1049999999999995
1967,South Korea,-0.1669999999999998
1968,South Korea,-0.1050000000000004
1969,South Korea,-0.0629999999999997
1970,South Korea,0.0119999999999995
1971,South Korea,-0.1999999999999993
1972,South Korea,-0.2390000000000007
1973,South Korea,-0.2169999999999996
1974,South Korea,-0.2479999999999997
1975,South Korea,-0.242
1976,South Korea,-0.1939999999999999
1977,South Korea,-0.165
1978,South Korea,-0.2550000000000003
1979,South Korea,0.0490000000000003
1980,South Korea,-0.0140000000000002
1981,South Korea,-0.0649999999999999
1982,South Korea,-0.238
1983,South Korea,-0.3290000000000002
1984,South Korea,-0.2699999999999998
1985,South Korea,-0.127
1986,South Korea,-0.082
1987,South Korea,-0.052
1988,South Korea,-0.0129999999999999
1989,South Korea,0.006
1990,South Korea,0.0389999999999999
1991,South Korea,0.0989999999999999
1992,South Korea,0.036
1993,South Korea,-0.0549999999999999
1994,South Korea,-0.0130000000000001
1995,South Korea,-0.024
1996,South Korea,-0.0469999999999999
1997,South Korea,-0.044
1998,South Korea,-0.0579999999999998
1999,South Korea,-0.028
2000,South Korea,-0.002
2001,South Korea,-0.125
2002,South Korea,-0.1149999999999999
2003,South Korea,-0.028
2004,South Korea,-0.0350000000000001
2005,South Korea,-0.0489999999999999
2006,South Korea,0.03
2007,South Korea,0.07
2008,South Korea,-0.0250000000000001
2009,South Korea,-0.012
2010,South Korea,0.048
2011,South Korea,0.032
2012,South Korea,0.016
2013,South Korea,-0.068
2014,South Korea,-0.0089999999999998
2015,South Korea,0.0049999999999998
2016,South Korea,-0.062
2017,South Korea,-0.1049999999999999
2018,South Korea,-0.0839999999999999
2019,South Korea,-0.0699999999999999
2020,South Korea,-0.0689999999999999
2021,South Korea,-0.029
2022,South Korea,-0.003
2023,South Korea,-0.06
1951,South Sudan,0.0100000000000006
1952,South Sudan,-0.0030000000000001
1953,South Sudan,0.0030000000000001
1954,South Sudan,0.0019999999999997
1955,South Sudan,-0.0040000000000004
1956,South Sudan,0.0020000000000006
1957,South Sudan,0.0059999999999993
1958,South Sudan,-0.0030000000000001
1959,South Sudan,0.0130000000000007
1960,South Sudan,0.0109999999999992
1961,South Sudan,0.0170000000000003
1962,South Sudan,0.0170000000000003
1963,South Sudan,0.0009999999999994
1964,South Sudan,0.024
1965,South Sudan,0.0020000000000006
1966,South Sudan,0.0319999999999991
1967,South Sudan,0.0030000000000001
1968,South Sudan,0.0070000000000005
1969,South Sudan,0.0169999999999994
1970,South Sudan,0.0049999999999998
1971,South Sudan,0.0100000000000006
1972,South Sudan,0.0149999999999996
1973,South Sudan,0.0
1974,South Sudan,0.0030000000000001
1975,South Sudan,0.0119999999999995
1976,South Sudan,0.0050000000000007
1977,South Sudan,-0.0060000000000002
1978,South Sudan,0.0039999999999995
1979,South Sudan,-0.0089999999999994
1980,South Sudan,0.008
1981,South Sudan,0.0039999999999995
1982,South Sudan,0.0110000000000001
1983,South Sudan,-0.0010000000000003
1984,South Sudan,0.0040000000000004
1985,South Sudan,0.0110000000000001
1986,South Sudan,0.0209999999999999
1987,South Sudan,0.008
1988,South Sudan,-0.0099999999999997
1989,South Sudan,-0.0020000000000006
1990,South Sudan,0.0030000000000001
1991,South Sudan,0.0
1992,South Sudan,-0.0069999999999996
1993,South Sudan,-0.0099999999999997
1994,South Sudan,-0.0140000000000002
1995,South Sudan,-0.0090000000000003
1996,South Sudan,-0.016
1997,South Sudan,-0.1219999999999998
1998,South Sudan,-0.1209999999999995
1999,South Sudan,-0.141
2000,South Sudan,-0.1340000000000003
2001,South Sudan,-0.149
2002,South Sudan,-0.1390000000000002
2003,South Sudan,-0.1619999999999999
2004,South Sudan,-0.1629999999999993
2005,South Sudan,-0.1680000000000001
2006,South Sudan,-0.1690000000000004
2007,South Sudan,-0.149
2008,South Sudan,-0.1349999999999998
2009,South Sudan,-0.1230000000000002
2010,South Sudan,-0.1280000000000001
2011,South Sudan,-0.125
2012,South Sudan,-0.1319999999999996
2013,South Sudan,-0.1219999999999998
2014,South Sudan,-0.1210000000000004
2015,South Sudan,-0.1229999999999993
2016,South Sudan,-0.1160000000000005
2017,South Sudan,-0.096
2018,South Sudan,-0.1129999999999995
2019,South Sudan,-0.1100000000000003
2020,South Sudan,-0.0999999999999996
2021,South Sudan,-0.1130000000000004
2022,South Sudan,-0.0829999999999997
2023,South Sudan,-0.1
1951,Spain,-0.0130000000000003
1952,Spain,0.0820000000000003
1953,Spain,-0.0390000000000001
1954,Spain,-0.0619999999999998
1955,Spain,0.0689999999999999
1956,Spain,0.0329999999999999
1957,Spain,0.1480000000000001
1958,Spain,0.04
1959,Spain,0.0259999999999998
1960,Spain,0.0539999999999998
1961,Spain,-0.0299999999999998
1962,Spain,0.0259999999999998
1963,Spain,0.072
1964,Spain,0.1220000000000003
1965,Spain,-0.072
1966,Spain,-0.0130000000000003
1967,Spain,0.0580000000000002
1968,Spain,-0.048
1969,Spain,-0.0220000000000002
1970,Spain,-0.0169999999999999
1971,Spain,0.0140000000000002
1972,Spain,-0.0289999999999999
1973,Spain,-0.028
1974,Spain,0.0299999999999998
1975,Spain,-0.0979999999999998
1976,Spain,-0.0090000000000003
1977,Spain,-0.1109999999999997
1978,Spain,-0.1139999999999998
1979,Spain,-0.1710000000000002
1980,Spain,-0.1559999999999997
1981,Spain,-0.1720000000000001
1982,Spain,-0.104
1983,Spain,-0.137
1984,Spain,-0.0769999999999999
1985,Spain,-0.0849999999999999
1986,Spain,-0.0829999999999999
1987,Spain,-0.062
1988,Spain,-0.048
1989,Spain,-0.048
1990,Spain,-0.0379999999999998
1991,Spain,-0.0330000000000001
1992,Spain,-0.0189999999999999
1993,Spain,-0.0530000000000001
1994,Spain,-0.0629999999999999
1995,Spain,-0.0369999999999999
1996,Spain,-0.014
1997,Spain,0.006
1998,Spain,-0.014
1999,Spain,0.034
2000,Spain,0.0449999999999999
2001,Spain,0.0210000000000001
2002,Spain,0.0199999999999997
2003,Spain,0.042
2004,Spain,0.02
2005,Spain,0.016
2006,Spain,0.0310000000000001
2007,Spain,0.0189999999999999
2008,Spain,0.0569999999999999
2009,Spain,-0.0549999999999999
2010,Spain,-0.0149999999999999
2011,Spain,-0.026
2012,Spain,-0.022
2013,Spain,-0.0410000000000001
2014,Spain,0.038
2015,Spain,0.0150000000000001
2016,Spain,0.002
2017,Spain,-0.0270000000000001
2018,Spain,-0.0449999999999999
2019,Spain,-0.03
2020,Spain,-0.044
2021,Spain,0.002
2022,Spain,0.0170000000000001
2023,Spain,0.008
1951,Sri Lanka,-0.0009999999999994
1952,Sri Lanka,-0.0300000000000002
1953,Sri Lanka,-0.0380000000000002
1954,Sri Lanka,-0.0430000000000001
1955,Sri Lanka,-0.0419999999999998
1956,Sri Lanka,-0.0460000000000002
1957,Sri Lanka,0.0750000000000001
1958,Sri Lanka,0.0670000000000001
1959,Sri Lanka,0.0099999999999997
1960,Sri Lanka,-0.0619999999999993
1961,Sri Lanka,-0.1120000000000001
1962,Sri Lanka,-0.0630000000000006
1963,Sri Lanka,-0.0589999999999992
1964,Sri Lanka,-0.0609999999999999
1965,Sri Lanka,-0.1230000000000002
1966,Sri Lanka,-0.1059999999999998
1967,Sri Lanka,-0.0410000000000003
1968,Sri Lanka,-0.1289999999999995
1969,Sri Lanka,-0.1590000000000007
1970,Sri Lanka,-0.1120000000000001
1971,Sri Lanka,-0.1209999999999995
1972,Sri Lanka,-0.1100000000000003
1973,Sri Lanka,-0.1549999999999993
1974,Sri Lanka,-0.1460000000000003
1975,Sri Lanka,-0.0390000000000001
1976,Sri Lanka,-0.0329999999999999
1977,Sri Lanka,-0.0419999999999998
1978,Sri Lanka,0.0689999999999999
1979,Sri Lanka,0.012
1980,Sri Lanka,-0.0969999999999999
1981,Sri Lanka,-0.076
1982,Sri Lanka,-0.3290000000000002
1983,Sri Lanka,-0.2059999999999999
1984,Sri Lanka,-0.1080000000000001
1985,Sri Lanka,-0.1109999999999997
1986,Sri Lanka,-0.1520000000000001
1987,Sri Lanka,-0.0989999999999997
1988,Sri Lanka,-0.0790000000000001
1989,Sri Lanka,0.0129999999999999
1990,Sri Lanka,-0.0369999999999999
1991,Sri Lanka,-0.0270000000000001
1992,Sri Lanka,-0.0269999999999996
1993,Sri Lanka,-0.0489999999999999
1994,Sri Lanka,-0.0330000000000003
1995,Sri Lanka,-0.0519999999999996
1996,Sri Lanka,-0.068
1997,Sri Lanka,-0.0700000000000002
1998,Sri Lanka,-0.0789999999999997
1999,Sri Lanka,0.0059999999999997
2000,Sri Lanka,0.0710000000000001
2001,Sri Lanka,0.0699999999999998
2002,Sri Lanka,0.0270000000000001
2003,Sri Lanka,-0.0089999999999998
2004,Sri Lanka,-0.0300000000000002
2005,Sri Lanka,-0.008
2006,Sri Lanka,0.0289999999999999
2007,Sri Lanka,0.0030000000000001
2008,Sri Lanka,-0.0629999999999997
2009,Sri Lanka,-0.0530000000000003
2010,Sri Lanka,-0.0449999999999999
2011,Sri Lanka,0.0100000000000002
2012,Sri Lanka,0.0289999999999999
2013,Sri Lanka,0.0049999999999998
2014,Sri Lanka,-0.044
2015,Sri Lanka,-0.044
2016,Sri Lanka,-0.028
2017,Sri Lanka,-0.0179999999999997
2018,Sri Lanka,-0.0110000000000001
2019,Sri Lanka,-0.0110000000000001
2020,Sri Lanka,-0.0149999999999996
2021,Sri Lanka,-0.012
2022,Sri Lanka,-0.0110000000000001
2023,Sri Lanka,-0.01
1951,Sudan,0.0030000000000001
1952,Sudan,0.008
1953,Sudan,-0.0020000000000006
1954,Sudan,0.0070000000000005
1955,Sudan,0.0
1956,Sudan,0.0009999999999994
1957,Sudan,-0.0059999999999993
1958,Sudan,0.0009999999999994
1959,Sudan,-0.0119999999999995
1960,Sudan,0.0
1961,Sudan,-0.0070000000000005
1962,Sudan,0.048
1963,Sudan,0.0540000000000002
1964,Sudan,0.0460000000000002
1965,Sudan,0.0359999999999995
1966,Sudan,0.0389999999999997
1967,Sudan,0.0300000000000002
1968,Sudan,0.0369999999999999
1969,Sudan,0.0209999999999999
1970,Sudan,0.0190000000000001
1971,Sudan,0.0330000000000003
1972,Sudan,-0.0360000000000004
1973,Sudan,-0.0439999999999995
1974,Sudan,-0.0300000000000002
1975,Sudan,-0.0430000000000001
1976,Sudan,-0.0429999999999992
1977,Sudan,-0.048
1978,Sudan,-0.0550000000000006
1979,Sudan,-0.0689999999999999
1980,Sudan,-0.0590000000000001
1981,Sudan,-0.064
1982,Sudan,-0.0549999999999997
1983,Sudan,-0.0599999999999996
1984,Sudan,-0.0700000000000002
1985,Sudan,-0.064
1986,Sudan,-0.0540000000000002
1987,Sudan,-0.0499999999999998
1988,Sudan,-0.0430000000000001
1989,Sudan,-0.0259999999999998
1990,Sudan,-0.032
1991,Sudan,-0.024
1992,Sudan,-0.0309999999999996
1993,Sudan,-0.0490000000000003
1994,Sudan,-0.0579999999999998
1995,Sudan,-0.056
1996,Sudan,-0.064
1997,Sudan,-0.0750000000000001
1998,Sudan,-0.0709999999999997
1999,Sudan,-0.024
2000,Sudan,-0.0259999999999998
2001,Sudan,-0.0339999999999998
2002,Sudan,-0.0310000000000005
2003,Sudan,-0.0419999999999998
2004,Sudan,-0.0339999999999998
2005,Sudan,-0.0579999999999998
2006,Sudan,-0.0650000000000003
2007,Sudan,-0.0620000000000002
2008,Sudan,-0.0579999999999998
2009,Sudan,-0.0389999999999997
2010,Sudan,-0.032
2011,Sudan,-0.0540000000000002
2012,Sudan,-0.056
2013,Sudan,-0.0659999999999998
2014,Sudan,-0.0529999999999999
2015,Sudan,-0.0140000000000002
2016,Sudan,-0.0689999999999999
2017,Sudan,-0.0679999999999996
2018,Sudan,-0.08
2019,Sudan,-0.064
2020,Sudan,-0.0750000000000001
2021,Sudan,-0.0849999999999999
2022,Sudan,-0.0729999999999995
2023,Sudan,-0.0609999999999999
1951,Suriname,0.0270000000000001
1952,Suriname,0.0309999999999996
1953,Suriname,0.032
1954,Suriname,0.0280000000000004
1955,Suriname,0.0419999999999998
1956,Suriname,0.0529999999999999
1957,Suriname,0.0369999999999999
1958,Suriname,0.0449999999999999
1959,Suriname,0.0490000000000003
1960,Suriname,0.0359999999999995
1961,Suriname,-0.0069999999999996
1962,Suriname,-0.0110000000000001
1963,Suriname,-0.064
1964,Suriname,-0.0819999999999998
1965,Suriname,-0.1050000000000004
1966,Suriname,-0.1229999999999993
1967,Suriname,-0.1600000000000001
1968,Suriname,-0.1749999999999998
1969,Suriname,-0.1670000000000007
1970,Suriname,-0.1669999999999998
1971,Suriname,-0.173
1972,Suriname,-0.1799999999999997
1973,Suriname,-0.1690000000000004
1974,Suriname,-0.1959999999999997
1975,Suriname,-0.1820000000000003
1976,Suriname,-0.1839999999999992
1977,Suriname,-0.189
1978,Suriname,-0.1760000000000001
1979,Suriname,-0.1550000000000002
1980,Suriname,-0.1339999999999999
1981,Suriname,-0.0390000000000001
1982,Suriname,0.0690000000000004
1983,Suriname,0.044
1984,Suriname,-0.0690000000000004
1985,Suriname,-0.0849999999999999
1986,Suriname,-0.1009999999999999
1987,Suriname,-0.08
1988,Suriname,-0.0689999999999999
1989,Suriname,-0.0739999999999998
1990,Suriname,-0.1619999999999999
1991,Suriname,-0.1310000000000002
1992,Suriname,-0.0809999999999999
1993,Suriname,-0.0699999999999998
1994,Suriname,-0.044
1995,Suriname,-0.0020000000000002
1996,Suriname,0.0230000000000001
1997,Suriname,0.032
1998,Suriname,0.0340000000000002
1999,Suriname,0.0299999999999998
2000,Suriname,0.0299999999999998
2001,Suriname,0.0110000000000001
2002,Suriname,-0.1009999999999999
2003,Suriname,-0.1169999999999999
2004,Suriname,-0.1009999999999999
2005,Suriname,-0.0259999999999998
2006,Suriname,0.0149999999999996
2007,Suriname,0.008
2008,Suriname,-0.008
2009,Suriname,-0.0149999999999996
2010,Suriname,-0.024
2011,Suriname,-0.0210000000000003
2012,Suriname,0.0020000000000002
2013,Suriname,-0.0180000000000002
2014,Suriname,-0.0309999999999996
2015,Suriname,-0.0500000000000002
2016,Suriname,-0.0699999999999998
2017,Suriname,-0.0689999999999999
2018,Suriname,-0.0500000000000002
2019,Suriname,-0.0339999999999998
2020,Suriname,-0.0329999999999999
2021,Suriname,-0.0190000000000001
2022,Suriname,-0.0209999999999999
2023,Suriname,-0.0249999999999999
1951,Sweden,-0.0739999999999998
1952,Sweden,0.02
1953,Sweden,0.0209999999999999
1954,Sweden,-0.0710000000000001
1955,Sweden,0.0660000000000002
1956,Sweden,0.0379999999999998
1957,Sweden,-0.0060000000000002
1958,Sweden,-0.0299999999999998
1959,Sweden,-0.024
1960,Sweden,-0.056
1961,Sweden,0.032
1962,Sweden,0.0340000000000002
1963,Sweden,0.0789999999999997
1964,Sweden,0.133
1965,Sweden,-0.0470000000000001
1966,Sweden,-0.0449999999999999
1967,Sweden,-0.0899999999999998
1968,Sweden,-0.1920000000000001
1969,Sweden,-0.1429999999999998
1970,Sweden,-0.01
1971,Sweden,0.036
1972,Sweden,-0.0470000000000001
1973,Sweden,-0.0419999999999998
1974,Sweden,-0.0010000000000001
1975,Sweden,-0.1
1976,Sweden,-0.0849999999999999
1977,Sweden,-0.042
1978,Sweden,-0.0389999999999999
1979,Sweden,0.0489999999999999
1980,Sweden,0.022
1981,Sweden,-0.0389999999999999
1982,Sweden,-0.0149999999999999
1983,Sweden,-0.0050000000000001
1984,Sweden,0.042
1985,Sweden,0.0789999999999999
1986,Sweden,0.0609999999999999
1987,Sweden,0.0490000000000001
1988,Sweden,0.1119999999999998
1989,Sweden,0.0590000000000001
1990,Sweden,0.1059999999999998
1991,Sweden,-0.012
1992,Sweden,-0.0310000000000001
1993,Sweden,-0.0909999999999997
1994,Sweden,-0.1090000000000002
1995,Sweden,-0.1479999999999999
1996,Sweden,-0.1299999999999999
1997,Sweden,-0.0730000000000001
1998,Sweden,-0.0209999999999999
1999,Sweden,-0.0050000000000001
2000,Sweden,0.0410000000000001
2001,Sweden,0.0269999999999999
2002,Sweden,0.0789999999999999
2003,Sweden,0.064
2004,Sweden,0.0389999999999999
2005,Sweden,0.0210000000000001
2006,Sweden,0.076
2007,Sweden,0.0289999999999999
2008,Sweden,0.028
2009,Sweden,0.0269999999999999
2010,Sweden,0.0410000000000001
2011,Sweden,-0.0710000000000001
2012,Sweden,-0.002
2013,Sweden,-0.0149999999999999
2014,Sweden,-0.0090000000000001
2015,Sweden,-0.0289999999999999
2016,Sweden,-0.0009999999999998
2017,Sweden,-0.0610000000000001
2018,Sweden,-0.0309999999999999
2019,Sweden,-0.0449999999999999
2020,Sweden,-0.038
2021,Sweden,-0.0030000000000001
2022,Sweden,-0.1299999999999999
2023,Sweden,-0.1080000000000001
1951,Switzerland,-0.0899999999999998
1952,Switzerland,0.0149999999999996
1953,Switzerland,-0.032
1954,Switzerland,-0.0049999999999998
1955,Switzerland,0.0220000000000002
1956,Switzerland,0.0489999999999999
1957,Switzerland,0.0529999999999999
1958,Switzerland,-0.0049999999999998
1959,Switzerland,0.0169999999999999
1960,Switzerland,0.0179999999999997
1961,Switzerland,0.076
1962,Switzerland,0.0630000000000001
1963,Switzerland,0.0659999999999998
1964,Switzerland,0.0070000000000001
1965,Switzerland,-0.0659999999999998
1966,Switzerland,-0.0870000000000001
1967,Switzerland,-0.1059999999999998
1968,Switzerland,-0.1049999999999999
1969,Switzerland,-0.0980000000000003
1970,Switzerland,-0.0879999999999996
1971,Switzerland,-0.068
1972,Switzerland,-0.1220000000000001
1973,Switzerland,-0.1029999999999999
1974,Switzerland,-0.0809999999999999
1975,Switzerland,-0.1149999999999999
1976,Switzerland,-0.068
1977,Switzerland,-0.018
1978,Switzerland,-0.022
1979,Switzerland,0.0129999999999999
1980,Switzerland,0.028
1981,Switzerland,-0.004
1982,Switzerland,0.006
1983,Switzerland,-0.0309999999999999
1984,Switzerland,0.0049999999999998
1985,Switzerland,-0.01
1986,Switzerland,0.0130000000000001
1987,Switzerland,-0.01
1988,Switzerland,0.046
1989,Switzerland,0.0009999999999998
1990,Switzerland,0.0150000000000001
1991,Switzerland,0.004
1992,Switzerland,-0.01
1993,Switzerland,-0.062
1994,Switzerland,-0.022
1995,Switzerland,-0.01
1996,Switzerland,0.0190000000000001
1997,Switzerland,-0.02
1998,Switzerland,-0.008
1999,Switzerland,0.0109999999999998
2000,Switzerland,0.006
2001,Switzerland,-0.098
2002,Switzerland,-0.0049999999999998
2003,Switzerland,-0.0010000000000001
2004,Switzerland,0.0270000000000001
2005,Switzerland,0.0069999999999998
2006,Switzerland,0.016
2007,Switzerland,0.02
2008,Switzerland,0.026
2009,Switzerland,0.014
2010,Switzerland,0.0249999999999999
2011,Switzerland,-0.004
2012,Switzerland,0.0070000000000001
2013,Switzerland,-0.006
2014,Switzerland,0.02
2015,Switzerland,0.0029999999999998
2016,Switzerland,0.0030000000000001
2017,Switzerland,-0.0210000000000001
2018,Switzerland,-0.006
2019,Switzerland,-0.0349999999999999
2020,Switzerland,-0.012
2021,Switzerland,0.06
2022,Switzerland,-0.131
2023,Switzerland,0.038
1951,Syria,0.0109999999999992
1952,Syria,0.0010000000000003
1953,Syria,-0.0039999999999995
1954,Syria,0.0039999999999995
1955,Syria,0.0040000000000004
1956,Syria,-0.04
1957,Syria,-0.0369999999999999
1958,Syria,-0.0450000000000008
1959,Syria,-0.0059999999999993
1960,Syria,-0.0010000000000003
1961,Syria,-0.0030000000000001
1962,Syria,0.008
1963,Syria,0.0010000000000003
1964,Syria,0.0140000000000002
1965,Syria,0.0069999999999996
1966,Syria,0.0199999999999995
1967,Syria,0.0040000000000004
1968,Syria,0.0129999999999999
1969,Syria,0.0170000000000003
1970,Syria,0.0350000000000001
1971,Syria,-0.0210000000000007
1972,Syria,-0.0269999999999992
1973,Syria,-0.0250000000000003
1974,Syria,-0.0280000000000004
1975,Syria,-0.0339999999999998
1976,Syria,-0.0379999999999993
1977,Syria,-0.0300000000000002
1978,Syria,-0.0730000000000004
1979,Syria,-0.0979999999999998
1980,Syria,-0.1280000000000001
1981,Syria,-0.1449999999999995
1982,Syria,-0.1630000000000002
1983,Syria,-0.1189999999999997
1984,Syria,-0.1059999999999998
1985,Syria,-0.1020000000000003
1986,Syria,-0.1189999999999997
1987,Syria,-0.1640000000000006
1988,Syria,-0.2019999999999999
1989,Syria,-0.2219999999999995
1990,Syria,-0.2160000000000002
1991,Syria,-0.2190000000000003
1992,Syria,-0.2009999999999996
1993,Syria,-0.1470000000000002
1994,Syria,-0.1379999999999999
1995,Syria,-0.1589999999999998
1996,Syria,-0.1610000000000004
1997,Syria,-0.1649999999999991
1998,Syria,-0.1210000000000004
1999,Syria,-0.1059999999999998
2000,Syria,-0.0760000000000005
2001,Syria,-0.0919999999999996
2002,Syria,-0.1109999999999997
2003,Syria,-0.1020000000000003
2004,Syria,-0.084
2005,Syria,-0.0739999999999998
2006,Syria,-0.0430000000000001
2007,Syria,-0.024
2008,Syria,-0.0569999999999999
2009,Syria,-0.0659999999999998
2010,Syria,-0.06
2011,Syria,-0.0699999999999998
2012,Syria,-0.064
2013,Syria,-0.056
2014,Syria,-0.048
2015,Syria,-0.0499999999999998
2016,Syria,-0.0550000000000001
2017,Syria,-0.04
2018,Syria,-0.04
2019,Syria,-0.0539999999999998
2020,Syria,-0.0409999999999999
2021,Syria,-0.0390000000000001
2022,Syria,-0.052
2023,Syria,-0.0339999999999998
1951,Taiwan,0.1559999999999997
1952,Taiwan,0.0500000000000007
1953,Taiwan,-0.0060000000000002
1954,Taiwan,-0.0250000000000003
1955,Taiwan,-0.0699999999999994
1956,Taiwan,-0.0970000000000004
1957,Taiwan,-0.1550000000000002
1958,Taiwan,-0.1799999999999997
1959,Taiwan,-0.2119999999999997
1960,Taiwan,-0.1550000000000002
1961,Taiwan,-0.1209999999999995
1962,Taiwan,-0.1310000000000002
1963,Taiwan,-0.1480000000000005
1964,Taiwan,-0.1849999999999996
1965,Taiwan,-0.2080000000000001
1966,Taiwan,-0.2160000000000002
1967,Taiwan,-0.2439999999999997
1968,Taiwan,-0.1639999999999997
1969,Taiwan,-0.1859999999999999
1970,Taiwan,-0.2080000000000001
1971,Taiwan,-0.2530000000000001
1972,Taiwan,-0.2869999999999999
1973,Taiwan,-0.1869999999999998
1974,Taiwan,-0.1600000000000001
1975,Taiwan,-0.1160000000000001
1976,Taiwan,0.0310000000000001
1977,Taiwan,-0.266
1978,Taiwan,-0.0579999999999998
1979,Taiwan,-0.0350000000000001
1980,Taiwan,-0.1150000000000002
1981,Taiwan,-0.0769999999999999
1982,Taiwan,-0.1259999999999999
1983,Taiwan,-0.1480000000000001
1984,Taiwan,-0.133
1985,Taiwan,-0.1619999999999999
1986,Taiwan,-0.1639999999999999
1987,Taiwan,-0.0049999999999998
1988,Taiwan,0.0879999999999998
1989,Taiwan,-0.0599999999999998
1990,Taiwan,0.0439999999999998
1991,Taiwan,-0.0409999999999999
1992,Taiwan,-0.002
1993,Taiwan,0.0229999999999999
1994,Taiwan,0.004
1995,Taiwan,0.0110000000000001
1996,Taiwan,-0.0030000000000001
1997,Taiwan,-0.0429999999999999
1998,Taiwan,-0.195
1999,Taiwan,-0.008
2000,Taiwan,-0.0609999999999999
2001,Taiwan,-0.068
2002,Taiwan,-0.0769999999999999
2003,Taiwan,-0.0789999999999999
2004,Taiwan,-0.0629999999999999
2005,Taiwan,-0.052
2006,Taiwan,-0.0149999999999999
2007,Taiwan,-0.016
2008,Taiwan,-0.04
2009,Taiwan,-0.0570000000000001
2010,Taiwan,-0.0889999999999998
2011,Taiwan,0.1429999999999999
2012,Taiwan,0.129
2013,Taiwan,-0.058
2014,Taiwan,0.032
2015,Taiwan,0.0230000000000001
2016,Taiwan,-0.014
2017,Taiwan,-0.05
2018,Taiwan,-0.046
2019,Taiwan,-0.03
2020,Taiwan,-0.0549999999999999
2021,Taiwan,-0.015
2022,Taiwan,-0.1049999999999999
2023,Taiwan,0.0
1951,Tajikistan,-0.0060000000000002
1952,Tajikistan,-0.0019999999999997
1953,Tajikistan,0.0590000000000001
1954,Tajikistan,0.0609999999999999
1955,Tajikistan,0.064
1956,Tajikistan,0.0620000000000002
1957,Tajikistan,0.0699999999999994
1958,Tajikistan,0.1280000000000001
1959,Tajikistan,0.0860000000000003
1960,Tajikistan,0.104
1961,Tajikistan,0.1179999999999994
1962,Tajikistan,0.1260000000000003
1963,Tajikistan,0.141
1964,Tajikistan,0.0599999999999996
1965,Tajikistan,0.0630000000000006
1966,Tajikistan,0.072
1967,Tajikistan,0.0709999999999997
1968,Tajikistan,0.0259999999999998
1969,Tajikistan,-0.0010000000000003
1970,Tajikistan,0.0
1971,Tajikistan,0.0
1972,Tajikistan,-0.0179999999999997
1973,Tajikistan,-0.0519999999999996
1974,Tajikistan,-0.0689999999999999
1975,Tajikistan,-0.08
1976,Tajikistan,-0.0910000000000001
1977,Tajikistan,-0.1070000000000002
1978,Tajikistan,-0.0939999999999994
1979,Tajikistan,-0.0890000000000004
1980,Tajikistan,-0.0990000000000002
1981,Tajikistan,-0.0949999999999997
1982,Tajikistan,-0.0830000000000001
1983,Tajikistan,-0.0529999999999999
1984,Tajikistan,-0.0249999999999994
1985,Tajikistan,-0.0120000000000004
1986,Tajikistan,-0.0380000000000002
1987,Tajikistan,-0.0669999999999992
1988,Tajikistan,-0.0850000000000008
1989,Tajikistan,-0.1449999999999995
1990,Tajikistan,-0.1529999999999995
1991,Tajikistan,-0.1800000000000006
1992,Tajikistan,-0.2199999999999997
1993,Tajikistan,-0.1349999999999998
1994,Tajikistan,-0.1290000000000004
1995,Tajikistan,-0.1280000000000001
1996,Tajikistan,-0.7239999999999998
1997,Tajikistan,0.1199999999999996
1998,Tajikistan,0.0100000000000006
1999,Tajikistan,-0.2200000000000002
2000,Tajikistan,-0.3599999999999999
2001,Tajikistan,0.0
2002,Tajikistan,-0.02
2003,Tajikistan,-0.0500000000000002
2004,Tajikistan,0.0870000000000001
2005,Tajikistan,-0.1089999999999999
2006,Tajikistan,-0.0569999999999999
2007,Tajikistan,0.0259999999999998
2008,Tajikistan,0.0209999999999999
2009,Tajikistan,0.0420000000000002
2010,Tajikistan,0.0269999999999996
2011,Tajikistan,-0.0009999999999998
2012,Tajikistan,-0.0350000000000001
2013,Tajikistan,0.012
2014,Tajikistan,0.0260000000000002
2015,Tajikistan,0.0
2016,Tajikistan,-0.0750000000000001
2017,Tajikistan,-0.0939999999999998
2018,Tajikistan,0.004
2019,Tajikistan,-0.0129999999999999
2020,Tajikistan,-0.0700000000000002
2021,Tajikistan,-0.0409999999999999
2022,Tajikistan,-0.0430000000000001
2023,Tajikistan,-0.0549999999999997
1951,Tanzania,0.0219999999999993
1952,Tanzania,0.0250000000000003
1953,Tanzania,0.0190000000000001
1954,Tanzania,0.0190000000000001
1955,Tanzania,0.0379999999999993
1956,Tanzania,0.0590000000000001
1957,Tanzania,0.0730000000000004
1958,Tanzania,0.0379999999999993
1959,Tanzania,0.0260000000000006
1960,Tanzania,0.0349999999999992
1961,Tanzania,0.0260000000000006
1962,Tanzania,0.0430000000000001
1963,Tanzania,0.0419999999999998
1964,Tanzania,0.0329999999999994
1965,Tanzania,0.0470000000000006
1966,Tanzania,0.0769999999999999
1967,Tanzania,0.0599999999999996
1968,Tanzania,0.0360000000000004
1969,Tanzania,0.0539999999999993
1970,Tanzania,0.0470000000000006
1971,Tanzania,0.0429999999999992
1972,Tanzania,0.008
1973,Tanzania,0.0100000000000006
1974,Tanzania,0.0609999999999999
1975,Tanzania,-0.0220000000000002
1976,Tanzania,-0.0149999999999996
1977,Tanzania,-0.0140000000000002
1978,Tanzania,-0.0120000000000004
1979,Tanzania,-0.0169999999999994
1980,Tanzania,-0.0520000000000004
1981,Tanzania,-0.0609999999999999
1982,Tanzania,-0.0619999999999993
1983,Tanzania,-0.0630000000000006
1984,Tanzania,-0.0899999999999998
1985,Tanzania,-0.1169999999999999
1986,Tanzania,-0.1099999999999994
1987,Tanzania,-0.0820000000000007
1988,Tanzania,-0.0270000000000001
1989,Tanzania,-0.0759999999999996
1990,Tanzania,-0.1020000000000003
1991,Tanzania,-0.0659999999999998
1992,Tanzania,-0.0569999999999994
1993,Tanzania,-0.0810000000000004
1994,Tanzania,-0.1029999999999997
1995,Tanzania,-0.072
1996,Tanzania,0.0039999999999995
1997,Tanzania,0.0100000000000006
1998,Tanzania,-0.0250000000000003
1999,Tanzania,-0.064
2000,Tanzania,-0.0769999999999999
2001,Tanzania,-0.0529999999999999
2002,Tanzania,-0.0469999999999997
2003,Tanzania,0.008
2004,Tanzania,0.0190000000000001
2005,Tanzania,-0.0180000000000006
2006,Tanzania,-0.0679999999999996
2007,Tanzania,-0.1080000000000005
2008,Tanzania,-0.0789999999999997
2009,Tanzania,-0.064
2010,Tanzania,-0.0350000000000001
2011,Tanzania,-0.0839999999999996
2012,Tanzania,-0.0040000000000004
2013,Tanzania,0.0190000000000001
2014,Tanzania,-0.0339999999999998
2015,Tanzania,-0.0969999999999995
2016,Tanzania,-0.0190000000000001
2017,Tanzania,-0.0179999999999997
2018,Tanzania,-0.056
2019,Tanzania,-0.0660000000000007
2020,Tanzania,-0.0649999999999995
2021,Tanzania,-0.0670000000000001
2022,Tanzania,-0.0629999999999997
2023,Tanzania,-0.0650000000000003
1951,Thailand,0.0250000000000003
1952,Thailand,0.0119999999999995
1953,Thailand,0.0200000000000004
1954,Thailand,-0.008
1955,Thailand,-0.0170000000000003
1956,Thailand,-0.0179999999999997
1957,Thailand,-0.0179999999999997
1958,Thailand,-0.0100000000000006
1959,Thailand,-0.0129999999999999
1960,Thailand,-0.0069999999999996
1961,Thailand,-0.0010000000000003
1962,Thailand,0.0070000000000005
1963,Thailand,0.0109999999999992
1964,Thailand,-0.0329999999999994
1965,Thailand,-0.0510000000000001
1966,Thailand,-0.0759999999999996
1967,Thailand,-0.1050000000000004
1968,Thailand,-0.149
1969,Thailand,-0.2240000000000002
1970,Thailand,-0.2519999999999998
1971,Thailand,-0.1989999999999998
1972,Thailand,-0.1760000000000001
1973,Thailand,-0.2320000000000002
1974,Thailand,-0.2469999999999999
1975,Thailand,-0.2339999999999999
1976,Thailand,-0.2450000000000001
1977,Thailand,-0.2539999999999995
1978,Thailand,-0.2480000000000002
1979,Thailand,-0.1659999999999999
1980,Thailand,-0.1579999999999999
1981,Thailand,-0.1660000000000003
1982,Thailand,-0.1839999999999997
1983,Thailand,-0.1880000000000001
1984,Thailand,-0.173
1985,Thailand,-0.1319999999999996
1986,Thailand,-0.092
1987,Thailand,-0.1030000000000002
1988,Thailand,-0.084
1989,Thailand,-0.0349999999999997
1990,Thailand,-0.0710000000000001
1991,Thailand,-0.0289999999999999
1992,Thailand,-0.028
1993,Thailand,-0.0409999999999999
1994,Thailand,-0.0390000000000001
1995,Thailand,-0.04
1996,Thailand,-0.0229999999999999
1997,Thailand,-0.02
1998,Thailand,-0.03
1999,Thailand,-0.0469999999999999
2000,Thailand,-0.034
2001,Thailand,-0.0229999999999999
2002,Thailand,-0.0230000000000001
2003,Thailand,-0.0149999999999999
2004,Thailand,-0.008
2005,Thailand,-0.0210000000000001
2006,Thailand,-0.0129999999999999
2007,Thailand,-0.0149999999999999
2008,Thailand,-0.0290000000000001
2009,Thailand,-0.022
2010,Thailand,-0.0029999999999998
2011,Thailand,0.0089999999999998
2012,Thailand,-0.008
2013,Thailand,-0.0369999999999999
2014,Thailand,-0.042
2015,Thailand,-0.0329999999999999
2016,Thailand,-0.0510000000000001
2017,Thailand,-0.0369999999999999
2018,Thailand,-0.04
2019,Thailand,-0.038
2020,Thailand,-0.026
2021,Thailand,-0.0249999999999999
2022,Thailand,-0.0129999999999999
2023,Thailand,-0.0090000000000001
1951,Togo,0.0220000000000002
1952,Togo,0.0220000000000002
1953,Togo,0.0099999999999997
1954,Togo,0.0089999999999994
1955,Togo,0.0040000000000004
1956,Togo,0.0259999999999998
1957,Togo,0.0200000000000004
1958,Togo,0.0209999999999999
1959,Togo,0.0329999999999994
1960,Togo,0.032
1961,Togo,0.024
1962,Togo,0.0360000000000004
1963,Togo,0.0359999999999995
1964,Togo,0.0230000000000005
1965,Togo,0.0209999999999999
1966,Togo,0.0190000000000001
1967,Togo,0.0029999999999992
1968,Togo,0.0110000000000001
1969,Togo,0.0449999999999999
1970,Togo,0.0200000000000004
1971,Togo,0.0289999999999999
1972,Togo,0.0049999999999998
1973,Togo,0.0120000000000004
1974,Togo,0.0089999999999994
1975,Togo,-0.0019999999999997
1976,Togo,-0.0250000000000003
1977,Togo,-0.0379999999999993
1978,Togo,-0.0420000000000007
1979,Togo,-0.048
1980,Togo,-0.0589999999999992
1981,Togo,-0.0670000000000001
1982,Togo,-0.0840000000000005
1983,Togo,-0.0919999999999996
1984,Togo,-0.0910000000000001
1985,Togo,-0.0849999999999999
1986,Togo,-0.0750000000000001
1987,Togo,-0.0779999999999994
1988,Togo,-0.0760000000000005
1989,Togo,-0.0789999999999997
1990,Togo,-0.0819999999999998
1991,Togo,-0.08
1992,Togo,-0.1009999999999999
1993,Togo,-0.104
1994,Togo,-0.1100000000000003
1995,Togo,-0.1069999999999993
1996,Togo,-0.1060000000000007
1997,Togo,-0.0959999999999992
1998,Togo,-0.0750000000000001
1999,Togo,-0.0620000000000002
2000,Togo,-0.0609999999999999
2001,Togo,-0.0369999999999999
2002,Togo,-0.0360000000000004
2003,Togo,-0.0439999999999995
2004,Togo,-0.0529999999999999
2005,Togo,0.0430000000000001
2006,Togo,0.0379999999999993
2007,Togo,0.0260000000000006
2008,Togo,-0.0020000000000006
2009,Togo,0.0040000000000004
2010,Togo,-0.0170000000000003
2011,Togo,-0.1029999999999997
2012,Togo,-0.1299999999999999
2013,Togo,-0.1000000000000005
2014,Togo,-0.0519999999999996
2015,Togo,-0.04
2016,Togo,-0.0279999999999995
2017,Togo,-0.0580000000000007
2018,Togo,-0.0629999999999997
2019,Togo,-0.0629999999999997
2020,Togo,-0.064
2021,Togo,-0.0620000000000002
2022,Togo,-0.0709999999999997
2023,Togo,-0.0609999999999999
1951,Tokelau,0.1029999999999997
1952,Tokelau,0.0869999999999997
1953,Tokelau,0.0730000000000004
1954,Tokelau,0.0110000000000001
1955,Tokelau,0.1049999999999995
1956,Tokelau,0.1029999999999997
1957,Tokelau,0.0250000000000003
1958,Tokelau,0.0430000000000001
1959,Tokelau,0.0380000000000002
1960,Tokelau,0.0219999999999993
1961,Tokelau,-0.0110000000000001
1962,Tokelau,-0.0249999999999994
1963,Tokelau,-0.0350000000000001
1964,Tokelau,-0.0359999999999995
1965,Tokelau,-0.0690000000000008
1966,Tokelau,-0.0899999999999998
1967,Tokelau,-0.0929999999999999
1968,Tokelau,-0.0990000000000002
1969,Tokelau,-0.1079999999999996
1970,Tokelau,-0.125
1971,Tokelau,-0.1109999999999997
1972,Tokelau,-0.1219999999999998
1973,Tokelau,-0.1480000000000005
1974,Tokelau,-0.1389999999999993
1975,Tokelau,-0.1070000000000002
1976,Tokelau,-0.0929999999999999
1977,Tokelau,-0.0940000000000003
1978,Tokelau,-0.0659999999999998
1979,Tokelau,-0.0599999999999996
1980,Tokelau,-0.0180000000000006
1981,Tokelau,-0.0199999999999995
1982,Tokelau,-0.0040000000000004
1983,Tokelau,0.0369999999999999
1984,Tokelau,0.0540000000000002
1985,Tokelau,0.048
1986,Tokelau,0.0650000000000003
1987,Tokelau,0.0659999999999998
1988,Tokelau,0.0919999999999996
1989,Tokelau,0.0899999999999998
1990,Tokelau,0.0570000000000003
1991,Tokelau,0.0339999999999998
1992,Tokelau,0.008
1993,Tokelau,-0.0270000000000001
1994,Tokelau,-0.0579999999999998
1995,Tokelau,-0.0529999999999999
1996,Tokelau,-0.0869999999999997
1997,Tokelau,-0.1139999999999998
1998,Tokelau,-0.1300000000000007
1999,Tokelau,-0.1409999999999995
2000,Tokelau,-0.173
2001,Tokelau,-0.1509999999999998
2002,Tokelau,-0.1020000000000003
2003,Tokelau,-0.056
2004,Tokelau,-0.0439999999999995
2005,Tokelau,-0.0300000000000002
2006,Tokelau,-0.02
2007,Tokelau,-0.02
2008,Tokelau,-0.0219999999999997
2009,Tokelau,-0.036
2010,Tokelau,-0.0929999999999999
2011,Tokelau,-0.0849999999999999
2012,Tokelau,-0.0689999999999999
2013,Tokelau,-0.0530000000000003
2014,Tokelau,-0.0549999999999997
2015,Tokelau,-0.0630000000000001
2016,Tokelau,-0.06
2017,Tokelau,-0.0529999999999999
2018,Tokelau,-0.0339999999999998
2019,Tokelau,-0.032
2020,Tokelau,-0.0340000000000002
2021,Tokelau,-0.028
2022,Tokelau,-0.0369999999999999
2023,Tokelau,-0.0339999999999998
1951,Tonga,-0.0089999999999994
1952,Tonga,0.0019999999999997
1953,Tonga,0.0099999999999997
1954,Tonga,-0.0060000000000002
1955,Tonga,-0.0129999999999999
1956,Tonga,-0.0199999999999995
1957,Tonga,-0.0110000000000001
1958,Tonga,-0.0040000000000004
1959,Tonga,-0.0039999999999995
1960,Tonga,0.0069999999999996
1961,Tonga,-0.0409999999999994
1962,Tonga,-0.0390000000000005
1963,Tonga,-0.0539999999999993
1964,Tonga,-0.0529999999999999
1965,Tonga,-0.056
1966,Tonga,-0.0590000000000001
1967,Tonga,-0.056
1968,Tonga,-0.0670000000000001
1969,Tonga,-0.0599999999999996
1970,Tonga,-0.0950000000000006
1971,Tonga,-0.1129999999999995
1972,Tonga,-0.096
1973,Tonga,-0.0609999999999999
1974,Tonga,-0.0360000000000004
1975,Tonga,-0.0189999999999992
1976,Tonga,-0.0200000000000004
1977,Tonga,-0.0270000000000001
1978,Tonga,-0.0149999999999996
1979,Tonga,-0.0369999999999999
1980,Tonga,-0.048
1981,Tonga,-0.0449999999999999
1982,Tonga,-0.0570000000000003
1983,Tonga,-0.0469999999999997
1984,Tonga,-0.0430000000000001
1985,Tonga,-0.0629999999999997
1986,Tonga,-0.0710000000000006
1987,Tonga,-0.0809999999999995
1988,Tonga,-0.0890000000000004
1989,Tonga,-0.0969999999999995
1990,Tonga,-0.0769999999999999
1991,Tonga,-0.0769999999999999
1992,Tonga,-0.0650000000000003
1993,Tonga,-0.0609999999999999
1994,Tonga,-0.0679999999999996
1995,Tonga,-0.0950000000000006
1996,Tonga,-0.1079999999999996
1997,Tonga,-0.0769999999999999
1998,Tonga,-0.0689999999999999
1999,Tonga,-0.0810000000000004
2000,Tonga,-0.0689999999999999
2001,Tonga,-0.032
2002,Tonga,0.0110000000000001
2003,Tonga,0.0369999999999999
2004,Tonga,0.0110000000000001
2005,Tonga,0.0090000000000003
2006,Tonga,-0.0540000000000002
2007,Tonga,-0.0549999999999997
2008,Tonga,-0.0740000000000007
2009,Tonga,-0.0659999999999993
2010,Tonga,-0.0670000000000001
2011,Tonga,-0.0499999999999998
2012,Tonga,-0.0610000000000003
2013,Tonga,-0.0719999999999996
2014,Tonga,-0.0769999999999999
2015,Tonga,-0.0790000000000001
2016,Tonga,-0.0769999999999999
2017,Tonga,-0.0750000000000001
2018,Tonga,-0.0619999999999998
2019,Tonga,-0.052
2020,Tonga,-0.04
2021,Tonga,-0.036
2022,Tonga,-0.0270000000000001
2023,Tonga,-0.0419999999999998
1951,Trinidad and Tobago,0.032
1952,Trinidad and Tobago,0.0299999999999993
1953,Trinidad and Tobago,0.0350000000000001
1954,Trinidad and Tobago,0.064
1955,Trinidad and Tobago,0.0060000000000002
1956,Trinidad and Tobago,-0.0830000000000001
1957,Trinidad and Tobago,0.0129999999999999
1958,Trinidad and Tobago,0.0190000000000001
1959,Trinidad and Tobago,0.0499999999999998
1960,Trinidad and Tobago,0.0570000000000003
1961,Trinidad and Tobago,0.0
1962,Trinidad and Tobago,-0.0470000000000006
1963,Trinidad and Tobago,-0.1159999999999996
1964,Trinidad and Tobago,-0.1609999999999996
1965,Trinidad and Tobago,-0.2010000000000005
1966,Trinidad and Tobago,-0.2599999999999998
1967,Trinidad and Tobago,-0.2700000000000004
1968,Trinidad and Tobago,-0.2439999999999997
1969,Trinidad and Tobago,-0.25
1970,Trinidad and Tobago,-0.1469999999999998
1971,Trinidad and Tobago,-0.0969999999999999
1972,Trinidad and Tobago,-0.0609999999999999
1973,Trinidad and Tobago,-0.0849999999999999
1974,Trinidad and Tobago,-0.1470000000000002
1975,Trinidad and Tobago,-0.1049999999999999
1976,Trinidad and Tobago,-0.076
1977,Trinidad and Tobago,-0.0169999999999999
1978,Trinidad and Tobago,0.008
1979,Trinidad and Tobago,-0.0030000000000001
1980,Trinidad and Tobago,0.0190000000000001
1981,Trinidad and Tobago,-0.012
1982,Trinidad and Tobago,-0.0249999999999999
1983,Trinidad and Tobago,-0.0380000000000002
1984,Trinidad and Tobago,-0.0529999999999999
1985,Trinidad and Tobago,-0.0289999999999999
1986,Trinidad and Tobago,-0.0849999999999999
1987,Trinidad and Tobago,-0.1280000000000001
1988,Trinidad and Tobago,-0.129
1989,Trinidad and Tobago,-0.1200000000000001
1990,Trinidad and Tobago,-0.1319999999999996
1991,Trinidad and Tobago,-0.104
1992,Trinidad and Tobago,-0.0769999999999999
1993,Trinidad and Tobago,-0.084
1994,Trinidad and Tobago,-0.0649999999999999
1995,Trinidad and Tobago,-0.0969999999999999
1996,Trinidad and Tobago,-0.0730000000000001
1997,Trinidad and Tobago,-0.0629999999999999
1998,Trinidad and Tobago,-0.0469999999999999
1999,Trinidad and Tobago,-0.024
2000,Trinidad and Tobago,-0.028
2001,Trinidad and Tobago,-0.0269999999999999
2002,Trinidad and Tobago,-0.0330000000000001
2003,Trinidad and Tobago,-0.024
2004,Trinidad and Tobago,-0.0209999999999999
2005,Trinidad and Tobago,-0.002
2006,Trinidad and Tobago,-0.0009999999999998
2007,Trinidad and Tobago,-0.002
2008,Trinidad and Tobago,-0.0050000000000001
2009,Trinidad and Tobago,0.0010000000000001
2010,Trinidad and Tobago,-0.004
2011,Trinidad and Tobago,-0.0030000000000001
2012,Trinidad and Tobago,-0.002
2013,Trinidad and Tobago,-0.006
2014,Trinidad and Tobago,-0.0009999999999998
2015,Trinidad and Tobago,-0.004
2016,Trinidad and Tobago,0.0029999999999998
2017,Trinidad and Tobago,-0.0069999999999998
2018,Trinidad and Tobago,-0.006
2019,Trinidad and Tobago,-0.01
2020,Trinidad and Tobago,-0.006
2021,Trinidad and Tobago,-0.0130000000000001
2022,Trinidad and Tobago,-0.0149999999999999
2023,Trinidad and Tobago,-0.012
1951,Tunisia,0.0590000000000001
1952,Tunisia,0.0650000000000003
1953,Tunisia,0.0619999999999993
1954,Tunisia,0.064
1955,Tunisia,0.0430000000000001
1956,Tunisia,0.0430000000000001
1957,Tunisia,0.0469999999999997
1958,Tunisia,0.0430000000000001
1959,Tunisia,0.0440000000000004
1960,Tunisia,0.0069999999999996
1961,Tunisia,0.0019999999999997
1962,Tunisia,0.0090000000000003
1963,Tunisia,0.0019999999999997
1964,Tunisia,-0.0039999999999995
1965,Tunisia,-0.0529999999999999
1966,Tunisia,-0.0580000000000007
1967,Tunisia,-0.1029999999999997
1968,Tunisia,-0.1459999999999999
1969,Tunisia,-0.1829999999999998
1970,Tunisia,-0.197
1971,Tunisia,-0.1360000000000001
1972,Tunisia,-0.1029999999999997
1973,Tunisia,-0.0670000000000001
1974,Tunisia,-0.072
1975,Tunisia,-0.0759999999999996
1976,Tunisia,-0.0990000000000002
1977,Tunisia,-0.1920000000000001
1978,Tunisia,-0.2800000000000002
1979,Tunisia,-0.2169999999999996
1980,Tunisia,-0.1509999999999998
1981,Tunisia,-0.0100000000000006
1982,Tunisia,-0.133
1983,Tunisia,-0.1189999999999997
1984,Tunisia,-0.1070000000000002
1985,Tunisia,-0.1429999999999998
1986,Tunisia,-0.1600000000000001
1987,Tunisia,-0.2569999999999997
1988,Tunisia,-0.2709999999999999
1989,Tunisia,-0.2640000000000002
1990,Tunisia,-0.1280000000000001
1991,Tunisia,-0.1309999999999997
1992,Tunisia,-0.121
1993,Tunisia,-0.1310000000000002
1994,Tunisia,-0.1839999999999997
1995,Tunisia,-0.2040000000000001
1996,Tunisia,-0.1819999999999999
1997,Tunisia,-0.1499999999999999
1998,Tunisia,-0.141
1999,Tunisia,-0.1150000000000002
2000,Tunisia,-0.0569999999999999
2001,Tunisia,-0.0499999999999998
2002,Tunisia,-0.034
2003,Tunisia,0.0149999999999999
2004,Tunisia,-0.006
2005,Tunisia,0.0030000000000001
2006,Tunisia,-0.0010000000000001
2007,Tunisia,0.0050000000000001
2008,Tunisia,0.018
2009,Tunisia,0.0289999999999999
2010,Tunisia,0.0710000000000001
2011,Tunisia,0.1139999999999998
2012,Tunisia,0.088
2013,Tunisia,0.0329999999999999
2014,Tunisia,0.0059999999999997
2015,Tunisia,-0.0099999999999997
2016,Tunisia,-0.0310000000000001
2017,Tunisia,-0.0699999999999998
2018,Tunisia,-0.072
2019,Tunisia,-0.0329999999999999
2020,Tunisia,-0.1
2021,Tunisia,-0.1999999999999999
2022,Tunisia,0.0469999999999999
2023,Tunisia,-0.0149999999999999
1951,Turkey,0.0
1952,Turkey,0.0019999999999997
1953,Turkey,0.0070000000000005
1954,Turkey,-0.0090000000000003
1955,Turkey,-0.0049999999999998
1956,Turkey,0.0
1957,Turkey,-0.0090000000000003
1958,Turkey,-0.0199999999999995
1959,Turkey,-0.0179999999999997
1960,Turkey,-0.0330000000000003
1961,Turkey,0.0359999999999995
1962,Turkey,-0.0369999999999999
1963,Turkey,-0.0429999999999992
1964,Turkey,-0.048
1965,Turkey,-0.0710000000000006
1966,Turkey,-0.0679999999999996
1967,Turkey,-0.0949999999999997
1968,Turkey,-0.0950000000000006
1969,Turkey,-0.0899999999999998
1970,Turkey,-0.0969999999999995
1971,Turkey,-0.104
1972,Turkey,-0.1230000000000002
1973,Turkey,-0.1379999999999999
1974,Turkey,-0.1669999999999998
1975,Turkey,-0.1560000000000005
1976,Turkey,-0.1559999999999997
1977,Turkey,-0.1470000000000002
1978,Turkey,-0.0929999999999999
1979,Turkey,-0.1120000000000001
1980,Turkey,-0.1259999999999994
1981,Turkey,-0.1020000000000003
1982,Turkey,-0.1459999999999999
1983,Turkey,-0.149
1984,Turkey,-0.145
1985,Turkey,-0.1320000000000001
1986,Turkey,-0.121
1987,Turkey,-0.1160000000000001
1988,Turkey,-0.0969999999999999
1989,Turkey,-0.1089999999999999
1990,Turkey,-0.2289999999999996
1991,Turkey,-0.104
1992,Turkey,-0.064
1993,Turkey,-0.0230000000000001
1994,Turkey,-0.0419999999999998
1995,Turkey,-0.0390000000000001
1996,Turkey,-0.056
1997,Turkey,-0.0349999999999997
1998,Turkey,-0.0370000000000003
1999,Turkey,-0.0769999999999999
2000,Turkey,-0.1429999999999998
2001,Turkey,-0.0950000000000002
2002,Turkey,-0.1240000000000001
2003,Turkey,-0.0659999999999998
2004,Turkey,-0.0049999999999998
2005,Turkey,0.0
2006,Turkey,-0.004
2007,Turkey,-0.0100000000000002
2008,Turkey,-0.016
2009,Turkey,-0.0219999999999997
2010,Turkey,-0.0649999999999999
2011,Turkey,-0.0329999999999999
2012,Turkey,0.0619999999999998
2013,Turkey,-0.0019999999999997
2014,Turkey,0.0789999999999997
2015,Turkey,-0.0289999999999999
2016,Turkey,-0.0419999999999998
2017,Turkey,-0.0330000000000003
2018,Turkey,-0.0779999999999998
2019,Turkey,-0.1180000000000001
2020,Turkey,-0.1179999999999998
2021,Turkey,-0.06
2022,Turkey,-0.0829999999999999
2023,Turkey,0.0
1951,Turkmenistan,-0.0049999999999998
1952,Turkmenistan,0.0029999999999992
1953,Turkmenistan,0.314
1954,Turkmenistan,0.2019999999999999
1955,Turkmenistan,0.1960000000000006
1956,Turkmenistan,0.1899999999999995
1957,Turkmenistan,0.1800000000000006
1958,Turkmenistan,0.1689999999999996
1959,Turkmenistan,0.0520000000000004
1960,Turkmenistan,0.0329999999999994
1961,Turkmenistan,0.0990000000000002
1962,Turkmenistan,0.0670000000000001
1963,Turkmenistan,0.032
1964,Turkmenistan,-0.0010000000000003
1965,Turkmenistan,-0.0309999999999996
1966,Turkmenistan,-0.0529999999999999
1967,Turkmenistan,-0.0680000000000005
1968,Turkmenistan,-0.0750000000000001
1969,Turkmenistan,-0.0779999999999994
1970,Turkmenistan,-0.0780000000000002
1971,Turkmenistan,-0.0809999999999995
1972,Turkmenistan,-0.1230000000000002
1973,Turkmenistan,-0.048
1974,Turkmenistan,-0.0650000000000003
1975,Turkmenistan,-0.0830000000000001
1976,Turkmenistan,-0.1029999999999997
1977,Turkmenistan,-0.1310000000000002
1978,Turkmenistan,-0.1599999999999992
1979,Turkmenistan,-0.1530000000000004
1980,Turkmenistan,-0.1539999999999999
1981,Turkmenistan,-0.141
1982,Turkmenistan,-0.1200000000000001
1983,Turkmenistan,-0.0750000000000001
1984,Turkmenistan,-0.0029999999999992
1985,Turkmenistan,0.0019999999999997
1986,Turkmenistan,-0.0300000000000002
1987,Turkmenistan,-0.0940000000000003
1988,Turkmenistan,-0.1669999999999998
1989,Turkmenistan,-0.2119999999999997
1990,Turkmenistan,-0.1749999999999998
1991,Turkmenistan,-0.1430000000000006
1992,Turkmenistan,-0.1879999999999997
1993,Turkmenistan,-0.1789999999999998
1994,Turkmenistan,-0.1549999999999998
1995,Turkmenistan,-0.1320000000000001
1996,Turkmenistan,-0.1990000000000003
1997,Turkmenistan,-0.1119999999999996
1998,Turkmenistan,-0.1049999999999999
1999,Turkmenistan,-0.0990000000000002
2000,Turkmenistan,-0.076
2001,Turkmenistan,-0.0859999999999998
2002,Turkmenistan,-0.104
2003,Turkmenistan,-0.0430000000000001
2004,Turkmenistan,0.0070000000000001
2005,Turkmenistan,0.032
2006,Turkmenistan,0.0180000000000002
2007,Turkmenistan,0.0099999999999997
2008,Turkmenistan,0.016
2009,Turkmenistan,0.044
2010,Turkmenistan,0.0539999999999998
2011,Turkmenistan,0.052
2012,Turkmenistan,0.0550000000000001
2013,Turkmenistan,0.052
2014,Turkmenistan,0.016
2015,Turkmenistan,0.0099999999999997
2016,Turkmenistan,-0.0429999999999997
2017,Turkmenistan,-0.056
2018,Turkmenistan,-0.0590000000000001
2019,Turkmenistan,-0.0409999999999999
2020,Turkmenistan,-0.0409999999999999
2021,Turkmenistan,-0.0390000000000001
2022,Turkmenistan,-0.0259999999999998
2023,Turkmenistan,-0.0380000000000002
1951,Turks and Caicos Islands,0.0570000000000003
1952,Turks and Caicos Islands,0.0439999999999995
1953,Turks and Caicos Islands,0.0439999999999995
1954,Turks and Caicos Islands,0.048
1955,Turks and Caicos Islands,0.0390000000000005
1956,Turks and Caicos Islands,-0.0040000000000004
1957,Turks and Caicos Islands,-0.0229999999999996
1958,Turks and Caicos Islands,-0.032
1959,Turks and Caicos Islands,-0.0520000000000004
1960,Turks and Caicos Islands,-0.0689999999999999
1961,Turks and Caicos Islands,-0.0839999999999996
1962,Turks and Caicos Islands,-0.0910000000000001
1963,Turks and Caicos Islands,-0.0969999999999995
1964,Turks and Caicos Islands,-0.1110000000000006
1965,Turks and Caicos Islands,-0.1059999999999998
1966,Turks and Caicos Islands,-0.0670000000000001
1967,Turks and Caicos Islands,-0.04
1968,Turks and Caicos Islands,0.0020000000000006
1969,Turks and Caicos Islands,-0.0860000000000003
1970,Turks and Caicos Islands,-0.0819999999999998
1971,Turks and Caicos Islands,-0.088
1972,Turks and Caicos Islands,-0.1139999999999998
1973,Turks and Caicos Islands,-0.1139999999999998
1974,Turks and Caicos Islands,-0.1200000000000001
1975,Turks and Caicos Islands,-0.1059999999999998
1976,Turks and Caicos Islands,-0.0630000000000006
1977,Turks and Caicos Islands,-0.0709999999999997
1978,Turks and Caicos Islands,-0.0679999999999996
1979,Turks and Caicos Islands,-0.0550000000000006
1980,Turks and Caicos Islands,-0.0599999999999996
1981,Turks and Caicos Islands,-0.0789999999999997
1982,Turks and Caicos Islands,-0.0990000000000002
1983,Turks and Caicos Islands,-0.1070000000000002
1984,Turks and Caicos Islands,-0.0989999999999997
1985,Turks and Caicos Islands,-0.0780000000000002
1986,Turks and Caicos Islands,-0.1189999999999997
1987,Turks and Caicos Islands,-0.1360000000000001
1988,Turks and Caicos Islands,-0.1539999999999999
1989,Turks and Caicos Islands,-0.1640000000000001
1990,Turks and Caicos Islands,-0.1459999999999999
1991,Turks and Caicos Islands,-0.1360000000000001
1992,Turks and Caicos Islands,-0.1139999999999998
1993,Turks and Caicos Islands,-0.0969999999999999
1994,Turks and Caicos Islands,-0.0860000000000003
1995,Turks and Caicos Islands,-0.0569999999999999
1996,Turks and Caicos Islands,-0.0499999999999998
1997,Turks and Caicos Islands,-0.068
1998,Turks and Caicos Islands,-0.0609999999999999
1999,Turks and Caicos Islands,-0.056
2000,Turks and Caicos Islands,-0.0579999999999998
2001,Turks and Caicos Islands,-0.064
2002,Turks and Caicos Islands,-0.1
2003,Turks and Caicos Islands,-0.0659999999999998
2004,Turks and Caicos Islands,-0.04
2005,Turks and Caicos Islands,-0.0300000000000002
2006,Turks and Caicos Islands,-0.028
2007,Turks and Caicos Islands,-0.0289999999999999
2008,Turks and Caicos Islands,-0.044
2009,Turks and Caicos Islands,-0.0459999999999998
2010,Turks and Caicos Islands,-0.052
2011,Turks and Caicos Islands,-0.048
2012,Turks and Caicos Islands,-0.054
2013,Turks and Caicos Islands,-0.0529999999999999
2014,Turks and Caicos Islands,-0.0229999999999999
2015,Turks and Caicos Islands,-0.0110000000000001
2016,Turks and Caicos Islands,-0.0049999999999998
2017,Turks and Caicos Islands,-0.0090000000000001
2018,Turks and Caicos Islands,-0.0269999999999999
2019,Turks and Caicos Islands,-0.06
2020,Turks and Caicos Islands,-0.0649999999999999
2021,Turks and Caicos Islands,-0.0510000000000001
2022,Turks and Caicos Islands,-0.0239999999999998
2023,Turks and Caicos Islands,-0.014
1951,Tuvalu,-0.0030000000000001
1952,Tuvalu,-0.0110000000000001
1953,Tuvalu,-0.0129999999999999
1954,Tuvalu,-0.0129999999999999
1955,Tuvalu,-0.0209999999999999
1956,Tuvalu,-0.04
1957,Tuvalu,-0.0359999999999995
1958,Tuvalu,-0.0440000000000004
1959,Tuvalu,-0.0449999999999999
1960,Tuvalu,-0.0449999999999999
1961,Tuvalu,-0.0569999999999994
1962,Tuvalu,-0.0850000000000008
1963,Tuvalu,-0.0899999999999998
1964,Tuvalu,-0.088
1965,Tuvalu,-0.0999999999999996
1966,Tuvalu,-0.0890000000000004
1967,Tuvalu,-0.1429999999999998
1968,Tuvalu,-0.133
1969,Tuvalu,-0.1339999999999994
1970,Tuvalu,-0.1459999999999999
1971,Tuvalu,-0.1370000000000004
1972,Tuvalu,-0.1379999999999999
1973,Tuvalu,-0.0939999999999998
1974,Tuvalu,-0.0790000000000001
1975,Tuvalu,-0.0550000000000001
1976,Tuvalu,-0.024
1977,Tuvalu,0.0010000000000003
1978,Tuvalu,0.0349999999999997
1979,Tuvalu,0.0550000000000001
1980,Tuvalu,0.0849999999999999
1981,Tuvalu,0.0739999999999998
1982,Tuvalu,0.0729999999999999
1983,Tuvalu,0.0350000000000001
1984,Tuvalu,0.0340000000000002
1985,Tuvalu,0.0269999999999996
1986,Tuvalu,0.0
1987,Tuvalu,-0.032
1988,Tuvalu,-0.06
1989,Tuvalu,-0.0839999999999996
1990,Tuvalu,-0.0470000000000001
1991,Tuvalu,0.0390000000000001
1992,Tuvalu,0.0709999999999997
1993,Tuvalu,0.0620000000000002
1994,Tuvalu,0.0009999999999998
1995,Tuvalu,0.04
1996,Tuvalu,-0.012
1997,Tuvalu,0.0009999999999998
1998,Tuvalu,-0.0009999999999998
1999,Tuvalu,-0.032
2000,Tuvalu,-0.0779999999999998
2001,Tuvalu,-0.092
2002,Tuvalu,-0.1120000000000001
2003,Tuvalu,-0.0579999999999998
2004,Tuvalu,-0.0260000000000002
2005,Tuvalu,-0.0070000000000001
2006,Tuvalu,-0.0209999999999999
2007,Tuvalu,-0.0789999999999997
2008,Tuvalu,-0.0310000000000001
2009,Tuvalu,0.0099999999999997
2010,Tuvalu,0.0170000000000003
2011,Tuvalu,0.0209999999999999
2012,Tuvalu,0.0070000000000001
2013,Tuvalu,-0.0810000000000004
2014,Tuvalu,-0.0589999999999997
2015,Tuvalu,-0.0220000000000002
2016,Tuvalu,-0.0109999999999996
2017,Tuvalu,0.004
2018,Tuvalu,0.0269999999999996
2019,Tuvalu,0.0030000000000001
2020,Tuvalu,-0.0219999999999997
2021,Tuvalu,-0.032
2022,Tuvalu,-0.0329999999999999
2023,Tuvalu,-0.036
1951,Uganda,-0.008
1952,Uganda,0.024
1953,Uganda,0.024
1954,Uganda,0.0270000000000001
1955,Uganda,0.0190000000000001
1956,Uganda,0.0189999999999992
1957,Uganda,0.0340000000000006
1958,Uganda,0.0430000000000001
1959,Uganda,0.0439999999999995
1960,Uganda,0.0220000000000002
1961,Uganda,0.0219999999999993
1962,Uganda,0.032
1963,Uganda,0.0250000000000003
1964,Uganda,0.0279999999999995
1965,Uganda,0.0300000000000002
1966,Uganda,0.024
1967,Uganda,0.0360000000000004
1968,Uganda,0.0279999999999995
1969,Uganda,-0.0149999999999996
1970,Uganda,0.0339999999999998
1971,Uganda,0.032
1972,Uganda,0.0039999999999995
1973,Uganda,0.008
1974,Uganda,-0.0009999999999994
1975,Uganda,0.0089999999999994
1976,Uganda,-0.0069999999999996
1977,Uganda,-0.0110000000000001
1978,Uganda,-0.0199999999999995
1979,Uganda,-0.0209999999999999
1980,Uganda,-0.0289999999999999
1981,Uganda,0.0049999999999998
1982,Uganda,-0.008
1983,Uganda,-0.0420000000000007
1984,Uganda,-0.0439999999999995
1985,Uganda,0.0129999999999999
1986,Uganda,0.0460000000000002
1987,Uganda,0.0369999999999999
1988,Uganda,-0.0179999999999997
1989,Uganda,-0.0570000000000003
1990,Uganda,-0.0309999999999996
1991,Uganda,-0.0710000000000006
1992,Uganda,-0.0299999999999993
1993,Uganda,-0.0270000000000001
1994,Uganda,0.0129999999999999
1995,Uganda,-0.0279999999999995
1996,Uganda,-0.0360000000000004
1997,Uganda,0.0209999999999999
1998,Uganda,-0.0190000000000001
1999,Uganda,-0.0119999999999995
2000,Uganda,-0.0369999999999999
2001,Uganda,-0.0310000000000005
2002,Uganda,-0.0219999999999993
2003,Uganda,-0.064
2004,Uganda,-0.0590000000000001
2005,Uganda,-0.0869999999999997
2006,Uganda,-0.096
2007,Uganda,-0.1030000000000006
2008,Uganda,-0.1239999999999996
2009,Uganda,-0.0780000000000002
2010,Uganda,-0.1049999999999995
2011,Uganda,-0.1340000000000003
2012,Uganda,-0.1559999999999997
2013,Uganda,-0.1660000000000003
2014,Uganda,-0.1549999999999993
2015,Uganda,-0.157
2016,Uganda,-0.1390000000000002
2017,Uganda,-0.125
2018,Uganda,-0.1200000000000001
2019,Uganda,-0.1230000000000002
2020,Uganda,-0.1229999999999993
2021,Uganda,-0.1110000000000006
2022,Uganda,-0.1219999999999998
2023,Uganda,-0.1049999999999995
1951,Ukraine,-0.0180000000000002
1952,Ukraine,-0.0289999999999999
1953,Ukraine,-0.0389999999999997
1954,Ukraine,-0.0550000000000001
1955,Ukraine,0.0059999999999997
1956,Ukraine,-0.0089999999999998
1957,Ukraine,-0.0049999999999998
1958,Ukraine,-0.0030000000000001
1959,Ukraine,0.0
1960,Ukraine,-0.0099999999999997
1961,Ukraine,-0.088
1962,Ukraine,-0.0430000000000001
1963,Ukraine,-0.0429999999999997
1964,Ukraine,-0.0970000000000004
1965,Ukraine,-0.0709999999999997
1966,Ukraine,0.0939999999999998
1967,Ukraine,0.0030000000000001
1968,Ukraine,-0.0089999999999998
1969,Ukraine,-0.0190000000000001
1970,Ukraine,0.0659999999999998
1971,Ukraine,0.0350000000000001
1972,Ukraine,0.0139999999999997
1973,Ukraine,-0.0829999999999997
1974,Ukraine,0.02
1975,Ukraine,-0.0150000000000001
1976,Ukraine,-0.0049999999999998
1977,Ukraine,-0.0609999999999999
1978,Ukraine,-0.014
1979,Ukraine,-0.012
1980,Ukraine,-0.008
1981,Ukraine,-0.034
1982,Ukraine,0.036
1983,Ukraine,0.1480000000000001
1984,Ukraine,-0.0180000000000002
1985,Ukraine,-0.048
1986,Ukraine,0.084
1987,Ukraine,-0.0470000000000001
1988,Ukraine,-0.028
1989,Ukraine,-0.1149999999999997
1990,Ukraine,-0.082
1991,Ukraine,-0.072
1992,Ukraine,-0.0989999999999999
1993,Ukraine,-0.1099999999999998
1994,Ukraine,-0.0929999999999999
1995,Ukraine,-0.072
1996,Ukraine,-0.066
1997,Ukraine,-0.062
1998,Ukraine,-0.0649999999999999
1999,Ukraine,-0.0789999999999999
2000,Ukraine,-0.0189999999999999
2001,Ukraine,-0.016
2002,Ukraine,0.0349999999999999
2003,Ukraine,0.046
2004,Ukraine,0.042
2005,Ukraine,0.006
2006,Ukraine,0.0759999999999998
2007,Ukraine,0.046
2008,Ukraine,0.1009999999999999
2009,Ukraine,0.026
2010,Ukraine,-0.034
2011,Ukraine,0.028
2012,Ukraine,0.064
2013,Ukraine,-0.0130000000000001
2014,Ukraine,-0.0489999999999999
2015,Ukraine,-0.0789999999999999
2016,Ukraine,0.004
2017,Ukraine,-0.0909999999999999
2018,Ukraine,-0.0669999999999999
2019,Ukraine,-0.0150000000000001
2020,Ukraine,-0.01
2021,Ukraine,-0.06
2022,Ukraine,-0.2509999999999999
2023,Ukraine,0.0799999999999999
1951,United Arab Emirates,-0.0040000000000004
1952,United Arab Emirates,0.0010000000000003
1953,United Arab Emirates,-0.0010000000000003
1954,United Arab Emirates,0.0030000000000001
1955,United Arab Emirates,-0.0069999999999996
1956,United Arab Emirates,-0.0010000000000003
1957,United Arab Emirates,-0.0059999999999993
1958,United Arab Emirates,-0.0040000000000004
1959,United Arab Emirates,0.016
1960,United Arab Emirates,-0.0010000000000003
1961,United Arab Emirates,-0.0049999999999998
1962,United Arab Emirates,-0.0049999999999998
1963,United Arab Emirates,0.0060000000000002
1964,United Arab Emirates,-0.0010000000000003
1965,United Arab Emirates,0.0010000000000003
1966,United Arab Emirates,0.0
1967,United Arab Emirates,0.0149999999999996
1968,United Arab Emirates,0.0190000000000001
1969,United Arab Emirates,-0.0049999999999998
1970,United Arab Emirates,-0.0049999999999998
1971,United Arab Emirates,0.0
1972,United Arab Emirates,-0.0170000000000003
1973,United Arab Emirates,-0.0379999999999993
1974,United Arab Emirates,-0.0530000000000008
1975,United Arab Emirates,-0.0579999999999998
1976,United Arab Emirates,-0.0619999999999993
1977,United Arab Emirates,-0.0680000000000005
1978,United Arab Emirates,-0.072
1979,United Arab Emirates,-0.0919999999999996
1980,United Arab Emirates,-0.1059999999999998
1981,United Arab Emirates,-0.1390000000000002
1982,United Arab Emirates,-0.1559999999999997
1983,United Arab Emirates,-0.1760000000000001
1984,United Arab Emirates,-0.1790000000000002
1985,United Arab Emirates,-0.1779999999999999
1986,United Arab Emirates,-0.1260000000000003
1987,United Arab Emirates,-0.1159999999999996
1988,United Arab Emirates,-0.1150000000000002
1989,United Arab Emirates,-0.1179999999999994
1990,United Arab Emirates,-0.1440000000000001
1991,United Arab Emirates,-0.2549999999999999
1992,United Arab Emirates,-0.1630000000000002
1993,United Arab Emirates,-0.2690000000000001
1994,United Arab Emirates,-0.0579999999999998
1995,United Arab Emirates,-0.4830000000000001
1996,United Arab Emirates,-0.2179999999999999
1997,United Arab Emirates,-0.2349999999999998
1998,United Arab Emirates,-0.06
1999,United Arab Emirates,0.028
2000,United Arab Emirates,-0.06
2001,United Arab Emirates,-0.1110000000000002
2002,United Arab Emirates,-0.0809999999999999
2003,United Arab Emirates,-0.0499999999999998
2004,United Arab Emirates,-0.1060000000000003
2005,United Arab Emirates,-0.1529999999999995
2006,United Arab Emirates,-0.2740000000000002
2007,United Arab Emirates,-0.1659999999999999
2008,United Arab Emirates,-0.276
2009,United Arab Emirates,0.066
2010,United Arab Emirates,-0.0170000000000001
2011,United Arab Emirates,-0.026
2012,United Arab Emirates,-0.0069999999999998
2013,United Arab Emirates,-0.0050000000000001
2014,United Arab Emirates,-0.0439999999999998
2015,United Arab Emirates,-0.066
2016,United Arab Emirates,-0.0509999999999999
2017,United Arab Emirates,-0.016
2018,United Arab Emirates,-0.062
2019,United Arab Emirates,-0.0409999999999999
2020,United Arab Emirates,0.0419999999999998
2021,United Arab Emirates,-0.127
2022,United Arab Emirates,-0.014
2023,United Arab Emirates,0.052
1951,United Kingdom,-0.0390000000000001
1952,United Kingdom,0.008
1953,United Kingdom,0.0339999999999998
1954,United Kingdom,0.0190000000000001
1955,United Kingdom,0.0329999999999999
1956,United Kingdom,0.096
1957,United Kingdom,0.0950000000000002
1958,United Kingdom,0.0759999999999996
1959,United Kingdom,0.0580000000000002
1960,United Kingdom,0.1
1961,United Kingdom,0.0849999999999999
1962,United Kingdom,0.0769999999999999
1963,United Kingdom,0.044
1964,United Kingdom,0.0209999999999999
1965,United Kingdom,-0.064
1966,United Kingdom,-0.0899999999999998
1967,United Kingdom,-0.0990000000000002
1968,United Kingdom,-0.0859999999999998
1969,United Kingdom,-0.0900000000000003
1970,United Kingdom,-0.0809999999999999
1971,United Kingdom,-0.0779999999999998
1972,United Kingdom,-0.161
1973,United Kingdom,-0.1459999999999999
1974,United Kingdom,-0.121
1975,United Kingdom,-0.1080000000000001
1976,United Kingdom,-0.0689999999999999
1977,United Kingdom,-0.0489999999999999
1978,United Kingdom,0.0639999999999998
1979,United Kingdom,0.104
1980,United Kingdom,0.0309999999999999
1981,United Kingdom,-0.0709999999999999
1982,United Kingdom,-0.0389999999999999
1983,United Kingdom,-0.012
1984,United Kingdom,0.0
1985,United Kingdom,0.022
1986,United Kingdom,-0.006
1987,United Kingdom,0.026
1988,United Kingdom,0.012
1989,United Kingdom,-0.026
1990,United Kingdom,0.0349999999999999
1991,United Kingdom,-0.012
1992,United Kingdom,-0.024
1993,United Kingdom,-0.0349999999999999
1994,United Kingdom,-0.0209999999999999
1995,United Kingdom,-0.028
1996,United Kingdom,0.0129999999999999
1997,United Kingdom,0.0
1998,United Kingdom,-0.0109999999999998
1999,United Kingdom,-0.0290000000000001
2000,United Kingdom,-0.0409999999999999
2001,United Kingdom,-0.0169999999999999
2002,United Kingdom,0.0089999999999998
2003,United Kingdom,0.0649999999999999
2004,United Kingdom,0.0490000000000001
2005,United Kingdom,0.0139999999999997
2006,United Kingdom,0.0510000000000001
2007,United Kingdom,0.0509999999999999
2008,United Kingdom,0.042
2009,United Kingdom,-0.012
2010,United Kingdom,0.0249999999999999
2011,United Kingdom,-0.0069999999999998
2012,United Kingdom,-0.002
2013,United Kingdom,-0.0789999999999999
2014,United Kingdom,-0.0190000000000001
2015,United Kingdom,-0.01
2016,United Kingdom,-0.016
2017,United Kingdom,-0.0499999999999998
2018,United Kingdom,-0.0590000000000001
2019,United Kingdom,-0.044
2020,United Kingdom,-0.0609999999999999
2021,United Kingdom,0.012
2022,United Kingdom,-0.0229999999999999
2023,United Kingdom,0.0
1951,United States,0.1110000000000002
1952,United States,0.0929999999999999
1953,United States,0.068
1954,United States,0.1169999999999999
1955,United States,0.04
1956,United States,0.1089999999999999
1957,United States,0.0789999999999997
1958,United States,0.0510000000000001
1959,United States,-0.0070000000000001
1960,United States,-0.0149999999999996
1961,United States,-0.0410000000000003
1962,United States,-0.1579999999999999
1963,United States,-0.1429999999999998
1964,United States,-0.1320000000000001
1965,United States,-0.2749999999999999
1966,United States,-0.2139999999999999
1967,United States,-0.1640000000000001
1968,United States,-0.0969999999999999
1969,United States,-0.004
1970,United States,0.0110000000000001
1971,United States,-0.197
1972,United States,-0.2610000000000001
1973,United States,-0.1359999999999999
1974,United States,-0.0489999999999999
1975,United States,-0.0570000000000001
1976,United States,-0.03
1977,United States,0.0410000000000001
1978,United States,-0.022
1979,United States,0.0389999999999999
1980,United States,0.018
1981,United States,-0.014
1982,United States,0.008
1983,United States,-0.028
1984,United States,0.0
1985,United States,0.0270000000000001
1986,United States,-0.002
1987,United States,0.0329999999999999
1988,United States,0.0569999999999999
1989,United States,0.0719999999999998
1990,United States,0.0580000000000002
1991,United States,-0.0129999999999999
1992,United States,-0.02
1993,United States,-0.0290000000000003
1994,United States,-0.0219999999999997
1995,United States,-0.0229999999999999
1996,United States,-0.0050000000000001
1997,United States,-0.004
1998,United States,0.024
1999,United States,0.01
2000,United States,0.0399999999999998
2001,United States,-0.0189999999999996
2002,United States,-0.008
2003,United States,0.0219999999999997
2004,United States,0.0060000000000002
2005,United States,0.0089999999999998
2006,United States,0.0470000000000001
2007,United States,0.0089999999999998
2008,United States,-0.0430000000000001
2009,United States,-0.0659999999999998
2010,United States,-0.0710000000000001
2011,United States,-0.0369999999999999
2012,United States,-0.0169999999999999
2013,United States,-0.022
2014,United States,0.008
2015,United States,-0.016
2016,United States,-0.028
2017,United States,-0.0510000000000001
2018,United States,-0.0379999999999998
2019,United States,-0.0310000000000001
2020,United States,-0.0679999999999998
2021,United States,0.0179999999999997
2022,United States,0.0310000000000001
2023,United States,-0.0409999999999999
1951,United States Virgin Islands,0.1749999999999998
1952,United States Virgin Islands,-0.3860000000000001
1953,United States Virgin Islands,0.1280000000000001
1954,United States Virgin Islands,-0.0229999999999996
1955,United States Virgin Islands,0.0460000000000002
1956,United States Virgin Islands,0.0929999999999999
1957,United States Virgin Islands,0.072
1958,United States Virgin Islands,0.3359999999999994
1959,United States Virgin Islands,-0.1869999999999994
1960,United States Virgin Islands,-0.0700000000000002
1961,United States Virgin Islands,-0.3479999999999998
1962,United States Virgin Islands,0.2709999999999999
1963,United States Virgin Islands,-0.1139999999999998
1964,United States Virgin Islands,0.516
1965,United States Virgin Islands,0.1659999999999994
1966,United States Virgin Islands,-0.6469999999999994
1967,United States Virgin Islands,0.2029999999999994
1968,United States Virgin Islands,-0.242
1969,United States Virgin Islands,-0.1419999999999994
1970,United States Virgin Islands,0.4419999999999993
1971,United States Virgin Islands,-0.1879999999999997
1972,United States Virgin Islands,-0.2859999999999996
1973,United States Virgin Islands,-0.5490000000000004
1974,United States Virgin Islands,-0.3579999999999996
1975,United States Virgin Islands,-0.278
1976,United States Virgin Islands,-0.205
1977,United States Virgin Islands,-0.133
1978,United States Virgin Islands,0.0459999999999998
1979,United States Virgin Islands,-0.2629999999999999
1980,United States Virgin Islands,0.0649999999999999
1981,United States Virgin Islands,-0.1059999999999998
1982,United States Virgin Islands,0.0769999999999999
1983,United States Virgin Islands,0.0209999999999999
1984,United States Virgin Islands,-0.201
1985,United States Virgin Islands,-0.0649999999999999
1986,United States Virgin Islands,-0.0909999999999997
1987,United States Virgin Islands,0.1039999999999996
1988,United States Virgin Islands,-0.0069999999999996
1989,United States Virgin Islands,0.1869999999999998
1990,United States Virgin Islands,0.0819999999999998
1991,United States Virgin Islands,0.2730000000000001
1992,United States Virgin Islands,0.2509999999999999
1993,United States Virgin Islands,0.0060000000000002
1994,United States Virgin Islands,0.0459999999999998
1995,United States Virgin Islands,-0.4449999999999998
1996,United States Virgin Islands,-0.2960000000000002
1997,United States Virgin Islands,0.076
1998,United States Virgin Islands,-0.3409999999999997
1999,United States Virgin Islands,-0.2270000000000003
2000,United States Virgin Islands,-0.1119999999999996
2001,United States Virgin Islands,0.1359999999999996
2002,United States Virgin Islands,-0.0579999999999998
2003,United States Virgin Islands,-0.084
2004,United States Virgin Islands,0.096
2005,United States Virgin Islands,-0.0070000000000001
2006,United States Virgin Islands,0.1520000000000001
2007,United States Virgin Islands,0.0259999999999998
2008,United States Virgin Islands,0.0889999999999999
2009,United States Virgin Islands,-0.1119999999999996
2010,United States Virgin Islands,-0.0950000000000002
2011,United States Virgin Islands,-0.1419999999999999
2012,United States Virgin Islands,-0.084
2013,United States Virgin Islands,-0.0249999999999999
2014,United States Virgin Islands,-0.008
2015,United States Virgin Islands,-0.0030000000000001
2016,United States Virgin Islands,-0.0129999999999999
2017,United States Virgin Islands,-0.012
2018,United States Virgin Islands,-0.0110000000000001
2019,United States Virgin Islands,-0.02
2020,United States Virgin Islands,-0.0230000000000001
2021,United States Virgin Islands,-0.0149999999999996
2022,United States Virgin Islands,-0.0230000000000001
2023,United States Virgin Islands,-0.0110000000000001
1951,Upper-middle-income countries,-0.0539999999999993
1952,Upper-middle-income countries,0.4189999999999996
1953,Upper-middle-income countries,-0.2249999999999996
1954,Upper-middle-income countries,0.133
1955,Upper-middle-income countries,-0.0129999999999999
1956,Upper-middle-income countries,-0.2170000000000005
1957,Upper-middle-income countries,0.2940000000000005
1958,Upper-middle-income countries,-0.3790000000000004
1959,Upper-middle-income countries,-0.5049999999999999
1960,Upper-middle-income countries,-0.1349999999999998
1961,Upper-middle-income countries,-0.3100000000000005
1962,Upper-middle-income countries,1.1320000000000006
1963,Upper-middle-income countries,0.718
1964,Upper-middle-income countries,-0.4619999999999997
1965,Upper-middle-income countries,-0.0620000000000002
1966,Upper-middle-income countries,-0.1719999999999997
1967,Upper-middle-income countries,-0.2860000000000005
1968,Upper-middle-income countries,0.3410000000000002
1969,Upper-middle-income countries,-0.1909999999999998
1970,Upper-middle-income countries,-0.0670000000000001
1971,Upper-middle-income countries,-0.3129999999999997
1972,Upper-middle-income countries,-0.2390000000000007
1973,Upper-middle-income countries,-0.2329999999999996
1974,Upper-middle-income countries,-0.3280000000000003
1975,Upper-middle-income countries,-0.3479999999999998
1976,Upper-middle-income countries,-0.2109999999999998
1977,Upper-middle-income countries,-0.2429999999999998
1978,Upper-middle-income countries,-0.0980000000000003
1979,Upper-middle-income countries,-0.0159999999999995
1980,Upper-middle-income countries,-0.0430000000000001
1981,Upper-middle-income countries,-0.0169999999999999
1982,Upper-middle-income countries,0.0549999999999997
1983,Upper-middle-income countries,-0.2629999999999999
1984,Upper-middle-income countries,-0.0219999999999997
1985,Upper-middle-income countries,-0.0300000000000002
1986,Upper-middle-income countries,0.0209999999999999
1987,Upper-middle-income countries,-0.0059999999999997
1988,Upper-middle-income countries,-0.1539999999999999
1989,Upper-middle-income countries,-0.0470000000000001
1990,Upper-middle-income countries,-0.0409999999999999
1991,Upper-middle-income countries,-0.3500000000000001
1992,Upper-middle-income countries,-0.1259999999999999
1993,Upper-middle-income countries,-0.072
1994,Upper-middle-income countries,-0.0499999999999998
1995,Upper-middle-income countries,-0.0390000000000001
1996,Upper-middle-income countries,-0.044
1997,Upper-middle-income countries,-0.0369999999999999
1998,Upper-middle-income countries,-0.0270000000000001
1999,Upper-middle-income countries,-0.028
2000,Upper-middle-income countries,0.022
2001,Upper-middle-income countries,-0.0569999999999999
2002,Upper-middle-income countries,-0.018
2003,Upper-middle-income countries,-0.0129999999999999
2004,Upper-middle-income countries,0.0129999999999999
2005,Upper-middle-income countries,0.004
2006,Upper-middle-income countries,0.0069999999999998
2007,Upper-middle-income countries,0.016
2008,Upper-middle-income countries,0.0230000000000001
2009,Upper-middle-income countries,0.01
2010,Upper-middle-income countries,-0.008
2011,Upper-middle-income countries,0.004
2012,Upper-middle-income countries,0.0779999999999998
2013,Upper-middle-income countries,-0.0469999999999999
2014,Upper-middle-income countries,0.0290000000000001
2015,Upper-middle-income countries,-0.0630000000000001
2016,Upper-middle-income countries,0.028
2017,Upper-middle-income countries,-0.0129999999999999
2018,Upper-middle-income countries,-0.139
2019,Upper-middle-income countries,-0.042
2020,Upper-middle-income countries,-0.143
2021,Upper-middle-income countries,-0.0649999999999999
2022,Upper-middle-income countries,-0.0530000000000001
2023,Upper-middle-income countries,-0.0219999999999997
1951,Uruguay,0.0089999999999998
1952,Uruguay,0.0179999999999997
1953,Uruguay,0.02
1954,Uruguay,0.0209999999999999
1955,Uruguay,-0.0029999999999996
1956,Uruguay,0.0339999999999998
1957,Uruguay,0.0110000000000001
1958,Uruguay,0.0129999999999999
1959,Uruguay,0.0009999999999998
1960,Uruguay,0.0110000000000001
1961,Uruguay,0.0190000000000001
1962,Uruguay,0.02
1963,Uruguay,0.0179999999999997
1964,Uruguay,-0.0209999999999999
1965,Uruguay,-0.0230000000000001
1966,Uruguay,-0.0209999999999999
1967,Uruguay,-0.0350000000000001
1968,Uruguay,-0.0129999999999999
1969,Uruguay,-0.0019999999999997
1970,Uruguay,0.0029999999999996
1971,Uruguay,-0.0049999999999998
1972,Uruguay,0.0150000000000001
1973,Uruguay,0.0729999999999999
1974,Uruguay,0.1019999999999998
1975,Uruguay,0.06
1976,Uruguay,-0.012
1977,Uruguay,-0.1059999999999998
1978,Uruguay,-0.0699999999999998
1979,Uruguay,-0.1180000000000003
1980,Uruguay,-0.121
1981,Uruguay,-0.056
1982,Uruguay,-0.0219999999999997
1983,Uruguay,-0.0259999999999998
1984,Uruguay,-0.0150000000000001
1985,Uruguay,-0.0009999999999998
1986,Uruguay,0.0
1987,Uruguay,0.016
1988,Uruguay,0.0169999999999999
1989,Uruguay,-0.0049999999999998
1990,Uruguay,-0.0210000000000003
1991,Uruguay,-0.0229999999999996
1992,Uruguay,-0.0220000000000002
1993,Uruguay,-0.024
1994,Uruguay,0.0169999999999999
1995,Uruguay,-0.024
1996,Uruguay,-0.0369999999999999
1997,Uruguay,-0.036
1998,Uruguay,-0.0569999999999999
1999,Uruguay,-0.0229999999999996
2000,Uruguay,-0.052
2001,Uruguay,-0.0350000000000001
2002,Uruguay,-0.0009999999999998
2003,Uruguay,-0.044
2004,Uruguay,-0.0230000000000001
2005,Uruguay,0.004
2006,Uruguay,-0.0270000000000001
2007,Uruguay,-0.0219999999999997
2008,Uruguay,-0.0180000000000002
2009,Uruguay,-0.012
2010,Uruguay,-0.0069999999999996
2011,Uruguay,-0.024
2012,Uruguay,0.0249999999999999
2013,Uruguay,0.0219999999999997
2014,Uruguay,-0.008
2015,Uruguay,0.0150000000000001
2016,Uruguay,-0.0749999999999999
2017,Uruguay,-0.1419999999999999
2018,Uruguay,-0.143
2019,Uruguay,-0.1140000000000001
2020,Uruguay,-0.0699999999999998
2021,Uruguay,-0.0510000000000001
2022,Uruguay,-0.0209999999999999
2023,Uruguay,-0.016
1951,Uzbekistan,0.0010000000000003
1952,Uzbekistan,0.1339999999999994
1953,Uzbekistan,0.1120000000000001
1954,Uzbekistan,0.1059999999999998
1955,Uzbekistan,0.1520000000000001
1956,Uzbekistan,0.1219999999999998
1957,Uzbekistan,0.1200000000000001
1958,Uzbekistan,0.1760000000000001
1959,Uzbekistan,0.2539999999999995
1960,Uzbekistan,0.2630000000000008
1961,Uzbekistan,0.1389999999999993
1962,Uzbekistan,0.1260000000000003
1963,Uzbekistan,-0.0700000000000002
1964,Uzbekistan,0.0150000000000005
1965,Uzbekistan,-0.0130000000000007
1966,Uzbekistan,-0.1499999999999994
1967,Uzbekistan,-0.0929999999999999
1968,Uzbekistan,-0.173
1969,Uzbekistan,-0.056
1970,Uzbekistan,-0.0250000000000003
1971,Uzbekistan,-0.0289999999999999
1972,Uzbekistan,-0.0379999999999993
1973,Uzbekistan,-0.0840000000000005
1974,Uzbekistan,-0.1089999999999999
1975,Uzbekistan,-0.1349999999999998
1976,Uzbekistan,-0.1690000000000004
1977,Uzbekistan,-0.2089999999999996
1978,Uzbekistan,-0.2590000000000003
1979,Uzbekistan,-0.1219999999999998
1980,Uzbekistan,-0.1200000000000001
1981,Uzbekistan,-0.1339999999999994
1982,Uzbekistan,-0.088
1983,Uzbekistan,-0.1029999999999997
1984,Uzbekistan,0.0149999999999996
1985,Uzbekistan,-0.0380000000000002
1986,Uzbekistan,-0.016
1987,Uzbekistan,-0.1429999999999998
1988,Uzbekistan,-0.2690000000000001
1989,Uzbekistan,-0.1609999999999996
1990,Uzbekistan,0.0199999999999995
1991,Uzbekistan,0.0680000000000005
1992,Uzbekistan,-0.1340000000000003
1993,Uzbekistan,-0.193
1994,Uzbekistan,-0.2029999999999998
1995,Uzbekistan,-0.0940000000000003
1996,Uzbekistan,-0.173
1997,Uzbekistan,-0.2069999999999998
1998,Uzbekistan,-0.201
1999,Uzbekistan,-0.1539999999999999
2000,Uzbekistan,-0.1349999999999998
2001,Uzbekistan,-0.0860000000000003
2002,Uzbekistan,-0.0349999999999997
2003,Uzbekistan,-0.072
2004,Uzbekistan,-0.0070000000000001
2005,Uzbekistan,-0.0579999999999998
2006,Uzbekistan,0.0229999999999996
2007,Uzbekistan,0.1120000000000001
2008,Uzbekistan,0.0619999999999998
2009,Uzbekistan,-0.0759999999999996
2010,Uzbekistan,-0.1169999999999999
2011,Uzbekistan,-0.088
2012,Uzbekistan,-0.0169999999999999
2013,Uzbekistan,0.1079999999999996
2014,Uzbekistan,0.1009999999999999
2015,Uzbekistan,0.0370000000000003
2016,Uzbekistan,-0.0190000000000001
2017,Uzbekistan,0.0059999999999997
2018,Uzbekistan,0.1430000000000002
2019,Uzbekistan,0.1560000000000001
2020,Uzbekistan,0.1929999999999996
2021,Uzbekistan,0.2110000000000003
2022,Uzbekistan,0.1229999999999997
2023,Uzbekistan,0.104
1951,Vanuatu,-0.0099999999999997
1952,Vanuatu,0.0
1953,Vanuatu,0.0030000000000001
1954,Vanuatu,0.0099999999999997
1955,Vanuatu,-0.0089999999999994
1956,Vanuatu,-0.0310000000000005
1957,Vanuatu,-0.0489999999999994
1958,Vanuatu,-0.0529999999999999
1959,Vanuatu,-0.0570000000000003
1960,Vanuatu,-0.0590000000000001
1961,Vanuatu,-0.0549999999999997
1962,Vanuatu,-0.0570000000000003
1963,Vanuatu,-0.0489999999999994
1964,Vanuatu,-0.0550000000000006
1965,Vanuatu,-0.0439999999999995
1966,Vanuatu,-0.0129999999999999
1967,Vanuatu,-0.0019999999999997
1968,Vanuatu,-0.0460000000000002
1969,Vanuatu,-0.0529999999999999
1970,Vanuatu,-0.064
1971,Vanuatu,-0.0529999999999999
1972,Vanuatu,-0.0650000000000003
1973,Vanuatu,-0.0769999999999999
1974,Vanuatu,-0.0939999999999994
1975,Vanuatu,-0.0810000000000004
1976,Vanuatu,-0.0910000000000001
1977,Vanuatu,-0.0789999999999997
1978,Vanuatu,-0.0380000000000002
1979,Vanuatu,-0.0350000000000001
1980,Vanuatu,-0.0419999999999998
1981,Vanuatu,-0.04
1982,Vanuatu,-0.048
1983,Vanuatu,-0.056
1984,Vanuatu,-0.0579999999999998
1985,Vanuatu,-0.056
1986,Vanuatu,-0.0510000000000001
1987,Vanuatu,-0.0539999999999993
1988,Vanuatu,-0.0580000000000007
1989,Vanuatu,-0.0589999999999992
1990,Vanuatu,-0.0449999999999999
1991,Vanuatu,-0.0360000000000004
1992,Vanuatu,-0.0359999999999995
1993,Vanuatu,-0.0710000000000006
1994,Vanuatu,-0.0859999999999994
1995,Vanuatu,-0.0899999999999998
1996,Vanuatu,-0.0950000000000006
1997,Vanuatu,-0.0949999999999997
1998,Vanuatu,-0.0540000000000002
1999,Vanuatu,-0.0469999999999997
2000,Vanuatu,-0.0190000000000001
2001,Vanuatu,-0.0419999999999998
2002,Vanuatu,-0.1130000000000004
2003,Vanuatu,-0.0889999999999995
2004,Vanuatu,-0.0789999999999997
2005,Vanuatu,-0.0810000000000004
2006,Vanuatu,-0.0330000000000003
2007,Vanuatu,0.0170000000000003
2008,Vanuatu,0.0419999999999998
2009,Vanuatu,-0.0019999999999997
2010,Vanuatu,-0.0309999999999996
2011,Vanuatu,-0.0330000000000003
2012,Vanuatu,-0.0339999999999998
2013,Vanuatu,-0.0200000000000004
2014,Vanuatu,-0.0399999999999995
2015,Vanuatu,-0.0470000000000001
2016,Vanuatu,-0.0369999999999999
2017,Vanuatu,-0.04
2018,Vanuatu,-0.0409999999999999
2019,Vanuatu,-0.044
2020,Vanuatu,-0.052
2021,Vanuatu,-0.0419999999999998
2022,Vanuatu,-0.0490000000000003
2023,Vanuatu,-0.0509999999999997
1951,Vatican,0.0
1952,Vatican,0.0
1953,Vatican,0.0
1954,Vatican,0.0
1955,Vatican,0.0
1956,Vatican,0.0
1957,Vatican,0.0
1958,Vatican,0.0
1959,Vatican,0.0
1960,Vatican,0.0
1961,Vatican,0.0
1962,Vatican,0.0
1963,Vatican,0.0
1964,Vatican,0.0
1965,Vatican,0.0
1966,Vatican,0.0
1967,Vatican,0.0
1968,Vatican,0.0
1969,Vatican,0.0
1970,Vatican,0.0
1971,Vatican,0.0
1972,Vatican,0.0
1973,Vatican,0.0
1974,Vatican,0.0
1975,Vatican,0.0
1976,Vatican,0.0
1977,Vatican,0.0
1978,Vatican,0.0
1979,Vatican,0.0
1980,Vatican,0.0
1981,Vatican,0.0
1982,Vatican,0.0
1983,Vatican,0.0
1984,Vatican,0.0
1985,Vatican,0.0
1986,Vatican,0.0
1987,Vatican,0.0
1988,Vatican,0.0
1989,Vatican,0.0
1990,Vatican,0.0
1991,Vatican,0.0
1992,Vatican,0.0
1993,Vatican,0.0
1994,Vatican,0.0
1995,Vatican,0.0
1996,Vatican,0.0
1997,Vatican,0.0
1998,Vatican,0.0
1999,Vatican,0.0
2000,Vatican,0.0
2001,Vatican,0.0
2002,Vatican,0.0
2003,Vatican,0.0
2004,Vatican,0.0
2005,Vatican,0.0
2006,Vatican,0.0
2007,Vatican,0.0
2008,Vatican,0.0
2009,Vatican,0.0
2010,Vatican,0.0
2011,Vatican,0.0
2012,Vatican,0.0
2013,Vatican,0.0
2014,Vatican,0.0
2015,Vatican,0.0
2016,Vatican,0.0
2017,Vatican,0.0
2018,Vatican,0.0
2019,Vatican,0.0
2020,Vatican,0.0
2021,Vatican,0.0
2022,Vatican,0.0
2023,Vatican,0.0
1951,Venezuela,-0.016
1952,Venezuela,-0.0069999999999996
1953,Venezuela,-0.0049999999999998
1954,Venezuela,-0.0049999999999998
1955,Venezuela,-0.0030000000000001
1956,Venezuela,-0.0030000000000001
1957,Venezuela,-0.008
1958,Venezuela,-0.0209999999999999
1959,Venezuela,-0.1210000000000004
1960,Venezuela,-0.064
1961,Venezuela,-0.0839999999999996
1962,Venezuela,-0.0670000000000001
1963,Venezuela,-0.0759999999999996
1964,Venezuela,-0.0840000000000005
1965,Venezuela,-0.0939999999999994
1966,Venezuela,-0.1070000000000002
1967,Venezuela,-0.1219999999999998
1968,Venezuela,-0.1340000000000003
1969,Venezuela,-0.1449999999999995
1970,Venezuela,-0.1480000000000005
1971,Venezuela,-0.1469999999999993
1972,Venezuela,-0.1390000000000002
1973,Venezuela,-0.1290000000000004
1974,Venezuela,-0.1149999999999993
1975,Venezuela,-0.1050000000000004
1976,Venezuela,-0.0969999999999995
1977,Venezuela,-0.0950000000000006
1978,Venezuela,-0.0969999999999995
1979,Venezuela,-0.0990000000000002
1980,Venezuela,-0.0979999999999998
1981,Venezuela,-0.096
1982,Venezuela,-0.0899999999999998
1983,Venezuela,-0.0810000000000004
1984,Venezuela,-0.0719999999999996
1985,Venezuela,-0.0670000000000001
1986,Venezuela,-0.064
1987,Venezuela,-0.0649999999999999
1988,Venezuela,-0.068
1989,Venezuela,-0.0729999999999999
1990,Venezuela,-0.076
1991,Venezuela,-0.0779999999999998
1992,Venezuela,-0.0780000000000002
1993,Venezuela,-0.0739999999999998
1994,Venezuela,-0.0710000000000001
1995,Venezuela,-0.0649999999999999
1996,Venezuela,-0.06
1997,Venezuela,-0.0549999999999997
1998,Venezuela,-0.0550000000000001
1999,Venezuela,-0.056
2000,Venezuela,-0.0659999999999998
2001,Venezuela,-0.0110000000000001
2002,Venezuela,-0.04
2003,Venezuela,-0.036
2004,Venezuela,-0.064
2005,Venezuela,-0.0099999999999997
2006,Venezuela,-0.0339999999999998
2007,Venezuela,-0.0710000000000001
2008,Venezuela,-0.0489999999999999
2009,Venezuela,-0.0529999999999999
2010,Venezuela,-0.0260000000000002
2011,Venezuela,0.0020000000000002
2012,Venezuela,-0.0190000000000001
2013,Venezuela,-0.0449999999999999
2014,Venezuela,-0.0380000000000002
2015,Venezuela,-0.0429999999999997
2016,Venezuela,-0.036
2017,Venezuela,-0.0340000000000002
2018,Venezuela,-0.032
2019,Venezuela,-0.02
2020,Venezuela,-0.0149999999999996
2021,Venezuela,-0.0110000000000001
2022,Venezuela,-0.0169999999999999
2023,Venezuela,-0.0089999999999998
1951,Vietnam,-0.4960000000000004
1952,Vietnam,0.8159999999999998
1953,Vietnam,-0.1929999999999996
1954,Vietnam,0.5229999999999997
1955,Vietnam,-0.2619999999999995
1956,Vietnam,0.0860000000000003
1957,Vietnam,0.5239999999999991
1958,Vietnam,0.064
1959,Vietnam,0.0410000000000003
1960,Vietnam,0.0229999999999996
1961,Vietnam,-0.7969999999999997
1962,Vietnam,0.7809999999999997
1963,Vietnam,0.1280000000000001
1964,Vietnam,-0.0999999999999996
1965,Vietnam,-0.1290000000000004
1966,Vietnam,-0.1879999999999997
1967,Vietnam,-0.0849999999999999
1968,Vietnam,0.1459999999999999
1969,Vietnam,-0.016
1970,Vietnam,0.0060000000000002
1971,Vietnam,0.0499999999999998
1972,Vietnam,0.0309999999999996
1973,Vietnam,0.008
1974,Vietnam,-0.3269999999999999
1975,Vietnam,-0.1599999999999992
1976,Vietnam,-0.1600000000000001
1977,Vietnam,-0.1699999999999999
1978,Vietnam,-0.1870000000000002
1979,Vietnam,-0.1639999999999997
1980,Vietnam,-0.1450000000000004
1981,Vietnam,-0.1299999999999999
1982,Vietnam,-0.072
1983,Vietnam,-0.0689999999999999
1984,Vietnam,-0.1120000000000001
1985,Vietnam,-0.2059999999999995
1986,Vietnam,-0.2510000000000003
1987,Vietnam,-0.238
1988,Vietnam,-0.0939999999999998
1989,Vietnam,0.0179999999999997
1990,Vietnam,-0.0390000000000001
1991,Vietnam,-0.0779999999999998
1992,Vietnam,-0.1709999999999998
1993,Vietnam,-0.181
1994,Vietnam,-0.2310000000000003
1995,Vietnam,-0.2409999999999996
1996,Vietnam,-0.2320000000000002
1997,Vietnam,-0.1939999999999999
1998,Vietnam,-0.1760000000000001
1999,Vietnam,-0.0989999999999997
2000,Vietnam,0.0289999999999999
2001,Vietnam,-0.0049999999999998
2002,Vietnam,-0.0170000000000003
2003,Vietnam,-0.0069999999999996
2004,Vietnam,-0.0310000000000001
2005,Vietnam,-0.0809999999999999
2006,Vietnam,-0.014
2007,Vietnam,0.038
2008,Vietnam,0.022
2009,Vietnam,-0.0130000000000001
2010,Vietnam,-0.014
2011,Vietnam,0.0210000000000001
2012,Vietnam,0.04
2013,Vietnam,0.0129999999999999
2014,Vietnam,0.1099999999999998
2015,Vietnam,0.0100000000000002
2016,Vietnam,-0.1
2017,Vietnam,-0.0149999999999999
2018,Vietnam,-0.1050000000000002
2019,Vietnam,0.0630000000000001
2020,Vietnam,0.014
2021,Vietnam,-0.0150000000000001
2022,Vietnam,-0.0149999999999999
2023,Vietnam,-0.014
1951,Wallis and Futuna,0.0030000000000001
1952,Wallis and Futuna,0.0019999999999997
1953,Wallis and Futuna,0.0030000000000001
1954,Wallis and Futuna,0.0129999999999999
1955,Wallis and Futuna,-0.0010000000000003
1956,Wallis and Futuna,-0.0019999999999997
1957,Wallis and Futuna,-0.0030000000000001
1958,Wallis and Futuna,0.0070000000000005
1959,Wallis and Futuna,0.0139999999999993
1960,Wallis and Futuna,0.0180000000000006
1961,Wallis and Futuna,0.0199999999999995
1962,Wallis and Futuna,0.0179999999999997
1963,Wallis and Futuna,0.032
1964,Wallis and Futuna,0.0300000000000002
1965,Wallis and Futuna,0.0380000000000002
1966,Wallis and Futuna,0.0449999999999999
1967,Wallis and Futuna,0.048
1968,Wallis and Futuna,0.056
1969,Wallis and Futuna,0.0590000000000001
1970,Wallis and Futuna,-0.0310000000000005
1971,Wallis and Futuna,-0.0329999999999994
1972,Wallis and Futuna,0.0069999999999996
1973,Wallis and Futuna,0.0110000000000001
1974,Wallis and Futuna,-0.4050000000000002
1975,Wallis and Futuna,-0.4569999999999998
1976,Wallis and Futuna,-0.3200000000000003
1977,Wallis and Futuna,0.2389999999999998
1978,Wallis and Futuna,0.266
1979,Wallis and Futuna,-0.149
1980,Wallis and Futuna,-0.5029999999999992
1981,Wallis and Futuna,0.4269999999999996
1982,Wallis and Futuna,-0.5140000000000002
1983,Wallis and Futuna,-0.3780000000000001
1984,Wallis and Futuna,0.1060000000000007
1985,Wallis and Futuna,-0.1700000000000008
1986,Wallis and Futuna,0.1480000000000005
1987,Wallis and Futuna,0.0419999999999998
1988,Wallis and Futuna,-0.8209999999999997
1989,Wallis and Futuna,-0.3239999999999998
1990,Wallis and Futuna,0.0939999999999994
1991,Wallis and Futuna,-0.1639999999999997
1992,Wallis and Futuna,-0.2400000000000002
1993,Wallis and Futuna,-0.262
1994,Wallis and Futuna,-0.2759999999999998
1995,Wallis and Futuna,-0.2560000000000002
1996,Wallis and Futuna,-0.2999999999999998
1997,Wallis and Futuna,-0.4559999999999999
1998,Wallis and Futuna,-0.0089999999999998
1999,Wallis and Futuna,0.5099999999999998
2000,Wallis and Futuna,-0.6779999999999999
2001,Wallis and Futuna,-0.0790000000000001
2002,Wallis and Futuna,0.004
2003,Wallis and Futuna,0.2070000000000003
2004,Wallis and Futuna,-0.3940000000000001
2005,Wallis and Futuna,-0.1190000000000002
2006,Wallis and Futuna,0.04
2007,Wallis and Futuna,0.0010000000000003
2008,Wallis and Futuna,-0.1500000000000001
2009,Wallis and Futuna,0.4690000000000001
2010,Wallis and Futuna,-0.558
2011,Wallis and Futuna,0.4059999999999999
2012,Wallis and Futuna,-0.2120000000000002
2013,Wallis and Futuna,-0.2369999999999998
2014,Wallis and Futuna,-0.0089999999999998
2015,Wallis and Futuna,0.1519999999999999
2016,Wallis and Futuna,0.032
2017,Wallis and Futuna,0.0230000000000001
2018,Wallis and Futuna,-0.3110000000000001
2019,Wallis and Futuna,0.3320000000000001
2020,Wallis and Futuna,-0.474
2021,Wallis and Futuna,-0.1149999999999999
2022,Wallis and Futuna,-0.036
2023,Wallis and Futuna,-0.0130000000000001
1951,Western Sahara,0.0350000000000001
1952,Western Sahara,0.0350000000000001
1953,Western Sahara,0.0369999999999999
1954,Western Sahara,0.0350000000000001
1955,Western Sahara,0.0389999999999997
1956,Western Sahara,0.0250000000000003
1957,Western Sahara,0.0190000000000001
1958,Western Sahara,0.064
1959,Western Sahara,0.048
1960,Western Sahara,0.0579999999999998
1961,Western Sahara,0.0510000000000001
1962,Western Sahara,0.0499999999999998
1963,Western Sahara,0.0099999999999997
1964,Western Sahara,-0.0019999999999997
1965,Western Sahara,-0.0010000000000003
1966,Western Sahara,0.0110000000000001
1967,Western Sahara,-0.0140000000000002
1968,Western Sahara,-0.0339999999999998
1969,Western Sahara,-0.0519999999999996
1970,Western Sahara,-0.0549999999999997
1971,Western Sahara,-0.0520000000000004
1972,Western Sahara,-0.0339999999999998
1973,Western Sahara,-0.0330000000000003
1974,Western Sahara,-0.0289999999999999
1975,Western Sahara,-0.0209999999999999
1976,Western Sahara,-0.0220000000000002
1977,Western Sahara,-0.056
1978,Western Sahara,-0.0689999999999999
1979,Western Sahara,-0.0929999999999999
1980,Western Sahara,-0.1069999999999993
1981,Western Sahara,-0.1480000000000005
1982,Western Sahara,-0.1089999999999999
1983,Western Sahara,-0.0780000000000002
1984,Western Sahara,-0.0769999999999999
1985,Western Sahara,-0.0799999999999991
1986,Western Sahara,-0.141
1987,Western Sahara,-0.1430000000000006
1988,Western Sahara,-0.1419999999999994
1989,Western Sahara,-0.1240000000000005
1990,Western Sahara,-0.1219999999999998
1991,Western Sahara,-0.1529999999999995
1992,Western Sahara,-0.1360000000000001
1993,Western Sahara,-0.1310000000000002
1994,Western Sahara,-0.1219999999999998
1995,Western Sahara,-0.1029999999999997
1996,Western Sahara,-0.1030000000000002
1997,Western Sahara,-0.1110000000000002
1998,Western Sahara,-0.1099999999999998
1999,Western Sahara,-0.1139999999999998
2000,Western Sahara,-0.121
2001,Western Sahara,-0.1459999999999999
2002,Western Sahara,-0.1480000000000001
2003,Western Sahara,-0.1230000000000002
2004,Western Sahara,-0.1049999999999999
2005,Western Sahara,-0.0729999999999999
2006,Western Sahara,-0.06
2007,Western Sahara,-0.0569999999999999
2008,Western Sahara,-0.052
2009,Western Sahara,-0.048
2010,Western Sahara,-0.04
2011,Western Sahara,-0.0489999999999999
2012,Western Sahara,-0.0369999999999999
2013,Western Sahara,-0.0499999999999998
2014,Western Sahara,-0.04
2015,Western Sahara,-0.0420000000000002
2016,Western Sahara,-0.0349999999999997
2017,Western Sahara,-0.0300000000000002
2018,Western Sahara,-0.036
2019,Western Sahara,-0.0349999999999997
2020,Western Sahara,-0.0310000000000001
2021,Western Sahara,-0.0310000000000001
2022,Western Sahara,-0.0299999999999998
2023,Western Sahara,-0.0249999999999999
1951,World,-0.0360000000000004
1952,World,0.1850000000000005
1953,World,-0.0790000000000006
1954,World,0.0760000000000005
1955,World,0.0049999999999998
1956,World,-0.072
1957,World,0.1369999999999995
1958,World,-0.1359999999999992
1959,World,-0.1920000000000001
1960,World,-0.0440000000000004
1961,World,-0.125
1962,World,0.4510000000000005
1963,World,0.2859999999999996
1964,World,-0.1849999999999996
1965,World,-0.0520000000000004
1966,World,-0.1099999999999994
1967,World,-0.1089999999999999
1968,World,0.1109999999999997
1969,World,-0.0970000000000004
1970,World,-0.0409999999999994
1971,World,-0.1459999999999999
1972,World,-0.1340000000000003
1973,World,-0.1289999999999995
1974,World,-0.157
1975,World,-0.1790000000000002
1976,World,-0.1059999999999998
1977,World,-0.1240000000000001
1978,World,-0.0630000000000001
1979,World,-0.016
1980,World,-0.0269999999999996
1981,World,-0.0330000000000003
1982,World,0.0010000000000003
1983,World,-0.1310000000000002
1984,World,-0.028
1985,World,-0.0379999999999998
1986,World,-0.0110000000000001
1987,World,-0.028
1988,World,-0.0859999999999998
1989,World,-0.0430000000000001
1990,World,-0.0369999999999999
1991,World,-0.1790000000000002
1992,World,-0.0869999999999997
1993,World,-0.064
1994,World,-0.0470000000000001
1995,World,-0.044
1996,World,-0.0429999999999997
1997,World,-0.0369999999999999
1998,World,-0.0330000000000003
1999,World,-0.0259999999999998
2000,World,0.004
2001,World,-0.04
2002,World,-0.0299999999999998
2003,World,-0.0250000000000003
2004,World,-0.012
2005,World,-0.0169999999999999
2006,World,-0.0049999999999998
2007,World,-0.0019999999999997
2008,World,0.0029999999999996
2009,World,-0.0049999999999998
2010,World,-0.0190000000000001
2011,World,-0.0139999999999997
2012,World,0.0190000000000001
2013,World,-0.0350000000000001
2014,World,-0.008
2015,World,-0.0270000000000001
2016,World,-0.0009999999999998
2017,World,-0.032
2018,World,-0.0670000000000001
2019,World,-0.04
2020,World,-0.0749999999999997
2021,World,-0.0310000000000001
2022,World,-0.0259999999999998
2023,World,-0.0140000000000002
1951,Yemen,0.0
1952,Yemen,-0.0019999999999997
1953,Yemen,-0.0049999999999998
1954,Yemen,0.0
1955,Yemen,0.0059999999999993
1956,Yemen,-0.0049999999999998
1957,Yemen,-0.0019999999999997
1958,Yemen,0.0060000000000002
1959,Yemen,0.0149999999999996
1960,Yemen,0.0040000000000004
1961,Yemen,0.0119999999999995
1962,Yemen,0.0099999999999997
1963,Yemen,0.0180000000000006
1964,Yemen,0.0429999999999992
1965,Yemen,0.0300000000000011
1966,Yemen,0.0409999999999985
1967,Yemen,0.032
1968,Yemen,0.0170000000000012
1969,Yemen,0.0249999999999985
1970,Yemen,0.0180000000000006
1971,Yemen,0.0259999999999998
1972,Yemen,0.0129999999999999
1973,Yemen,0.0169999999999994
1974,Yemen,0.0360000000000013
1975,Yemen,0.0469999999999988
1976,Yemen,0.0500000000000007
1977,Yemen,0.0429999999999992
1978,Yemen,0.0350000000000001
1979,Yemen,0.1699999999999999
1980,Yemen,0.0390000000000014
1981,Yemen,0.0419999999999998
1982,Yemen,0.0409999999999985
1983,Yemen,0.0350000000000001
1984,Yemen,0.0250000000000003
1985,Yemen,0.011000000000001
1986,Yemen,-0.0060000000000002
1987,Yemen,-0.0250000000000003
1988,Yemen,-0.0470000000000006
1989,Yemen,-0.0730000000000004
1990,Yemen,-0.1069999999999993
1991,Yemen,-0.1470000000000002
1992,Yemen,-0.1869999999999994
1993,Yemen,-0.2240000000000002
1994,Yemen,-0.2530000000000001
1995,Yemen,-0.2699999999999996
1996,Yemen,-0.5210000000000008
1997,Yemen,-0.1839999999999992
1998,Yemen,-0.181
1999,Yemen,-0.1500000000000003
2000,Yemen,-0.1719999999999997
2001,Yemen,-0.1740000000000003
2002,Yemen,-0.1719999999999997
2003,Yemen,-0.1319999999999996
2004,Yemen,-0.1270000000000006
2005,Yemen,-0.149
2006,Yemen,-0.1509999999999998
2007,Yemen,-0.1509999999999998
2008,Yemen,-0.1479999999999997
2009,Yemen,-0.1090000000000008
2010,Yemen,-0.1939999999999999
2011,Yemen,-0.1799999999999997
2012,Yemen,0.0030000000000001
2013,Yemen,-0.0099999999999997
2014,Yemen,-0.0030000000000001
2015,Yemen,-0.0030000000000001
2016,Yemen,-0.0039999999999995
2017,Yemen,-0.0030000000000001
2018,Yemen,-0.0030000000000001
2019,Yemen,-0.0040000000000004
2020,Yemen,-0.0030000000000001
2021,Yemen,-0.0029999999999992
2022,Yemen,-0.0040000000000004
2023,Yemen,-0.0030000000000001
1951,Zambia,-0.0129999999999999
1952,Zambia,0.008
1953,Zambia,0.0119999999999995
1954,Zambia,0.0090000000000003
1955,Zambia,0.008
1956,Zambia,0.0060000000000002
1957,Zambia,0.0229999999999996
1958,Zambia,0.032
1959,Zambia,0.0389999999999997
1960,Zambia,0.0440000000000004
1961,Zambia,0.0350000000000001
1962,Zambia,0.0299999999999993
1963,Zambia,0.048
1964,Zambia,0.0250000000000003
1965,Zambia,0.0309999999999996
1966,Zambia,0.0220000000000002
1967,Zambia,0.016
1968,Zambia,0.0259999999999998
1969,Zambia,0.0
1970,Zambia,0.0440000000000004
1971,Zambia,0.0359999999999995
1972,Zambia,0.04
1973,Zambia,0.0390000000000005
1974,Zambia,0.0249999999999994
1975,Zambia,0.0570000000000003
1976,Zambia,-0.0330000000000003
1977,Zambia,-0.0350000000000001
1978,Zambia,-0.0590000000000001
1979,Zambia,-0.0719999999999991
1980,Zambia,-0.0830000000000001
1981,Zambia,-0.0659999999999998
1982,Zambia,-0.0340000000000006
1983,Zambia,-0.032
1984,Zambia,-0.0329999999999994
1985,Zambia,-0.0460000000000002
1986,Zambia,-0.0599999999999996
1987,Zambia,-0.0700000000000002
1988,Zambia,-0.0949999999999997
1989,Zambia,-0.0680000000000005
1990,Zambia,-0.0679999999999996
1991,Zambia,-0.1089999999999999
1992,Zambia,-0.1089999999999999
1993,Zambia,-0.0510000000000001
1994,Zambia,-0.0380000000000002
1995,Zambia,-0.0279999999999995
1996,Zambia,-0.0499999999999998
1997,Zambia,-0.0580000000000007
1998,Zambia,-0.0569999999999994
1999,Zambia,-0.0689999999999999
2000,Zambia,-0.0769999999999999
2001,Zambia,-0.0730000000000004
2002,Zambia,-0.0739999999999998
2003,Zambia,-0.064
2004,Zambia,-0.0119999999999995
2005,Zambia,-0.0010000000000003
2006,Zambia,-0.0179999999999997
2007,Zambia,-0.0659999999999998
2008,Zambia,-0.0830000000000001
2009,Zambia,-0.0769999999999999
2010,Zambia,-0.0940000000000003
2011,Zambia,-0.1029999999999997
2012,Zambia,-0.1200000000000001
2013,Zambia,-0.1219999999999998
2014,Zambia,-0.1240000000000005
2015,Zambia,-0.1149999999999993
2016,Zambia,-0.1060000000000007
2017,Zambia,-0.1019999999999994
2018,Zambia,-0.0750000000000001
2019,Zambia,-0.0739999999999998
2020,Zambia,-0.0949999999999997
2021,Zambia,-0.0769999999999999
2022,Zambia,-0.0710000000000006
2023,Zambia,-0.0739999999999998
1951,Zimbabwe,0.0189999999999992
1952,Zimbabwe,0.0090000000000003
1953,Zimbabwe,0.0120000000000004
1954,Zimbabwe,0.0099999999999997
1955,Zimbabwe,0.008
1956,Zimbabwe,0.0220000000000002
1957,Zimbabwe,0.0209999999999999
1958,Zimbabwe,0.0169999999999994
1959,Zimbabwe,0.0140000000000002
1960,Zimbabwe,0.0220000000000002
1961,Zimbabwe,0.0169999999999994
1962,Zimbabwe,0.0190000000000001
1963,Zimbabwe,-0.0009999999999994
1964,Zimbabwe,0.0
1965,Zimbabwe,0.0009999999999994
1966,Zimbabwe,-0.0350000000000001
1967,Zimbabwe,-0.0389999999999997
1968,Zimbabwe,-0.0430000000000001
1969,Zimbabwe,-0.0780000000000002
1970,Zimbabwe,-0.0539999999999993
1971,Zimbabwe,-0.0430000000000001
1972,Zimbabwe,0.0030000000000001
1973,Zimbabwe,0.0
1974,Zimbabwe,-0.0630000000000006
1975,Zimbabwe,-0.0469999999999997
1976,Zimbabwe,-0.0609999999999999
1977,Zimbabwe,-0.0579999999999998
1978,Zimbabwe,-0.0549999999999997
1979,Zimbabwe,-0.0680000000000005
1980,Zimbabwe,-0.0729999999999995
1981,Zimbabwe,-0.072
1982,Zimbabwe,-0.1120000000000001
1983,Zimbabwe,-0.1360000000000001
1984,Zimbabwe,-0.1530000000000004
1985,Zimbabwe,-0.1729999999999991
1986,Zimbabwe,-0.1830000000000007
1987,Zimbabwe,-0.1879999999999997
1988,Zimbabwe,-0.221
1989,Zimbabwe,-0.2059999999999995
1990,Zimbabwe,-0.197
1991,Zimbabwe,-0.1610000000000004
1992,Zimbabwe,-0.1479999999999997
1993,Zimbabwe,-0.1760000000000001
1994,Zimbabwe,-0.1070000000000002
1995,Zimbabwe,-0.1310000000000002
1996,Zimbabwe,-0.0429999999999992
1997,Zimbabwe,-0.0350000000000001
1998,Zimbabwe,-0.008
1999,Zimbabwe,-0.0110000000000001
2000,Zimbabwe,-0.0469999999999997
2001,Zimbabwe,-0.0260000000000002
2002,Zimbabwe,-0.0580000000000002
2003,Zimbabwe,-0.0629999999999997
2004,Zimbabwe,-0.0860000000000003
2005,Zimbabwe,-0.0829999999999997
2006,Zimbabwe,-0.0580000000000002
2007,Zimbabwe,0.0420000000000002
2008,Zimbabwe,0.1059999999999998
2009,Zimbabwe,0.1670000000000002
2010,Zimbabwe,0.0899999999999998
2011,Zimbabwe,0.0860000000000003
2012,Zimbabwe,0.008
2013,Zimbabwe,-0.0230000000000005
2014,Zimbabwe,-0.0999999999999996
2015,Zimbabwe,-0.1
2016,Zimbabwe,-0.0830000000000001
2017,Zimbabwe,-0.06
2018,Zimbabwe,-0.0239999999999995
2019,Zimbabwe,0.004
2020,Zimbabwe,0.0059999999999997
2021,Zimbabwe,0.0110000000000001
2022,Zimbabwe,0.0019999999999997
2023,Zimbabwe,-0.0429999999999997
