Year,Afghanistan,Albania,Algeria,American Samoa,Andorra,Angola,Anguilla,Antigua and Barbuda,Argentina,Armenia,Aruba,Australia,Austria,Azerbaijan,Bahamas,Bahrain,Bangladesh,Barbados,Belarus,Belgium,Belize,Benin,Bermuda,Bhutan,Bolivia,Bonaire Sint Eustatius and Saba,Bosnia and Herzegovina,Botswana,Brazil,British Virgin Islands,Brunei,Bulgaria,Burkina Faso,Burundi,Cambodia,Cameroon,Canada,Cape Verde,Cayman Islands,Central African Republic,Chad,Chile,China,Colombia,Comoros,Congo,Cook Islands,Costa Rica,Cote d'Ivoire,Croatia,Cuba,Curacao,Cyprus,Czechia,Democratic Republic of Congo,Denmark,Djibouti,Dominica,Dominican Republic,East Timor,Ecuador,Egypt,El Salvador,England and Wales,Equatorial Guinea,Eritrea,Estonia,Eswatini,Ethiopia,Falkland Islands,Faroe Islands,Fiji,Finland,France,French Guiana,French Polynesia,Gabon,Gambia,Georgia,Germany,Ghana,Gibraltar,Greece,Greenland,Grenada,Guadeloupe,Guam,Guatemala,Guernsey,Guinea,Guinea-Bissau,Guyana,Haiti,High-income countries,Honduras,Hong Kong,Hungary,Iceland,India,Indonesia,Iran,Iraq,Ireland,Isle of Man,Israel,Italy,Jamaica,Japan,Jersey,Jordan,Kazakhstan,Kenya,Kiribati,Kosovo,Kuwait,Kyrgyzstan,Laos,Latvia,Least developed countries,Lebanon,Lesotho,Less developed regions,"Less developed regions, excluding China","Less developed regions, excluding least developed countries",Liberia,Libya,Liechtenstein,Lithuania,Low-income countries,Lower-middle-income countries,Luxembourg,Macao,Madagascar,Malawi,Malaysia,Maldives,Mali,Malta,Marshall Islands,Martinique,Mauritania,Mauritius,Mayotte,Mexico,Micronesia (country),Moldova,Monaco,Mongolia,Montenegro,Montserrat,More developed regions,Morocco,Mozambique,Myanmar,Namibia,Nauru,Nepal,Netherlands,New Caledonia,New Zealand,Nicaragua,Niger,Nigeria,Niue,North Korea,North Macedonia,Northern Mariana Islands,Norway,Oman,Pakistan,Palau,Palestine,Panama,Papua New Guinea,Paraguay,Peru,Philippines,Poland,Portugal,Puerto Rico,Qatar,Reunion,Romania,Russia,Rwanda,Saint Barthelemy,Saint Helena,Saint Kitts and Nevis,Saint Lucia,Saint Martin (French part),Saint Pierre and Miquelon,Saint Vincent and the Grenadines,Samoa,San Marino,Sao Tome and Principe,Saudi Arabia,Scotland,Senegal,Serbia,Seychelles,Sierra Leone,Singapore,Sint Maarten (Dutch part),Slovakia,Slovenia,Solomon Islands,Somalia,South Africa,South Korea,South Sudan,Spain,Sri Lanka,Sudan,Suriname,Sweden,Switzerland,Syria,Taiwan,Tajikistan,Tanzania,Thailand,Togo,Tokelau,Tonga,Trinidad and Tobago,Tunisia,Turkey,Turkmenistan,Turks and Caicos Islands,Tuvalu,Uganda,Ukraine,United Arab Emirates,United Kingdom,United States,United States Virgin Islands,Upper-middle-income countries,Uruguay,Uzbekistan,Vanuatu,Vatican,Venezuela,Vietnam,Wallis and Futuna,Western Sahara,World,Yemen,Zambia,Zimbabwe
1950,7.248,6.169,7.324,6.219,2.112,5.771,6.491,5.124,3.164,4.904,5.827,3.063,2.089,5.075,4.517,7.29,6.374,4.473,2.64,2.346,6.69,5.751,3.617,6.848,6.191,5.708,5.069,6.429,6.122,5.049,6.977,2.482,5.822,6.923,6.53,5.731,3.374,6.497,4.381,5.93,6.062,4.836,5.813,6.41,5.686,6.065,6.786,6.317,7.61,2.933,4.032,4.981,3.871,2.818,5.966,2.572,6.821,5.236,7.507,6.605,6.725,7.058,6.296,,5.676,6.522,2.273,6.732,6.433,2.557,3.846,6.518,3.153,2.965,4.905,5.475,3.948,6.353,2.983,2.194,6.7,2.682,2.574,5.641,5.184,5.592,5.21,6.804,2.328,5.971,5.914,5.834,6.251,3.038,7.469,4.255,2.615,3.854,5.732,5.109,6.97,6.2,3.497,2.407,4.571,2.523,3.923,3.615,2.177,7.444,4.56,7.389,6.13,6.953,7.115,4.626,6.248,2.075,6.42,5.805,5.701,5.932,5.97,5.867,6.001,7.009,2.712,2.713,6.477,5.801,1.96,5.554,7.431,6.824,6.429,6.183,6.873,4.226,7.756,5.497,5.791,6.027,6.864,6.709,6.633,3.486,3.058,5.503,4.364,4.823,2.864,6.14,5.997,5.943,5.614,4.601,6.057,3.104,5.132,3.552,7.121,7.559,6.419,6.324,4.994,5.138,6.081,2.523,7.261,6.8,7.153,7.838,5.568,5.711,6.49,6.939,7.129,3.654,3.158,5.206,6.544,6.963,3.076,2.926,8.152,3.221,5.621,6.379,6.42,6.488,3.857,7.285,7.553,2.821,6.227,7.577,,6.787,2.928,4.81,6.09,6.225,5.256,3.608,2.992,7.15,7.248,6.032,6.063,7.124,2.47,5.462,6.663,6.21,2.286,2.399,7.618,6.481,5.609,6.182,6.359,6.598,5.118,6.699,5.182,6.68,6.468,5.256,5.939,5.417,6.657,2.447,6.503,2.224,3.086,4.965,5.318,2.692,5.173,7.039,1.0,6.635,5.147,6.947,6.012,4.852,7.971,6.779,7.041
1951,7.26,6.198,7.307,6.166,2.195,5.831,6.643,5.063,3.161,4.852,5.761,3.063,2.035,5.101,4.534,7.287,6.394,4.521,2.66,2.289,6.68,5.777,3.565,6.823,6.191,5.7,4.847,6.436,6.115,5.13,7.028,2.45,5.874,6.914,6.514,5.725,3.421,6.513,4.46,5.928,6.071,4.803,5.699,6.436,5.771,6.067,6.789,6.393,7.609,2.662,3.947,5.009,3.801,2.791,5.971,2.508,6.813,5.37,7.536,6.591,6.733,7.073,6.319,,5.673,6.515,2.273,6.721,6.429,2.659,3.854,6.539,3.012,2.818,4.907,5.595,3.953,6.354,2.924,2.166,6.731,2.761,2.485,5.732,5.358,5.636,5.3,6.841,2.259,5.978,5.909,5.916,6.241,2.99,7.479,4.349,2.544,3.721,5.772,5.159,6.977,6.4,3.548,2.357,4.666,2.376,4.013,3.225,2.091,7.44,4.539,7.4,6.172,6.946,7.121,4.629,6.233,2.01,6.431,5.805,5.721,5.887,5.956,5.814,6.043,7.03,2.77,2.704,6.246,5.809,1.989,5.515,7.432,6.836,6.428,6.178,6.895,4.21,7.757,5.429,5.809,6.026,6.873,6.727,6.64,3.519,3.07,5.559,4.626,4.841,2.816,6.219,6.03,5.937,5.677,4.639,6.061,3.064,5.141,3.602,7.118,7.558,6.415,6.414,2.597,4.97,6.082,2.469,7.253,6.8,7.147,7.841,5.615,5.742,6.493,6.942,7.117,3.701,3.178,5.063,6.543,6.967,3.052,2.902,8.156,3.191,5.582,6.463,6.439,6.481,3.84,7.295,7.599,2.715,6.218,7.575,,6.788,2.822,4.837,6.069,6.253,5.216,3.596,2.828,7.15,7.249,6.063,6.089,7.134,2.457,5.461,6.666,6.237,2.212,2.309,7.629,6.637,5.603,6.204,6.384,6.62,5.221,6.69,5.214,6.739,6.468,5.251,5.996,5.414,6.649,2.429,6.499,2.185,3.197,5.14,5.264,2.701,5.174,7.029,1.0,6.619,4.651,6.95,6.047,4.816,7.971,6.766,7.06
1952,7.26,6.239,7.289,6.112,2.258,5.948,6.772,5.011,3.157,4.808,5.678,3.18,2.068,5.158,4.61,7.294,6.406,4.547,2.625,2.332,6.66,5.829,3.538,6.802,6.183,5.691,5.019,6.439,6.102,5.202,7.1,2.442,5.926,6.9,6.509,5.736,3.559,6.546,4.542,5.928,6.09,4.78,6.472,6.488,5.934,6.063,6.822,6.455,7.606,2.725,3.931,5.043,3.467,2.724,5.966,2.539,6.811,5.504,7.589,6.564,6.748,7.079,6.363,,5.668,6.522,2.258,6.702,6.435,2.746,3.632,6.537,3.051,2.779,4.906,5.713,3.969,6.354,2.87,2.136,6.755,2.803,2.416,5.805,5.686,5.662,5.59,6.876,2.184,5.993,5.901,5.993,6.241,2.978,7.496,4.389,2.484,3.788,5.821,5.21,7.005,6.837,3.56,2.279,4.741,2.323,4.054,2.947,2.047,7.422,4.511,7.41,6.212,6.941,7.127,4.676,6.243,1.942,6.443,5.799,5.733,6.163,6.002,6.126,6.087,7.052,2.738,2.662,6.262,5.87,2.129,5.458,7.43,6.845,6.426,6.211,6.906,4.174,7.8,5.35,5.825,5.969,6.875,6.731,6.652,3.533,3.064,5.665,4.563,4.861,2.796,6.31,6.064,5.93,5.743,4.705,6.057,3.094,5.156,3.668,7.096,7.56,6.391,6.493,2.611,4.834,6.082,2.578,7.255,6.8,7.155,7.836,5.667,5.758,6.499,6.948,7.111,3.637,3.2,4.827,6.55,6.917,3.016,2.863,8.178,3.161,5.537,6.573,6.46,6.468,3.75,7.31,7.632,2.646,6.202,7.576,,6.792,2.736,4.881,6.034,6.286,5.173,3.565,2.766,7.159,7.25,6.081,6.122,7.131,2.539,5.431,6.674,6.268,2.232,2.324,7.63,6.687,5.601,6.229,6.396,6.642,5.308,6.692,5.244,6.804,6.47,5.254,6.04,5.403,6.673,2.4,6.5,2.193,3.29,4.754,5.683,2.719,5.308,7.029,1.0,6.612,5.467,6.952,6.082,5.001,7.969,6.774,7.069
1953,7.266,6.341,7.291,6.087,2.315,6.06,6.886,4.955,3.152,4.792,5.559,3.192,2.09,5.226,4.686,7.293,6.421,4.529,2.6,2.327,6.64,5.883,3.514,6.788,6.202,5.668,4.941,6.473,6.093,5.251,7.2,2.409,5.975,6.915,6.519,5.736,3.637,6.582,4.643,5.919,6.109,4.786,6.042,6.537,6.085,6.063,6.867,6.508,7.604,2.681,3.924,5.07,3.465,2.624,5.983,2.598,6.819,5.64,7.629,6.536,6.758,7.086,6.394,,5.663,6.526,2.127,6.689,6.449,2.826,3.538,6.543,2.956,2.702,5.001,5.827,3.992,6.351,2.845,2.129,6.777,2.799,2.392,5.923,5.974,5.686,5.75,6.898,2.126,6.007,5.895,6.073,6.233,2.954,7.507,4.427,2.75,3.933,5.865,5.256,7.026,6.844,3.535,2.173,4.722,2.285,4.184,2.673,2.002,7.41,4.496,7.426,6.262,6.91,7.136,4.727,6.254,1.846,6.458,5.805,5.745,6.044,6.027,5.989,6.124,7.126,2.716,2.614,6.323,5.891,2.129,5.396,7.433,6.853,6.437,6.23,6.921,4.129,7.833,5.492,5.847,5.893,6.865,6.734,6.649,3.534,3.04,5.766,4.558,4.872,2.763,6.39,6.086,5.925,5.807,4.79,6.068,3.037,5.173,3.655,7.096,7.552,6.396,6.572,3.082,4.554,6.082,2.637,7.251,6.8,7.155,7.828,5.718,5.793,6.503,6.953,7.104,3.594,3.043,4.681,6.539,6.884,2.992,2.829,8.198,3.122,5.49,6.695,6.091,6.457,4.122,7.321,7.658,2.589,6.191,7.588,,6.801,2.643,4.929,6.003,6.321,5.133,3.468,2.764,7.139,7.251,6.094,6.171,7.134,2.5,5.393,6.672,6.3,2.253,2.292,7.626,6.681,5.66,6.248,6.416,6.652,5.381,6.702,5.279,6.866,6.477,5.568,6.084,5.39,6.697,2.361,6.499,2.227,3.358,4.882,5.458,2.739,5.42,7.032,1.0,6.607,5.274,6.955,6.119,4.922,7.964,6.786,7.081
1954,7.254,6.432,7.311,6.094,2.32,6.166,6.981,4.917,3.141,4.796,5.421,3.192,2.139,5.304,4.759,7.286,6.472,4.456,2.607,2.361,6.62,5.938,3.508,6.775,6.214,5.602,4.819,6.507,6.087,5.274,7.308,2.353,6.012,6.917,6.516,5.735,3.743,6.621,4.606,5.92,6.129,4.77,6.278,6.582,6.223,6.054,6.91,6.54,7.602,2.629,3.917,5.11,3.506,2.584,5.984,2.561,6.823,5.774,7.656,6.509,6.765,7.057,6.43,,5.659,6.505,2.161,6.682,6.459,2.909,3.515,6.553,2.927,2.713,5.133,5.943,4.025,6.344,2.833,2.15,6.799,2.768,2.399,6.093,6.221,5.702,5.893,6.923,2.088,6.022,5.892,6.149,6.223,2.963,7.512,4.461,2.964,3.913,5.906,5.314,7.048,6.758,3.467,2.062,4.341,2.349,4.333,2.468,1.984,7.399,4.482,7.434,6.303,6.833,7.135,4.78,6.245,1.92,6.478,5.806,5.785,6.145,6.066,6.1,6.161,7.184,2.698,2.575,6.372,5.935,2.181,5.337,7.422,6.805,6.448,6.259,6.936,4.076,7.876,5.609,5.874,5.848,6.867,6.745,6.652,3.516,2.99,5.87,4.487,4.845,2.764,6.435,6.116,5.923,5.87,4.882,6.074,3.027,5.187,3.778,7.105,7.554,6.396,6.655,3.496,4.53,6.075,2.671,7.248,6.8,7.169,7.829,5.725,5.778,6.506,6.957,7.089,3.552,2.964,4.678,6.546,6.738,2.993,2.852,8.217,3.08,5.448,6.833,6.245,6.451,4.498,7.337,7.687,2.541,6.185,7.587,,6.815,2.548,5.019,6.048,6.346,5.081,3.414,2.599,7.132,7.251,6.109,6.174,7.136,2.438,5.35,6.679,6.328,2.182,2.287,7.63,6.656,5.721,6.267,6.408,6.661,5.392,6.696,5.343,6.93,6.468,5.77,6.132,5.377,6.724,2.306,6.502,2.246,3.475,4.859,5.591,2.76,5.526,7.042,1.0,6.602,5.797,6.968,6.154,4.998,7.964,6.795,7.091
1955,7.262,6.541,7.336,6.143,2.271,6.267,7.05,4.866,3.139,4.798,5.274,3.273,2.268,5.393,4.825,7.275,6.505,4.44,2.633,2.382,6.6,5.993,3.487,6.762,6.241,5.46,4.583,6.546,6.084,5.303,7.397,2.37,6.055,6.93,6.526,5.737,3.746,6.662,4.529,5.915,6.149,4.777,6.263,6.625,6.348,6.065,6.963,6.571,7.597,2.588,3.902,5.155,3.441,2.583,5.982,2.589,6.824,5.907,7.672,6.481,6.767,7.015,6.475,,5.655,6.488,2.109,6.682,6.457,2.984,3.615,6.568,2.93,2.699,5.234,6.003,4.066,6.334,2.851,2.158,6.818,2.734,2.42,6.267,6.428,5.773,6.215,6.95,2.076,6.037,5.892,6.218,6.23,2.97,7.513,4.55,2.817,4.036,5.911,5.362,7.151,6.0,3.366,1.949,4.387,2.343,4.524,2.349,1.946,7.42,4.506,7.46,6.324,6.741,7.14,4.841,6.258,1.881,6.494,5.811,5.786,6.143,6.07,6.096,6.191,7.241,2.698,2.567,6.395,5.939,2.165,5.264,7.397,6.843,6.452,6.329,6.95,4.014,7.906,5.686,5.923,5.832,6.867,6.73,6.653,3.492,2.967,6.057,4.157,4.84,2.757,6.501,6.141,5.914,5.935,4.956,6.066,3.032,5.244,3.88,7.123,7.551,6.402,6.765,3.674,4.288,6.068,2.758,7.233,6.8,7.176,7.819,5.734,5.817,6.509,6.96,7.071,3.555,3.133,4.68,6.538,6.766,3.011,2.812,8.214,3.044,5.467,6.965,6.446,6.436,4.894,7.359,7.711,2.507,6.184,7.592,,6.834,2.451,5.108,6.073,6.375,5.037,3.444,2.589,7.115,7.251,6.127,6.169,7.132,2.507,5.308,6.679,6.37,2.248,2.309,7.634,6.586,5.785,6.305,6.391,6.665,5.497,6.683,5.349,6.973,6.463,5.966,6.171,5.356,6.743,2.312,6.495,2.279,3.515,4.905,5.578,2.757,5.678,7.033,1.0,6.599,5.535,6.967,6.193,5.003,7.97,6.803,7.099
1956,7.269,6.437,7.358,6.197,2.296,6.363,7.085,4.819,3.147,4.89,5.108,3.331,2.456,5.49,4.878,7.266,6.537,4.18,2.66,2.409,6.58,6.05,3.478,6.752,6.246,5.272,4.361,6.585,6.083,5.226,7.448,2.332,6.093,6.931,6.509,5.73,3.771,6.706,4.486,5.926,6.169,4.795,5.854,6.664,6.46,6.069,7.043,6.601,7.597,2.504,3.893,5.166,3.387,2.568,5.986,2.6,6.825,6.025,7.675,6.453,6.765,6.968,6.499,,5.652,6.478,1.973,6.687,6.458,2.992,3.659,6.602,2.91,2.693,5.255,5.989,4.115,6.32,2.881,2.206,6.843,2.802,2.383,6.33,6.59,5.715,6.224,6.977,2.088,6.052,5.893,6.267,6.232,2.983,7.508,4.64,2.607,4.111,5.913,5.393,7.249,6.0,3.382,2.071,4.436,2.351,4.741,2.206,1.981,7.441,4.571,7.513,6.343,6.631,7.154,4.896,6.27,1.837,6.512,5.812,5.791,6.025,6.082,5.959,6.238,7.289,2.725,2.584,6.383,5.954,2.103,5.181,7.392,6.886,6.461,6.391,6.968,4.031,7.917,5.702,5.964,5.814,6.859,6.743,6.669,3.466,2.946,6.238,4.027,4.758,2.751,6.564,6.166,5.916,5.997,5.026,6.056,3.052,5.301,3.979,7.139,7.542,6.409,6.878,3.508,4.041,6.058,2.829,7.226,6.8,7.167,7.815,5.745,5.841,6.51,6.962,7.052,3.463,3.032,4.704,6.538,6.596,2.883,2.758,8.231,3.0,5.436,7.09,6.598,6.425,5.419,7.34,7.734,2.472,6.187,7.587,,6.858,2.361,5.162,6.1,6.444,4.995,3.432,2.516,7.1,7.25,6.131,6.175,7.134,2.54,5.262,6.68,6.423,2.286,2.358,7.594,6.489,5.847,6.364,6.373,6.691,5.6,6.663,5.266,7.016,6.463,6.156,6.167,5.316,6.762,2.303,6.494,2.375,3.624,4.998,5.361,2.791,5.8,7.002,1.0,6.596,5.621,6.965,6.218,4.931,7.965,6.809,7.121
1957,7.264,6.334,7.386,6.301,2.374,6.455,7.088,4.769,3.137,4.918,4.926,3.421,2.549,5.593,4.924,7.263,6.576,4.333,2.69,2.452,6.56,6.108,3.543,6.738,6.264,5.064,4.091,6.62,6.084,5.158,7.476,2.237,6.126,6.932,6.481,5.723,3.848,6.751,4.461,5.927,6.19,4.774,6.425,6.697,6.56,6.069,7.116,6.662,7.598,2.361,3.886,5.184,3.386,2.482,6.009,2.556,6.82,6.118,7.665,6.424,6.76,6.922,6.536,,5.649,6.495,1.924,6.697,6.464,2.996,3.831,6.571,2.851,2.71,5.251,5.987,4.172,6.304,2.905,2.256,6.852,2.874,2.33,6.398,6.709,5.6,6.45,7.015,2.121,6.067,5.898,6.311,6.199,2.995,7.498,4.763,2.296,4.173,5.913,5.418,7.354,4.8,3.479,2.171,4.382,2.348,4.963,2.036,2.05,7.46,4.638,7.571,6.364,6.517,7.167,4.993,6.268,1.868,6.532,5.809,5.791,6.219,6.107,6.175,6.28,7.347,2.761,2.628,6.47,5.986,2.156,5.092,7.375,6.923,6.468,6.447,6.985,3.681,7.954,5.706,6.004,5.836,6.887,6.752,6.684,3.435,2.928,6.389,3.945,4.701,2.751,6.627,6.175,5.917,6.06,5.09,6.048,3.074,5.353,4.031,7.152,7.542,6.404,6.96,4.281,3.896,6.049,2.824,7.228,6.8,7.18,7.809,5.757,5.888,6.511,6.962,7.026,3.496,3.138,4.587,6.531,6.531,2.711,2.729,8.256,2.954,5.415,7.259,6.701,6.416,5.988,7.323,7.756,2.436,6.195,7.595,,6.887,2.281,5.203,6.115,6.404,4.963,3.346,2.383,7.082,7.25,6.136,6.178,7.14,2.688,5.337,6.674,6.46,2.28,2.411,7.557,6.334,5.917,6.437,6.355,6.711,5.625,6.652,5.279,7.063,6.454,6.336,6.144,5.28,6.796,2.298,6.488,2.47,3.703,5.07,5.655,2.802,5.92,6.953,1.0,6.588,6.145,6.962,6.237,5.068,7.963,6.832,7.142
1958,7.269,6.391,7.438,6.425,2.459,6.542,7.046,4.719,3.1,4.91,4.759,3.423,2.592,5.697,4.96,7.295,6.608,4.25,2.728,2.498,6.54,6.166,3.581,6.721,6.271,4.888,4.06,6.624,6.083,5.063,7.475,2.207,6.171,6.949,6.425,5.729,3.814,6.797,4.435,5.929,6.21,4.753,5.698,6.723,6.648,6.087,7.165,6.712,7.61,2.26,3.9,5.194,3.378,2.284,6.036,2.528,6.831,6.168,7.643,6.393,6.75,6.863,6.564,,5.648,6.49,1.917,6.712,6.473,3.032,3.966,6.529,2.682,2.689,5.197,5.977,4.25,6.285,2.923,2.262,6.86,2.937,2.308,6.468,6.778,5.634,6.118,7.006,2.147,6.082,5.904,6.308,6.196,3.011,7.485,4.88,2.176,4.072,5.903,5.448,7.458,4.8,3.465,2.364,4.326,2.326,5.192,2.097,2.159,7.479,4.678,7.604,6.376,6.404,7.188,5.141,6.278,1.917,6.551,5.817,5.791,6.001,6.116,5.925,6.306,7.404,2.795,2.651,6.479,5.996,2.168,4.997,7.373,6.965,6.456,6.504,6.998,3.584,7.979,5.635,6.05,5.862,6.921,6.758,6.697,3.405,2.894,6.535,3.803,4.664,2.759,6.711,6.189,5.91,6.132,5.17,6.045,3.103,5.383,4.11,7.159,7.542,6.386,6.954,4.271,3.859,6.025,2.865,7.246,6.8,7.186,7.806,5.763,5.929,6.509,6.959,7.003,3.392,3.151,4.618,6.53,6.177,2.571,2.692,8.27,2.907,5.384,7.26,6.759,6.411,5.778,7.304,7.771,2.402,6.208,7.603,,6.92,2.225,5.251,6.129,6.316,4.909,3.188,2.227,7.08,7.25,6.143,6.152,7.137,2.728,5.404,6.675,6.505,2.25,2.406,7.512,6.154,6.045,6.475,6.345,6.732,5.668,6.648,5.298,7.106,6.434,6.505,6.112,5.236,6.839,2.295,6.484,2.546,3.754,5.406,5.276,2.815,6.096,6.9,1.0,6.567,6.209,6.969,6.301,4.932,7.969,6.864,7.159
1959,7.276,6.397,7.454,6.537,2.552,6.626,6.985,4.66,3.141,4.867,4.649,3.441,2.678,5.795,5.034,7.287,6.678,4.276,2.763,2.559,6.52,6.225,3.629,6.708,6.276,4.783,3.992,6.621,6.077,4.945,7.421,2.211,6.22,6.979,6.361,5.73,3.855,6.842,4.619,5.939,6.23,4.728,4.718,6.737,6.725,6.091,7.219,6.731,7.606,2.27,4.0,5.176,3.402,2.096,6.065,2.493,6.83,6.183,7.606,6.359,6.737,6.828,6.591,,5.649,6.507,1.954,6.731,6.494,3.118,3.984,6.47,2.737,2.746,5.218,5.966,4.336,6.266,2.936,2.359,6.874,2.996,2.327,6.575,6.792,5.632,6.047,7.006,2.187,6.097,5.912,6.314,6.198,3.015,7.471,4.998,2.079,4.213,5.892,5.476,7.571,5.3,3.602,2.42,4.364,2.387,5.323,2.035,2.263,7.512,4.569,7.643,6.4,6.374,7.203,5.229,6.289,1.922,6.581,5.841,5.787,5.705,6.119,5.585,6.353,7.455,2.786,2.63,6.421,6.008,2.208,4.926,7.36,7.01,6.441,6.558,7.007,3.576,8.023,5.619,6.092,5.876,6.95,6.758,6.715,3.373,2.849,6.681,3.531,4.601,2.759,6.804,6.252,5.911,6.186,5.273,6.032,3.158,5.407,4.179,7.163,7.528,6.375,6.962,3.559,3.915,5.991,2.882,7.253,6.8,7.191,7.805,5.794,5.957,6.506,6.953,7.0,3.248,3.144,4.554,6.532,6.106,2.422,2.663,8.288,2.867,5.347,6.949,6.779,6.409,3.823,7.284,7.787,2.385,6.223,7.616,,6.957,2.183,5.302,6.146,6.121,4.845,3.005,2.224,7.068,7.25,6.126,6.096,7.15,2.754,5.414,6.663,6.554,2.226,2.423,7.506,5.942,6.131,6.501,6.332,6.765,5.706,6.644,5.348,7.15,6.416,6.557,6.06,5.191,6.883,2.295,6.5,2.604,3.747,5.219,4.771,2.816,6.35,6.843,1.0,6.446,6.25,6.983,6.349,4.74,7.984,6.903,7.173
1960,7.282,6.383,7.503,6.578,2.545,6.708,6.925,4.602,3.136,4.786,4.567,3.453,2.689,5.878,5.093,7.262,6.742,4.706,2.757,2.533,6.5,6.282,3.63,6.704,6.273,4.762,3.963,6.595,6.051,4.812,7.322,2.309,6.248,7.003,6.313,5.725,3.82,6.885,4.713,5.948,6.25,4.697,4.451,6.735,6.792,6.085,7.265,6.712,7.691,2.239,4.129,5.13,3.393,2.088,6.105,2.561,6.847,6.178,7.555,6.319,6.721,6.793,6.618,,5.653,6.483,1.984,6.752,6.514,3.227,3.854,6.364,2.719,2.735,5.216,5.931,4.422,6.246,2.942,2.381,6.89,3.102,2.294,6.686,6.743,5.771,5.969,6.999,2.236,6.112,5.921,6.331,6.178,3.001,7.458,5.085,2.021,4.259,5.921,5.505,7.519,5.3,3.755,2.682,4.366,2.384,5.538,1.981,2.412,7.599,4.495,7.651,6.441,6.359,7.223,5.309,6.292,1.941,6.609,5.877,5.784,5.637,6.134,5.504,6.391,7.509,2.779,2.622,6.437,6.036,2.28,4.957,7.343,7.042,6.412,6.713,7.019,3.626,8.077,5.673,6.149,5.897,6.985,6.763,6.742,3.315,2.812,6.817,3.532,4.551,2.745,6.887,6.312,5.901,6.243,5.337,6.069,3.118,5.436,4.241,7.159,7.53,6.364,6.955,3.568,3.826,5.958,2.847,7.277,6.8,7.189,7.793,5.829,6.018,6.5,6.941,6.996,3.004,3.16,4.593,6.531,6.105,2.318,2.633,8.283,2.802,5.285,6.541,6.767,6.389,4.602,7.247,7.779,2.428,6.242,7.626,,6.996,2.155,5.313,6.175,5.765,4.767,3.024,2.186,7.065,7.25,6.105,5.994,7.161,2.808,5.352,6.663,6.59,2.17,2.441,7.505,5.787,6.235,6.536,6.325,6.797,5.728,6.651,5.405,7.157,6.383,6.59,5.991,5.146,6.905,2.285,6.499,2.704,3.732,5.149,4.636,2.827,6.613,6.784,1.0,6.382,6.273,7.001,6.407,4.696,7.988,6.947,7.195
1961,7.284,6.273,7.564,6.575,2.543,6.79,6.872,4.559,3.12,4.67,4.422,3.542,2.787,5.937,5.156,7.231,6.78,4.153,2.673,2.622,6.48,6.402,3.594,6.698,6.257,4.752,3.888,6.564,6.022,4.667,7.185,2.283,6.286,7.023,6.302,5.732,3.761,6.922,4.781,5.958,6.268,4.655,3.863,6.712,6.849,6.093,7.272,6.651,7.72,2.219,4.265,5.042,3.619,2.107,6.124,2.547,6.848,6.156,7.487,6.273,6.7,6.758,6.644,,5.661,6.474,1.986,6.774,6.533,3.162,3.757,6.284,2.711,2.829,5.124,5.946,4.504,6.228,2.943,2.465,6.912,3.26,2.239,6.781,6.627,5.666,5.948,6.979,2.273,6.126,5.931,6.339,6.179,2.995,7.448,5.169,1.937,3.913,5.937,5.522,7.459,5.8,3.784,2.688,4.148,2.42,5.597,1.928,2.498,7.699,4.424,7.715,6.477,6.314,7.248,5.364,6.31,1.964,6.631,5.891,5.785,5.454,6.12,5.293,6.446,7.556,2.778,2.613,6.414,6.02,2.331,4.674,7.299,7.067,6.367,6.792,7.031,3.304,8.115,5.599,6.199,5.982,7.01,6.777,6.74,3.228,2.783,6.963,3.487,4.513,2.721,6.969,6.366,5.9,6.293,5.376,6.093,3.207,5.465,4.306,7.112,7.512,6.353,6.942,3.261,3.615,5.912,2.915,7.287,6.8,7.173,7.786,5.865,6.074,6.489,6.923,6.994,2.86,3.205,4.412,6.526,6.056,2.156,2.52,8.279,2.745,5.216,6.272,6.835,6.395,4.539,7.157,7.771,2.684,6.263,7.634,,7.038,2.133,5.422,6.205,5.418,4.678,2.958,2.268,7.052,7.252,6.08,5.803,7.178,2.778,5.24,6.656,6.583,2.202,2.517,7.502,5.666,6.353,6.562,6.324,6.821,5.717,6.61,5.405,7.159,6.419,6.689,5.907,5.089,6.927,2.197,6.494,2.789,3.691,4.801,4.326,2.846,6.752,6.729,1.0,6.298,5.476,7.021,6.458,4.571,8.0,6.982,7.212
1962,7.292,6.106,7.607,6.603,2.548,6.872,6.82,4.547,3.126,4.521,4.262,3.425,2.801,5.961,5.125,7.185,6.806,4.3,2.607,2.595,6.46,6.457,3.441,6.692,6.246,4.736,3.805,6.536,5.984,4.514,7.03,2.232,6.322,7.038,6.301,5.729,3.678,6.953,4.793,5.97,6.285,4.602,6.085,6.663,6.897,6.099,7.242,6.543,7.75,2.192,4.421,4.927,3.51,2.123,6.141,2.549,6.854,6.122,7.404,6.218,6.676,6.709,6.675,,5.673,6.496,1.957,6.794,6.561,3.066,3.835,6.198,2.68,2.788,5.104,5.968,4.587,6.213,2.937,2.462,6.942,3.528,2.242,6.785,6.442,5.856,5.899,6.934,2.374,6.14,5.941,6.333,6.175,2.948,7.443,5.177,1.801,3.979,5.953,5.534,7.401,6.991,3.93,2.634,4.086,2.451,5.635,1.928,2.626,7.785,4.357,7.769,6.415,6.244,7.254,5.421,6.313,1.915,6.651,5.902,5.787,6.135,6.146,6.063,6.504,7.61,2.798,2.471,6.448,6.061,2.337,4.393,7.256,7.095,6.296,6.887,7.038,3.218,8.122,5.549,6.244,5.877,7.035,6.8,6.729,3.043,2.756,7.098,3.443,4.495,2.662,7.046,6.424,5.904,6.35,5.423,6.082,3.17,5.388,4.159,7.1,7.501,6.356,6.92,3.412,3.503,5.848,2.894,7.318,6.8,7.145,7.792,5.872,6.135,6.472,6.895,6.98,2.744,3.233,4.34,6.53,6.168,2.023,2.362,8.271,2.675,5.141,6.061,6.818,6.373,4.254,7.033,7.759,2.434,6.284,7.636,,7.079,2.109,5.513,6.222,5.216,4.572,2.833,2.278,7.042,7.255,6.046,5.562,7.195,2.804,5.177,6.704,6.572,2.236,2.58,7.51,5.535,6.479,6.605,6.331,6.857,5.692,6.571,5.358,7.168,6.382,6.756,5.816,5.004,6.959,2.154,6.489,2.866,3.533,5.072,5.458,2.866,6.878,6.672,1.0,6.231,6.257,7.039,6.508,5.022,8.01,7.012,7.231
1963,7.302,5.927,7.649,6.687,2.602,6.954,6.744,4.536,3.109,4.345,4.107,3.334,2.817,5.945,5.062,7.137,6.798,4.304,2.479,2.676,6.44,6.51,3.476,6.687,6.232,4.691,3.7,6.578,5.93,4.363,6.893,2.201,6.356,7.067,6.292,5.731,3.588,6.976,4.686,5.985,6.301,4.536,7.513,6.584,6.916,6.147,7.188,6.389,7.781,2.145,4.559,4.798,3.494,2.308,6.158,2.655,6.86,6.084,7.303,6.155,6.646,6.648,6.69,,5.69,6.481,1.904,6.804,6.586,2.999,3.896,6.088,2.675,2.873,5.166,5.975,4.649,6.202,2.949,2.523,6.936,4.061,2.243,6.757,6.196,5.709,5.571,6.899,2.474,6.153,5.951,6.307,6.173,2.934,7.441,5.152,1.82,3.984,5.969,5.551,7.317,7.005,4.027,2.624,4.087,2.52,5.731,1.951,2.743,7.854,4.264,7.817,6.35,6.176,7.275,5.479,6.318,1.851,6.663,5.905,5.776,6.555,6.145,6.539,6.556,7.685,2.851,2.35,6.49,6.069,2.32,4.227,7.212,7.127,6.191,6.941,7.046,2.871,8.123,5.429,6.312,6.18,7.057,6.817,6.713,2.891,2.727,7.238,3.382,4.46,2.639,7.012,6.474,5.905,6.408,5.441,6.056,3.183,5.343,4.046,7.081,7.489,6.349,6.899,3.626,3.616,5.793,2.905,7.334,6.8,7.117,7.781,5.865,6.153,6.447,6.858,6.952,2.7,3.135,4.253,6.527,6.272,1.987,2.285,8.269,2.599,5.059,6.121,6.721,6.36,3.536,6.921,7.729,2.401,6.306,7.654,,7.12,2.084,5.606,6.261,5.159,4.467,2.915,2.302,7.034,7.258,6.012,5.334,7.196,2.876,5.118,6.758,6.508,2.315,2.646,7.511,5.387,6.62,6.647,6.342,6.893,5.657,6.517,5.242,7.17,6.339,6.788,5.719,4.914,6.984,2.111,6.495,2.91,3.39,4.958,6.176,2.884,6.808,6.623,1.0,6.155,6.385,7.071,6.518,5.308,8.028,7.06,7.23
1964,7.304,5.714,7.672,6.78,2.689,7.036,6.641,4.484,3.075,4.15,3.94,3.146,2.779,5.888,4.969,7.091,6.785,4.214,2.28,2.702,6.42,6.565,3.231,6.682,6.21,4.609,3.6,6.613,5.818,4.194,6.773,2.175,6.419,7.09,6.288,5.739,3.424,6.989,4.411,6.005,6.318,4.457,6.672,6.475,6.938,6.183,7.116,6.193,7.811,2.142,4.528,4.641,3.409,2.342,6.188,2.601,6.872,6.027,7.186,6.084,6.61,6.541,6.684,,5.711,6.487,1.95,6.789,6.612,2.977,3.975,5.96,2.589,2.88,5.286,5.98,4.713,6.195,2.891,2.525,6.902,4.26,2.313,6.654,5.906,5.58,5.393,6.871,2.475,6.166,5.961,6.232,6.164,2.913,7.443,5.085,1.814,3.87,5.979,5.568,7.237,7.01,4.079,2.627,4.163,2.662,5.79,1.998,2.786,7.913,4.071,7.869,6.289,6.112,7.286,5.433,6.313,1.813,6.674,5.851,5.765,6.288,6.124,6.235,6.585,7.752,2.919,2.304,6.502,6.061,2.362,3.943,7.188,7.114,6.03,7.003,7.055,2.736,8.143,5.408,6.37,5.956,7.081,6.833,6.737,2.71,2.69,7.329,3.279,4.376,2.603,6.97,6.513,5.907,6.428,5.473,6.043,3.153,5.368,3.776,7.064,7.48,6.362,6.865,3.547,3.56,5.716,2.962,7.37,6.8,7.076,7.775,5.808,6.191,6.421,6.81,6.886,2.603,3.215,4.177,6.525,6.172,1.95,2.176,8.266,2.523,4.994,6.084,6.758,6.354,3.609,6.828,7.703,2.368,6.327,7.672,,7.157,2.067,5.694,6.294,4.971,4.354,2.888,2.323,7.047,7.261,5.955,5.068,7.22,2.998,5.057,6.804,6.426,2.448,2.653,7.525,5.202,6.68,6.68,6.309,6.916,5.621,6.464,5.081,7.166,6.291,6.787,5.608,4.826,7.012,2.014,6.494,2.931,3.258,5.474,5.714,2.863,6.823,6.568,1.0,6.071,6.285,7.101,6.516,5.123,8.071,7.085,7.23
1965,7.305,5.474,7.711,6.73,2.715,7.116,6.509,4.416,3.005,3.988,3.797,2.979,2.697,5.792,4.884,7.027,6.771,4.176,2.229,2.612,6.4,6.605,3.077,6.679,6.182,4.447,3.53,6.604,5.677,4.053,6.647,2.085,6.471,7.113,6.267,5.796,3.075,6.993,4.159,6.028,6.337,4.364,6.605,6.333,6.967,6.229,7.039,5.96,7.841,2.224,4.504,4.475,3.47,2.187,6.21,2.608,6.864,5.952,7.053,6.008,6.564,6.387,6.636,,5.734,6.494,1.899,6.794,6.63,2.989,4.086,5.763,2.475,2.826,5.183,6.0,4.785,6.192,2.774,2.487,6.88,3.989,2.334,6.419,5.597,5.593,5.137,6.839,2.348,6.178,5.971,6.135,6.129,2.831,7.442,4.923,1.82,3.72,5.941,5.593,7.222,7.02,4.04,2.539,4.125,2.617,5.719,2.089,2.73,7.932,3.881,7.923,6.262,6.035,7.314,5.375,6.316,1.729,6.683,5.768,5.772,6.234,6.083,6.173,6.617,7.823,2.963,2.234,6.522,6.028,2.397,3.619,7.171,7.126,5.836,7.07,7.081,2.437,8.156,5.479,6.444,5.508,7.115,6.819,6.743,2.685,2.66,7.377,3.186,4.273,2.522,6.932,6.544,5.912,6.445,5.476,6.007,3.03,5.311,3.537,7.033,7.466,6.367,6.82,3.556,3.516,5.658,2.925,7.391,6.8,7.014,7.775,5.728,6.203,6.345,6.75,6.799,2.537,3.159,4.096,6.527,6.152,1.903,2.113,8.249,2.444,4.964,6.008,6.688,6.345,4.711,6.735,7.653,2.334,6.349,7.658,,7.19,2.057,5.716,6.311,4.667,4.233,2.782,2.445,7.017,7.261,5.892,4.887,7.222,2.926,4.934,6.84,6.321,2.401,2.587,7.532,4.994,6.743,6.727,6.258,6.937,5.552,6.408,4.88,7.113,6.22,6.756,5.502,4.726,7.042,1.943,6.495,2.867,2.983,5.64,5.652,2.84,6.81,6.524,1.0,5.977,6.156,7.139,6.515,5.071,8.101,7.116,7.231
1966,7.32,5.325,7.71,6.618,2.759,7.194,6.346,4.322,2.966,3.829,3.621,2.883,2.672,5.663,4.788,6.944,6.766,4.144,2.273,2.519,6.379,6.625,2.794,6.674,6.158,4.155,3.394,6.606,5.516,3.965,6.514,2.024,6.527,7.135,6.237,5.854,2.752,6.99,4.078,6.057,6.362,4.259,6.307,6.159,7.001,6.267,6.946,5.697,7.868,2.227,4.398,4.265,3.395,2.031,6.242,2.607,6.875,5.856,6.949,5.932,6.507,6.308,6.565,,5.756,6.497,1.884,6.802,6.661,2.973,4.044,5.546,2.404,2.781,5.043,5.981,4.861,6.183,2.728,2.503,6.862,3.604,2.395,6.031,5.3,5.581,5.072,6.802,2.225,6.19,5.982,6.021,6.093,2.678,7.41,4.464,1.89,3.578,5.881,5.593,7.214,7.022,3.942,2.462,3.96,2.588,5.692,1.632,2.57,7.992,3.819,7.955,6.225,5.947,7.34,5.321,6.307,1.786,6.694,5.677,5.756,6.107,6.037,6.029,6.628,7.891,2.779,2.265,6.567,5.991,2.345,3.317,7.156,7.174,5.635,7.145,7.111,2.284,8.199,5.379,6.516,5.46,7.138,6.79,6.781,2.651,2.625,7.409,3.093,4.161,2.407,6.889,6.577,5.876,6.472,5.412,5.98,2.896,5.248,3.42,6.99,7.481,6.386,6.759,3.709,3.432,5.589,2.891,7.412,6.8,6.932,7.753,5.649,6.232,6.231,6.68,6.691,2.447,3.164,3.706,6.521,5.979,1.874,2.105,8.23,2.365,4.943,5.783,6.607,6.323,4.506,6.639,7.596,2.326,6.371,7.655,,7.217,2.041,6.126,6.345,4.452,4.084,2.661,2.475,6.997,7.257,5.907,4.782,7.254,2.913,4.828,6.879,6.198,2.356,2.5,7.552,4.778,6.815,6.804,6.182,6.956,5.462,6.349,4.62,7.055,6.152,6.703,5.435,4.637,7.066,2.037,6.495,2.777,2.769,4.993,5.48,2.819,6.66,6.511,1.0,5.87,5.968,7.184,6.526,4.961,8.142,7.138,7.196
1967,7.339,5.31,7.712,6.461,2.78,7.267,6.152,4.178,2.982,3.731,3.452,2.851,2.629,5.371,4.689,6.843,6.79,3.599,2.245,2.409,6.358,6.643,2.567,6.669,6.133,3.777,3.219,6.598,5.336,3.912,6.372,2.032,6.585,7.156,6.201,5.951,2.541,6.982,4.045,6.076,6.393,4.144,5.806,5.957,7.02,6.29,6.827,5.416,7.893,2.102,4.294,4.059,3.324,1.916,6.267,2.351,6.87,5.737,6.755,5.858,6.436,6.252,6.487,,5.776,6.504,1.903,6.766,6.684,2.985,3.978,5.333,2.316,2.649,4.934,5.951,4.919,6.206,2.743,2.439,6.893,3.183,2.484,5.545,5.04,5.429,4.646,6.755,2.146,6.202,5.994,5.888,6.051,2.712,7.359,4.123,2.013,3.282,5.825,5.583,7.19,7.029,3.843,2.447,3.824,2.509,5.668,2.158,2.386,8.059,3.769,7.953,6.112,5.877,7.326,5.255,6.306,1.819,6.709,5.569,5.745,5.921,5.992,5.816,6.65,7.932,2.477,2.268,6.631,5.958,2.236,3.014,7.144,7.213,5.433,7.227,7.136,2.191,8.169,5.25,6.568,4.626,7.197,6.753,6.81,2.617,2.591,7.389,2.912,4.075,2.437,6.845,6.607,5.842,6.485,5.294,5.954,2.799,5.15,3.35,6.94,7.49,6.401,6.687,4.05,3.332,5.701,2.786,7.437,6.8,6.836,7.738,5.534,6.242,6.097,6.6,6.572,2.349,3.157,3.518,6.462,5.672,3.588,2.023,8.211,2.288,4.915,5.46,6.508,6.302,3.432,6.533,7.551,2.305,6.394,7.658,,7.237,2.02,5.895,6.383,3.914,3.941,2.487,2.379,6.974,7.248,5.852,4.615,7.257,2.971,4.787,6.909,6.038,2.266,2.394,7.556,4.534,6.886,6.864,6.077,6.959,5.369,6.293,4.35,6.952,6.057,6.635,5.395,4.494,7.102,2.04,6.51,2.678,2.605,5.196,5.194,2.784,6.567,6.509,1.0,5.748,5.883,7.232,6.512,4.852,8.174,7.154,7.157
1968,7.363,5.317,7.711,6.281,2.77,7.332,5.884,4.014,3.011,3.622,3.277,2.889,2.585,5.213,4.556,6.708,6.791,3.574,2.258,2.311,6.337,6.669,2.451,6.664,6.101,3.491,3.076,6.582,5.165,3.875,6.204,2.271,6.645,7.18,6.165,6.043,2.408,6.97,3.992,6.101,6.432,4.025,6.508,5.737,7.051,6.327,6.693,5.028,7.912,2.027,4.194,3.827,3.267,1.848,6.286,2.119,6.876,5.587,6.548,5.788,6.351,6.193,6.386,,5.791,6.503,2.02,6.761,6.7,3.036,3.856,5.113,2.135,2.571,4.856,5.9,4.984,6.221,2.689,2.341,6.892,2.98,2.474,4.928,4.835,5.218,4.346,6.699,2.134,6.214,6.008,5.751,6.009,2.628,7.295,3.783,2.067,3.063,5.76,5.568,7.119,7.056,3.77,2.447,3.711,2.49,5.576,2.065,2.259,8.135,3.629,7.948,5.984,5.812,7.278,5.182,6.298,1.86,6.716,5.448,5.725,6.089,5.94,6.007,6.657,7.974,2.217,2.309,6.633,5.923,2.12,2.608,7.131,7.262,5.291,7.279,7.159,2.08,8.143,5.044,6.603,4.596,7.251,6.707,6.84,2.592,2.566,7.371,2.795,3.991,2.376,6.786,6.646,5.797,6.502,5.139,5.944,2.707,5.058,3.335,6.885,7.497,6.42,6.597,3.872,3.219,7.741,2.751,7.462,6.8,6.714,7.706,5.411,6.252,5.972,6.513,6.448,2.296,3.123,3.32,6.392,5.458,3.535,1.98,8.187,2.219,4.863,5.165,6.387,6.262,3.22,6.416,7.499,2.299,6.419,7.627,,7.251,2.005,5.614,6.385,3.528,3.784,2.394,2.259,6.948,7.231,5.782,4.51,7.264,2.923,4.658,6.946,5.863,2.074,2.289,7.569,4.37,6.912,6.9,5.928,6.97,5.27,6.226,4.106,6.806,5.962,6.56,5.397,4.361,7.13,2.031,6.529,2.592,2.508,4.954,5.535,2.771,6.394,6.463,1.0,5.614,6.029,7.288,6.478,4.963,8.191,7.18,7.114
1969,7.389,5.287,7.709,6.122,2.769,7.388,5.58,3.829,3.049,3.488,3.111,2.889,2.484,5.053,4.38,6.57,6.806,3.342,2.232,2.278,6.316,6.705,2.361,6.658,6.058,3.298,2.954,6.559,5.041,3.807,6.008,2.274,6.664,7.215,6.124,6.144,2.356,6.954,3.522,6.063,6.477,3.902,6.175,5.506,7.073,6.35,6.515,4.835,7.927,1.951,4.124,3.608,3.188,1.882,6.304,1.998,6.878,5.412,6.366,5.722,6.252,6.12,6.278,,5.802,6.503,2.116,6.761,6.719,3.04,3.564,4.905,1.93,2.526,4.782,5.818,5.049,6.246,2.687,2.2,6.954,2.949,2.434,4.209,4.69,4.979,4.44,6.646,2.164,6.228,6.024,5.581,5.957,2.577,7.228,3.599,2.041,2.984,5.684,5.553,7.007,7.083,3.824,2.512,3.676,2.47,5.468,2.026,2.105,8.192,3.509,7.947,5.848,5.731,7.181,5.183,6.301,1.88,6.722,5.316,5.704,5.948,5.885,5.847,6.644,8.011,2.135,2.328,6.649,5.879,2.02,2.307,7.118,7.274,5.159,7.327,7.175,2.025,8.112,4.743,6.643,3.965,7.305,6.626,6.877,2.566,2.536,7.337,2.791,3.856,2.342,6.726,6.672,5.747,6.508,4.942,5.893,2.737,5.008,3.273,6.825,7.506,6.438,6.473,3.86,3.101,7.623,2.697,7.489,6.8,6.576,7.681,5.287,6.258,5.837,6.418,6.333,2.259,3.114,3.243,6.311,5.045,3.112,1.988,8.176,2.154,4.745,4.967,6.249,6.186,3.208,6.275,7.432,2.312,6.444,7.597,,7.259,1.986,5.479,6.393,3.222,3.634,2.435,2.177,6.974,7.209,5.719,4.447,7.281,2.901,4.499,6.967,5.696,1.931,2.191,7.586,4.184,6.911,6.954,5.704,7.015,5.162,6.166,3.856,6.623,5.872,6.482,5.311,4.227,7.115,2.012,6.524,2.502,2.504,4.812,5.344,2.769,6.338,6.41,1.0,5.469,6.013,7.347,6.426,4.866,8.216,7.18,7.036
1970,7.4,5.158,7.704,5.953,2.787,7.434,5.299,3.628,3.085,3.328,2.973,2.86,2.294,4.899,4.212,6.428,6.839,3.079,2.293,2.254,6.299,6.735,2.308,6.65,6.004,3.156,2.791,6.55,4.934,3.739,5.801,2.179,6.685,7.214,6.071,6.197,2.267,6.935,4.662,6.027,6.528,3.778,6.085,5.276,7.099,6.376,6.296,4.585,7.936,1.882,3.981,3.397,3.065,1.92,6.329,1.956,6.879,5.215,6.184,5.655,6.138,6.059,6.178,,5.808,6.541,2.171,6.749,6.782,3.0,3.415,4.708,1.822,2.481,4.716,5.628,5.097,6.257,2.695,2.024,6.952,2.948,2.435,3.541,4.46,4.758,4.343,6.6,2.105,6.243,6.041,5.411,5.911,2.536,7.172,3.386,1.98,2.815,5.624,5.488,6.798,7.071,3.85,2.566,3.786,2.396,5.349,2.035,1.933,8.181,3.505,7.943,5.706,5.624,7.025,5.203,6.31,1.964,6.735,5.188,5.698,5.882,5.835,5.771,6.578,8.048,2.093,2.396,6.671,5.847,1.973,2.083,7.096,7.295,5.035,7.391,7.181,2.072,8.075,4.531,6.677,3.82,7.368,6.529,6.928,2.565,2.5,7.314,2.687,3.742,2.319,6.682,6.699,5.682,6.52,4.74,5.869,2.573,5.07,3.168,6.773,7.514,6.466,6.236,3.848,3.012,7.439,2.512,7.523,6.801,6.387,7.651,5.175,6.25,5.718,6.316,6.218,2.254,3.008,3.167,6.228,4.299,2.812,2.007,8.145,2.089,4.412,4.728,6.101,6.089,3.259,6.116,7.338,2.316,6.468,7.583,,7.262,1.973,5.307,6.411,3.068,3.48,2.415,2.114,6.983,7.182,5.634,4.459,7.286,2.884,4.387,6.986,5.529,1.921,2.103,7.621,3.976,6.911,7.001,5.452,7.035,5.037,6.071,3.709,6.426,5.775,6.404,5.229,4.081,7.149,2.078,6.519,2.421,2.515,5.254,5.277,2.772,6.313,6.346,1.0,5.321,6.019,7.316,6.371,4.825,8.234,7.224,6.982
1971,7.432,5.083,7.671,5.765,2.832,7.467,5.052,3.455,3.108,3.286,2.862,2.948,2.194,4.757,4.058,6.284,6.831,3.199,2.313,2.208,6.288,6.766,2.277,6.643,5.947,3.035,2.749,6.544,4.838,3.642,5.619,2.105,6.698,7.213,6.007,6.259,2.101,6.913,3.465,5.993,6.582,3.654,5.523,5.057,7.116,6.416,6.068,4.362,7.941,1.974,3.799,3.18,3.036,1.989,6.344,2.038,6.882,4.985,6.009,5.58,6.011,5.99,6.13,,5.808,6.541,2.204,6.739,6.838,2.954,3.222,4.51,1.685,2.499,4.6,5.446,5.163,6.33,2.707,1.951,6.946,2.944,2.408,3.202,4.307,4.557,4.202,6.546,2.018,6.262,6.06,5.257,5.877,2.471,7.113,3.4,1.931,2.917,5.565,5.397,6.549,7.055,3.934,2.512,3.849,2.398,5.212,2.089,1.899,8.15,3.534,7.922,5.554,5.556,6.839,5.181,6.295,2.023,6.739,5.05,5.696,5.672,5.777,5.533,6.542,8.096,2.033,2.414,6.678,5.811,1.947,1.994,7.068,7.311,4.924,7.384,7.203,2.124,8.036,4.368,6.696,3.508,7.421,6.419,6.938,2.563,2.47,7.297,2.673,3.621,2.281,6.616,6.701,5.615,6.521,4.541,5.845,2.366,5.051,3.18,6.714,7.518,6.532,5.969,3.739,2.927,7.134,2.494,7.558,6.802,6.164,7.614,5.054,6.229,5.591,6.207,6.083,2.251,2.995,3.209,6.145,4.038,2.598,2.048,8.092,2.023,4.001,4.506,5.953,5.97,3.218,5.946,7.224,2.326,6.49,7.556,,7.261,1.96,5.689,6.429,3.02,3.346,2.425,2.158,6.985,7.151,5.569,4.259,7.296,2.898,4.266,7.019,5.356,1.957,2.035,7.6,3.723,6.911,7.044,5.253,7.064,4.926,5.958,3.612,6.29,5.671,6.323,5.141,3.944,7.181,2.113,6.519,2.343,2.318,5.066,4.964,2.767,6.284,6.293,1.0,5.174,6.069,7.283,6.319,4.679,8.26,7.26,6.939
1972,7.453,4.979,7.634,5.519,2.905,7.488,4.829,3.287,3.135,3.198,2.755,2.742,2.077,4.593,3.886,6.139,6.816,3.153,2.28,2.091,6.284,6.799,2.225,6.639,5.885,2.962,2.672,6.563,4.735,3.542,5.5,2.037,6.719,7.21,5.943,6.293,1.937,6.887,4.887,5.959,6.85,3.53,5.112,4.857,7.142,6.444,5.724,4.158,7.942,2.007,3.612,2.992,2.988,2.092,6.369,2.026,6.851,4.671,5.841,5.492,5.873,5.929,6.032,,5.805,6.538,2.154,6.722,6.895,2.916,3.252,4.316,1.575,2.427,4.42,5.272,5.237,6.366,2.674,1.726,6.916,2.788,2.388,3.012,4.175,4.349,4.046,6.511,1.942,6.283,6.078,5.077,5.849,2.348,7.058,3.254,1.931,3.085,5.482,5.315,6.257,7.024,3.849,2.454,3.798,2.351,5.06,2.114,1.636,8.117,3.553,7.894,5.374,5.488,6.637,5.137,6.284,2.009,6.738,4.912,5.694,5.503,5.711,5.341,6.599,8.073,1.983,2.346,6.712,5.759,1.747,1.94,7.042,7.326,4.822,7.374,7.219,2.032,7.995,4.179,6.706,3.407,7.451,6.281,6.961,2.564,2.44,7.279,2.611,3.495,2.189,6.545,6.701,5.527,6.533,4.355,5.801,2.152,5.047,2.998,6.653,7.523,6.579,5.709,3.889,2.865,6.776,2.39,7.588,6.805,5.896,7.586,4.908,6.197,5.458,6.091,5.937,2.238,2.857,3.006,6.073,3.922,2.479,2.068,8.089,1.959,3.696,4.161,5.813,5.839,3.115,5.774,7.07,2.286,6.51,7.539,,7.258,1.952,5.155,6.447,3.031,3.234,2.483,2.166,6.992,7.118,5.49,4.02,7.311,2.869,4.156,6.983,5.176,1.91,1.913,7.573,3.436,6.893,7.052,5.077,7.069,4.804,5.862,3.551,6.187,5.548,6.2,5.027,3.806,7.185,2.127,6.502,2.182,2.057,4.78,4.725,2.782,6.246,6.228,1.0,5.035,6.1,7.29,6.285,4.545,8.273,7.3,6.942
1973,7.487,4.829,7.592,5.297,2.826,7.498,4.601,3.126,3.17,3.081,2.655,2.493,1.931,4.434,3.726,5.965,6.8,2.865,2.206,1.953,6.285,6.809,2.143,6.633,5.847,2.949,2.539,6.587,4.638,3.428,5.355,2.153,6.77,7.215,5.559,6.326,1.849,6.855,3.562,5.925,6.869,3.409,4.726,4.68,7.165,6.42,5.467,3.991,7.939,2.013,3.402,2.872,2.403,2.305,6.385,1.921,6.817,4.275,5.667,5.392,5.727,5.843,5.929,,5.8,6.548,2.085,6.715,6.962,2.873,3.218,4.158,1.501,2.32,4.073,5.091,5.287,6.405,2.617,1.551,6.872,2.671,2.365,2.739,4.046,4.172,3.89,6.487,1.818,6.308,6.098,4.866,5.811,2.26,6.985,3.135,1.952,2.941,5.402,5.246,6.061,6.986,3.713,2.364,3.606,2.315,4.995,2.145,1.552,8.062,3.508,7.86,5.199,5.418,6.43,5.024,6.281,1.946,6.725,4.79,5.688,5.336,5.635,5.153,6.651,8.047,1.936,2.224,6.664,5.701,1.584,1.843,7.011,7.338,4.727,7.399,7.223,2.078,7.952,3.847,6.718,3.071,7.478,6.121,6.971,2.566,2.408,7.24,2.512,3.346,2.114,6.481,6.698,5.435,6.54,4.192,5.701,1.909,4.932,2.738,6.586,7.529,6.633,5.471,3.353,2.719,6.398,2.234,7.625,6.808,5.592,7.554,4.741,6.16,5.351,5.968,5.787,2.252,2.765,2.902,6.008,3.813,2.394,2.01,8.092,1.895,3.494,3.966,5.686,5.638,2.952,5.587,6.908,2.227,6.525,7.484,,7.255,1.94,4.784,6.473,2.782,3.111,2.557,2.201,7.001,7.086,5.413,3.803,7.311,2.841,4.001,6.939,5.007,1.868,1.81,7.548,3.249,6.841,7.062,4.845,7.081,4.656,5.801,3.466,6.12,5.41,6.152,4.913,3.712,7.193,2.044,6.464,2.036,1.921,4.231,4.492,2.855,6.162,6.151,1.0,4.906,6.108,7.301,6.252,4.416,8.29,7.339,6.942
1974,7.526,4.7,7.545,5.139,2.735,7.5,4.393,2.932,3.216,2.984,2.573,2.376,1.902,4.314,3.572,5.787,6.778,2.652,2.191,1.838,6.287,6.822,2.023,6.618,5.796,2.954,2.454,6.614,4.502,3.333,5.183,2.29,6.842,7.222,4.797,6.361,1.806,6.818,2.958,5.899,6.864,3.293,4.17,4.527,7.163,6.39,5.199,3.893,7.929,1.983,3.164,2.773,2.28,2.457,6.404,1.898,6.78,3.842,5.44,5.287,5.577,5.784,5.822,,5.795,6.567,2.08,6.71,7.018,2.752,3.066,4.068,1.609,2.125,3.78,4.906,5.327,6.415,2.565,1.521,6.822,2.596,2.428,2.45,3.92,3.988,3.764,6.458,1.734,6.336,6.12,4.638,5.781,2.208,6.913,2.954,2.284,2.661,5.325,5.089,5.968,6.952,3.588,2.263,3.641,2.292,4.665,2.065,1.472,7.997,3.453,7.822,5.094,5.373,6.233,4.891,6.289,1.978,6.713,4.654,5.753,5.114,5.549,4.902,6.691,8.02,1.904,2.206,6.653,5.64,1.585,1.731,6.993,7.344,4.619,7.377,7.228,2.078,7.899,3.523,6.73,3.453,7.496,5.947,6.928,2.564,2.377,7.173,2.434,3.164,2.084,6.397,6.671,5.341,6.552,4.067,5.75,1.774,4.686,2.574,6.521,7.539,6.703,5.275,3.142,2.698,6.02,2.134,7.672,6.811,5.258,7.519,4.576,6.114,5.272,5.841,5.693,2.265,2.695,2.871,5.935,3.727,2.66,2.027,8.102,1.815,3.38,3.806,5.571,5.388,2.751,5.379,6.747,2.134,6.534,7.426,,7.252,1.93,5.099,6.534,2.351,3.009,2.606,2.116,7.01,7.057,5.298,3.555,7.314,2.871,3.855,6.909,4.811,1.867,1.729,7.52,3.089,6.772,7.123,4.598,7.09,4.517,5.765,3.319,6.048,5.243,6.087,4.793,3.633,7.192,2.064,6.411,1.915,1.872,3.873,4.164,2.957,6.053,6.057,1.0,4.791,5.781,6.896,6.223,4.259,8.326,7.364,6.879
1975,7.542,4.566,7.485,5.013,2.458,7.494,4.197,2.77,3.271,2.921,2.499,2.207,1.823,4.215,3.424,5.618,6.728,2.447,2.133,1.749,6.278,6.83,1.888,6.62,5.748,2.946,2.389,6.613,4.415,3.254,4.99,2.235,6.913,7.244,4.103,6.401,1.799,6.771,2.715,5.877,6.876,3.182,3.571,4.398,7.162,6.356,4.961,3.804,7.91,1.951,2.824,2.662,2.107,2.43,6.419,1.908,6.737,3.461,5.235,5.19,5.426,5.749,5.705,,5.791,6.586,2.044,6.707,7.079,2.637,2.902,4.104,1.678,1.935,3.568,4.713,5.391,6.428,2.552,1.477,6.762,2.527,2.419,2.33,3.754,3.752,3.658,6.41,1.652,6.367,6.15,4.45,5.748,2.12,6.866,2.627,2.363,2.64,5.195,5.032,5.947,6.913,3.372,2.16,3.614,2.177,4.436,1.921,1.416,7.925,3.398,7.795,5.019,5.283,6.059,4.764,6.287,1.948,6.692,4.521,5.825,4.879,5.461,4.637,6.744,7.977,1.897,2.175,6.655,5.558,1.561,1.554,6.971,7.359,4.501,7.321,7.253,2.152,7.832,3.125,6.713,3.197,7.533,5.739,6.879,2.522,2.351,7.066,2.381,2.953,2.011,6.299,6.659,5.249,6.533,3.972,5.733,1.666,4.456,2.357,6.445,7.539,6.773,5.087,3.047,2.692,5.625,1.986,7.711,6.812,4.903,7.48,4.414,6.065,5.177,5.709,5.596,2.282,2.75,2.803,5.861,3.647,2.595,2.002,8.096,1.667,3.261,3.675,5.358,5.1,2.454,5.165,6.606,2.053,6.534,7.37,,7.252,1.923,4.752,6.546,2.08,2.921,2.544,2.172,6.988,7.033,5.191,3.313,7.326,2.773,3.816,6.866,4.629,1.767,1.614,7.486,2.973,6.692,7.101,4.364,7.088,4.41,5.746,3.214,5.972,5.087,6.004,4.687,3.578,7.201,2.049,6.353,1.807,1.815,3.595,3.816,3.017,5.918,5.976,1.0,4.686,5.621,6.439,6.202,4.08,8.373,7.421,6.832
1976,7.561,4.374,7.405,4.932,2.207,7.485,3.977,2.78,3.317,2.844,2.432,2.063,1.681,4.116,3.297,5.454,6.66,2.241,2.09,1.738,6.25,6.83,1.864,6.616,5.739,2.916,2.314,6.599,4.339,3.2,4.784,2.246,6.952,7.248,3.409,6.447,1.754,6.714,2.529,5.936,6.893,3.078,3.235,4.285,7.159,6.317,4.77,3.747,7.877,1.936,2.506,2.554,2.327,2.388,6.437,1.75,6.691,3.191,5.046,5.119,5.276,5.727,5.59,,5.791,6.603,2.056,6.701,7.129,2.547,2.742,4.123,1.701,1.832,3.42,4.512,5.457,6.434,2.51,1.494,6.703,2.479,2.42,2.267,3.597,3.343,3.534,6.368,1.6,6.4,6.192,4.28,5.71,2.069,6.814,2.421,2.251,2.522,5.13,4.921,6.066,6.856,3.287,2.083,3.622,2.056,4.213,1.841,1.338,7.832,3.332,7.767,4.964,5.185,5.896,4.676,6.289,1.912,6.669,4.394,5.871,4.736,5.391,4.478,6.793,7.932,1.909,2.167,6.644,5.509,1.5,1.43,6.954,7.387,4.398,7.292,7.272,2.129,7.757,2.776,6.727,3.129,7.521,5.543,6.818,2.472,2.326,6.931,2.352,2.762,1.968,6.175,6.641,5.159,6.494,3.899,5.717,1.629,4.231,2.27,6.366,7.563,6.806,4.929,2.836,2.623,5.234,1.867,7.743,6.808,4.526,7.438,4.264,6.018,5.117,5.575,5.505,2.313,2.807,2.865,5.782,3.529,2.549,1.993,8.122,1.51,3.09,3.589,5.161,4.839,2.173,4.949,6.473,1.947,6.524,7.33,,7.258,1.913,4.086,6.553,2.09,2.833,2.538,2.199,6.954,7.016,5.071,3.119,7.331,2.764,3.783,6.823,4.445,1.682,1.546,7.448,3.004,6.601,7.086,4.119,7.063,4.317,5.726,3.138,5.873,4.931,5.901,4.624,3.554,7.194,2.044,6.291,1.738,1.785,3.39,3.605,3.005,5.749,5.885,1.0,4.589,5.461,6.119,6.18,3.974,8.423,7.388,6.771
1977,7.591,4.204,7.312,4.953,2.029,7.475,3.749,2.784,3.359,2.739,2.372,2.019,1.623,3.982,3.167,5.287,6.583,2.201,2.061,1.725,6.195,6.832,1.689,6.605,5.673,2.862,2.197,6.543,4.267,3.148,4.58,2.205,7.046,7.245,2.716,6.508,1.725,6.645,2.413,5.986,6.896,2.981,2.844,4.163,7.15,6.271,4.655,3.701,7.828,1.947,2.209,2.463,2.089,2.34,6.45,1.663,6.64,3.02,4.842,5.085,5.13,5.678,5.473,,5.795,6.608,2.055,6.676,7.189,2.468,2.683,4.108,1.678,1.868,3.383,4.366,5.516,6.433,2.441,1.498,6.637,2.468,2.377,2.283,3.457,2.927,3.363,6.319,1.566,6.434,6.249,4.116,5.674,2.037,6.732,2.308,2.164,2.32,5.007,4.807,6.179,6.795,3.242,2.023,3.47,1.939,4.004,1.789,1.409,7.723,3.257,7.729,4.957,5.012,5.712,4.593,6.293,1.87,6.645,4.279,5.848,4.561,5.304,4.283,6.841,7.872,1.92,2.13,6.65,5.429,1.509,1.391,6.927,7.408,4.282,7.266,7.299,2.141,7.67,2.531,6.736,3.071,7.507,5.361,6.742,2.424,2.306,6.79,2.307,2.59,1.943,6.036,6.617,5.069,6.441,3.858,5.688,1.583,4.054,2.213,6.28,7.595,6.862,4.81,2.771,2.49,4.829,1.759,7.781,6.799,4.09,7.384,4.118,5.957,5.078,5.44,5.442,2.252,2.682,2.897,5.691,3.414,2.566,1.978,8.138,1.405,2.954,3.478,4.966,4.576,2.074,4.748,6.313,1.868,6.504,7.295,,7.268,1.901,3.754,6.568,1.826,2.752,2.486,2.166,6.915,7.004,4.942,2.954,7.325,2.653,3.741,6.775,4.256,1.64,1.528,7.418,2.738,6.494,7.072,3.865,7.025,4.223,5.699,3.121,5.681,4.784,5.77,4.553,3.555,7.183,1.983,6.223,1.689,1.826,3.257,3.362,2.899,5.54,5.806,1.0,4.494,5.291,6.358,6.124,3.85,8.466,7.353,6.713
1978,7.599,3.996,7.211,4.873,1.884,7.467,3.545,2.573,3.359,2.617,2.312,1.961,1.597,3.816,3.052,5.12,6.509,1.839,2.033,1.71,6.109,6.824,1.798,6.584,5.61,2.793,2.081,6.479,4.195,3.113,4.389,2.149,7.148,7.259,3.338,6.545,1.68,6.564,2.366,6.039,6.891,2.892,2.716,3.998,7.155,6.21,4.555,3.662,7.669,1.955,1.884,2.38,2.079,2.326,6.463,1.661,6.586,2.955,4.644,5.094,4.989,5.629,5.357,,5.804,6.607,2.019,6.647,7.229,2.387,2.605,4.098,1.642,1.83,3.37,4.045,5.568,6.421,2.417,1.489,6.564,2.486,2.371,2.196,3.351,2.584,3.105,6.261,1.566,6.44,6.32,3.967,5.642,1.999,6.634,2.205,2.077,2.352,4.888,4.732,6.344,6.726,3.211,1.988,3.245,1.841,3.838,1.786,1.389,7.594,3.156,7.666,4.969,4.831,5.521,4.526,6.298,1.848,6.642,4.176,5.823,4.472,5.224,4.184,6.884,7.789,1.9,2.081,6.663,5.358,1.49,1.425,6.904,7.434,4.179,7.229,7.319,2.064,7.58,2.359,6.727,3.011,7.48,5.202,6.65,2.387,2.284,6.62,2.247,2.437,1.913,5.91,6.592,4.985,6.384,3.843,5.676,1.582,3.875,2.077,6.164,7.662,6.921,4.717,2.793,2.416,4.434,1.771,7.818,6.783,3.74,7.33,3.984,5.879,5.036,5.305,5.393,2.232,2.45,2.847,5.577,3.282,2.522,1.953,8.157,1.362,2.858,3.286,4.825,4.319,2.124,4.554,6.146,1.771,6.473,7.263,,7.279,1.889,3.919,6.591,1.787,2.683,2.471,2.195,6.871,7.13,4.853,2.699,7.329,2.539,3.81,6.72,4.08,1.601,1.506,7.345,2.68,6.4,7.06,3.617,6.983,4.157,5.684,3.129,5.401,4.691,5.61,4.485,3.59,7.163,1.969,6.151,1.753,1.804,3.303,3.264,2.829,5.281,5.768,1.0,4.397,5.104,6.624,6.055,3.787,8.501,7.294,6.658
1979,7.612,3.782,7.119,4.756,1.795,7.461,3.371,2.632,3.339,2.53,2.257,1.913,1.597,3.702,2.937,4.937,6.421,1.862,1.996,1.707,5.992,6.905,1.661,6.553,5.542,2.737,1.993,6.395,4.12,3.066,4.216,2.15,7.194,7.307,4.556,6.581,1.673,6.473,2.368,6.09,6.905,2.812,2.745,3.888,7.162,6.143,4.466,3.651,7.625,1.947,1.771,2.312,2.136,2.269,6.479,1.601,6.523,2.96,4.473,5.142,4.855,5.569,5.234,,5.817,6.621,2.008,6.607,7.248,2.308,2.684,4.078,1.634,1.863,3.358,3.941,5.608,6.411,2.382,1.494,6.513,2.523,2.356,2.208,3.344,2.463,3.033,6.216,1.593,6.45,6.401,3.86,5.594,1.998,6.531,2.117,2.018,2.487,4.808,4.625,6.549,6.662,3.214,1.96,3.203,1.733,3.719,1.769,1.396,7.448,3.137,7.598,4.965,4.697,5.333,4.377,6.314,1.85,6.639,4.077,5.789,4.438,5.16,4.147,6.919,7.68,1.673,2.045,6.678,5.302,1.479,1.58,6.872,7.465,4.091,7.233,7.348,2.093,7.473,2.249,6.702,2.914,7.415,4.964,6.545,2.384,2.264,6.424,2.197,2.317,1.904,5.849,6.564,4.897,6.314,3.847,5.644,1.565,3.749,2.113,6.069,7.722,6.887,4.68,2.849,2.401,4.047,1.751,7.85,6.761,3.486,7.283,3.884,5.785,5.062,5.171,5.255,2.277,2.315,2.766,5.461,3.116,2.49,1.92,8.13,1.374,2.806,3.23,4.583,4.111,2.181,4.291,5.991,1.634,6.434,7.227,,7.29,1.875,3.66,6.582,1.789,2.629,2.447,2.21,6.822,7.161,4.818,2.748,7.32,2.368,3.822,6.651,3.925,1.65,1.519,7.247,2.645,6.311,7.043,3.451,6.935,4.097,5.647,3.126,5.184,4.579,5.457,4.43,3.645,7.142,1.957,6.059,1.857,1.843,3.04,3.248,2.711,5.159,5.733,1.0,4.298,4.94,6.475,5.962,3.771,8.671,7.222,6.59
1980,7.643,3.59,6.994,4.627,1.83,7.459,3.238,2.311,3.301,2.48,2.203,1.901,1.651,3.586,2.842,4.762,6.326,1.777,1.983,1.693,5.849,6.989,1.664,6.511,5.474,2.712,1.98,6.292,4.037,2.924,4.067,2.056,7.222,7.353,5.774,6.613,1.658,6.375,2.405,6.13,6.908,2.744,2.739,3.798,7.154,6.065,4.351,3.583,7.586,1.931,1.637,2.272,2.298,2.076,6.495,1.54,6.46,3.035,4.302,5.219,4.73,5.494,5.107,,5.835,6.614,2.025,6.574,7.287,2.239,2.473,4.038,1.63,1.951,3.351,3.935,5.664,6.414,2.347,1.556,6.474,2.567,2.297,2.354,3.298,2.466,3.039,6.171,1.595,6.459,6.487,3.77,5.557,1.987,6.418,2.061,1.92,2.478,4.775,4.495,6.63,6.593,3.205,1.954,3.153,1.647,3.588,1.739,1.353,7.287,3.092,7.531,4.964,4.658,5.184,4.225,6.332,1.876,6.624,4.011,5.746,4.39,5.103,4.096,6.872,7.543,1.696,1.999,6.68,5.263,1.496,1.731,6.838,7.518,4.035,7.226,7.365,1.993,7.37,2.188,6.671,2.803,7.323,4.739,6.423,2.381,2.244,6.211,2.217,2.244,1.893,5.784,6.53,4.789,6.238,3.878,5.603,1.596,3.659,2.032,5.959,7.782,6.847,4.704,2.841,2.363,3.647,1.722,7.887,6.734,3.351,7.179,3.796,5.705,5.102,5.041,5.108,2.277,2.245,2.698,5.329,2.874,2.435,1.916,8.115,1.437,2.791,3.261,4.412,3.884,2.242,3.923,5.861,1.525,6.386,7.145,,7.292,1.863,3.79,6.562,1.739,2.593,2.323,2.105,6.768,7.178,4.78,2.734,7.328,2.212,3.725,6.592,3.791,1.672,1.547,7.119,2.53,6.212,6.991,3.293,6.876,4.079,5.599,3.145,5.033,4.453,5.303,4.37,3.73,7.113,1.949,5.953,1.888,1.861,3.105,3.205,2.59,5.039,5.691,1.0,4.2,4.795,5.972,5.855,3.744,8.71,7.139,6.517
1981,7.617,3.468,6.845,4.498,1.797,7.459,3.147,2.166,3.253,2.48,2.161,1.94,1.672,3.483,2.771,4.602,6.237,1.846,1.989,1.668,5.684,7.056,1.596,6.46,5.408,2.707,2.024,6.163,3.943,2.334,3.943,2.009,7.256,7.329,6.042,6.61,1.632,6.273,2.384,6.167,6.942,2.689,2.792,3.706,7.143,5.984,4.181,3.556,7.539,1.926,1.591,2.249,2.154,1.994,6.519,1.44,6.397,3.114,4.149,5.525,4.612,5.368,4.986,,5.856,6.622,2.078,6.539,7.313,2.151,2.462,3.991,1.645,1.947,3.388,3.934,5.726,6.399,2.33,1.529,6.415,2.534,2.17,2.319,2.989,2.46,2.969,6.121,1.571,6.459,6.569,3.719,5.533,1.95,6.301,1.953,1.877,2.337,4.698,4.356,6.618,6.526,3.059,1.941,3.073,1.582,3.51,1.718,1.322,7.121,3.052,7.454,4.961,4.501,5.021,4.188,6.35,1.874,6.593,3.953,5.694,4.342,5.03,4.049,6.834,7.371,1.688,1.989,6.682,5.199,1.548,1.849,6.774,7.493,4.002,7.191,7.365,1.895,7.269,2.183,6.635,2.666,7.215,4.574,6.291,2.402,2.224,5.982,2.193,2.253,1.86,5.71,6.48,4.688,6.159,3.935,5.576,1.558,3.586,2.011,5.84,7.822,6.82,4.715,2.921,2.293,3.258,1.701,7.904,6.704,3.276,7.133,3.723,5.645,5.153,4.915,4.973,2.246,2.131,2.591,5.196,2.908,2.354,1.941,8.102,1.54,2.814,3.296,4.276,3.64,2.294,3.845,5.749,1.412,6.333,7.067,,7.279,1.852,3.665,6.554,1.711,2.546,2.283,1.96,6.709,7.227,4.712,2.669,7.332,2.04,3.649,6.528,3.752,1.633,1.543,6.974,2.453,6.117,6.93,3.127,6.809,4.059,5.554,3.133,5.023,4.351,5.162,4.291,3.804,7.118,1.915,5.814,1.817,1.847,2.999,3.188,2.534,4.905,5.651,1.0,4.104,4.665,6.399,5.707,3.711,8.752,7.073,6.445
1982,7.6,3.416,6.675,4.37,1.726,7.461,3.084,2.087,3.204,2.503,2.142,1.94,1.661,3.392,2.708,4.505,6.118,1.859,1.99,1.612,5.497,7.055,1.643,6.402,5.346,2.718,2.052,5.97,3.838,2.269,3.841,2.014,7.253,7.314,6.193,6.594,1.619,6.17,2.008,6.16,6.961,2.648,2.972,3.618,7.134,5.85,4.053,3.54,7.488,1.91,1.776,2.236,2.487,1.995,6.54,1.42,6.342,3.166,4.014,5.555,4.501,5.329,4.826,,5.88,6.634,2.09,6.491,7.337,2.055,2.341,3.941,1.71,1.917,3.431,3.797,5.74,6.396,2.312,1.504,6.312,2.491,2.082,2.228,3.154,2.457,2.912,6.057,1.495,6.487,6.64,3.678,5.526,1.925,6.179,1.872,1.796,2.272,4.62,4.247,6.586,6.46,2.947,1.915,3.131,1.561,3.458,1.738,1.325,6.959,3.02,7.345,4.952,4.493,4.848,4.198,6.369,1.953,6.555,3.855,5.632,4.328,4.954,4.042,6.788,7.162,1.606,1.984,6.665,5.139,1.49,1.992,6.699,7.451,3.967,7.146,7.32,2.068,7.179,2.164,6.588,2.534,7.096,4.425,6.164,2.449,2.203,5.801,2.186,2.5,1.858,5.604,6.43,4.662,6.078,3.993,5.549,1.494,3.484,1.947,5.737,7.862,6.799,4.697,2.854,2.286,2.896,1.706,7.837,6.674,3.22,7.089,3.659,5.587,5.126,4.795,4.917,2.34,2.07,2.482,5.044,2.596,2.174,2.022,8.064,1.63,2.775,3.175,4.169,3.362,2.335,3.743,5.677,1.304,6.276,6.979,,7.245,1.842,3.131,6.563,1.672,2.486,2.277,1.928,6.64,7.252,4.696,2.431,7.343,1.936,3.32,6.473,3.821,1.618,1.549,6.811,2.327,6.034,6.868,2.943,6.725,4.055,5.497,3.108,4.89,4.205,5.042,4.192,3.877,7.11,1.951,5.658,1.778,1.855,3.076,3.243,2.512,4.817,5.603,1.0,4.014,4.593,5.885,5.598,3.712,8.793,7.039,6.333
1983,7.57,3.319,6.496,4.267,1.574,7.462,3.017,2.116,3.148,2.558,2.148,1.931,1.563,3.32,2.652,4.406,5.906,1.856,2.134,1.562,5.309,7.045,1.812,6.336,5.289,2.707,2.049,5.785,3.723,2.121,3.751,2.006,7.251,7.298,6.296,6.575,1.607,6.068,1.832,6.151,6.979,2.619,2.559,3.501,7.11,5.758,3.946,3.525,7.417,1.891,1.801,2.238,2.493,1.967,6.564,1.378,6.298,3.178,3.947,5.586,4.395,5.308,4.65,,5.903,6.646,2.168,6.432,7.351,1.955,2.168,3.877,1.73,1.79,3.459,3.743,5.759,6.393,2.339,1.43,6.227,2.436,1.989,2.086,3.306,2.464,3.029,5.976,1.619,6.487,6.694,3.637,5.513,1.875,6.059,1.745,1.745,2.246,4.565,4.109,6.528,6.387,2.749,1.888,3.143,1.506,3.411,1.77,1.327,6.812,3.068,7.218,4.914,4.462,4.658,4.165,6.376,2.097,6.499,3.734,5.56,4.14,4.877,3.839,6.76,6.91,1.529,2.116,6.652,5.086,1.439,2.098,6.626,7.361,3.928,7.092,7.276,2.001,7.083,2.144,6.541,2.396,6.967,4.296,6.032,2.578,2.184,5.628,2.166,2.492,1.851,5.41,6.434,4.633,5.995,4.056,5.536,1.467,3.353,1.92,5.611,7.902,6.775,4.655,2.777,2.25,2.581,1.656,7.748,6.644,3.143,7.042,3.601,5.563,5.087,4.68,4.867,2.416,1.955,2.329,4.898,2.563,2.077,2.135,8.001,1.615,2.67,3.098,4.082,3.149,2.366,3.561,5.617,1.248,6.217,6.875,,7.189,1.832,3.218,6.573,1.54,2.398,2.279,1.812,6.569,7.277,4.626,2.102,7.342,1.799,3.114,6.413,3.865,1.613,1.518,6.692,2.179,5.981,6.805,2.755,6.633,4.092,5.45,3.07,4.771,4.056,4.967,4.085,3.912,7.068,2.099,5.482,1.766,1.827,3.097,2.98,2.486,4.714,5.547,1.0,3.933,4.524,5.507,5.52,3.581,8.828,7.007,6.197
1984,7.554,3.282,6.283,4.25,1.475,7.459,2.925,2.038,3.116,2.603,2.17,1.872,1.526,3.258,2.591,4.303,5.732,1.752,2.078,1.531,5.115,7.031,1.683,6.262,5.242,2.671,2.015,5.625,3.6,1.987,3.68,1.999,7.245,7.295,6.338,6.563,1.609,5.97,1.79,6.138,7.015,2.601,2.607,3.35,7.072,5.658,3.874,3.519,7.352,1.875,1.774,2.237,2.512,1.965,6.586,1.398,6.247,3.151,3.822,5.614,4.305,5.207,4.478,,5.926,6.623,2.177,6.36,7.356,1.869,2.17,3.796,1.692,1.806,3.406,3.834,5.733,6.385,2.378,1.389,6.153,2.398,1.871,2.109,3.224,2.447,2.855,5.855,1.472,6.512,6.727,3.541,5.505,1.848,5.935,1.585,1.757,2.083,4.516,3.956,6.433,6.321,2.586,1.865,3.077,1.458,3.324,1.78,1.356,6.671,3.146,7.083,4.91,4.406,4.452,4.198,6.37,2.112,6.438,3.658,5.478,4.093,4.797,3.794,6.728,6.622,1.508,2.09,6.638,5.021,1.424,2.145,6.547,7.265,3.885,7.025,7.256,1.957,6.988,2.104,6.483,2.233,6.832,4.184,5.888,2.669,2.165,5.451,2.136,2.439,1.833,5.199,6.438,4.517,5.94,4.108,5.509,1.488,3.164,1.928,5.488,7.921,6.701,4.576,2.708,2.24,2.323,1.657,7.642,6.615,3.08,6.996,3.519,5.514,5.037,4.568,4.77,2.377,1.895,2.225,4.756,2.581,2.251,2.099,7.913,1.589,2.542,2.884,4.018,3.033,2.381,3.283,5.553,1.198,6.158,6.776,,7.111,1.814,3.24,6.592,1.54,2.289,2.258,1.747,6.489,7.3,4.566,1.832,7.346,1.722,3.006,6.343,3.796,1.655,1.523,6.586,2.046,5.956,6.715,2.582,6.542,4.146,5.407,3.017,4.664,3.911,4.964,3.986,3.946,7.024,2.081,5.303,1.766,1.827,2.896,2.958,2.471,4.729,5.489,1.0,3.861,4.412,5.613,5.443,3.553,8.853,6.974,6.044
1985,7.55,3.214,6.035,4.255,1.434,7.451,2.733,2.151,3.066,2.644,2.188,1.899,1.479,3.201,2.546,4.281,5.539,1.769,2.041,1.504,4.997,7.003,1.774,6.176,5.153,2.615,1.96,5.482,3.48,1.919,3.612,1.967,7.242,7.294,6.313,6.564,1.594,5.921,1.752,6.119,7.037,2.592,2.633,3.225,7.021,5.587,3.841,3.511,7.273,1.828,1.772,2.242,2.432,1.949,6.612,1.443,6.192,3.116,3.686,5.65,4.145,5.116,4.316,,5.946,6.587,2.127,6.282,7.338,1.835,2.282,3.663,1.64,1.816,3.375,3.862,5.713,6.357,2.399,1.378,6.119,2.371,1.744,2.171,3.478,2.432,2.905,5.729,1.551,6.527,6.739,3.47,5.495,1.831,5.816,1.504,1.847,1.942,4.432,3.725,6.242,6.246,2.492,1.88,3.039,1.416,3.212,1.736,1.299,6.534,3.208,6.96,4.911,4.197,4.218,4.203,6.328,2.061,6.362,3.533,5.401,4.03,4.697,3.734,6.693,6.328,1.495,2.097,6.625,4.925,1.386,2.235,6.456,7.17,3.804,6.939,7.261,1.948,6.866,2.079,6.423,2.054,6.688,4.087,5.749,2.674,2.141,5.262,2.129,2.358,1.819,4.988,6.43,4.316,5.877,4.144,5.457,1.509,3.046,1.93,5.359,7.932,6.616,4.477,2.646,2.252,2.145,1.675,7.512,6.585,3.01,6.943,3.427,5.47,4.974,4.46,4.664,2.323,1.729,2.222,4.642,2.51,2.309,2.094,7.786,1.564,2.421,2.82,3.97,2.952,2.382,3.081,5.489,1.17,6.101,6.649,,7.013,1.8,3.091,6.592,1.533,2.181,2.251,1.719,6.375,7.327,4.495,1.705,7.357,1.637,2.895,6.279,3.711,1.734,1.513,6.484,1.884,5.944,6.598,2.45,6.457,4.194,5.344,2.988,4.521,3.779,4.966,3.908,3.973,7.037,2.033,5.125,1.788,1.854,2.831,2.928,2.47,4.691,5.433,1.0,3.794,4.206,5.443,5.363,3.515,8.864,6.928,5.871
1986,7.553,3.141,5.645,4.276,1.397,7.435,2.511,2.032,3.054,2.662,2.212,1.872,1.455,3.138,2.529,4.254,5.302,1.694,2.126,1.537,4.937,6.962,1.732,6.103,5.115,2.554,1.909,5.332,3.361,1.78,3.549,2.004,7.218,7.32,6.226,6.572,1.576,5.81,1.691,6.106,7.067,2.589,2.721,3.147,6.953,5.514,3.833,3.454,7.187,1.773,1.779,2.241,2.452,1.919,6.634,1.476,6.139,3.084,3.603,5.672,4.0,4.998,4.194,,5.962,6.555,2.172,6.106,7.318,1.798,2.4,3.535,1.597,1.832,3.384,3.714,5.688,6.344,2.38,1.417,6.084,2.356,1.66,2.082,3.584,2.373,2.934,5.663,1.593,6.548,6.734,3.381,5.479,1.808,5.7,1.391,1.846,1.935,4.399,3.53,6.011,6.182,2.441,1.892,2.991,1.351,3.106,1.698,1.321,6.387,3.189,6.84,4.871,4.115,4.003,4.221,6.255,2.173,6.269,3.466,5.317,4.0,4.611,3.712,6.638,6.022,1.479,2.131,6.608,4.851,1.429,2.189,6.343,7.069,3.699,6.846,7.311,1.931,6.731,2.07,6.343,1.947,6.561,3.971,5.612,2.738,2.106,5.029,2.091,2.261,1.824,4.772,6.413,4.081,5.793,4.149,5.4,1.548,3.079,1.96,5.217,7.904,6.557,4.367,2.594,2.253,2.174,1.707,7.352,6.554,2.976,6.911,3.339,5.415,4.929,4.354,4.563,2.218,1.663,2.266,4.565,2.39,2.385,2.205,7.612,1.536,2.351,2.683,3.801,2.895,2.358,2.924,5.421,1.147,6.046,6.517,,6.902,1.778,3.074,6.597,1.347,2.102,2.193,1.672,6.259,7.349,4.409,1.623,7.378,1.554,2.743,6.225,3.61,1.795,1.526,6.365,1.72,5.906,6.488,2.358,6.382,4.259,5.273,2.903,4.361,3.658,4.936,3.789,3.973,7.083,2.117,4.999,1.782,1.852,2.74,2.949,2.47,4.675,5.382,1.0,3.73,3.955,5.591,5.222,3.504,8.858,6.868,5.688
1987,7.548,3.106,5.298,4.298,1.367,7.409,2.308,2.067,3.037,2.664,2.243,1.851,1.44,3.068,2.52,4.133,5.075,1.611,2.055,1.538,4.883,6.918,1.746,5.999,5.063,2.486,1.879,5.104,3.232,1.717,3.491,1.961,7.168,7.38,6.097,6.538,1.563,5.681,1.582,6.12,7.105,2.59,2.76,3.087,6.87,5.458,3.841,3.384,7.09,1.745,1.8,2.242,2.388,1.903,6.651,1.497,6.086,3.063,3.528,5.682,3.87,4.911,4.175,,5.974,6.52,2.261,5.902,7.293,1.743,2.375,3.478,1.592,1.804,3.408,3.622,5.667,6.3,2.319,1.438,6.022,2.35,1.581,2.104,3.581,2.315,2.966,5.639,1.575,6.571,6.717,3.305,5.471,1.802,5.581,1.339,1.829,2.069,4.311,3.42,5.719,6.114,2.315,1.909,2.923,1.33,3.024,1.666,1.386,6.196,3.122,6.686,4.806,4.098,3.827,4.163,6.205,2.179,6.179,3.42,5.222,3.949,4.514,3.667,6.572,5.718,1.496,2.11,6.584,4.746,1.408,2.06,6.242,6.97,3.565,6.731,7.312,1.97,6.568,2.077,6.271,2.003,6.43,3.803,5.466,2.776,2.062,4.829,2.07,2.224,1.822,4.583,6.393,3.861,5.699,4.143,5.348,1.556,3.081,2.029,5.073,7.871,6.504,4.276,2.529,2.315,2.343,1.744,7.175,6.518,2.933,6.888,3.251,5.359,4.847,4.247,4.509,2.157,1.62,2.23,4.539,2.373,2.38,2.249,7.426,1.509,2.287,2.622,3.613,2.855,2.313,2.819,5.316,1.135,5.992,6.343,,6.785,1.749,2.922,6.609,1.487,2.031,2.137,1.652,6.115,7.373,4.352,1.571,7.386,1.492,2.644,6.175,3.53,1.844,1.516,6.201,1.715,5.839,6.406,2.255,6.304,4.325,5.192,2.775,4.104,3.542,4.842,3.653,3.941,7.12,2.07,4.883,1.808,1.885,2.844,2.943,2.486,4.532,5.328,1.0,3.665,3.717,5.633,5.079,3.476,8.833,6.798,5.5
1988,7.551,3.069,5.023,4.314,1.365,7.373,2.205,2.132,3.046,2.675,2.273,1.84,1.457,3.036,2.519,4.04,4.849,1.58,2.07,1.568,4.868,6.871,1.797,5.88,5.025,2.442,1.849,4.878,3.112,1.711,3.435,1.969,7.109,7.383,5.944,6.481,1.587,5.552,1.63,6.098,7.154,2.591,2.539,3.039,6.764,5.392,3.851,3.314,6.969,1.706,1.853,2.253,2.47,1.928,6.656,1.558,6.03,3.056,3.5,5.716,3.787,4.833,4.103,,5.982,6.467,2.266,5.693,7.262,1.676,2.569,3.432,1.685,1.808,3.455,3.748,5.623,6.258,2.318,1.464,5.922,2.345,1.542,2.272,3.193,2.275,2.986,5.621,1.54,6.561,6.693,3.228,5.472,1.817,5.468,1.403,1.816,2.258,4.222,3.353,5.434,6.052,2.173,1.921,2.896,1.355,2.982,1.625,1.445,6.011,3.001,6.515,4.733,3.967,3.702,4.031,6.158,2.14,6.088,3.392,5.104,3.826,4.423,3.54,6.507,5.41,1.496,2.014,6.552,4.648,1.51,1.863,6.178,6.876,3.502,6.583,7.324,2.057,6.384,2.047,6.213,2.097,6.307,3.64,5.323,2.628,2.011,4.647,2.006,2.188,1.816,4.394,6.367,3.67,5.609,4.114,5.307,1.545,3.083,2.098,4.931,7.841,6.498,4.201,2.468,2.324,2.157,1.841,6.953,6.476,2.905,6.866,3.173,5.302,4.774,4.138,4.449,2.142,1.608,2.224,4.515,2.364,2.307,2.159,7.234,1.472,2.25,2.622,3.435,2.824,2.29,2.753,5.207,1.14,5.938,6.15,,6.577,1.72,2.789,6.588,1.75,1.962,2.131,1.63,5.99,7.398,4.18,1.558,7.376,1.444,2.565,6.132,3.461,1.956,1.562,5.999,1.803,5.754,6.379,2.171,6.228,4.417,5.103,2.646,3.833,3.445,4.675,3.499,3.881,7.102,2.042,4.768,1.82,1.942,2.837,2.789,2.503,4.263,5.27,1.0,3.597,3.623,4.812,4.937,3.39,8.786,6.703,5.279
1989,7.559,3.03,4.761,4.41,1.395,7.328,2.403,2.199,3.022,2.705,2.306,1.843,1.455,3.004,2.523,3.956,4.695,1.638,1.978,1.585,4.864,6.815,1.76,5.757,4.965,2.412,1.792,4.666,3.007,1.769,3.364,1.894,7.047,7.387,5.681,6.414,1.643,5.452,1.755,6.073,7.186,2.589,2.52,3.012,6.646,5.327,3.902,3.238,6.85,1.648,1.832,2.269,2.369,1.868,6.65,1.617,5.973,3.059,3.475,5.762,3.736,4.676,4.033,,5.986,6.413,2.209,5.479,7.229,1.613,2.711,3.398,1.708,1.791,3.582,3.49,5.55,6.254,2.322,1.433,5.818,2.353,1.485,2.338,3.233,2.257,3.001,5.559,1.551,6.548,6.663,3.186,5.444,1.811,5.354,1.316,1.819,2.208,4.132,3.247,5.172,5.988,2.081,1.926,2.84,1.328,2.93,1.547,1.454,5.798,2.866,6.332,4.693,3.672,3.593,3.907,6.102,2.029,6.019,3.363,4.964,3.766,4.336,3.481,6.434,5.091,1.501,1.986,6.516,4.555,1.528,1.81,6.149,6.803,3.313,6.386,7.331,2.095,6.183,2.036,6.195,2.209,6.178,3.532,5.183,2.463,1.934,4.42,1.938,2.167,1.788,4.217,6.348,3.593,5.517,4.068,5.258,1.556,3.057,2.121,4.762,7.818,6.494,4.125,2.412,2.25,2.015,1.887,6.717,6.425,2.917,6.836,3.121,5.243,4.681,4.026,4.365,2.098,1.572,2.302,4.412,2.4,2.204,2.034,7.029,1.436,2.209,2.689,3.314,2.788,2.256,2.73,5.107,1.145,5.884,5.975,,6.479,1.685,2.671,6.571,1.527,1.902,2.067,1.525,5.867,7.424,3.983,1.564,7.374,1.396,2.578,6.106,3.387,2.015,1.563,5.777,1.743,5.609,6.303,2.136,6.149,4.507,5.006,2.526,3.569,3.336,4.463,3.335,3.797,7.045,1.927,4.65,1.794,2.014,3.024,2.742,2.498,4.102,5.211,1.0,3.524,3.641,4.488,4.813,3.347,8.713,6.635,5.073
1990,7.576,3.014,4.509,4.472,1.401,7.272,2.185,2.249,3.034,2.708,2.345,1.908,1.467,2.983,2.52,3.817,4.506,1.842,1.86,1.625,4.802,6.741,1.699,5.604,4.9,2.404,1.786,4.509,2.896,1.779,3.29,1.795,7.009,7.365,5.642,6.362,1.696,5.36,1.783,6.049,7.219,2.579,2.514,2.995,6.505,5.266,3.971,3.167,6.719,1.628,1.806,2.303,2.402,1.885,6.649,1.664,5.931,3.092,3.411,5.811,3.68,4.512,3.964,,5.987,6.338,2.042,5.295,7.196,1.603,2.782,3.386,1.776,1.782,3.736,3.434,5.459,6.246,2.306,1.46,5.737,2.39,1.466,2.418,3.058,2.242,3.015,5.48,1.605,6.515,6.501,3.181,5.414,1.821,5.271,1.283,1.857,2.302,4.045,3.114,4.934,5.929,2.11,1.959,2.84,1.331,2.955,1.509,1.452,5.544,2.745,6.135,4.668,3.666,3.487,3.798,6.057,1.987,5.943,3.268,4.813,3.711,4.248,3.428,6.37,4.776,1.501,2.031,6.484,4.463,1.602,1.709,6.14,6.74,3.304,6.13,7.311,2.041,5.97,2.023,6.175,2.296,6.051,3.444,5.049,2.392,1.848,4.206,1.945,2.163,1.775,4.06,6.319,3.504,5.398,4.02,5.211,1.614,3.1,2.167,4.596,7.806,6.459,4.024,2.388,2.269,2.338,1.932,6.456,6.364,2.881,6.809,3.072,5.18,4.565,3.912,4.322,2.065,1.555,2.291,4.23,2.571,1.837,1.91,6.803,1.411,2.144,2.725,3.238,2.745,2.226,2.731,5.007,1.162,5.828,5.804,,6.396,1.649,2.607,6.567,1.583,1.848,2.076,1.462,5.74,7.44,3.724,1.603,7.377,1.358,2.541,6.074,3.225,2.121,1.578,5.561,1.787,5.456,6.201,2.065,6.067,4.564,4.929,2.394,3.441,3.107,4.288,3.189,3.75,7.014,1.845,4.506,1.829,2.072,3.106,2.701,2.477,4.122,5.166,1.0,3.448,3.602,4.582,4.691,3.31,8.606,6.567,4.876
1991,7.631,2.956,4.366,4.528,1.397,7.208,2.137,2.036,3.012,2.643,2.362,1.863,1.516,2.952,2.51,3.625,4.261,1.838,1.752,1.656,4.595,6.666,1.744,5.451,4.846,2.412,1.782,4.365,2.805,1.843,3.206,1.647,6.973,7.336,5.588,6.324,1.723,5.262,1.846,6.03,7.261,2.558,1.934,2.982,6.354,5.221,3.991,3.075,6.585,1.543,1.663,2.372,2.34,1.841,6.645,1.685,5.856,3.145,3.349,5.835,3.633,4.315,3.889,,5.985,6.242,1.802,5.132,7.161,1.592,2.63,3.365,1.794,1.773,3.868,3.259,5.373,6.191,2.208,1.344,5.63,2.431,1.459,2.44,3.106,2.228,3.028,5.377,1.56,6.484,6.474,3.183,5.317,1.798,5.191,1.299,1.863,2.196,3.959,3.058,4.568,5.833,2.077,1.978,2.832,1.303,2.997,1.504,1.405,5.33,2.677,5.94,4.642,3.373,3.398,3.737,5.986,1.844,5.853,3.162,4.681,3.486,4.166,3.186,6.323,4.461,1.5,2.013,6.448,4.366,1.613,1.615,6.118,6.681,3.339,5.796,7.28,2.002,5.757,2.003,6.157,2.293,5.948,3.363,4.92,2.278,1.786,3.858,2.015,2.166,1.728,3.947,6.276,3.432,5.29,3.991,5.151,1.61,3.072,2.092,4.432,7.798,6.426,3.871,2.351,2.31,2.823,1.92,6.197,6.291,2.742,6.751,2.999,5.109,4.481,3.794,4.273,2.067,1.557,2.213,3.988,2.566,1.6,1.751,6.622,1.395,2.082,2.597,3.19,2.708,2.204,2.747,4.912,1.167,5.769,5.644,,6.267,1.612,2.692,6.553,1.495,1.847,2.034,1.422,5.62,7.47,3.618,1.702,7.377,1.325,2.514,6.05,3.094,2.109,1.582,5.342,1.746,5.276,6.135,2.036,5.987,4.598,4.852,2.29,3.31,3.003,4.145,3.053,3.789,6.943,1.773,4.251,1.817,2.059,3.379,2.351,2.454,4.19,5.13,1.0,3.37,3.524,4.418,4.538,3.131,8.459,6.458,4.715
1992,7.703,2.885,4.274,4.557,1.373,7.138,2.025,2.126,2.987,2.499,2.353,1.892,1.516,2.863,2.71,3.548,4.027,1.804,1.704,1.648,4.429,6.593,1.725,5.267,4.713,2.418,1.758,4.255,2.71,1.878,3.111,1.538,6.936,7.301,5.486,6.256,1.719,5.123,1.726,5.964,7.296,2.478,1.776,2.983,6.186,5.177,3.949,3.001,6.426,1.462,1.562,2.433,2.459,1.708,6.639,1.755,5.751,3.177,3.287,5.867,3.575,4.149,3.802,,5.984,6.156,1.697,4.981,7.125,1.564,2.528,3.331,1.84,1.735,3.891,3.15,5.289,6.111,2.045,1.305,5.517,2.443,1.452,2.551,2.97,2.199,3.042,5.314,1.481,6.453,6.435,3.188,5.208,1.775,5.113,1.359,1.77,2.214,3.877,2.95,4.099,5.718,1.991,1.974,2.87,1.296,3.026,1.478,1.469,5.137,2.584,5.74,4.568,2.765,3.353,3.637,5.9,1.72,5.767,3.052,4.541,3.382,4.076,3.078,6.277,4.162,1.477,1.97,6.414,4.256,1.651,1.547,6.082,6.63,3.373,5.435,7.237,2.06,5.546,1.992,6.126,2.359,5.85,3.285,4.802,2.217,1.755,3.426,2.013,2.162,1.678,3.757,6.218,3.354,5.107,3.952,5.074,1.588,2.948,2.06,4.267,7.795,6.391,3.728,2.287,2.281,3.066,1.888,5.919,6.207,2.71,6.65,2.95,5.033,4.402,3.673,4.161,1.956,1.536,2.196,3.852,2.545,1.51,1.566,6.539,1.384,2.023,2.433,3.11,2.68,2.18,2.759,4.865,1.15,5.704,5.489,,6.149,1.573,2.526,6.555,1.485,1.882,1.925,1.334,5.509,7.5,3.479,1.738,7.37,1.306,2.487,6.019,3.013,2.078,1.572,5.141,1.744,5.056,6.078,2.008,5.886,4.606,4.787,2.213,3.189,2.939,3.957,2.939,3.86,6.913,1.674,4.088,1.793,2.039,3.63,2.225,2.432,4.056,5.094,1.0,3.292,3.353,4.178,4.402,3.044,8.272,6.349,4.567
1993,7.761,2.811,4.076,4.605,1.334,7.065,1.996,2.036,2.966,2.286,2.331,1.864,1.512,2.747,2.61,3.461,3.832,1.769,1.577,1.606,4.206,6.51,1.7,5.072,4.592,2.42,1.729,4.152,2.66,1.81,3.007,1.46,6.889,7.272,5.433,6.155,1.693,4.953,1.669,5.926,7.337,2.43,1.691,2.978,6.022,5.134,3.861,2.928,6.27,1.508,1.489,2.438,2.247,1.652,6.641,1.75,5.638,3.201,3.226,5.879,3.491,3.993,3.691,,5.981,6.069,1.486,4.815,7.088,1.516,2.503,3.293,1.815,1.661,3.855,3.084,5.186,6.034,1.912,1.288,5.414,2.42,1.426,2.565,2.805,2.156,3.054,5.254,1.436,6.409,6.369,3.199,5.099,1.738,5.028,1.359,1.686,2.221,3.799,2.9,3.674,5.609,1.904,1.946,2.866,1.249,2.987,1.44,1.414,4.972,2.483,5.569,4.487,2.65,3.313,3.41,5.798,1.503,5.694,2.937,4.365,3.308,3.995,3.001,6.246,3.883,1.454,1.741,6.383,4.15,1.706,1.471,6.062,6.573,3.364,5.063,7.18,1.958,5.382,1.969,6.093,2.312,5.756,3.211,4.678,2.112,1.749,3.017,1.955,2.143,1.622,3.548,6.153,3.281,4.905,3.887,5.042,1.573,2.823,2.038,4.102,7.79,6.354,3.595,2.218,2.26,3.226,1.865,5.638,6.112,2.727,6.501,2.909,4.962,4.282,3.552,4.098,1.87,1.513,2.21,3.765,2.386,1.437,1.393,6.479,1.374,1.954,2.375,2.999,2.665,2.152,2.737,4.826,1.123,5.635,5.326,,6.049,1.544,2.582,6.569,1.498,1.942,1.859,1.329,5.453,7.526,3.372,1.683,7.36,1.253,2.438,5.97,2.943,1.987,1.51,4.994,1.767,4.921,5.997,1.967,5.782,4.579,4.726,2.129,3.058,2.916,3.778,2.842,3.922,6.886,1.564,3.819,1.758,2.01,3.636,2.153,2.408,3.863,5.023,1.0,3.218,3.172,3.916,4.271,2.98,8.048,6.298,4.391
1994,7.767,2.798,3.914,4.384,1.317,6.99,1.932,2.069,2.935,2.084,2.298,1.852,1.474,2.445,2.472,3.291,3.737,1.733,1.486,1.563,3.973,6.419,1.684,4.866,4.494,2.397,1.698,4.021,2.603,1.659,2.901,1.371,6.843,7.23,5.281,6.043,1.693,4.723,1.66,5.919,7.31,2.377,1.628,2.937,5.864,5.103,3.761,2.857,6.128,1.52,1.467,2.43,2.163,1.436,6.643,1.801,5.507,2.964,3.163,5.912,3.42,3.865,3.613,,5.978,6.005,1.41,4.662,7.051,1.461,2.399,3.258,1.839,1.665,3.822,2.942,5.044,6.035,1.835,1.254,5.254,2.38,1.414,2.535,2.794,2.134,3.044,5.191,1.419,6.358,6.299,3.226,4.991,1.718,4.935,1.368,1.64,2.144,3.723,2.851,3.244,5.488,1.848,1.915,2.837,1.208,2.93,1.468,1.496,4.819,2.378,5.438,4.442,2.524,3.272,3.283,5.598,1.384,5.631,2.823,4.21,3.247,3.92,2.936,6.21,3.649,1.442,1.577,6.348,4.055,1.725,1.431,6.042,6.488,3.346,4.688,7.119,1.84,5.232,1.947,6.058,2.243,5.67,3.132,4.575,1.993,1.756,2.819,1.936,2.084,1.602,3.413,6.082,3.204,4.676,3.837,4.964,1.569,2.715,1.982,3.937,7.786,6.319,3.462,2.183,2.232,2.978,1.869,5.359,6.008,2.661,6.334,2.877,4.87,4.196,3.432,4.079,1.801,1.445,2.175,3.665,2.329,1.4,1.398,6.415,1.372,1.881,2.31,3.028,2.669,2.119,2.678,4.792,1.138,5.562,5.161,,5.915,1.505,2.597,6.557,1.471,2.054,1.666,1.315,5.398,7.544,3.258,1.67,7.346,1.19,2.405,5.912,2.899,1.878,1.488,4.856,1.771,4.792,5.894,1.928,5.672,4.521,4.658,2.064,2.874,2.874,3.623,2.756,3.923,6.899,1.471,3.761,1.737,1.988,3.682,2.103,2.425,3.66,4.937,1.0,3.147,2.941,3.64,4.149,2.933,7.795,6.26,4.284
1995,7.767,2.762,3.487,4.121,1.319,6.918,1.943,2.159,2.864,2.067,2.288,1.825,1.431,2.193,2.419,3.128,3.588,1.704,1.369,1.564,3.876,6.33,1.677,4.624,4.409,2.356,1.669,3.792,2.567,1.777,2.787,1.247,6.814,7.184,5.076,5.919,1.674,4.494,1.674,5.943,7.29,2.353,1.588,2.85,5.73,5.068,3.688,2.779,6.038,1.579,1.481,2.419,2.032,1.275,6.676,1.801,5.331,2.708,3.101,5.936,3.381,3.764,3.568,,5.971,5.939,1.372,4.523,6.998,1.461,2.457,3.251,1.805,1.718,3.76,2.781,4.884,5.994,1.807,1.262,5.106,2.334,1.385,2.513,2.822,2.121,3.04,5.105,1.336,6.288,6.223,3.238,4.884,1.691,4.835,1.304,1.568,2.083,3.651,2.809,2.852,5.36,1.843,1.923,2.823,1.188,2.851,1.407,1.519,4.676,2.253,5.372,4.419,2.524,3.248,3.291,5.355,1.252,5.56,2.725,4.125,3.191,3.845,2.88,6.173,3.442,1.435,1.552,6.315,3.958,1.705,1.367,6.036,6.392,3.317,4.292,7.052,1.791,5.091,1.921,5.962,2.138,5.588,3.044,4.494,1.825,1.783,2.736,1.958,1.94,1.571,3.295,6.019,3.127,4.417,3.808,4.869,1.534,2.652,1.979,3.775,7.776,6.273,3.35,2.146,2.13,3.077,1.873,5.067,5.894,2.553,6.161,2.852,4.78,4.108,3.315,4.067,1.634,1.411,2.15,3.557,2.272,1.337,1.352,6.345,1.37,1.829,2.304,3.026,2.688,2.088,2.609,4.767,1.166,5.554,4.986,,5.819,1.468,2.361,6.555,1.443,2.143,1.523,1.288,5.335,7.581,3.172,1.646,7.337,1.153,2.353,5.856,2.897,1.73,1.478,4.697,1.782,4.664,5.822,1.888,5.565,4.468,4.563,1.967,2.67,2.835,3.491,2.699,3.963,6.871,1.399,3.278,1.709,1.965,3.237,2.064,2.401,3.566,4.847,1.0,3.082,2.7,3.384,4.046,2.889,7.525,6.232,4.153
1996,7.757,2.666,3.139,3.944,1.329,6.851,1.881,2.266,2.781,2.06,2.233,1.804,1.448,1.977,2.353,2.986,3.505,1.673,1.307,1.591,3.755,6.279,1.699,4.369,4.336,2.286,1.652,3.573,2.511,1.894,2.681,1.237,6.779,7.123,4.867,5.795,1.63,4.257,1.691,5.963,7.292,2.284,1.554,2.768,5.627,5.033,3.597,2.681,5.954,1.675,1.457,2.403,1.953,1.185,6.672,1.751,5.149,2.546,3.04,5.941,3.351,3.7,3.482,,5.96,5.841,1.361,4.378,6.928,1.471,2.577,3.248,1.772,1.74,3.714,2.716,4.742,5.925,1.759,1.33,4.959,2.251,1.365,2.515,2.848,2.121,3.033,5.008,1.409,6.205,6.141,3.23,4.777,1.687,4.713,1.203,1.458,2.111,3.582,2.782,2.542,5.249,1.883,1.931,2.862,1.197,2.77,1.403,1.535,4.508,2.084,5.307,4.425,2.536,3.223,3.092,5.148,1.161,5.487,2.698,4.058,3.133,3.768,2.821,6.129,3.256,1.516,1.495,6.257,3.866,1.768,1.288,6.031,6.285,3.297,3.859,7.01,1.972,5.021,1.908,5.861,2.116,5.513,2.964,4.427,1.709,1.824,2.621,1.922,1.702,1.562,3.229,5.973,3.058,4.201,3.775,4.668,1.53,2.654,1.961,3.62,7.78,6.217,3.238,2.093,2.059,2.588,1.892,4.79,5.771,2.39,5.988,2.83,4.728,4.014,3.203,4.004,1.587,1.441,2.144,3.444,2.256,1.301,1.289,6.289,1.369,1.771,2.26,2.712,2.71,2.057,2.526,4.739,1.212,5.474,4.812,,5.723,1.436,2.311,6.552,1.424,2.184,1.469,1.279,5.221,7.621,2.991,1.599,7.321,1.139,2.285,5.792,2.92,1.6,1.497,4.536,1.779,3.94,5.826,1.865,5.459,4.381,4.455,1.894,2.488,2.779,3.292,2.649,3.951,6.835,1.333,3.06,1.722,1.96,2.941,2.02,2.364,3.393,4.752,1.0,3.022,2.468,3.084,3.943,2.846,7.004,6.182,4.11
1997,7.732,2.535,2.886,3.887,1.354,6.789,1.873,2.19,2.706,1.9,2.138,1.783,1.395,2.018,2.293,2.924,3.502,1.645,1.223,1.603,3.737,6.23,1.692,4.088,4.219,2.197,1.686,3.431,2.468,2.009,2.6,1.113,6.724,7.04,4.395,5.706,1.569,4.052,1.701,5.924,7.274,2.202,1.527,2.743,5.513,4.997,3.458,2.589,5.902,1.685,1.59,2.367,1.86,1.171,6.69,1.749,4.966,2.406,2.922,5.955,3.288,3.682,3.377,,5.941,5.743,1.306,4.235,6.869,1.473,2.503,3.188,1.742,1.73,3.663,2.59,4.657,5.851,1.728,1.377,4.884,2.233,1.357,2.598,2.803,2.132,3.023,4.906,1.473,6.123,6.06,3.221,4.669,1.678,4.59,1.123,1.377,2.04,3.514,2.742,2.323,5.194,1.932,1.926,2.876,1.21,2.677,1.376,1.538,4.318,1.97,5.268,4.368,2.312,3.135,2.88,4.961,1.117,5.433,2.667,3.982,3.084,3.701,2.771,6.079,3.132,1.569,1.468,6.212,3.786,1.719,1.205,6.023,6.231,3.227,3.477,6.971,1.937,4.959,1.898,5.743,2.031,5.392,2.886,4.355,1.79,1.884,2.477,1.886,1.503,1.55,3.147,5.933,2.985,4.166,3.738,4.442,1.564,2.646,1.956,3.473,7.802,6.138,3.147,2.027,1.916,2.245,1.86,4.524,5.642,2.187,5.817,2.81,4.679,3.911,3.099,3.943,1.516,1.469,2.169,3.327,2.343,1.317,1.243,6.235,1.373,1.748,2.3,2.743,2.746,2.032,2.433,4.695,1.243,5.396,4.656,,5.639,1.398,2.137,6.531,1.372,2.173,1.428,1.247,5.093,7.662,2.734,1.555,7.199,1.145,2.215,5.717,2.952,1.527,1.477,4.371,1.736,4.06,5.836,1.845,5.363,4.267,4.378,1.831,2.338,2.744,3.18,2.581,3.952,6.856,1.271,2.825,1.722,1.956,3.017,1.983,2.328,3.186,4.657,1.0,2.967,2.274,2.628,3.832,2.809,6.82,6.124,4.075
1998,7.693,2.425,2.691,3.878,1.383,6.732,1.898,2.017,2.662,1.81,2.001,1.765,1.371,1.848,2.232,2.889,3.427,1.62,1.268,1.594,3.752,6.136,1.794,3.853,4.149,2.089,1.561,3.362,2.418,1.523,2.533,1.136,6.661,6.958,4.13,5.656,1.553,3.898,1.702,5.889,7.266,2.149,1.522,2.717,5.392,4.909,3.308,2.527,5.854,1.499,1.617,2.315,1.761,1.156,6.7,1.723,4.795,2.315,2.835,5.963,3.228,3.681,3.342,,5.914,5.633,1.272,4.125,6.792,1.468,2.338,3.118,1.702,1.764,3.742,2.49,4.576,5.818,1.703,1.364,4.829,2.204,1.339,2.442,2.494,2.147,3.008,4.8,1.476,6.051,5.97,3.182,4.561,1.67,4.473,1.025,1.326,2.043,3.446,2.66,2.19,5.112,1.941,1.901,2.922,1.21,2.574,1.371,1.531,4.112,1.938,5.244,4.29,2.35,3.039,2.795,4.792,1.104,5.364,2.648,3.815,3.039,3.633,2.726,6.017,3.043,1.586,1.458,6.165,3.708,1.687,1.113,5.992,6.205,3.12,3.171,6.936,1.835,4.868,1.89,5.623,1.911,5.256,2.815,4.301,1.65,1.954,2.358,1.893,1.351,1.55,3.037,5.905,2.912,4.176,3.683,4.275,1.628,2.547,1.895,3.339,7.84,6.069,3.054,1.991,1.89,1.685,1.82,4.274,5.507,2.006,5.693,2.789,4.632,3.798,3.002,3.884,1.439,1.473,2.08,3.211,2.312,1.316,1.242,6.171,1.393,1.724,2.31,2.403,2.795,2.009,2.345,4.645,1.263,5.304,4.524,,5.581,1.37,2.037,6.495,1.261,2.142,1.376,1.231,4.977,7.656,2.63,1.497,7.078,1.131,2.136,5.646,2.986,1.506,1.469,4.25,1.541,4.07,5.811,1.815,5.288,4.137,4.309,1.784,2.197,2.707,3.075,2.52,3.951,6.837,1.206,2.765,1.711,1.98,2.676,1.956,2.271,2.985,4.603,1.0,2.912,2.098,2.619,3.722,2.776,6.639,6.067,4.067
1999,7.641,2.313,2.62,3.891,1.421,6.683,1.906,1.956,2.643,1.534,1.897,1.764,1.344,1.716,2.134,2.899,3.357,1.779,1.263,1.614,3.726,6.032,1.794,3.607,4.09,1.968,1.366,3.313,2.335,1.786,2.461,1.257,6.586,6.897,3.933,5.604,1.541,3.727,1.708,5.875,7.262,2.074,1.53,2.637,5.28,4.805,3.186,2.481,5.805,1.438,1.64,2.285,1.672,1.136,6.692,1.734,4.687,2.458,2.846,5.97,3.166,3.599,3.217,,5.878,5.516,1.293,4.089,6.721,1.469,2.338,3.051,1.729,1.793,3.801,2.581,4.502,5.772,1.643,1.37,4.822,2.189,1.326,2.37,2.392,2.178,2.969,4.687,1.499,5.985,5.871,3.125,4.452,1.669,4.366,0.994,1.29,1.997,3.383,2.568,2.089,5.035,1.903,1.858,2.888,1.228,2.465,1.34,1.518,3.971,1.902,5.177,4.185,2.634,2.952,2.714,4.639,1.171,5.3,2.631,3.67,3.004,3.575,2.691,5.953,2.972,1.604,1.456,6.116,3.646,1.744,1.025,5.839,6.124,3.068,2.899,6.911,1.734,4.783,1.877,5.524,2.031,5.111,2.763,4.27,1.556,2.007,2.297,1.884,1.204,1.542,2.882,5.875,2.851,4.138,3.636,4.13,1.656,2.484,1.966,3.218,7.84,6.082,2.971,1.966,1.77,1.614,1.849,4.064,5.462,1.906,5.583,2.767,4.587,3.67,2.917,3.825,1.377,1.502,2.038,3.117,2.337,1.304,1.183,6.059,1.436,1.705,2.256,2.501,2.839,1.996,2.307,4.572,1.288,5.228,4.354,,5.573,1.354,2.045,6.423,1.239,2.066,1.331,1.212,4.861,7.657,2.559,1.469,6.937,1.165,2.142,5.622,3.016,1.501,1.48,4.144,1.533,3.85,5.747,1.768,5.226,3.996,4.228,1.76,2.082,2.63,2.976,2.464,3.919,6.825,1.127,2.793,1.682,1.99,2.449,1.928,2.248,2.831,4.556,1.0,2.856,1.999,3.129,3.608,2.75,6.489,5.998,4.056
2000,7.566,2.217,2.59,3.89,1.273,6.639,1.877,2.196,2.591,1.47,1.845,1.764,1.364,1.698,2.06,2.798,3.279,1.933,1.272,1.663,3.633,5.937,1.738,3.378,3.991,1.86,1.282,3.294,2.247,1.839,2.398,1.29,6.519,6.872,3.794,5.514,1.51,3.545,1.707,5.851,7.249,2.046,1.628,2.574,5.227,4.724,3.112,2.413,5.773,1.423,1.608,2.342,1.638,1.146,6.702,1.765,4.601,2.346,2.869,5.934,3.102,3.505,3.076,,5.834,5.397,1.347,4.03,6.654,1.503,2.56,2.992,1.726,1.876,3.958,2.596,4.469,5.716,1.609,1.386,4.827,2.185,1.331,2.347,2.441,2.221,2.915,4.583,1.468,5.918,5.786,3.057,4.39,1.688,4.289,1.027,1.32,2.071,3.35,2.503,1.999,4.92,1.893,1.866,2.921,1.249,2.345,1.346,1.508,3.864,1.898,5.136,4.071,2.698,2.887,2.576,4.429,1.244,5.234,2.6,3.605,2.999,3.527,2.692,5.875,2.906,1.573,1.383,6.065,3.602,1.761,0.933,5.665,6.002,2.942,2.691,6.886,1.672,4.695,1.897,5.456,1.976,4.964,2.714,4.217,1.496,2.082,2.255,1.903,1.229,1.561,2.774,5.83,2.813,3.991,3.543,3.984,1.721,2.509,1.977,3.12,7.829,6.124,2.903,1.941,1.863,1.64,1.854,3.852,5.352,1.819,5.457,2.744,4.525,3.508,2.845,3.754,1.366,1.538,2.041,3.073,2.499,1.303,1.19,5.967,1.491,1.68,2.126,2.207,2.876,1.982,2.306,4.523,1.404,5.157,4.206,,5.498,1.353,2.066,6.355,1.342,1.982,1.293,1.253,4.757,7.645,2.413,1.467,6.803,1.21,2.213,5.596,3.046,1.542,1.486,4.068,1.472,3.49,5.67,1.734,5.165,3.823,4.159,1.732,2.025,2.487,2.9,2.406,3.841,6.788,1.108,2.733,1.641,2.03,2.337,1.95,2.196,2.696,4.537,1.0,2.79,2.028,2.451,3.487,2.754,6.317,5.921,4.009
2001,7.453,2.141,2.519,3.87,1.305,6.601,2.0,2.018,2.531,1.402,1.813,1.738,1.331,1.589,2.02,2.653,3.203,1.955,1.241,1.666,3.526,5.848,1.861,3.188,3.89,1.767,1.23,3.248,2.162,1.517,2.337,1.228,6.431,6.849,3.687,5.441,1.531,3.366,1.697,5.807,7.231,2.007,1.563,2.522,5.195,4.67,3.059,2.312,5.704,1.458,1.595,2.405,1.566,1.146,6.663,1.742,4.518,2.399,2.827,5.918,3.037,3.46,2.93,,5.785,5.306,1.315,3.944,6.579,1.525,2.354,2.973,1.722,1.879,3.777,2.523,4.417,5.67,1.579,1.354,4.768,2.104,1.327,2.453,2.421,2.234,2.817,4.502,1.454,5.834,5.688,2.958,4.248,1.662,4.153,0.941,1.312,1.955,3.303,2.466,1.918,4.799,1.94,1.87,2.868,1.247,2.296,1.325,1.491,3.803,1.906,5.094,3.957,2.765,2.839,2.546,4.29,1.223,5.164,2.576,3.63,2.949,3.473,2.642,5.774,2.866,1.524,1.281,6.001,3.55,1.662,0.845,5.528,5.943,2.807,2.532,6.852,1.493,4.583,1.905,5.407,1.895,4.811,2.671,4.084,1.471,2.176,2.194,1.855,1.519,1.551,2.686,5.755,2.793,3.827,3.461,3.793,1.712,2.422,1.964,2.996,7.81,6.128,2.866,1.94,1.729,1.736,1.788,3.662,5.182,1.87,5.342,2.72,4.469,3.361,2.744,3.719,1.315,1.455,1.946,3.08,2.451,1.272,1.221,5.893,1.524,1.647,2.082,2.125,2.897,1.966,2.3,4.477,1.519,5.097,3.964,,5.397,1.355,1.983,6.305,1.186,1.892,1.202,1.208,4.673,7.636,2.373,1.342,6.654,1.231,2.283,5.562,3.057,1.569,1.388,3.976,1.404,3.49,5.617,1.711,5.128,3.672,4.127,1.705,1.975,2.392,2.814,2.342,3.749,6.757,1.092,2.622,1.624,2.011,2.473,1.893,2.161,2.61,4.495,1.0,2.779,2.023,2.372,3.341,2.714,6.143,5.848,3.983
2002,7.32,2.002,2.429,3.866,1.265,6.567,1.74,1.94,2.493,1.405,1.8,1.765,1.389,1.577,1.984,2.699,3.126,1.862,1.202,1.645,3.43,5.793,1.815,3.012,3.802,1.695,1.231,3.175,2.081,1.247,2.264,1.224,6.339,6.819,3.57,5.435,1.513,3.192,1.681,5.785,7.201,1.934,1.566,2.489,5.155,4.697,2.969,2.162,5.641,1.428,1.645,2.3,1.497,1.167,6.606,1.726,4.41,2.16,2.764,5.899,2.972,3.412,2.775,,5.731,5.233,1.353,3.854,6.499,1.545,2.544,2.968,1.718,1.865,3.717,2.425,4.36,5.656,1.571,1.344,4.687,1.683,1.335,2.492,2.378,2.218,2.582,4.371,1.45,5.781,5.634,2.844,4.125,1.648,4.0,0.932,1.303,1.936,3.217,2.436,1.836,4.668,1.971,1.863,2.877,1.264,2.271,1.308,1.477,3.805,1.956,5.027,3.814,2.791,2.795,2.566,4.132,1.258,5.096,2.523,3.682,2.907,3.409,2.599,5.653,2.831,1.468,1.231,5.936,3.479,1.629,0.806,5.412,5.903,2.658,2.425,6.819,1.458,4.488,1.893,5.373,1.916,4.66,2.633,3.934,1.448,2.006,2.103,1.813,1.448,1.559,2.617,5.667,2.765,3.693,3.4,3.604,1.729,2.347,1.892,2.887,7.797,6.116,2.859,1.919,1.786,1.678,1.757,3.51,5.012,1.923,5.216,2.698,4.419,3.233,2.693,3.651,1.252,1.46,1.856,3.011,2.411,1.27,1.287,5.816,1.538,1.621,2.038,2.032,2.896,1.957,2.218,4.444,1.432,5.062,3.709,,5.301,1.363,2.027,6.23,1.172,1.809,1.185,1.21,4.602,7.626,2.324,1.227,6.515,1.251,2.31,5.531,2.956,1.648,1.383,3.865,1.327,3.47,5.57,1.688,5.092,3.57,4.138,1.672,1.941,2.268,2.71,2.242,3.637,6.735,1.127,2.541,1.633,2.003,2.415,1.875,2.16,2.575,4.382,1.0,2.739,2.006,2.376,3.193,2.684,5.971,5.774,3.925
2003,7.174,2.006,2.451,3.91,1.18,6.533,1.637,1.887,2.451,1.473,1.808,1.764,1.373,1.591,1.971,2.778,3.029,1.856,1.192,1.665,3.335,5.763,1.79,2.865,3.721,1.644,1.219,3.106,2.006,1.309,2.185,1.254,6.28,6.785,3.429,5.432,1.535,3.033,1.672,5.799,7.179,1.885,1.57,2.45,5.115,4.696,2.886,2.084,5.572,1.412,1.627,2.191,1.505,1.176,6.549,1.756,4.296,2.075,2.703,5.846,2.911,3.352,2.636,,5.675,5.143,1.365,3.796,6.4,1.554,2.542,2.957,1.756,1.873,3.766,2.26,4.299,5.656,1.552,1.343,4.597,1.634,1.333,2.389,2.332,2.223,2.657,4.25,1.456,5.744,5.577,2.75,4.047,1.654,3.844,0.904,1.275,1.991,3.122,2.41,1.801,4.581,1.96,1.84,2.919,1.285,2.244,1.285,1.538,3.816,2.075,4.937,3.702,2.67,2.771,2.595,4.024,1.322,5.028,2.457,3.619,2.87,3.354,2.563,5.547,2.797,1.373,1.26,5.874,3.41,1.62,0.798,5.329,5.875,2.601,2.342,6.783,1.476,4.418,1.899,5.364,1.871,4.534,2.579,3.785,1.479,1.914,2.019,1.804,1.596,1.579,2.606,5.6,2.68,3.58,3.388,3.439,1.742,2.268,1.929,2.827,7.789,6.1,2.885,1.909,1.745,1.893,1.798,3.371,4.894,1.962,5.062,2.679,4.362,3.123,2.661,3.591,1.225,1.437,1.807,2.925,2.429,1.298,1.334,5.737,1.524,1.603,2.004,1.939,2.872,1.952,2.142,4.392,1.296,5.013,3.465,,5.246,1.37,2.046,6.087,1.081,1.742,1.204,1.203,4.539,7.603,2.358,1.199,6.353,1.293,2.301,5.489,2.839,1.712,1.382,3.763,1.248,3.42,5.578,1.673,5.048,3.514,4.175,1.648,1.956,2.202,2.667,2.176,3.579,6.671,1.173,2.491,1.698,2.025,2.331,1.862,2.116,2.503,4.293,1.0,2.703,1.999,2.583,3.07,2.659,5.839,5.71,3.862
2004,7.018,1.889,2.5,3.945,1.229,6.499,1.605,1.852,2.43,1.491,1.819,1.784,1.415,1.965,1.98,2.774,2.94,1.797,1.196,1.719,3.252,5.718,1.76,2.781,3.633,1.61,1.221,3.063,1.973,1.5,2.104,1.317,6.216,6.746,3.307,5.436,1.545,2.9,1.671,5.784,7.16,1.844,1.605,2.384,5.065,4.69,2.833,2.028,5.527,1.419,1.546,2.099,1.512,1.225,6.53,1.779,4.162,2.023,2.641,5.741,2.853,3.283,2.516,,5.618,5.036,1.465,3.76,6.301,1.557,2.591,2.941,1.795,1.898,3.47,2.198,4.252,5.683,1.566,1.361,4.504,1.689,1.34,2.379,2.285,2.233,2.772,4.134,1.467,5.733,5.5,2.681,3.943,1.664,3.71,0.921,1.281,2.037,3.046,2.415,1.78,4.527,1.93,1.826,2.848,1.337,2.198,1.277,1.515,3.729,2.201,4.861,3.734,2.65,2.762,2.631,3.898,1.297,4.965,2.378,3.508,2.849,3.308,2.544,5.506,2.773,1.439,1.271,5.817,3.347,1.657,0.803,5.264,5.864,2.493,2.262,6.741,1.4,4.34,1.898,5.374,1.871,4.448,2.536,3.681,1.543,1.994,1.983,1.734,1.615,1.596,2.611,5.551,2.588,3.545,3.378,3.279,1.722,2.243,1.976,2.784,7.777,6.09,2.918,1.899,1.524,2.066,1.828,3.2,4.685,1.989,4.971,2.68,4.283,3.053,2.673,3.524,1.228,1.405,1.837,2.794,2.451,1.335,1.345,5.64,1.514,1.59,1.964,1.863,2.827,1.949,2.087,4.343,1.298,4.962,3.264,,5.192,1.361,2.036,5.919,1.071,1.702,1.246,1.248,4.466,7.568,2.436,1.164,6.19,1.313,2.271,5.455,2.738,1.751,1.409,3.679,1.185,3.507,5.597,1.665,4.995,3.47,4.186,1.627,1.95,2.197,2.674,2.136,3.553,6.612,1.215,2.385,1.747,2.031,2.427,1.875,2.093,2.496,4.214,1.0,2.639,1.968,2.189,2.965,2.647,5.712,5.698,3.776
2005,6.858,1.787,2.562,3.863,1.224,6.461,1.528,1.832,2.426,1.492,1.844,1.849,1.406,1.982,2.008,2.67,2.846,1.738,1.221,1.754,3.173,5.692,1.782,2.726,3.558,1.605,1.203,3.082,1.942,1.34,2.024,1.358,6.182,6.708,3.238,5.421,1.566,2.726,1.665,5.812,7.134,1.825,1.624,2.309,5.012,4.669,2.814,2.038,5.499,1.506,1.486,2.037,1.479,1.281,6.526,1.798,4.035,1.998,2.574,5.611,2.8,3.254,2.44,,5.559,4.934,1.515,3.704,6.194,1.57,2.631,2.917,1.801,1.916,3.78,2.181,4.21,5.708,1.583,1.344,4.496,1.754,1.358,2.335,2.242,2.301,2.638,3.974,1.491,5.727,5.46,2.648,3.835,1.667,3.577,0.957,1.312,2.046,2.958,2.452,1.756,4.446,1.865,1.863,2.793,1.332,2.148,1.245,1.434,3.653,2.274,4.801,3.76,2.623,2.731,2.645,3.685,1.389,4.902,2.291,3.428,2.825,3.264,2.521,5.519,2.765,1.487,1.291,5.758,3.284,1.631,0.862,5.195,5.848,2.391,2.199,6.708,1.377,4.276,1.943,5.376,1.824,4.502,2.495,3.595,1.528,2.006,1.99,1.702,1.615,1.596,2.613,5.5,2.515,3.571,3.377,3.115,1.706,2.227,1.961,2.765,7.769,6.063,2.964,1.872,1.469,2.256,1.835,3.029,4.595,2.017,4.867,2.643,4.22,2.973,2.643,3.448,1.244,1.408,1.842,2.635,2.486,1.394,1.299,5.5,1.49,1.593,1.931,1.807,2.779,1.945,2.068,4.322,1.198,4.939,3.161,,5.133,1.336,2.182,5.807,1.072,1.708,1.262,1.263,4.411,7.527,2.512,1.115,6.022,1.329,2.263,5.397,2.712,1.772,1.416,3.605,1.133,3.398,5.579,1.644,5.038,3.44,4.195,1.625,1.953,2.197,2.706,2.106,3.546,6.525,1.221,2.232,1.761,2.04,2.42,1.879,2.097,2.438,4.133,1.0,2.629,1.887,2.07,2.892,2.63,5.563,5.697,3.693
2006,6.686,1.686,2.628,3.685,1.234,6.419,1.473,1.831,2.4,1.494,1.862,1.882,1.404,2.019,2.019,2.464,2.755,1.702,1.305,1.794,3.021,5.673,1.79,2.66,3.533,1.626,1.18,3.114,1.896,1.234,1.969,1.431,6.17,6.659,3.175,5.369,1.612,2.555,1.665,5.84,7.118,1.798,1.644,2.241,4.934,4.651,2.802,1.937,5.448,1.469,1.402,1.977,1.509,1.333,6.547,1.841,3.899,2.074,2.508,5.474,2.753,3.223,2.395,,5.498,4.881,1.583,3.632,6.047,1.587,2.511,2.905,1.832,1.974,3.824,2.217,4.17,5.736,1.617,1.339,4.399,1.802,1.403,2.257,2.195,2.285,2.807,3.845,1.513,5.704,5.406,2.659,3.761,1.703,3.449,0.987,1.341,2.075,2.867,2.457,1.755,4.459,1.915,1.905,2.828,1.364,2.089,1.285,1.44,3.711,2.38,4.754,3.815,2.494,2.589,2.744,3.559,1.464,4.838,2.244,3.414,2.808,3.228,2.507,5.53,2.699,1.428,1.322,5.701,3.236,1.646,0.92,5.133,5.802,2.308,2.204,6.677,1.363,4.197,2.005,5.404,1.714,4.506,2.456,3.514,1.537,2.101,2.116,1.737,1.61,1.632,2.611,5.452,2.471,3.601,3.4,2.967,1.715,2.241,2.01,2.733,7.744,6.053,2.996,1.936,1.514,2.613,1.899,2.879,4.589,1.996,4.739,2.62,4.148,2.889,2.619,3.466,1.269,1.372,1.798,2.509,2.443,1.421,1.315,5.335,1.45,1.599,1.902,1.765,2.711,1.951,2.033,4.322,1.242,4.933,3.176,,5.064,1.319,2.103,5.737,1.068,1.758,1.254,1.317,4.39,7.49,2.548,1.145,5.853,1.36,2.292,5.332,2.727,1.848,1.432,3.562,1.118,3.341,5.511,1.631,5.076,3.42,4.141,1.624,1.952,2.193,2.724,2.078,3.525,6.429,1.297,1.958,1.812,2.087,2.572,1.886,2.07,2.461,4.1,1.0,2.595,1.873,2.11,2.832,2.625,5.412,5.679,3.635
2007,6.508,1.633,2.704,3.509,1.189,6.372,1.51,1.86,2.37,1.519,1.881,1.991,1.381,1.968,2.035,2.282,2.666,1.755,1.394,1.813,2.885,5.627,1.934,2.589,3.447,1.668,1.19,3.127,1.854,1.312,1.933,1.481,6.11,6.588,3.13,5.343,1.656,2.409,1.681,5.867,7.092,1.826,1.666,2.195,4.859,4.649,2.705,1.954,5.403,1.487,1.436,1.915,1.449,1.441,6.559,1.842,3.756,2.022,2.51,5.333,2.704,3.237,2.354,,5.433,4.812,1.685,3.58,5.887,1.604,2.563,2.872,1.828,1.952,3.782,2.122,4.142,5.685,1.697,1.378,4.288,1.852,1.416,2.27,2.154,2.23,2.905,3.716,1.534,5.664,5.365,2.681,3.687,1.729,3.351,1.03,1.322,2.089,2.775,2.476,1.748,4.404,2.011,1.927,2.852,1.393,2.023,1.305,1.53,3.797,2.49,4.718,3.865,2.393,2.412,2.781,3.438,1.542,4.771,2.201,3.442,2.795,3.192,2.497,5.462,2.648,1.421,1.359,5.631,3.186,1.611,0.967,5.083,5.724,2.252,2.293,6.647,1.358,4.09,2.041,5.426,1.672,4.493,2.421,3.439,1.575,2.206,2.321,1.803,1.602,1.67,2.618,5.466,2.447,3.608,3.504,2.857,1.714,2.215,2.169,2.697,7.726,6.027,3.007,1.943,1.533,2.786,1.897,2.761,4.554,1.968,4.627,2.612,4.076,2.823,2.583,3.403,1.311,1.352,1.738,2.438,2.468,1.449,1.428,5.141,1.4,1.607,1.871,1.7,2.633,1.962,2.063,4.358,1.257,4.957,3.185,,5.018,1.316,2.225,5.643,1.069,1.572,1.27,1.386,4.372,7.457,2.545,1.215,5.704,1.379,2.295,5.27,2.735,1.877,1.452,3.538,1.102,3.367,5.403,1.616,5.102,3.4,4.086,1.622,1.957,2.183,2.734,2.049,3.446,6.326,1.343,1.792,1.863,2.096,2.598,1.902,2.048,2.573,4.117,1.0,2.524,1.911,2.111,2.775,2.623,5.261,5.613,3.677
2008,6.392,1.616,2.785,3.42,1.25,6.32,1.562,2.042,2.432,1.541,1.889,2.02,1.411,1.904,1.999,2.152,2.577,1.756,1.449,1.846,2.78,5.548,1.86,2.481,3.364,1.698,1.21,3.131,1.815,1.272,1.918,1.552,6.05,6.515,3.048,5.294,1.684,2.298,1.703,5.902,7.063,1.85,1.701,2.155,4.805,4.726,2.599,1.98,5.357,1.555,1.576,1.866,1.479,1.508,6.58,1.88,3.621,1.968,2.546,5.171,2.688,3.238,2.291,,5.363,4.737,1.719,3.567,5.695,1.615,2.568,2.819,1.843,1.987,3.57,2.195,4.118,5.625,1.832,1.387,4.217,1.903,1.494,2.269,2.116,2.163,2.905,3.571,1.548,5.596,5.266,2.697,3.621,1.741,3.26,1.054,1.346,2.156,2.711,2.44,1.743,4.373,2.065,1.941,2.903,1.435,1.953,1.33,1.563,3.876,2.616,4.66,3.899,2.359,2.266,2.838,3.331,1.585,4.703,2.172,3.392,2.79,3.163,2.497,5.328,2.599,1.442,1.444,5.56,3.154,1.606,0.983,5.043,5.609,2.262,2.371,6.624,1.42,3.967,2.07,5.436,1.602,4.475,2.391,3.368,1.638,2.384,2.532,1.895,1.6,1.7,2.612,5.598,2.404,3.616,3.665,2.737,1.764,2.204,2.187,2.66,7.702,6.024,3.013,1.97,1.565,2.815,1.951,2.762,4.515,1.947,4.509,2.608,4.015,2.792,2.528,3.401,1.386,1.383,1.624,2.369,2.466,1.581,1.517,4.922,1.34,1.616,1.833,1.7,2.55,1.971,2.15,4.417,1.521,4.906,3.074,,5.024,1.331,2.319,5.563,1.044,1.728,1.342,1.529,4.358,7.415,2.679,1.19,5.569,1.436,2.232,5.212,2.727,1.905,1.478,3.481,1.062,3.388,5.324,1.587,5.1,3.378,4.012,1.617,1.975,2.167,2.75,2.005,3.415,6.202,1.444,1.516,1.905,2.053,2.687,1.925,2.03,2.635,4.159,1.0,2.475,1.933,1.961,2.723,2.626,5.113,5.53,3.783
2009,6.295,1.638,2.825,3.359,1.208,6.26,1.607,2.006,2.4,1.574,1.875,1.972,1.393,1.821,2.011,2.047,2.484,1.77,1.481,1.835,2.659,5.491,1.853,2.364,3.287,1.704,1.267,3.133,1.799,1.23,1.921,1.642,5.992,6.409,2.971,5.236,1.675,2.246,1.723,5.936,7.021,1.855,1.714,2.096,4.778,4.808,2.521,1.953,5.332,1.588,1.678,1.879,1.475,1.51,6.591,1.84,3.521,1.918,2.574,4.994,2.678,3.259,2.261,,5.288,4.656,1.701,3.504,5.488,1.622,2.391,2.76,1.86,1.99,3.49,2.148,4.138,5.574,1.993,1.367,4.179,1.926,1.507,2.322,2.078,2.115,2.891,3.465,1.55,5.528,5.176,2.694,3.565,1.72,3.173,1.05,1.321,2.227,2.674,2.442,1.74,4.378,2.063,1.937,2.944,1.439,1.879,1.333,1.576,3.841,2.58,4.567,3.905,2.317,2.155,2.955,3.229,1.472,4.638,2.191,3.309,2.783,3.138,2.493,5.174,2.556,1.68,1.499,5.494,3.127,1.59,0.997,5.003,5.453,2.223,2.39,6.592,1.413,3.83,2.05,5.406,1.528,4.463,2.364,3.313,1.719,2.397,2.625,1.96,1.59,1.69,2.624,5.681,2.369,3.633,3.847,2.63,1.783,2.194,2.133,2.626,7.679,5.993,3.04,1.905,1.637,2.736,1.974,2.829,4.465,1.935,4.44,2.593,3.941,2.757,2.48,3.376,1.402,1.349,1.595,2.254,2.366,1.636,1.559,4.707,1.288,1.628,1.8,1.735,2.464,1.978,2.174,4.466,1.358,4.838,2.95,,5.025,1.362,2.371,5.448,1.002,1.713,1.433,1.538,4.349,7.376,2.501,1.178,5.446,1.381,2.179,5.173,2.712,1.932,1.492,3.415,1.005,3.43,5.26,1.565,5.104,3.342,3.946,1.618,2.004,2.145,2.794,1.959,3.425,6.124,1.47,1.582,1.893,1.987,2.575,1.935,2.018,2.559,4.157,1.0,2.422,1.92,2.43,2.675,2.621,5.004,5.453,3.95
2010,6.195,1.653,2.875,3.292,1.275,6.194,1.627,1.785,2.411,1.588,1.855,1.948,1.44,1.924,1.837,1.987,2.38,1.785,1.478,1.849,2.552,5.452,1.767,2.252,3.213,1.677,1.26,3.135,1.786,1.183,1.937,1.567,5.936,6.26,2.859,5.154,1.642,2.329,1.694,5.963,6.99,1.844,1.687,2.01,4.755,4.851,2.454,1.827,5.292,1.551,1.673,2.185,1.434,1.509,6.587,1.858,3.431,1.887,2.556,4.816,2.615,3.296,2.239,,5.209,4.571,1.716,3.375,5.282,1.628,2.499,2.696,1.863,2.017,3.429,2.165,4.153,5.558,1.973,1.4,4.181,1.954,1.485,2.241,2.038,2.137,2.973,3.375,1.559,5.435,5.111,2.684,3.497,1.706,3.078,1.12,1.257,2.192,2.598,2.462,1.749,4.457,2.056,1.928,3.028,1.443,1.799,1.357,1.593,3.78,2.61,4.446,3.898,2.223,2.044,3.096,3.137,1.367,4.563,2.256,3.25,2.759,3.102,2.471,5.058,2.603,1.435,1.499,5.413,3.078,1.622,1.05,4.896,5.263,2.144,2.349,6.579,1.375,3.673,2.036,5.384,1.495,4.433,2.34,3.271,1.703,2.385,2.521,1.731,1.583,1.677,2.629,5.66,2.335,3.657,4.019,2.541,1.787,2.187,2.165,2.596,7.64,5.948,3.045,1.89,1.707,2.982,1.941,2.973,4.398,1.937,4.434,2.587,3.883,2.695,2.421,3.315,1.407,1.381,1.619,2.137,2.189,1.574,1.585,4.522,1.252,1.652,1.762,1.673,2.4,1.956,2.144,4.52,1.459,4.769,2.81,,5.055,1.399,2.2,5.327,0.934,1.848,1.43,1.579,4.341,7.322,2.445,1.226,5.318,1.366,2.134,5.141,2.688,1.973,1.517,3.355,0.916,3.457,5.225,1.562,5.087,3.249,3.879,1.614,2.075,2.08,2.848,1.907,3.442,6.019,1.436,1.565,1.918,1.916,2.48,1.927,2.011,2.442,4.126,1.0,2.396,1.906,1.872,2.635,2.602,4.81,5.359,4.04
2011,6.094,1.677,2.899,3.169,1.321,6.12,1.632,1.746,2.393,1.615,1.858,1.922,1.43,1.98,1.791,2.025,2.309,1.758,1.524,1.805,2.531,5.436,1.569,2.155,3.143,1.63,1.209,3.103,1.777,1.268,1.957,1.505,5.869,6.108,2.782,5.052,1.627,2.329,1.637,6.009,6.948,1.823,1.668,1.938,4.722,4.826,2.397,1.877,5.244,1.485,1.734,2.106,1.36,1.427,6.582,1.754,3.341,1.861,2.527,4.614,2.605,3.311,2.224,,5.126,4.486,1.616,3.317,5.08,1.649,2.332,2.631,1.826,1.995,3.481,2.061,4.151,5.542,1.915,1.385,4.177,1.974,1.395,2.097,2.006,2.17,2.876,3.292,1.564,5.337,5.067,2.694,3.431,1.689,2.998,1.136,1.25,2.023,2.532,2.515,1.792,4.588,2.033,1.903,3.01,1.427,1.717,1.363,1.598,3.69,2.605,4.284,3.878,2.038,1.956,3.14,3.049,1.343,4.491,2.32,3.343,2.743,3.073,2.458,4.97,2.646,1.662,1.548,5.322,3.034,1.53,1.129,4.737,5.083,2.153,2.307,6.545,1.443,3.527,2.008,5.38,1.482,4.391,2.317,3.223,1.65,2.22,2.595,1.676,1.567,1.657,2.595,5.599,2.306,3.658,4.117,2.462,1.752,2.2,2.096,2.558,7.592,5.893,3.032,1.883,1.625,3.208,1.876,2.955,4.305,1.965,4.305,2.604,3.816,2.667,2.413,3.236,1.338,1.343,1.595,2.07,2.189,1.475,1.601,4.332,1.243,1.671,1.74,1.5,2.424,1.834,2.076,4.56,1.456,4.718,2.8,,5.099,1.404,2.367,5.209,0.964,1.99,1.445,1.57,4.335,7.268,2.436,1.258,5.193,1.34,2.144,5.087,2.667,1.902,1.513,3.285,1.059,3.456,5.141,1.571,4.984,3.164,3.829,1.611,2.189,2.047,2.9,1.859,3.463,5.885,1.464,1.539,1.911,1.879,2.338,1.931,1.987,2.354,4.093,1.0,2.398,1.927,2.278,2.586,2.588,4.63,5.256,4.126
2012,5.985,1.719,2.996,3.043,1.26,6.039,1.611,1.655,2.304,1.647,1.907,1.931,1.44,2.142,1.761,2.11,2.263,1.731,1.623,1.784,2.51,5.429,1.528,2.068,3.076,1.53,1.252,3.07,1.766,1.103,1.973,1.5,5.793,5.991,2.751,4.982,1.627,2.153,1.531,6.047,6.905,1.798,1.798,1.899,4.652,4.785,2.342,1.851,5.19,1.516,1.668,2.193,1.382,1.447,6.559,1.723,3.255,1.827,2.497,4.404,2.509,3.4,2.187,,5.04,4.407,1.561,3.266,4.887,1.669,2.557,2.612,1.797,1.99,3.617,2.026,4.086,5.519,1.929,1.405,4.154,1.999,1.345,2.001,1.967,2.195,3.117,3.219,1.557,5.232,5.003,2.701,3.321,1.692,2.927,1.207,1.334,2.034,2.47,2.514,1.851,4.544,1.99,1.864,3.05,1.416,1.648,1.376,1.595,3.568,2.64,4.116,3.768,1.969,1.99,3.183,2.953,1.444,4.431,2.345,3.296,2.759,3.043,2.481,4.881,2.68,1.514,1.591,5.24,2.996,1.572,1.193,4.613,4.902,2.117,2.254,6.523,1.42,3.382,1.998,5.352,1.479,4.362,2.294,3.18,1.661,2.294,2.739,1.728,1.561,1.671,2.543,5.518,2.276,3.676,4.115,2.42,1.716,2.202,2.087,2.527,7.527,5.797,3.011,1.882,1.709,3.328,1.847,2.928,4.204,2.006,4.154,2.591,3.746,2.658,2.356,3.143,1.329,1.277,1.541,2.04,2.229,1.51,1.708,4.201,1.245,1.686,1.713,1.5,2.773,1.675,2.113,4.545,1.289,4.664,2.78,,5.129,1.444,2.407,5.064,1.027,1.959,1.394,1.587,4.332,7.211,2.447,1.274,5.061,1.318,2.173,5.031,2.669,1.9,1.52,3.221,1.188,3.421,5.137,1.563,4.854,3.095,3.768,1.609,2.277,2.109,2.955,1.805,3.47,5.729,1.528,1.532,1.909,1.862,2.254,2.009,2.012,2.337,4.059,1.0,2.379,1.967,2.066,2.549,2.607,4.633,5.136,4.134
2013,5.879,1.741,2.997,2.932,1.142,5.953,1.553,1.537,2.335,1.669,1.944,1.883,1.436,2.148,1.738,2.166,2.247,1.729,1.673,1.748,2.498,5.41,1.522,2.0,3.01,1.64,1.278,3.045,1.761,1.086,1.978,1.482,5.697,5.889,2.742,4.905,1.612,2.067,1.445,6.075,6.839,1.786,1.714,1.86,4.572,4.731,2.292,1.779,5.135,1.461,1.678,2.098,1.304,1.455,6.527,1.67,3.187,1.778,2.474,4.208,2.362,3.49,2.154,,4.952,4.335,1.524,3.237,4.708,1.686,2.538,2.604,1.745,1.973,3.471,1.937,4.019,5.392,1.993,1.415,4.114,2.099,1.292,2.012,1.913,2.216,2.883,3.151,1.542,5.151,4.93,2.711,3.221,1.667,2.855,1.265,1.35,1.938,2.399,2.441,1.913,4.441,1.934,1.824,3.036,1.38,1.591,1.389,1.569,3.449,2.67,3.955,3.643,1.953,1.968,3.15,2.872,1.527,4.378,2.361,3.283,2.719,3.003,2.436,4.749,2.716,1.462,1.583,5.164,2.954,1.55,1.15,4.527,4.759,2.07,2.174,6.491,1.366,3.247,1.987,5.317,1.419,4.433,2.269,3.133,1.622,2.313,2.94,1.744,1.48,1.653,2.478,5.43,2.264,3.653,4.098,2.36,1.677,2.167,2.004,2.492,7.445,5.694,2.971,1.877,1.705,3.535,1.779,2.954,4.125,2.054,4.049,2.569,3.684,2.636,2.317,3.042,1.292,1.213,1.473,2.032,2.215,1.466,1.725,4.136,1.09,1.692,1.682,1.5,2.719,1.622,2.106,4.491,1.483,4.584,2.67,,5.049,1.431,2.182,4.873,0.949,1.894,1.396,1.553,4.325,7.14,2.428,1.206,4.939,1.277,2.178,4.965,2.651,1.885,1.514,3.165,1.13,3.433,5.156,1.526,4.754,3.042,3.696,1.603,2.31,2.107,3.007,1.752,3.389,5.563,1.515,1.527,1.83,1.84,2.229,1.962,2.034,2.445,4.039,1.0,2.334,1.98,1.829,2.499,2.572,4.623,5.014,4.111
2014,5.77,1.721,3.084,2.852,1.168,5.864,1.469,1.526,2.386,1.663,1.944,1.805,1.464,2.131,1.687,2.149,2.228,1.727,1.702,1.733,2.474,5.374,1.42,1.923,2.947,1.51,1.262,3.027,1.775,1.235,1.969,1.53,5.595,5.794,2.734,4.844,1.614,2.031,1.334,6.099,6.781,1.774,1.769,1.822,4.489,4.665,2.244,1.8,5.071,1.461,1.655,1.998,1.312,1.526,6.483,1.688,3.116,1.713,2.451,3.999,2.274,3.49,2.126,,4.863,4.273,1.543,3.181,4.605,1.703,2.555,2.591,1.706,1.974,3.473,1.957,3.953,5.197,2.18,1.469,4.029,2.084,1.298,2.009,1.799,2.213,2.946,3.088,1.51,5.07,4.79,2.695,3.164,1.678,2.793,1.201,1.424,1.928,2.293,2.393,1.975,4.31,1.9,1.79,3.081,1.364,1.544,1.388,1.552,3.302,2.76,3.843,3.521,1.87,2.06,3.21,2.802,1.646,4.33,2.375,3.239,2.705,2.961,2.421,4.622,2.754,1.57,1.628,5.106,2.897,1.499,1.224,4.421,4.569,2.058,2.089,6.441,1.379,3.18,1.992,5.261,1.371,4.534,2.211,3.091,1.82,2.485,2.996,1.762,1.467,1.664,2.425,5.304,2.252,3.635,4.085,2.319,1.704,2.118,1.925,2.463,7.342,5.622,2.934,1.874,1.768,3.372,1.754,2.97,4.055,2.032,3.995,2.552,3.625,2.646,2.271,2.894,1.317,1.23,1.437,2.03,2.237,1.56,1.766,4.117,0.928,1.699,1.665,1.485,2.707,1.543,2.141,4.423,1.259,4.485,2.68,,4.884,1.46,2.161,4.703,1.003,1.817,1.422,1.581,4.36,7.061,2.424,1.197,4.818,1.315,2.134,4.912,2.62,1.876,1.534,3.117,1.162,3.459,5.122,1.484,4.702,2.987,3.619,1.602,2.316,2.186,3.023,1.729,3.33,5.408,1.466,1.483,1.811,1.848,2.221,1.991,2.026,2.546,3.999,1.0,2.296,2.09,1.82,2.459,2.564,4.62,4.89,4.011
2015,5.652,1.631,3.091,2.78,1.223,5.774,1.39,1.567,2.35,1.621,1.899,1.803,1.492,2.092,1.574,2.113,2.227,1.726,1.728,1.69,2.433,5.32,1.44,1.835,2.886,1.32,1.322,3.008,1.777,1.186,1.947,1.528,5.478,5.695,2.729,4.841,1.601,1.968,1.269,6.126,6.706,1.737,1.67,1.771,4.42,4.607,2.208,1.797,4.97,1.403,1.685,1.896,1.323,1.589,6.437,1.712,3.041,1.648,2.43,3.779,2.209,3.5,2.067,,4.774,4.217,1.58,3.122,4.529,1.71,2.42,2.567,1.645,1.927,3.547,1.872,3.921,5.003,2.214,1.501,3.982,2.074,1.328,2.076,1.715,2.179,2.933,3.029,1.473,5.002,4.661,2.667,3.11,1.675,2.746,1.227,1.446,1.809,2.289,2.346,2.017,4.08,1.861,1.748,3.093,1.344,1.508,1.415,1.51,3.141,2.755,3.766,3.438,1.763,2.03,3.208,2.796,1.706,4.289,2.382,3.217,2.673,2.938,2.382,4.523,2.711,1.425,1.705,5.053,2.88,1.464,1.142,4.335,4.384,2.008,2.004,6.385,1.376,3.131,1.972,5.211,1.319,4.675,2.137,3.049,1.87,2.503,3.01,1.756,1.512,1.66,2.406,5.245,2.266,3.604,4.075,2.273,1.657,2.079,1.982,2.434,7.215,5.503,2.879,1.863,1.758,3.134,1.728,2.965,3.988,2.002,3.977,2.53,3.558,2.645,2.229,2.829,1.323,1.302,1.35,1.976,2.235,1.621,1.79,4.108,1.052,1.699,1.643,1.473,2.665,1.519,2.133,4.344,1.196,4.354,2.63,,4.751,1.46,2.217,4.548,0.977,1.732,1.403,1.576,4.291,6.975,2.359,1.202,4.695,1.33,2.09,4.898,2.57,1.847,1.537,3.067,1.185,3.459,5.025,1.451,4.662,2.924,3.54,1.598,2.306,2.157,3.033,1.718,3.308,5.251,1.387,1.417,1.801,1.832,2.218,1.928,2.041,2.583,3.952,1.0,2.253,2.1,1.972,2.417,2.537,4.617,4.775,3.911
2016,5.542,1.555,3.091,2.699,1.184,5.686,1.374,1.458,2.241,1.625,1.848,1.792,1.531,2.032,1.495,2.042,2.227,1.724,1.727,1.675,2.396,5.254,1.45,1.738,2.829,1.53,1.36,2.99,1.727,0.987,1.915,1.541,5.331,5.587,2.725,4.842,1.59,1.966,1.231,6.126,6.623,1.686,1.772,1.719,4.348,4.546,2.184,1.746,4.873,1.427,1.6,1.695,1.357,1.652,6.392,1.775,2.969,1.581,2.41,3.582,2.122,3.35,1.965,,4.686,4.164,1.603,3.068,4.473,1.711,2.49,2.518,1.565,1.892,3.641,1.763,3.921,4.809,2.228,1.591,3.873,1.94,1.382,2.068,1.616,2.141,3.171,2.973,1.435,4.915,4.519,2.634,3.054,1.669,2.704,1.205,1.514,1.744,2.284,2.311,2.054,3.843,1.816,1.713,3.113,1.336,1.464,1.408,1.468,3.072,2.795,3.689,3.375,1.641,2.061,3.104,2.744,1.742,4.251,2.39,3.18,2.671,2.902,2.379,4.461,2.673,1.59,1.692,4.995,2.849,1.415,1.138,4.285,4.216,1.942,1.903,6.319,1.366,3.091,1.964,5.157,1.352,4.704,2.086,3.001,1.89,2.578,2.957,1.8,1.62,1.654,2.396,5.188,2.27,3.574,4.027,2.226,1.658,2.078,1.876,2.407,7.043,5.343,2.825,1.856,1.786,2.923,1.705,2.949,3.902,2.055,3.887,2.502,3.495,2.624,2.189,2.679,1.389,1.356,1.264,1.856,2.219,1.692,1.773,4.106,0.966,1.697,1.633,1.461,2.643,1.505,2.055,4.262,1.127,4.203,2.65,,4.648,1.462,2.295,4.466,0.943,1.642,1.478,1.587,4.2,6.878,2.261,1.14,4.579,1.332,2.062,4.829,2.5,1.846,1.54,3.012,1.171,3.384,5.006,1.4,4.634,2.864,3.463,1.601,2.275,2.115,2.99,1.713,3.297,5.112,1.391,1.366,1.785,1.804,2.205,1.956,1.966,2.564,3.915,1.0,2.217,2.0,2.004,2.382,2.536,4.613,4.669,3.828
2017,5.433,1.486,3.09,2.598,1.129,5.6,1.374,1.485,2.168,1.561,1.785,1.745,1.521,1.961,1.424,1.984,2.205,1.724,1.55,1.641,2.368,5.155,1.419,1.621,2.777,1.5,1.419,2.969,1.74,0.873,1.881,1.557,5.17,5.481,2.719,4.804,1.548,1.93,1.222,6.127,6.537,1.563,1.795,1.717,4.278,4.496,2.167,1.714,4.757,1.423,1.585,1.455,1.323,1.715,6.349,1.749,2.916,1.54,2.398,3.399,2.128,3.31,1.896,,4.599,4.112,1.596,3.018,4.401,1.708,2.495,2.461,1.487,1.859,3.884,1.669,3.913,4.614,2.136,1.57,3.715,1.93,1.35,2.065,1.438,2.082,3.088,2.857,1.383,4.793,4.347,2.593,2.985,1.636,2.663,1.136,1.524,1.711,2.193,2.253,2.023,3.64,1.772,1.674,3.123,1.317,1.428,1.39,1.419,2.994,2.745,3.609,3.339,1.618,2.16,3.044,2.691,1.698,4.209,2.372,3.105,2.64,2.851,2.343,4.396,2.626,1.458,1.633,4.936,2.783,1.392,1.019,4.259,4.113,1.893,1.798,6.251,1.271,3.064,1.966,5.106,1.395,4.66,2.041,2.957,1.81,2.418,2.891,1.79,1.685,1.604,2.375,5.128,2.252,3.511,3.879,2.173,1.617,2.043,1.811,2.378,6.874,5.182,2.765,1.848,1.725,2.762,1.624,2.923,3.9,2.019,3.771,2.462,3.432,2.591,2.152,2.525,1.472,1.377,1.133,1.834,2.226,1.77,1.627,4.084,0.809,1.694,1.61,1.448,2.657,1.49,1.94,4.196,1.054,4.069,2.67,,4.489,1.483,2.313,4.389,0.936,1.571,1.521,1.622,4.06,6.766,2.283,1.035,4.483,1.305,2.044,4.761,2.431,1.785,1.519,2.972,1.121,3.29,4.988,1.363,4.576,2.811,3.388,1.594,2.205,2.082,2.934,1.704,3.301,4.987,1.3,1.35,1.735,1.753,2.193,1.943,1.824,2.57,3.875,1.0,2.183,1.985,2.027,2.352,2.504,4.61,4.567,3.768
2018,5.327,1.415,3.019,2.494,1.053,5.519,1.374,1.371,2.067,1.567,1.732,1.743,1.479,1.905,1.404,1.911,2.193,1.72,1.457,1.616,2.343,5.031,1.374,1.517,2.73,1.58,1.504,2.941,1.744,0.905,1.848,1.558,4.921,5.38,2.724,4.74,1.51,1.804,1.277,6.108,6.464,1.543,1.539,1.715,4.208,4.442,2.156,1.706,4.596,1.472,1.607,1.492,1.319,1.744,6.302,1.726,2.858,1.517,2.397,3.244,2.111,3.02,1.849,,4.513,4.056,1.67,2.971,4.371,1.705,2.434,2.419,1.407,1.837,3.785,1.645,3.908,4.42,2.093,1.566,3.65,1.921,1.35,2.02,1.53,2.096,2.995,2.743,1.339,4.669,4.241,2.553,2.924,1.603,2.645,1.086,1.522,1.71,2.184,2.219,1.919,3.547,1.761,1.636,3.103,1.286,1.4,1.373,1.385,2.923,2.845,3.536,3.318,1.581,2.118,3.28,2.633,1.612,4.168,2.347,3.016,2.566,2.816,2.256,4.336,2.581,1.564,1.635,4.878,2.741,1.38,0.924,4.246,4.021,1.838,1.71,6.118,1.227,3.038,1.993,5.044,1.365,4.66,2.03,2.922,1.81,2.485,2.923,1.775,1.748,1.57,2.354,5.07,2.228,3.462,3.683,2.12,1.585,2.041,1.719,2.347,6.706,5.021,2.698,1.834,1.731,2.643,1.566,2.81,3.855,1.97,3.674,2.402,3.382,2.561,2.118,2.378,1.443,1.411,1.026,1.756,2.165,1.753,1.581,4.047,0.706,1.681,1.587,1.436,2.725,1.456,1.9,4.136,1.077,3.977,2.67,,4.294,1.487,2.291,4.294,0.948,1.522,1.545,1.606,3.93,6.662,2.27,0.951,4.37,1.26,2.033,4.681,2.381,1.754,1.513,2.932,1.075,3.294,4.932,1.323,4.513,2.777,3.326,1.588,2.133,2.004,2.875,1.677,3.328,4.867,1.233,1.288,1.676,1.715,2.182,1.804,1.681,2.713,3.834,1.0,2.151,1.88,1.716,2.316,2.437,4.607,4.492,3.744
2019,5.238,1.395,2.997,2.404,1.045,5.442,1.377,1.468,1.882,1.601,1.701,1.666,1.464,1.845,1.397,1.843,2.18,1.715,1.389,1.609,2.142,4.9,1.383,1.448,2.688,1.52,1.509,2.906,1.705,0.941,1.819,1.58,4.681,5.271,2.725,4.651,1.476,1.698,1.508,6.09,6.412,1.43,1.496,1.71,4.138,4.38,2.127,1.6,4.523,1.47,1.54,1.181,1.33,1.753,6.253,1.698,2.798,1.504,2.366,3.116,2.035,2.87,1.838,,4.429,3.997,1.661,2.925,4.347,1.701,2.399,2.385,1.351,1.826,3.732,1.567,3.884,4.33,2.021,1.541,3.593,1.912,1.337,2.006,1.542,2.149,2.938,2.593,1.323,4.576,4.153,2.521,2.862,1.564,2.611,1.055,1.531,1.744,2.12,2.205,1.766,3.48,1.718,1.606,3.034,1.259,1.39,1.323,1.36,2.855,2.89,3.433,3.29,1.575,2.087,3.33,2.589,1.609,4.125,2.327,2.924,2.524,2.767,2.207,4.257,2.539,1.483,1.61,4.813,2.683,1.343,0.936,4.221,3.952,1.777,1.64,5.892,1.15,3.012,2.025,4.984,1.351,4.58,2.02,2.883,1.78,2.403,3.008,1.814,1.865,1.535,2.342,5.016,2.206,3.404,3.531,2.08,1.572,2.05,1.717,2.321,6.537,4.861,2.629,1.825,1.651,2.559,1.533,2.696,3.81,1.984,3.591,2.288,3.322,2.525,2.086,2.215,1.436,1.421,0.979,1.731,2.133,1.711,1.504,3.985,0.734,1.668,1.568,1.424,2.791,1.358,1.864,4.061,1.096,3.9,2.49,,4.1,1.513,2.262,4.192,0.942,1.481,1.566,1.611,3.8,6.56,2.264,0.881,4.26,1.23,2.022,4.617,2.347,1.709,1.478,2.878,1.045,3.281,4.866,1.285,4.45,2.745,3.274,1.578,2.1,1.886,2.834,1.617,3.331,4.744,1.218,1.247,1.632,1.684,2.162,1.762,1.567,2.869,3.79,1.0,2.131,1.943,2.048,2.281,2.397,4.603,4.418,3.748
2020,5.145,1.371,2.94,2.36,1.028,5.371,1.382,1.569,1.601,1.619,1.662,1.593,1.439,1.764,1.386,1.86,2.175,1.708,1.369,1.575,2.04,4.795,1.451,1.502,2.651,1.7,1.515,2.861,1.653,0.975,1.796,1.557,4.44,5.177,2.699,4.557,1.413,1.591,1.554,6.059,6.346,1.307,1.236,1.694,4.071,4.329,2.106,1.448,4.461,1.484,1.489,1.099,1.361,1.763,6.206,1.678,2.745,1.495,2.329,3.011,1.967,2.85,1.819,,4.346,3.933,1.588,2.888,4.274,1.702,2.359,2.357,1.374,1.785,3.662,1.57,3.831,4.248,1.976,1.531,3.541,1.907,1.386,1.998,1.532,2.167,2.895,2.47,1.33,4.489,4.075,2.491,2.804,1.513,2.577,0.892,1.576,1.718,2.047,2.189,1.7,3.419,1.653,1.585,2.937,1.242,1.383,1.304,1.337,2.791,3.13,3.364,3.254,1.567,2.099,3.05,2.535,1.546,4.077,2.308,2.846,2.441,2.718,2.109,4.174,2.507,1.461,1.487,4.742,2.627,1.361,0.857,4.17,3.877,1.68,1.613,5.85,1.132,2.989,2.03,4.912,1.387,4.17,1.99,2.852,1.77,2.38,2.949,1.831,1.954,1.498,2.32,4.959,2.179,3.349,3.466,2.051,1.545,2.022,1.63,2.299,6.369,4.7,2.596,1.821,1.625,2.494,1.482,2.638,3.765,1.972,3.511,2.184,3.274,2.497,2.056,2.075,1.384,1.405,0.934,1.675,2.146,1.726,1.505,3.913,0.758,1.656,1.55,1.411,2.829,1.319,1.83,4.002,1.113,3.827,2.27,,4.003,1.485,2.227,4.08,0.942,1.467,1.591,1.594,3.749,6.453,2.257,0.812,4.16,1.186,2.007,4.542,2.314,1.671,1.466,2.837,0.99,3.211,4.801,1.259,4.386,2.711,3.234,1.572,2.0,1.768,2.793,1.552,3.309,4.621,1.208,1.289,1.571,1.616,2.139,1.619,1.497,3.062,3.738,1.0,2.116,1.957,1.574,2.25,2.322,4.6,4.323,3.754
2021,5.039,1.365,2.87,2.327,1.058,5.304,1.378,1.58,1.585,1.71,1.631,1.647,1.469,1.71,1.382,1.852,2.173,1.709,1.371,1.599,1.837,4.707,1.389,1.488,2.618,1.58,1.49,2.827,1.638,0.999,1.778,1.586,4.361,5.078,2.664,4.468,1.43,1.554,1.551,6.052,6.255,1.176,1.117,1.68,3.999,4.28,2.087,1.353,4.411,1.624,1.427,1.077,1.392,1.823,6.156,1.73,2.699,1.484,2.294,2.892,1.909,2.75,1.803,,4.266,3.867,1.594,2.841,4.177,1.701,2.292,2.332,1.461,1.799,3.708,1.532,3.776,4.165,1.98,1.577,3.492,1.899,1.432,1.985,1.517,2.131,2.856,2.388,1.362,4.399,3.998,2.462,2.748,1.516,2.548,0.778,1.605,1.818,2.014,2.166,1.709,3.358,1.777,1.569,3.019,1.252,1.378,1.275,1.356,2.735,3.32,3.312,3.219,1.561,1.82,2.89,2.494,1.572,4.029,2.283,2.769,2.402,2.689,2.064,4.089,2.462,1.523,1.359,4.67,2.594,1.382,0.772,4.104,3.791,1.555,1.599,5.779,1.11,2.964,2.038,4.848,1.353,4.66,1.97,2.818,1.751,2.122,2.835,1.85,1.941,1.507,2.288,4.905,2.158,3.303,3.425,2.025,1.624,2.012,1.647,2.265,6.2,4.636,2.561,1.806,1.622,2.441,1.56,2.588,3.72,1.95,3.442,2.152,3.215,2.469,2.029,1.95,1.322,1.328,0.944,1.605,2.19,1.718,1.505,3.841,0.777,1.645,1.531,1.399,2.804,1.295,1.808,3.94,1.125,3.759,2.17,,3.936,1.517,2.199,3.978,0.944,1.456,1.631,1.64,3.694,6.353,2.248,0.783,4.047,1.188,1.995,4.457,2.295,1.668,1.526,2.798,0.975,3.17,4.734,1.234,4.324,2.683,3.198,1.559,1.8,1.708,2.754,1.501,3.277,4.51,1.148,1.162,1.583,1.634,2.124,1.554,1.446,3.273,3.696,1.0,2.105,1.942,1.459,2.219,2.291,4.597,4.246,3.765
2022,4.932,1.355,2.817,2.305,1.071,5.209,1.374,1.58,1.482,1.719,1.615,1.638,1.41,1.687,1.379,1.839,2.179,1.712,1.326,1.547,1.949,4.634,1.397,1.478,2.584,1.5,1.481,2.785,1.629,1.025,1.764,1.767,4.275,4.98,2.616,4.397,1.366,1.533,1.541,6.023,6.215,1.255,1.034,1.663,3.935,4.215,2.068,1.335,4.349,1.53,1.412,1.074,1.393,1.618,6.106,1.559,2.653,1.482,2.267,2.801,1.861,2.75,1.785,,4.17,3.786,1.41,2.801,4.082,1.69,2.261,2.305,1.318,1.76,3.436,1.515,3.712,4.078,1.82,1.46,3.434,1.895,1.308,1.969,1.502,2.11,2.819,2.343,1.367,4.303,3.911,2.437,2.699,1.495,2.522,0.708,1.55,1.589,1.994,2.149,1.704,3.294,1.594,1.556,2.936,1.24,1.372,1.256,1.365,2.679,3.05,3.262,3.182,1.555,1.547,2.81,2.455,1.47,3.984,2.263,2.716,2.376,2.667,2.034,4.016,2.402,1.529,1.27,4.602,2.571,1.39,0.662,4.036,3.72,1.55,1.583,5.692,1.101,2.936,2.024,4.77,1.27,4.661,1.94,2.785,1.694,2.114,2.746,1.881,1.546,1.477,2.256,4.84,2.131,3.248,3.379,2.002,1.514,1.998,1.665,2.24,6.135,4.552,2.543,1.797,1.588,2.388,1.415,2.449,3.662,1.927,3.375,2.139,3.165,2.444,2.004,1.929,1.261,1.453,0.94,1.739,2.187,1.717,1.452,3.778,0.789,1.637,1.512,1.387,2.763,1.275,1.791,3.883,1.136,3.695,2.14,,3.864,1.519,2.166,3.876,0.943,1.453,1.56,1.568,3.62,6.255,2.227,0.78,3.964,1.205,1.984,4.384,2.274,1.538,1.395,2.746,0.87,3.127,4.671,1.221,4.253,2.646,3.171,1.544,1.847,1.625,2.728,1.477,3.244,4.388,0.897,1.148,1.56,1.665,2.101,1.501,1.425,3.396,3.647,1.0,2.088,1.927,1.423,2.189,2.265,4.593,4.175,3.767
2023,4.84,1.348,2.766,2.286,1.082,5.124,1.364,1.578,1.5,1.714,1.602,1.638,1.317,1.67,1.373,1.824,2.163,1.708,1.208,1.379,2.007,4.556,1.401,1.462,2.547,1.473,1.486,2.732,1.619,1.045,1.747,1.749,4.186,4.878,2.579,4.322,1.349,1.522,1.531,6.012,6.12,1.167,0.999,1.645,3.878,4.157,2.045,1.33,4.283,1.468,1.439,1.073,1.389,1.448,6.051,1.511,2.609,1.484,2.243,2.707,1.823,2.75,1.775,,4.081,3.713,1.35,2.753,3.989,1.685,2.24,2.281,1.28,1.639,3.388,1.501,3.647,4.006,1.81,1.441,3.397,1.888,1.334,1.95,1.487,2.089,2.781,2.311,1.362,4.217,3.836,2.412,2.656,1.467,2.5,0.717,1.486,1.54,1.975,2.127,1.695,3.249,1.598,1.548,2.83,1.198,1.358,1.208,1.371,2.639,3.012,3.208,3.147,1.545,1.525,2.8,2.421,1.338,3.936,2.239,2.694,2.361,2.649,2.02,3.95,2.355,1.537,1.201,4.532,2.554,1.396,0.662,3.972,3.648,1.55,1.575,5.614,1.098,2.919,2.009,4.697,1.241,4.616,1.91,2.748,1.731,2.11,2.685,1.803,1.444,1.452,2.23,4.763,2.115,3.212,3.331,1.984,1.43,1.98,1.667,2.218,6.061,4.482,2.514,1.78,1.465,2.348,1.405,2.525,3.605,1.907,3.311,2.119,3.099,2.422,1.98,1.916,1.299,1.508,0.941,1.729,2.174,1.713,1.449,3.698,0.801,1.636,1.505,1.379,2.718,1.267,1.775,3.829,1.149,3.644,2.28,,3.818,1.5,2.133,3.791,0.943,1.447,1.56,1.576,3.557,6.132,2.216,0.72,3.864,1.213,1.974,4.323,2.249,1.43,1.433,2.712,0.87,3.072,4.606,1.212,4.192,2.612,3.129,1.532,1.832,1.625,2.69,1.463,3.208,4.283,0.977,1.2,1.56,1.624,2.09,1.479,1.409,3.5,3.596,1.0,2.079,1.913,1.41,2.164,2.251,4.59,4.101,3.724
